season,seat,points,place
2016,1,1898.7199999999998,3
2016,2,1594.1399999999999,8
2016,3,1620.4999999999998,6
2016,4,1205.48,10
2016,5,1939.82,1
2016,6,1447.72,9
2016,7,1766.2,5
2016,8,1604.8799999999999,7
2016,9,1849.32,4
2016,10,1906.8400000000001,2
2016,1,1399.04,10
2016,2,1895.8200000000002,1
2016,3,1749.1200000000001,6
2016,4,1646.4599999999998,7
2016,5,1584.3200000000002,8
2016,6,1782.58,3
2016,7,1755.68,5
2016,8,1792.58,2
2016,9,1781.8000000000002,4
2016,10,1544.98,9
2016,1,1710.6399999999999,5
2016,2,1682.1799999999998,7
2016,3,1722.6599999999999,4
2016,4,1538.6,9
2016,5,1696.92,6
2016,6,1929.04,1
2016,7,1847.7799999999997,3
2016,8,1481.6999999999998,10
2016,9,1913.0200000000002,2
2016,10,1645.7200000000003,8
2016,1,1693.7,6
2016,2,1850.02,2
2016,3,1881.76,1
2016,4,1622.92,8
2016,5,1717.0799999999997,4
2016,6,1711.9200000000003,5
2016,7,1755.8,3
2016,8,1536.56,9
2016,9,1509.48,10
2016,10,1640.8,7
2016,1,1659.3200000000002,8
2016,2,1558.1200000000001,10
2016,3,1741.1000000000001,4
2016,4,1669.1799999999998,7
2016,5,1752.2799999999997,3
2016,6,1869.82,1
2016,7,1680.1599999999999,6
2016,8,1733.5800000000002,5
2016,9,1565.14,9
2016,10,1777.46,2
2016,1,1702.46,4
2016,2,1953.48,1
2016,3,1511.02,10
2016,4,1626.2399999999998,8
2016,5,1782.3200000000002,3
2016,6,1692.38,5
2016,7,1661.3799999999999,7
2016,8,1589.2999999999997,9
2016,9,1676.48,6
2016,10,1803.72,2
2016,1,1826.52,2
2016,2,1788.9199999999998,3
2016,3,1556.18,9
2016,4,1535.3400000000001,10
2016,5,1577.04,7
2016,6,1663.2799999999997,4
2016,7,1565.8799999999999,8
2016,8,1968.52,1
2016,9,1593.66,6
2016,10,1618.7799999999997,5
2016,1,1525.92,9
2016,2,1937.52,1
2016,3,1780.7599999999998,4
2016,4,1827.2799999999997,3
2016,5,1399.3000000000002,10
2016,6,1837.48,2
2016,7,1612.48,7
2016,8,1593.4,8
2016,9,1732.22,5
2016,10,1660.04,6
2016,1,1578.72,9
2016,2,1643.44,6
2016,3,1766.98,3
2016,4,1318.1000000000001,10
2016,5,1580.8600000000001,8
2016,6,1697.4599999999998,5
2016,7,1608.12,7
2016,8,1818.9400000000003,2
2016,9,1859.7800000000002,1
2016,10,1720.92,4
2016,1,1594.68,7
2016,2,1569.04,9
2016,3,1794.12,4
2016,4,1624.74,6
2016,5,1949.42,2
2016,6,1289.7600000000002,10
2016,7,1860.0200000000002,3
2016,8,1978.6800000000003,1
2016,9,1570.6,8
2016,10,1743.2799999999997,5
2016,1,1855.6799999999998,1
2016,2,1848.7199999999998,2
2016,3,1603.7600000000002,7
2016,4,1530.5,10
2016,5,1531.52,9
2016,6,1564.1999999999998,8
2016,7,1751.38,3
2016,8,1751.06,4
2016,9,1739.08,6
2016,10,1746.52,5
2016,1,1757.62,3
2016,2,1311.28,10
2016,3,1634.04,8
2016,4,1924.8999999999999,1
2016,5,1567.6000000000001,9
2016,6,1700.52,4
2016,7,1640.1399999999999,7
2016,8,1914.48,2
2016,9,1698.2800000000002,5
2016,10,1652.7199999999998,6
2016,1,1408.82,10
2016,2,1492.3199999999997,9
2016,3,1872.3799999999997,3
2016,4,1944.92,2
2016,5,1559.4199999999998,7
2016,6,1622.0800000000002,6
2016,7,1734.74,4
2016,8,2037.3999999999999,1
2016,9,1542.96,8
2016,10,1681.9400000000003,5
2016,1,1835.32,3
2016,2,1513.2000000000003,10
2016,3,1659.8999999999999,6
2016,4,1656.04,8
2016,5,1656.36,7
2016,6,1696.22,5
2016,7,1737.58,4
2016,8,1858.58,2
2016,9,1936.68,1
2016,10,1611.3200000000002,9
2016,1,1666.7600000000002,8
2016,2,1677.88,5
2016,3,1670.08,7
2016,4,1705.92,4
2016,5,1752.2799999999997,3
2016,6,1397.92,10
2016,7,1676.1399999999999,6
2016,8,2060.62,1
2016,9,1408.26,9
2016,10,1866.28,2
2016,1,1918.3200000000002,1
2016,2,1607.92,8
2016,3,1691.68,6
2016,4,1434.2800000000002,10
2016,5,1685.56,7
2016,6,1693.38,5
2016,7,1742.76,4
2016,8,1793.92,3
2016,9,1822.94,2
2016,10,1552.08,9
2016,1,1724.7199999999998,4
2016,2,1551.0800000000002,8
2016,3,1796.3200000000002,2
2016,4,1610.98,7
2016,5,1645.6,6
2016,6,1740.28,3
2016,7,1465.8799999999997,10
2016,8,1530.98,9
2016,9,1990.82,1
2016,10,1709.96,5
2016,1,1230.3400000000001,10
2016,2,1717.2200000000003,6
2016,3,1823.2800000000002,3
2016,4,1563.3999999999996,7
2016,5,1797.92,4
2016,6,1832.56,2
2016,7,1795.8799999999997,5
2016,8,2083.48,1
2016,9,1352.56,9
2016,10,1516.3199999999997,8
2016,1,1523.5800000000002,8
2016,2,1597.9599999999998,7
2016,3,1682.82,6
2016,4,1446.3600000000001,10
2016,5,1687.8,4
2016,6,1685.8400000000001,5
2016,7,1481.5,9
2016,8,1843.2600000000002,3
2016,9,1935.1800000000003,1
2016,10,1930.6200000000001,2
2016,1,1773.12,4
2016,2,1917.22,1
2016,3,1605.56,7
2016,4,1596.3400000000001,8
2016,5,1520.98,9
2016,6,1655.28,6
2016,7,1746.7800000000002,5
2016,8,1849.3199999999997,3
2016,9,1484.9,10
2016,10,1879.36,2
2016,1,1210.3200000000002,10
2016,2,1702.8,5
2016,3,1516.2800000000002,9
2016,4,1885.6800000000003,2
2016,5,1696.3,6
2016,6,1749.52,4
2016,7,1904.02,1
2016,8,1771.6,3
2016,9,1634.4199999999998,8
2016,10,1660.1000000000001,7
2016,1,1676.78,6
2016,2,1694.8600000000001,4
2016,3,1677.48,5
2016,4,1540.56,9
2016,5,1589.7000000000003,8
2016,6,1709.3799999999997,3
2016,7,1490.4,10
2016,8,1874.8600000000001,2
2016,9,1986.52,1
2016,10,1632.96,7
2016,1,1748.42,4
2016,2,1857.62,2
2016,3,1643.3600000000001,6
2016,4,1640.98,7
2016,5,1610.2,9
2016,6,1631.02,8
2016,7,1367.1799999999998,10
2016,8,1772.98,3
2016,9,1704.3,5
2016,10,1954.08,1
2016,1,1611.0199999999998,8
2016,2,1405.3000000000002,10
2016,3,1687.7799999999997,5
2016,4,1803.22,3
2016,5,1727.54,4
2016,6,1646.78,6
2016,7,1617.7000000000003,7
2016,8,1408.5800000000002,9
2016,9,2141.04,1
2016,10,1852.86,2
2016,1,1870.58,3
2016,2,1646.8199999999997,5
2016,3,1968.14,2
2016,4,1431.16,9
2016,5,1331.22,10
2016,6,1582.2599999999998,7
2016,7,1770.0199999999998,4
2016,8,2126.28,1
2016,9,1524.6799999999998,8
2016,10,1628.6999999999998,6
2016,1,1410.4199999999998,10
2016,2,1686.2400000000002,6
2016,3,1454.46,9
2016,4,1770.7200000000003,4
2016,5,1829.02,3
2016,6,1679.48,7
2016,7,1705.48,5
2016,8,1933.6999999999998,2
2016,9,1490.9,8
2016,10,2013.08,1
2016,1,1782.42,5
2016,2,1735.36,6
2016,3,1785.98,4
2016,4,1592.68,7
2016,5,1249.3799999999999,10
2016,6,1940.52,1
2016,7,1932.3200000000002,2
2016,8,1515.2599999999998,8
2016,9,1828.0800000000002,3
2016,10,1501.3,9
2016,1,1450.84,9
2016,2,1753.18,4
2016,3,1930.2799999999997,1
2016,4,1761.92,3
2016,5,1619.12,8
2016,6,1701.38,6
2016,7,1637.38,7
2016,8,1843.6399999999999,2
2016,9,1730.8000000000002,5
2016,10,1364.92,10
2016,1,1618.0,7
2016,2,1586.28,8
2016,3,1645.6,6
2016,4,1560.42,9
2016,5,2040.58,1
2016,6,1505.54,10
2016,7,1742.6600000000003,4
2016,8,1721.8200000000002,5
2016,9,1849.5200000000002,2
2016,10,1758.66,3
2016,1,1609.5,7
2016,2,1593.4799999999998,8
2016,3,1639.92,6
2016,4,1467.08,10
2016,5,1773.92,4
2016,6,1481.0,9
2016,7,1884.1599999999999,2
2016,8,1890.98,1
2016,9,1719.9199999999998,5
2016,10,1837.1399999999999,3
2016,1,1542.1999999999998,7
2016,2,1475.7199999999998,10
2016,3,1933.44,1
2016,4,1812.68,2
2016,5,1774.7200000000003,4
2016,6,1521.6799999999998,9
2016,7,1528.56,8
2016,8,1789.92,3
2016,9,1721.62,6
2016,10,1771.6599999999999,5
2016,1,1940.42,2
2016,2,1541.2800000000002,7
2016,3,1681.6799999999998,4
2016,4,1627.3000000000002,6
2016,5,1511.08,8
2016,6,1657.4399999999998,5
2016,7,2137.82,1
2016,8,1442.4,9
2016,9,1722.3199999999997,3
2016,10,1345.8600000000001,10
2016,1,1747.94,3
2016,2,2127.82,1
2016,3,1739.1,5
2016,4,1609.82,7
2016,5,1407.48,10
2016,6,1541.7,8
2016,7,1877.52,2
2016,8,1747.2399999999998,4
2016,9,1439.0800000000002,9
2016,10,1653.6599999999999,6
2016,1,1929.3799999999999,1
2016,2,1588.44,7
2016,3,1793.94,2
2016,4,1514.3600000000001,8
2016,5,1791.6200000000003,3
2016,6,1625.78,6
2016,7,1769.42,4
2016,8,1505.1,9
2016,9,1421.9,10
2016,10,1758.2199999999998,5
2016,1,1548.72,8
2016,2,1512.7999999999997,10
2016,3,1965.8,1
2016,4,1620.62,6
2016,5,1530.16,9
2016,6,1878.38,2
2016,7,1656.7199999999998,5
2016,8,1693.6399999999999,4
2016,9,1742.6799999999998,3
2016,10,1561.08,7
2016,1,1676.28,6
2016,2,1719.1799999999998,3
2016,3,1540.6200000000001,10
2016,4,1697.1999999999998,4
2016,5,1575.9399999999998,8
2016,6,2019.2800000000002,1
2016,7,1552.32,9
2016,8,1628.3600000000001,7
2016,9,1695.3200000000002,5
2016,10,1873.88,2
2016,1,1582.1200000000003,8
2016,2,1844.6,2
2016,3,1729.7400000000002,6
2016,4,1968.8799999999999,1
2016,5,1488.78,9
2016,6,1798.2200000000003,4
2016,7,1820.62,3
2016,8,1670.2,7
2016,9,1768.6799999999998,5
2016,10,1342.6799999999998,10
2016,1,1525.12,9
2016,2,1509.02,10
2016,3,1532.3000000000002,8
2016,4,1577.6,6
2016,5,1714.28,5
2016,6,1801.7,3
2016,7,1755.8400000000001,4
2016,8,1852.52,2
2016,9,2023.6799999999998,1
2016,10,1558.3600000000001,7
2016,1,1629.6399999999999,7
2016,2,1638.7199999999998,6
2016,3,1639.12,5
2016,4,1510.9200000000003,9
2016,5,1603.06,8
2016,6,2005.0,1
2016,7,1691.48,3
2016,8,1691.0,4
2016,9,1478.1799999999998,10
2016,10,1988.82,2
2016,1,1816.98,3
2016,2,1931.96,2
2016,3,1679.62,6
2016,4,1714.08,4
2016,5,1620.16,8
2016,6,1466.7399999999998,10
2016,7,1685.7200000000003,5
2016,8,1663.48,7
2016,9,2061.52,1
2016,10,1481.8000000000002,9
2016,1,1588.5600000000002,7
2016,2,1917.6599999999999,3
2016,3,1682.2199999999998,6
2016,4,1464.56,9
2016,5,1446.58,10
2016,6,2011.8799999999999,1
2016,7,1795.98,5
2016,8,1467.4399999999998,8
2016,9,1807.8200000000002,4
2016,10,1949.06,2
2016,1,1228.16,10
2016,2,1679.62,5
2016,3,2084.8,1
2016,4,1987.62,2
2016,5,1616.98,8
2016,6,1682.7800000000002,4
2016,7,1653.4,6
2016,8,1800.52,3
2016,9,1603.3799999999999,9
2016,10,1631.38,7
2016,1,1449.56,10
2016,2,1876.12,1
2016,3,1485.68,9
2016,4,1599.2000000000003,6
2016,5,1560.66,8
2016,6,1868.32,2
2016,7,1853.08,3
2016,8,1763.62,4
2016,9,1725.18,5
2016,10,1593.04,7
2016,1,1695.86,7
2016,2,1155.3000000000002,10
2016,3,1766.7,4
2016,4,1567.2599999999998,9
2016,5,1764.42,5
2016,6,1771.1200000000001,3
2016,7,1828.6200000000001,1
2016,8,1661.6800000000003,8
2016,9,1740.1999999999998,6
2016,10,1806.46,2
2016,1,1867.3200000000002,2
2016,2,1735.12,4
2016,3,1699.56,5
2016,4,1938.06,1
2016,5,1663.7799999999997,7
2016,6,1576.6,9
2016,7,1785.0200000000002,3
2016,8,1605.0399999999997,8
2016,9,1411.8000000000002,10
2016,10,1672.28,6
2016,1,1911.7600000000002,2
2016,2,1382.02,10
2016,3,1633.56,6
2016,4,1569.04,8
2016,5,1533.28,9
2016,6,1682.96,5
2016,7,1973.0799999999997,1
2016,8,1891.52,4
2016,9,1894.9199999999998,3
2016,10,1577.18,7
2016,1,1575.64,9
2016,2,1648.8200000000002,8
2016,3,1674.3600000000001,6
2016,4,1722.8199999999997,4
2016,5,1787.56,3
2016,6,1837.46,2
2016,7,1707.2199999999998,5
2016,8,1528.98,10
2016,9,1653.5799999999997,7
2016,10,1914.3799999999999,1
2016,1,1643.1,6
2016,2,1814.02,3
2016,3,1779.8200000000002,4
2016,4,1544.1000000000001,8
2016,5,1573.9799999999998,7
2016,6,1847.1799999999998,2
2016,7,1755.3400000000001,5
2016,8,1479.78,9
2016,9,1899.6200000000001,1
2016,10,1466.1599999999999,10
2016,1,1835.32,3
2016,2,1760.62,5
2016,3,1453.1,9
2016,4,1800.78,4
2016,5,1628.96,6
2016,6,1559.3200000000002,8
2016,7,1362.36,10
2016,8,1920.8600000000001,2
2016,9,2000.8000000000002,1
2016,10,1627.4799999999998,7
2016,1,1317.46,10
2016,2,1477.52,8
2016,3,1675.06,6
2016,4,1766.72,4
2016,5,1374.3,9
2016,6,1714.46,5
2016,7,1873.3799999999999,1
2016,8,1561.64,7
2016,9,1867.8200000000002,2
2016,10,1793.5,3
2016,1,1669.32,6
2016,2,1741.38,3
2016,3,1436.22,10
2016,4,1696.5600000000002,5
2016,5,1659.1000000000001,7
2016,6,1632.48,8
2016,7,1774.04,2
2016,8,1719.34,4
2016,9,1587.56,9
2016,10,1960.8200000000002,1
2016,1,1518.38,9
2016,2,1840.44,2
2016,3,1455.2000000000003,10
2016,4,1721.42,3
2016,5,1531.36,7
2016,6,1986.48,1
2016,7,1691.22,5
2016,8,1694.62,4
2016,9,1536.7,6
2016,10,1528.9,8
2016,1,1626.54,7
2016,2,1379.16,10
2016,3,1552.74,9
2016,4,1554.62,8
2016,5,1695.18,4
2016,6,1682.1799999999998,5
2016,7,1766.6799999999998,3
2016,8,1641.1,6
2016,9,1998.7599999999998,1
2016,10,1836.58,2
2016,1,1744.3999999999999,5
2016,2,1786.3200000000002,3
2016,3,1758.6,4
2016,4,1888.4199999999998,2
2016,5,1675.7600000000002,6
2016,6,1502.48,10
2016,7,1602.1200000000001,7
2016,8,1515.88,8
2016,9,1507.26,9
2016,10,1953.8400000000001,1
2016,1,1855.62,3
2016,2,1657.02,7
2016,3,1960.0800000000002,1
2016,4,1549.2399999999998,8
2016,5,1548.6999999999998,9
2016,6,1775.9599999999998,5
2016,7,1916.96,2
2016,8,1440.98,10
2016,9,1708.5,6
2016,10,1827.3200000000002,4
2016,1,1478.6200000000001,9
2016,2,1932.58,1
2016,3,1929.7199999999998,2
2016,4,1380.96,10
2016,5,1867.44,3
2016,6,1667.28,6
2016,7,1770.0,5
2016,8,1780.1599999999999,4
2016,9,1498.06,8
2016,10,1561.62,7
2016,1,1707.5200000000004,3
2016,2,1484.8000000000002,9
2016,3,1677.16,5
2016,4,1587.18,7
2016,5,1660.68,6
2016,6,1818.2599999999998,2
2016,7,1373.88,10
2016,8,1685.7199999999998,4
2016,9,1868.32,1
2016,10,1510.7,8
2016,1,1770.3600000000001,4
2016,2,1826.88,3
2016,3,1654.8199999999997,6
2016,4,1466.88,9
2016,5,1470.6,8
2016,6,1374.5200000000002,10
2016,7,2107.98,1
2016,8,1916.42,2
2016,9,1608.2199999999998,7
2016,10,1748.3,5
2016,1,1438.9,9
2016,2,1480.8,8
2016,3,1785.3799999999999,5
2016,4,1877.08,1
2016,5,1802.42,4
2016,6,1622.6,6
2016,7,1865.3200000000002,2
2016,8,1566.98,7
2016,9,1405.56,10
2016,10,1864.8199999999997,3
2016,1,1682.4,8
2016,2,1566.92,10
2016,3,1714.3599999999997,6
2016,4,1703.38,7
2016,5,1795.3799999999999,2
2016,6,1760.5200000000002,4
2016,7,1727.6800000000003,5
2016,8,1581.08,9
2016,9,1762.0800000000002,3
2016,10,1899.12,1
2016,1,1441.46,10
2016,2,1584.32,8
2016,3,1673.7200000000003,3
2016,4,2045.02,1
2016,5,1470.4799999999998,9
2016,6,1670.7399999999998,4
2016,7,1632.24,6
2016,8,1779.6599999999999,2
2016,9,1617.0,7
2016,10,1632.38,5
2016,1,1190.8600000000001,10
2016,2,1725.7200000000003,4
2016,3,1844.52,2
2016,4,1574.88,8
2016,5,1422.6000000000001,9
2016,6,1825.58,3
2016,7,1718.1799999999998,5
2016,8,1679.1999999999998,6
2016,9,1582.12,7
2016,10,1891.92,1
2016,1,1785.78,4
2016,2,1767.42,5
2016,3,1695.84,7
2016,4,1604.7,8
2016,5,1502.52,10
2016,6,1896.92,2
2016,7,1588.28,9
2016,8,1752.46,6
2016,9,1806.46,3
2016,10,1932.8200000000002,1
2016,1,1809.2799999999997,1
2016,2,1415.44,10
2016,3,1669.28,5
2016,4,1622.44,7
2016,5,1499.1,9
2016,6,1629.5600000000002,6
2016,7,1804.9199999999998,2
2016,8,1596.02,8
2016,9,1730.48,3
2016,10,1694.96,4
2016,1,1681.48,6
2016,2,1798.9199999999998,2
2016,3,1349.8,10
2016,4,1618.6799999999998,7
2016,5,1733.16,4
2016,6,1814.7,1
2016,7,1683.1599999999999,5
2016,8,1550.62,9
2016,9,1736.1200000000001,3
2016,10,1560.18,8
2016,1,1679.0800000000002,5
2016,2,1566.98,9
2016,3,1773.12,2
2016,4,1686.1799999999998,4
2016,5,1583.3600000000001,8
2016,6,1589.76,7
2016,7,1621.6999999999998,6
2016,8,1759.48,3
2016,9,1563.22,10
2016,10,1904.42,1
2016,1,1729.62,5
2016,2,1978.8799999999999,1
2016,3,1691.4199999999998,7
2016,4,1318.06,9
2016,5,1248.7,10
2016,6,1790.48,2
2016,7,1752.96,4
2016,8,1690.24,8
2016,9,1701.0800000000002,6
2016,10,1787.3000000000002,3
2016,1,1687.7800000000002,5
2016,2,1495.08,9
2016,3,1646.48,6
2016,4,1936.28,1
2016,5,1445.52,10
2016,6,1849.56,2
2016,7,1830.4599999999998,4
2016,8,1609.1599999999999,7
2016,9,1586.2,8
2016,10,1836.32,3
2016,1,1770.28,3
2016,2,1802.9199999999998,2
2016,3,1609.2800000000002,8
2016,4,1684.62,4
2016,5,1622.18,6
2016,6,1663.9,5
2016,7,1844.1000000000001,1
2016,8,1617.56,7
2016,9,1599.2199999999998,9
2016,10,1523.12,10
2016,1,1659.2799999999997,6
2016,2,1612.28,7
2016,3,1852.1799999999998,2
2016,4,1843.8400000000001,3
2016,5,1401.0,10
2016,6,2156.1600000000003,1
2016,7,1734.12,5
2016,8,1756.52,4
2016,9,1553.18,8
2016,10,1434.1600000000003,9
2016,1,1665.26,6
2016,2,1419.18,9
2016,3,1403.68,10
2016,4,1915.16,2
2016,5,1677.62,5
2016,6,1460.78,7
2016,7,1944.9199999999996,1
2016,8,1905.1200000000001,3
2016,9,1799.28,4
2016,10,1435.3999999999999,8
2016,1,1646.52,5
2016,2,1581.7799999999997,6
2016,3,1705.92,4
2016,4,1578.76,7
2016,5,1492.1399999999999,9
2016,6,1758.8399999999997,3
2016,7,2165.62,1
2016,8,1566.2599999999998,8
2016,9,1834.2000000000003,2
2016,10,1338.48,10
2016,1,2006.1399999999999,1
2016,2,1633.02,6
2016,3,1875.1399999999999,2
2016,4,1753.8799999999997,4
2016,5,1381.5800000000002,10
2016,6,1847.12,3
2016,7,1740.8200000000002,5
2016,8,1548.26,8
2016,9,1545.1000000000001,9
2016,10,1563.8799999999999,7
2016,1,1474.76,8
2016,2,1685.42,5
2016,3,1680.66,6
2016,4,1583.7199999999998,7
2016,5,1920.9,1
2016,6,1787.5,4
2016,7,1887.98,2
2016,8,1392.3,10
2016,9,1405.78,9
2016,10,1789.12,3
2016,1,1614.2800000000002,7
2016,2,1338.08,10
2016,3,1812.12,3
2016,4,1666.38,5
2016,5,1622.64,6
2016,6,1982.1799999999998,1
2016,7,1578.46,8
2016,8,1801.7600000000002,4
2016,9,1561.6,9
2016,10,1909.0400000000002,2
2016,1,2002.1200000000001,1
2016,2,1548.1799999999998,8
2016,3,1751.92,5
2016,4,1334.6200000000001,10
2016,5,1426.88,9
2016,6,1946.3400000000001,2
2016,7,1851.48,4
2016,8,1873.76,3
2016,9,1588.7800000000002,7
2016,10,1612.5,6
2016,1,1507.6599999999999,10
2016,2,1846.48,2
2016,3,1678.32,4
2016,4,1701.42,3
2016,5,1651.88,7
2016,6,1630.96,9
2016,7,1879.98,1
2016,8,1676.8400000000001,5
2016,9,1657.6,6
2016,10,1631.2199999999998,8
2016,1,1483.1999999999998,9
2016,2,1631.52,6
2016,3,1866.02,2
2016,4,1738.84,5
2016,5,1790.12,4
2016,6,1793.58,3
2016,7,1559.7000000000003,8
2016,8,1402.78,10
2016,9,1891.0,1
2016,10,1603.36,7
2016,1,1842.08,2
2016,2,1580.08,7
2016,3,1529.4,8
2016,4,1506.7399999999998,9
2016,5,1864.2199999999998,1
2016,6,1479.3200000000002,10
2016,7,1665.7399999999998,6
2016,8,1834.8999999999999,3
2016,9,1736.1799999999998,4
2016,10,1670.42,5
2016,1,1855.4199999999998,1
2016,2,1828.08,2
2016,3,1597.5,8
2016,4,1608.98,7
2016,5,1672.2599999999998,5
2016,6,1672.04,6
2016,7,1471.7,10
2016,8,1759.92,4
2016,9,1792.52,3
2016,10,1587.6,9
2016,1,1649.18,5
2016,2,1769.0,3
2016,3,1830.12,2
2016,4,1624.54,6
2016,5,1713.7999999999997,4
2016,6,1619.2800000000002,7
2016,7,1856.8599999999997,1
2016,8,1605.12,8
2016,9,1553.6799999999998,9
2016,10,1445.3,10
2016,1,1801.3799999999999,2
2016,2,1723.8,4
2016,3,1666.2800000000002,6
2016,4,1496.12,10
2016,5,1908.12,1
2016,6,1733.6599999999999,3
2016,7,1641.9,8
2016,8,1542.6799999999998,9
2016,9,1680.66,5
2016,10,1653.54,7
2016,1,1612.28,8
2016,2,1702.7199999999998,5
2016,3,1687.52,6
2016,4,1438.1000000000001,10
2016,5,1712.2199999999998,4
2016,6,1997.66,1
2016,7,1581.7,9
2016,8,1844.3799999999999,2
2016,9,1634.3600000000001,7
2016,10,1822.04,3
2016,1,1489.8200000000002,8
2016,2,1800.72,4
2016,3,1853.38,3
2016,4,1660.04,7
2016,5,1758.96,5
2016,6,1473.9399999999998,9
2016,7,1689.3199999999997,6
2016,8,2035.6799999999998,1
2016,9,1889.0600000000002,2
2016,10,1205.26,10
2016,1,1749.62,5
2016,2,1787.2399999999998,2
2016,3,1591.28,8
2016,4,1806.12,1
2016,5,1655.58,6
2016,6,1545.92,9
2016,7,1538.48,10
2016,8,1762.1,4
2016,9,1783.96,3
2016,10,1633.1,7
2016,1,1699.58,5
2016,2,1809.98,3
2016,3,1681.2200000000003,6
2016,4,1640.6399999999999,7
2016,5,1599.08,8
2016,6,1741.72,4
2016,7,1374.5,9
2016,8,1860.3799999999999,2
2016,9,1366.8600000000001,10
2016,10,1879.2599999999998,1
2016,1,1568.7800000000002,6
2016,2,1743.7199999999998,4
2016,3,1405.5,9
2016,4,1567.4,7
2016,5,1537.98,8
2016,6,1651.6,5
2016,7,1760.3199999999997,3
2016,8,1372.52,10
2016,9,2105.9400000000005,1
2016,10,1764.1999999999998,2
2016,1,1849.8200000000002,2
2016,2,2007.88,1
2016,3,1550.3600000000001,7
2016,4,1841.62,3
2016,5,1543.96,8
2016,6,1663.18,5
2016,7,1648.36,6
2016,8,1794.7400000000002,4
2016,9,1474.48,9
2016,10,1425.3799999999999,10
2016,1,1835.1799999999998,3
2016,2,1526.8400000000001,9
2016,3,1634.2599999999998,6
2016,4,1912.2199999999998,2
2016,5,1602.4,7
2016,6,1577.04,8
2016,7,1490.02,10
2016,8,1719.8199999999997,4
2016,9,2089.7200000000003,1
2016,10,1710.1599999999999,5
2016,1,1664.52,5
2016,2,1392.6399999999999,10
2016,3,2027.6799999999998,1
2016,4,1658.4199999999996,6
2016,5,1704.9,4
2016,6,1629.58,8
2016,7,1608.2599999999998,9
2016,8,1654.8799999999999,7
2016,9,1733.2,3
2016,10,1740.48,2
2016,1,1741.82,4
2016,2,1895.6599999999999,1
2016,3,1591.1799999999998,8
2016,4,1697.3599999999997,6
2016,5,1455.28,10
2016,6,1524.18,9
2016,7,1642.8200000000002,7
2016,8,1818.6999999999998,3
2016,9,1837.12,2
2016,10,1730.16,5
2016,1,1383.0199999999998,10
2016,2,1773.6399999999999,5
2016,3,1834.8799999999999,2
2016,4,1714.3200000000002,6
2016,5,1800.8799999999999,4
2016,6,1609.28,8
2016,7,1656.3200000000002,7
2016,8,1845.28,1
2016,9,1827.3200000000002,3
2016,10,1570.6999999999998,9
2016,1,1664.52,6
2016,2,1546.9599999999998,8
2016,3,1793.3,2
2016,4,1687.38,4
2016,5,1496.94,10
2016,6,1988.88,1
2016,7,1683.1799999999998,5
2016,8,1754.02,3
2016,9,1573.8399999999997,7
2016,10,1536.62,9
2016,1,1717.3,3
2016,2,1696.2399999999998,6
2016,3,1599.02,8
2016,4,1559.78,10
2016,5,1712.96,4
2016,6,1568.08,9
2016,7,2076.7200000000003,1
2016,8,1710.0,5
2016,9,1670.94,7
2016,10,1843.4799999999998,2
2016,1,1422.8600000000001,10
2016,2,1783.98,3
2016,3,1700.1799999999998,5
2016,4,1531.2399999999998,8
2016,5,1485.7000000000003,9
2016,6,1653.9199999999998,6
2016,7,1729.3199999999997,4
2016,8,1615.7,7
2016,9,1844.3199999999997,2
2016,10,2089.88,1
2016,1,1673.62,6
2016,2,1884.3600000000001,1
2016,3,1871.96,2
2016,4,1572.0199999999998,9
2016,5,1776.74,4
2016,6,1486.5,10
2016,7,1648.68,7
2016,8,1644.94,8
2016,9,1811.48,3
2016,10,1707.9,5
2016,1,1419.38,9
2016,2,1473.02,6
2016,3,2086.98,1
2016,4,1950.02,2
2016,5,1318.5,10
2016,6,1835.3000000000002,3
2016,7,1446.8000000000002,7
2016,8,1819.0799999999997,4
2016,9,1770.2200000000003,5
2016,10,1423.5,8
2016,1,1393.7000000000003,10
2016,2,1874.56,2
2016,3,1806.52,4
2016,4,1583.98,7
2016,5,1838.88,3
2016,6,1941.46,1
2016,7,1583.52,8
2016,8,1550.7600000000002,9
2016,9,1685.3200000000002,6
2016,10,1741.3799999999999,5
2016,1,1795.2799999999997,3
2016,2,1777.62,4
2016,3,1488.6999999999998,9
2016,4,1761.78,5
2016,5,1821.04,2
2016,6,1629.12,7
2016,7,1550.7999999999997,8
2016,8,1701.8600000000001,6
2016,9,1382.5,10
2016,10,1843.92,1
2016,1,1790.9799999999998,3
2016,2,1669.52,5
2016,3,1585.6200000000001,8
2016,4,1477.0,9
2016,5,1870.6200000000001,2
2016,6,1465.1999999999998,10
2016,7,1628.46,7
2016,8,1671.08,4
2016,9,1877.1400000000003,1
2016,10,1657.38,6
2016,1,2011.7399999999998,1
2016,2,1718.3799999999999,4
2016,3,1463.36,10
2016,4,1851.88,2
2016,5,1695.78,5
2016,6,1612.9999999999998,7
2016,7,1550.5,9
2016,8,1604.52,8
2016,9,1631.8200000000002,6
2016,10,1763.56,3
2016,1,1744.62,4
2016,2,1912.32,1
2016,3,1722.04,7
2016,4,1554.48,10
2016,5,1748.3799999999999,3
2016,6,1640.26,8
2016,7,1728.1,5
2016,8,1789.52,2
2016,9,1581.48,9
2016,10,1724.26,6
2016,1,1671.76,8
2016,2,1704.42,6
2016,3,2011.6000000000001,1
2016,4,1709.7,5
2016,5,1873.7799999999997,2
2016,6,1430.04,9
2016,7,1347.82,10
2016,8,1729.46,3
2016,9,1716.7199999999998,4
2016,10,1672.6799999999998,7
2016,1,1699.42,5
2016,2,1799.28,3
2016,3,1461.94,10
2016,4,1540.66,8
2016,5,1817.96,2
2016,6,1794.52,4
2016,7,1883.78,1
2016,8,1537.58,9
2016,9,1688.3200000000002,6
2016,10,1565.1,7
2016,1,1773.8,4
2016,2,1921.8600000000001,1
2016,3,1876.3200000000002,2
2016,4,1508.12,10
2016,5,1525.48,9
2016,6,1795.38,3
2016,7,1654.22,6
2016,8,1566.1400000000003,8
2016,9,1729.48,5
2016,10,1607.62,7
2016,1,1455.06,9
2016,2,1774.6799999999998,4
2016,3,1697.0200000000002,5
2016,4,1943.4,1
2016,5,1552.26,8
2016,6,1646.8000000000002,7
2016,7,1388.54,10
2016,8,1881.4199999999996,2
2016,9,1678.82,6
2016,10,1830.1200000000001,3
2016,1,1391.9999999999998,9
2016,2,1560.4799999999998,8
2016,3,1639.04,6
2016,4,2021.2199999999998,1
2016,5,1795.1399999999999,4
2016,6,1806.0799999999997,3
2016,7,1609.72,7
2016,8,1873.52,2
2016,9,1383.5,10
2016,10,1767.2799999999997,5
2016,1,1649.98,6
2016,2,1702.28,4
2016,3,1943.4199999999996,1
2016,4,1356.96,10
2016,5,1902.92,2
2016,6,1384.9399999999998,9
2016,7,1883.08,3
2016,8,1455.8999999999999,7
2016,9,1672.58,5
2016,10,1450.5,8
2016,1,1457.96,9
2016,2,1627.1999999999998,8
2016,3,1654.0,7
2016,4,1780.42,2
2016,5,1948.4199999999998,1
2016,6,1682.06,6
2016,7,1720.48,5
2016,8,1724.2600000000002,4
2016,9,1753.9,3
2016,10,1401.3799999999999,10
2016,1,1818.1599999999999,2
2016,2,2075.82,1
2016,3,1733.02,3
2016,4,1549.38,7
2016,5,1506.7599999999998,10
2016,6,1595.64,6
2016,7,1642.34,5
2016,8,1714.1599999999999,4
2016,9,1548.08,8
2016,10,1540.6200000000001,9
2016,1,1629.3000000000002,6
2016,2,1500.24,8
2016,3,1370.9,10
2016,4,1951.7199999999998,1
2016,5,1784.3400000000001,4
2016,6,1939.22,2
2016,7,1701.58,5
2016,8,1819.3200000000002,3
2016,9,1400.08,9
2016,10,1548.08,7
2016,1,1814.6799999999998,3
2016,2,1870.2600000000002,1
2016,3,1628.6999999999998,8
2016,4,1443.1200000000001,10
2016,5,1671.1399999999999,6
2016,6,1562.38,9
2016,7,1655.2600000000002,7
2016,8,1854.1200000000001,2
2016,9,1813.62,4
2016,10,1689.44,5
2016,1,1662.6599999999999,6
2016,2,1645.32,7
2016,3,1908.2799999999997,2
2016,4,1556.82,8
2016,5,1696.4399999999998,4
2016,6,1672.0,5
2016,7,2014.02,1
2016,8,1729.46,3
2016,9,1470.6000000000001,10
2016,10,1473.7800000000002,9
2016,1,1993.7799999999997,1
2016,2,1696.32,5
2016,3,1709.42,3
2016,4,1416.7600000000002,10
2016,5,1688.52,6
2016,6,1722.9,2
2016,7,1673.1799999999998,8
2016,8,1572.6799999999998,9
2016,9,1673.6000000000004,7
2016,10,1709.1399999999999,4
2016,1,1624.02,7
2016,2,1836.46,2
2016,3,1581.8600000000001,8
2016,4,1737.08,5
2016,5,1673.22,6
2016,6,1764.6599999999999,4
2016,7,1486.1399999999996,9
2016,8,1457.0,10
2016,9,1840.04,1
2016,10,1832.7200000000003,3
2016,1,1827.16,2
2016,2,1760.42,3
2016,3,1519.38,9
2016,4,1498.6000000000001,10
2016,5,1653.7599999999998,6
2016,6,1570.02,7
2016,7,2010.9799999999998,1
2016,8,1679.42,5
2016,9,1719.1799999999998,4
2016,10,1527.4,8
2016,1,1498.98,7
2016,2,1736.7199999999998,5
2016,3,1773.26,3
2016,4,1388.5,10
2016,5,1494.62,8
2016,6,1856.32,2
2016,7,1756.1799999999998,4
2016,8,1949.2,1
2016,9,1455.6999999999998,9
2016,10,1629.5599999999997,6
2016,1,1736.1599999999999,3
2016,2,1686.8400000000001,5
2016,3,1383.8799999999999,8
2016,4,1569.76,7
2016,5,1369.56,10
2016,6,1705.96,4
2016,7,1383.0,9
2016,8,1620.28,6
2016,9,2091.12,1
2016,10,2007.92,2
2016,1,1795.3600000000001,4
2016,2,1747.92,5
2016,3,1598.14,8
2016,4,1312.18,10
2016,5,1928.66,1
2016,6,1836.7199999999998,3
2016,7,1625.4,7
2016,8,1872.3200000000002,2
2016,9,1590.58,9
2016,10,1745.28,6
2016,1,1283.4,10
2016,2,1696.8799999999999,5
2016,3,1735.2599999999998,4
2016,4,1603.58,7
2016,5,1629.2400000000002,6
2016,6,1571.62,8
2016,7,1456.86,9
2016,8,1843.1,2
2016,9,1835.3199999999997,3
2016,10,1914.6,1
2016,1,1935.78,2
2016,2,1454.48,10
2016,3,1681.16,5
2016,4,1584.82,7
2016,5,1623.06,6
2016,6,1567.42,8
2016,7,1506.8000000000002,9
2016,8,1763.3000000000002,3
2016,9,1941.58,1
2016,10,1743.92,4
2016,1,1577.3799999999999,8
2016,2,1817.82,3
2016,3,1597.3000000000002,7
2016,4,1883.12,2
2016,5,1421.58,10
2016,6,1638.2599999999998,5
2016,7,1560.1399999999999,9
2016,8,1605.92,6
2016,9,1711.3400000000001,4
2016,10,2011.2800000000002,1
2016,1,1822.2200000000003,1
2016,2,1792.0400000000004,2
2016,3,1599.58,8
2016,4,1749.86,5
2016,5,1629.38,7
2016,6,1700.5400000000002,6
2016,7,1788.1,3
2016,8,1580.62,9
2016,9,1487.8200000000002,10
2016,10,1775.98,4
2016,1,1612.86,8
2016,2,1792.8000000000002,2
2016,3,1758.88,4
2016,4,1648.92,6
2016,5,1604.3399999999997,9
2016,6,2020.4199999999998,1
2016,7,1745.5799999999997,5
2016,8,1785.72,3
2016,9,1621.6,7
2016,10,1435.76,10
2016,1,1570.08,9
2016,2,1522.46,10
2016,3,1627.6800000000003,8
2016,4,1853.78,3
2016,5,1691.5799999999997,5
2016,6,1902.8,2
2016,7,1680.7199999999998,6
2016,8,1903.02,1
2016,9,1699.8,4
2016,10,1650.3200000000002,7
2016,1,1637.6799999999998,7
2016,2,1607.6399999999999,8
2016,3,1497.1,9
2016,4,1911.8000000000002,2
2016,5,1657.06,6
2016,6,1433.7799999999997,10
2016,7,1874.5800000000002,3
2016,8,2024.52,1
2016,9,1843.02,4
2016,10,1727.58,5
2016,1,1629.9799999999998,8
2016,2,1831.5800000000002,2
2016,3,1427.5,10
2016,4,1482.6999999999998,9
2016,5,1735.62,5
2016,6,1783.8400000000001,3
2016,7,1720.7599999999998,6
2016,8,1688.92,7
2016,9,1841.0400000000002,1
2016,10,1745.1,4
2016,1,1729.6599999999999,5
2016,2,1570.8,8
2016,3,1565.6200000000001,9
2016,4,1818.4799999999998,3
2016,5,1804.4799999999998,4
2016,6,1865.7000000000003,2
2016,7,1650.02,6
2016,8,1903.32,1
2016,9,1551.4599999999998,10
2016,10,1607.98,7
2016,1,1576.88,6
2016,2,1519.7600000000002,10
2016,3,1809.02,2
2016,4,1553.52,7
2016,5,1527.12,9
2016,6,1733.9,3
2016,7,1690.88,4
2016,8,2118.8199999999997,1
2016,9,1622.46,5
2016,10,1532.2,8
2016,1,1943.1799999999998,1
2016,2,1406.02,10
2016,3,1709.22,5
2016,4,1417.6999999999998,9
2016,5,1561.52,7
2016,6,1888.72,4
2016,7,1894.7800000000002,2
2016,8,1890.04,3
2016,9,1551.4599999999998,8
2016,10,1590.2000000000003,6
2016,1,1608.8799999999999,8
2016,2,1568.32,9
2016,3,1538.7600000000002,10
2016,4,1729.2,5
2016,5,1772.08,3
2016,6,1709.1999999999998,6
2016,7,1730.2800000000002,4
2016,8,2038.2399999999998,1
2016,9,1800.2799999999997,2
2016,10,1695.52,7
2016,1,1869.7799999999997,2
2016,2,1604.8400000000001,6
2016,3,1591.62,7
2016,4,1585.86,8
2016,5,1630.4799999999998,5
2016,6,2108.32,1
2016,7,1272.6999999999998,10
2016,8,1706.3,3
2016,9,1577.6799999999998,9
2016,10,1662.08,4
2016,1,1460.28,10
2016,2,1750.2000000000003,2
2016,3,1641.8200000000002,6
2016,4,1620.3,9
2016,5,1770.6200000000001,1
2016,6,1723.8200000000002,3
2016,7,1682.1799999999998,5
2016,8,1625.12,8
2016,9,1639.98,7
2016,10,1722.1799999999998,4
2016,1,1696.82,5
2016,2,1353.3000000000002,10
2016,3,1998.68,1
2016,4,1720.8600000000001,4
2016,5,1732.7599999999998,3
2016,6,1737.62,2
2016,7,1584.1799999999998,6
2016,8,1554.42,9
2016,9,1577.7,7
2016,10,1562.82,8
2016,1,1297.5,10
2016,2,1379.8,8
2016,3,1825.9199999999998,4
2016,4,2030.3600000000001,1
2016,5,1299.8600000000001,9
2016,6,1453.78,7
2016,7,1633.6200000000001,5
2016,8,1891.3200000000002,3
2016,9,1620.44,6
2016,10,1977.8200000000002,2
2016,1,1725.0199999999998,3
2016,2,1671.32,5
2016,3,1625.7799999999997,7
2016,4,1464.68,10
2016,5,1564.44,8
2016,6,1719.3599999999997,4
2016,7,1549.06,9
2016,8,1942.48,2
2016,9,1960.18,1
2016,10,1652.1,6
2016,1,1893.3799999999999,1
2016,2,1644.56,7
2016,3,1568.52,9
2016,4,1811.2399999999998,2
2016,5,1623.9600000000003,8
2016,6,1656.6,6
2016,7,1487.12,10
2016,8,1686.7199999999998,4
2016,9,1764.6000000000001,3
2016,10,1659.6799999999998,5
2016,1,1685.92,5
2016,2,1703.56,3
2016,3,1664.94,6
2016,4,1565.7800000000002,9
2016,5,1769.56,2
2016,6,1811.7799999999997,1
2016,7,1699.92,4
2016,8,1624.04,7
2016,9,1562.58,10
2016,10,1584.92,8
2016,1,1750.5400000000002,5
2016,2,1542.2199999999998,9
2016,3,1624.1599999999996,7
2016,4,1625.84,6
2016,5,1825.12,3
2016,6,1906.88,2
2016,7,1915.6000000000004,1
2016,8,1786.98,4
2016,9,1605.2400000000002,8
2016,10,1353.6200000000001,10
2016,1,1640.5600000000002,7
2016,2,1355.8799999999999,10
2016,3,1828.62,4
2016,4,1402.6599999999999,9
2016,5,1641.52,6
2016,6,1881.94,2
2016,7,1984.0799999999997,1
2016,8,1717.06,5
2016,9,1483.02,8
2016,10,1846.3000000000002,3
2016,1,1768.7799999999997,2
2016,2,1679.62,3
2016,3,1601.1000000000001,9
2016,4,1811.08,1
2016,5,1655.4,5
2016,6,1612.9199999999998,8
2016,7,1449.2000000000003,10
2016,8,1638.48,7
2016,9,1645.3,6
2016,10,1675.44,4
2016,1,1769.1200000000001,5
2016,2,1808.8200000000002,3
2016,3,1967.1599999999999,2
2016,4,1794.8199999999997,4
2016,5,1487.06,9
2016,6,1281.9,10
2016,7,1597.56,7
2016,8,1596.58,8
2016,9,1977.18,1
2016,10,1749.08,6
2016,1,1840.22,2
2016,2,1580.6799999999998,8
2016,3,1483.3999999999999,10
2016,4,2003.1599999999999,1
2016,5,1819.72,3
2016,6,1788.1799999999998,4
2016,7,1683.8200000000002,5
2016,8,1676.1599999999999,6
2016,9,1533.9799999999998,9
2016,10,1587.22,7
2016,1,1470.7200000000003,9
2016,2,1737.52,3
2016,3,1648.02,6
2016,4,1624.88,7
2016,5,1262.1,10
2016,6,1768.18,2
2016,7,1526.1,8
2016,8,2028.62,1
2016,9,1669.34,5
2016,10,1712.8400000000001,4
2016,1,1693.98,6
2016,2,1798.3600000000001,3
2016,3,1827.1999999999998,2
2016,4,1612.72,10
2016,5,1645.08,8
2016,6,1777.4800000000002,4
2016,7,1673.1599999999999,7
2016,8,1898.8400000000001,1
2016,9,1630.3200000000002,9
2016,10,1711.7800000000002,5
2016,1,1575.3400000000001,8
2016,2,1801.44,3
2016,3,1330.58,10
2016,4,1796.22,4
2016,5,1725.76,5
2016,6,1661.0800000000002,6
2016,7,1609.92,7
2016,8,1835.38,2
2016,9,1464.58,9
2016,10,1921.02,1
2016,1,1874.4199999999998,2
2016,2,1278.6,10
2016,3,1722.1200000000003,5
2016,4,1709.8799999999999,6
2016,5,1588.46,8
2016,6,1551.4,9
2016,7,1671.34,7
2016,8,1989.7400000000002,1
2016,9,1742.2799999999997,4
2016,10,1807.52,3
2016,1,1606.1799999999998,7
2016,2,1875.9199999999998,3
2016,3,1572.52,8
2016,4,2006.7,1
2016,5,1686.16,6
2016,6,1470.8799999999999,9
2016,7,1926.68,2
2016,8,1787.7199999999998,4
2016,9,1434.84,10
2016,10,1689.5,5
2016,1,1446.0,10
2016,2,1581.22,8
2016,3,1794.48,4
2016,4,1816.2,2
2016,5,1453.62,9
2016,6,1800.04,3
2016,7,1783.08,5
2016,8,1956.6200000000003,1
2016,9,1612.96,6
2016,10,1604.8999999999999,7
2016,1,1373.6,9
2016,2,1523.32,8
2016,3,1576.0800000000002,7
2016,4,1778.6,3
2016,5,1583.4000000000003,6
2016,6,2114.12,1
2016,7,1349.8600000000001,10
2016,8,1635.74,5
2016,9,1766.98,4
2016,10,1887.02,2
2017,1,1509.92,8
2017,2,1703.6599999999999,4
2017,3,1824.6200000000001,1
2017,4,1708.22,3
2017,5,1651.18,5
2017,6,1785.4,2
2017,7,1560.96,7
2017,8,1644.6399999999999,6
2017,9,1384.86,10
2017,10,1439.8000000000002,9
2017,1,1575.08,5
2017,2,1268.6399999999999,10
2017,3,1577.1799999999998,4
2017,4,1535.2599999999998,6
2017,5,1431.2000000000003,8
2017,6,1309.42,9
2017,7,1699.38,3
2017,8,1998.3200000000002,1
2017,9,1512.3999999999999,7
2017,10,1936.3599999999997,2
2017,1,1570.84,5
2017,2,1567.9,6
2017,3,1885.64,1
2017,4,1533.72,7
2017,5,1513.88,8
2017,6,1466.54,9
2017,7,1641.0800000000004,3
2017,8,1821.3200000000002,2
2017,9,1573.6999999999998,4
2017,10,1396.38,10
2017,1,1619.1599999999999,4
2017,2,1608.4799999999998,5
2017,3,1810.56,1
2017,4,1481.7800000000002,9
2017,5,1571.06,7
2017,6,1372.1799999999998,10
2017,7,1522.1799999999998,8
2017,8,1777.46,2
2017,9,1591.4999999999998,6
2017,10,1624.9800000000002,3
2017,1,1747.72,2
2017,2,1645.98,5
2017,3,1273.2399999999998,10
2017,4,1687.88,3
2017,5,1648.0000000000002,4
2017,6,1596.4599999999998,6
2017,7,1495.12,8
2017,8,1523.9600000000003,7
2017,9,1764.62,1
2017,10,1464.1200000000001,9
2017,1,1405.3600000000001,9
2017,2,1763.48,2
2017,3,1613.98,5
2017,4,1348.08,10
2017,5,1546.8200000000002,8
2017,6,1707.3000000000002,3
2017,7,1658.6599999999999,4
2017,8,1579.6,7
2017,9,1581.1399999999999,6
2017,10,1809.6200000000001,1
2017,1,1443.3,7
2017,2,1662.6799999999998,5
2017,3,1666.8999999999999,4
2017,4,1675.56,3
2017,5,1383.0600000000002,9
2017,6,1425.96,8
2017,7,1837.5800000000002,1
2017,8,1593.98,6
2017,9,1769.3399999999997,2
2017,10,1380.38,10
2017,1,1567.7399999999998,7
2017,2,1719.6000000000004,2
2017,3,1467.3799999999999,9
2017,4,1543.6999999999998,8
2017,5,1674.2600000000002,4
2017,6,1314.1000000000001,10
2017,7,1748.98,1
2017,8,1629.12,5
2017,9,1699.3200000000002,3
2017,10,1577.6,6
2017,1,1850.8400000000001,1
2017,2,1796.56,2
2017,3,1501.2200000000003,8
2017,4,1485.6599999999999,9
2017,5,1556.1000000000001,5
2017,6,1503.4,7
2017,7,1525.3599999999997,6
2017,8,1482.1999999999998,10
2017,9,1584.6800000000003,4
2017,10,1756.9599999999998,3
2017,1,1720.12,4
2017,2,1793.98,1
2017,3,1610.02,6
2017,4,1674.1399999999999,5
2017,5,1744.98,2
2017,6,1483.3600000000001,7
2017,7,1727.6399999999999,3
2017,8,1416.66,9
2017,9,1427.24,8
2017,10,1387.46,10
2017,1,1721.18,1
2017,2,1530.26,9
2017,3,1583.92,6
2017,4,1716.66,2
2017,5,1503.02,10
2017,6,1596.42,4
2017,7,1676.6799999999998,3
2017,8,1561.38,8
2017,9,1578.1399999999999,7
2017,10,1589.74,5
2017,1,1605.64,6
2017,2,1671.64,2
2017,3,1660.2600000000002,3
2017,4,1709.8200000000002,1
2017,5,1451.1999999999998,9
2017,6,1507.28,7
2017,7,1655.22,4
2017,8,1394.88,10
2017,9,1612.5,5
2017,10,1487.36,8
2017,1,1639.96,6
2017,2,1457.54,8
2017,3,1726.6200000000001,3
2017,4,1632.9399999999998,7
2017,5,1826.8799999999999,1
2017,6,1696.0800000000002,4
2017,7,1678.58,5
2017,8,1446.16,9
2017,9,1804.68,2
2017,10,1244.6399999999999,10
2017,1,1617.92,4
2017,2,1610.1999999999998,5
2017,3,1683.2799999999997,3
2017,4,1508.6799999999998,8
2017,5,1536.52,6
2017,6,1524.96,7
2017,7,1917.22,1
2017,8,1408.2199999999998,9
2017,9,1775.5800000000004,2
2017,10,1357.0,10
2017,1,1734.82,3
2017,2,1476.38,7
2017,3,1388.06,9
2017,4,1603.88,5
2017,5,1341.26,10
2017,6,1754.3999999999999,2
2017,7,1701.4999999999998,4
2017,8,1835.2800000000002,1
2017,9,1541.98,6
2017,10,1427.92,8
2017,1,1814.78,2
2017,2,1498.1,7
2017,3,1588.06,5
2017,4,1412.48,9
2017,5,1690.1200000000001,4
2017,6,1522.4,6
2017,7,1488.52,8
2017,8,1892.04,1
2017,9,1395.1,10
2017,10,1772.08,3
2017,1,1357.8999999999999,10
2017,2,1562.92,5
2017,3,1930.7800000000002,1
2017,4,1740.02,2
2017,5,1622.9599999999998,4
2017,6,1527.3600000000001,7
2017,7,1542.1000000000001,6
2017,8,1364.3200000000002,9
2017,9,1442.1599999999999,8
2017,10,1624.98,3
2017,1,1641.3400000000001,3
2017,2,1726.34,2
2017,3,1584.92,5
2017,4,1479.8200000000002,9
2017,5,1623.72,4
2017,6,1583.8,6
2017,7,1866.98,1
2017,8,1567.6799999999998,7
2017,9,1349.8600000000001,10
2017,10,1539.3,8
2017,1,1424.92,9
2017,2,1576.2399999999998,5
2017,3,1858.98,1
2017,4,1520.3599999999997,7
2017,5,1645.3200000000002,4
2017,6,1553.2,6
2017,7,1397.6599999999999,10
2017,8,1751.14,3
2017,9,1491.5,8
2017,10,1784.5800000000002,2
2017,1,1511.12,7
2017,2,1629.7600000000002,5
2017,3,1400.94,10
2017,4,1593.22,6
2017,5,1500.5800000000002,8
2017,6,1696.46,3
2017,7,1437.94,9
2017,8,1698.58,2
2017,9,1673.48,4
2017,10,1896.04,1
2017,1,1724.2199999999998,2
2017,2,1648.6999999999998,3
2017,3,1625.5800000000002,5
2017,4,1465.1799999999998,9
2017,5,1587.1,6
2017,6,1524.4,7
2017,7,1497.48,8
2017,8,1877.52,1
2017,9,1421.54,10
2017,10,1627.62,4
2017,1,1519.4,8
2017,2,1759.3,2
2017,3,1597.3000000000002,6
2017,4,1713.02,3
2017,5,1576.96,7
2017,6,1511.52,9
2017,7,1640.88,4
2017,8,1606.08,5
2017,9,1759.36,1
2017,10,1415.54,10
2017,1,1585.3999999999999,6
2017,2,1601.1599999999999,5
2017,3,1602.06,4
2017,4,1379.72,9
2017,5,1501.88,8
2017,6,1665.8999999999999,3
2017,7,1334.2399999999998,10
2017,8,1528.1599999999999,7
2017,9,1795.62,1
2017,10,1763.96,2
2017,1,1470.16,8
2017,2,1607.96,4
2017,3,1783.58,2
2017,4,1941.96,1
2017,5,1287.1399999999999,10
2017,6,1507.74,7
2017,7,1517.68,5
2017,8,1656.2800000000002,3
2017,9,1385.18,9
2017,10,1515.22,6
2017,1,1771.1799999999998,1
2017,2,1751.6200000000003,2
2017,3,1511.96,9
2017,4,1523.4399999999998,7
2017,5,1690.3600000000001,3
2017,6,1365.8799999999999,10
2017,7,1655.7399999999998,4
2017,8,1522.48,8
2017,9,1571.0800000000002,5
2017,10,1541.52,6
2017,1,1576.58,7
2017,2,1326.7799999999997,10
2017,3,1717.52,2
2017,4,1592.14,6
2017,5,1635.42,4
2017,6,1556.1,8
2017,7,1498.06,9
2017,8,1779.66,1
2017,9,1596.7,5
2017,10,1664.08,3
2017,1,1497.5800000000002,8
2017,2,1780.6800000000003,2
2017,3,1528.58,7
2017,4,1434.6599999999999,10
2017,5,1582.9200000000003,5
2017,6,1799.66,1
2017,7,1452.94,9
2017,8,1679.54,3
2017,9,1631.3600000000001,4
2017,10,1533.88,6
2017,1,1441.7399999999998,9
2017,2,1473.3000000000002,8
2017,3,1618.4,5
2017,4,1422.92,10
2017,5,1749.88,1
2017,6,1719.56,2
2017,7,1559.66,7
2017,8,1691.58,3
2017,9,1634.5400000000002,4
2017,10,1584.12,6
2017,1,1374.6,9
2017,2,1992.3200000000002,1
2017,3,1365.82,10
2017,4,1625.82,4
2017,5,1461.06,8
2017,6,1737.42,2
2017,7,1722.86,3
2017,8,1496.36,7
2017,9,1571.3400000000001,6
2017,10,1578.1800000000003,5
2017,1,1638.1799999999998,5
2017,2,1815.32,1
2017,3,1473.1599999999999,8
2017,4,1766.22,3
2017,5,1417.04,9
2017,6,1631.6599999999999,6
2017,7,1597.02,7
2017,8,1242.08,10
2017,9,1775.82,2
2017,10,1654.2599999999998,4
2017,1,1651.2799999999997,4
2017,2,1443.24,10
2017,3,1597.3999999999999,5
2017,4,1711.1800000000003,2
2017,5,1494.6,8
2017,6,1717.8600000000001,1
2017,7,1513.1399999999999,7
2017,8,1491.52,9
2017,9,1665.58,3
2017,10,1541.62,6
2017,1,1355.8,10
2017,2,1535.3799999999999,6
2017,3,1781.2399999999998,2
2017,4,1619.4199999999998,4
2017,5,1667.7600000000002,3
2017,6,1528.5600000000002,7
2017,7,1501.3600000000001,9
2017,8,1594.28,5
2017,9,1521.9599999999998,8
2017,10,1888.42,1
2017,1,1853.38,2
2017,2,1483.46,6
2017,3,1661.52,5
2017,4,1693.3,3
2017,5,1394.44,9
2017,6,1456.24,7
2017,7,1898.88,1
2017,8,1670.96,4
2017,9,1385.5199999999998,10
2017,10,1451.12,8
2017,1,1706.3200000000002,3
2017,2,1313.2599999999998,10
2017,3,1596.3000000000002,5
2017,4,1364.8600000000001,9
2017,5,1636.1,4
2017,6,1401.3799999999999,7
2017,7,1842.6399999999999,2
2017,8,1464.38,6
2017,9,1401.2599999999998,8
2017,10,1858.56,1
2017,1,1659.64,4
2017,2,1490.8600000000001,9
2017,3,1813.46,2
2017,4,1534.02,6
2017,5,1477.38,10
2017,6,1546.12,5
2017,7,1494.06,8
2017,8,1502.44,7
2017,9,1874.0,1
2017,10,1757.48,3
2017,1,1527.1200000000001,5
2017,2,1389.6599999999999,10
2017,3,1735.2800000000002,2
2017,4,1609.28,3
2017,5,1542.54,4
2017,6,1472.96,8
2017,7,1498.66,6
2017,8,1480.9999999999998,7
2017,9,1397.52,9
2017,10,1903.68,1
2017,1,1723.64,2
2017,2,1798.72,1
2017,3,1699.96,3
2017,4,1563.0199999999998,7
2017,5,1621.72,5
2017,6,1240.08,10
2017,7,1667.08,4
2017,8,1481.8799999999999,9
2017,9,1555.6599999999999,8
2017,10,1575.8999999999999,6
2017,1,1857.1399999999999,2
2017,2,1484.4599999999998,5
2017,3,1466.78,6
2017,4,1461.7800000000002,7
2017,5,1327.08,10
2017,6,1451.1799999999998,8
2017,7,1353.72,9
2017,8,1989.4,1
2017,9,1560.62,4
2017,10,1760.18,3
2017,1,1976.1000000000001,1
2017,2,1573.6200000000001,5
2017,3,1725.2400000000002,2
2017,4,1489.56,8
2017,5,1361.8400000000001,10
2017,6,1563.6800000000003,7
2017,7,1716.82,3
2017,8,1398.1,9
2017,9,1600.9799999999998,4
2017,10,1570.38,6
2017,1,1604.8199999999997,5
2017,2,1284.3400000000001,10
2017,3,1639.4599999999998,4
2017,4,1880.3200000000002,1
2017,5,1856.66,2
2017,6,1493.18,9
2017,7,1531.96,8
2017,8,1537.2,7
2017,9,1552.78,6
2017,10,1722.18,3
2017,1,1619.7600000000002,3
2017,2,1594.6599999999999,5
2017,3,1781.48,1
2017,4,1553.6399999999999,8
2017,5,1677.1599999999999,2
2017,6,1472.3200000000002,9
2017,7,1579.7600000000002,6
2017,8,1565.58,7
2017,9,1603.4,4
2017,10,1408.1799999999998,10
2017,1,1702.68,2
2017,2,1666.7599999999998,4
2017,3,1668.12,3
2017,4,1774.8799999999999,1
2017,5,1487.6,8
2017,6,1399.24,9
2017,7,1395.88,10
2017,8,1584.08,7
2017,9,1647.3000000000002,5
2017,10,1636.68,6
2017,1,1603.3600000000001,4
2017,2,1767.58,2
2017,3,1547.48,6
2017,4,1498.58,8
2017,5,1442.36,9
2017,6,1591.02,5
2017,7,1339.12,10
2017,8,1804.5,1
2017,9,1513.6200000000001,7
2017,10,1737.88,3
2017,1,1490.3400000000001,8
2017,2,1612.6200000000001,6
2017,3,1700.2800000000002,2
2017,4,1635.66,5
2017,5,1529.62,7
2017,6,1459.1000000000001,9
2017,7,1678.78,3
2017,8,1728.46,1
2017,9,1671.7199999999998,4
2017,10,1407.88,10
2017,1,1559.3799999999999,7
2017,2,1678.88,3
2017,3,1757.08,2
2017,4,1672.62,6
2017,5,1294.28,10
2017,6,1443.9799999999998,8
2017,7,1675.2000000000003,4
2017,8,1818.46,1
2017,9,1672.92,5
2017,10,1365.2599999999998,9
2017,1,1784.4800000000002,1
2017,2,1665.6,3
2017,3,1593.38,6
2017,4,1239.98,10
2017,5,1650.5,4
2017,6,1536.84,7
2017,7,1524.52,8
2017,8,1770.9400000000003,2
2017,9,1604.02,5
2017,10,1502.1999999999998,9
2017,1,1531.52,4
2017,2,1639.2800000000002,3
2017,3,1368.24,9
2017,4,1528.84,5
2017,5,1495.2199999999998,6
2017,6,1906.2800000000002,1
2017,7,1429.9,8
2017,8,1485.5599999999997,7
2017,9,1366.34,10
2017,10,1688.0600000000002,2
2017,1,1492.2199999999998,9
2017,2,1632.26,4
2017,3,1545.88,6
2017,4,1649.7800000000002,2
2017,5,1541.86,7
2017,6,1729.28,1
2017,7,1645.9,3
2017,8,1607.3199999999997,5
2017,9,1423.42,10
2017,10,1528.84,8
2017,1,1588.02,5
2017,2,1944.92,1
2017,3,1291.26,9
2017,4,1574.44,7
2017,5,1806.42,2
2017,6,1717.5600000000002,3
2017,7,1580.08,6
2017,8,1651.0,4
2017,9,1137.3200000000002,10
2017,10,1348.6399999999999,8
2017,1,2002.38,1
2017,2,1445.76,9
2017,3,1473.86,7
2017,4,1661.58,4
2017,5,1678.88,3
2017,6,1293.6599999999999,10
2017,7,1731.76,2
2017,8,1618.4,5
2017,9,1461.68,8
2017,10,1524.18,6
2017,1,1736.82,3
2017,2,1800.62,1
2017,3,1543.6599999999999,6
2017,4,1404.8399999999997,7
2017,5,1335.7800000000002,9
2017,6,1779.78,2
2017,7,1381.9,8
2017,8,1558.1,5
2017,9,1662.0000000000002,4
2017,10,1326.82,10
2017,1,1707.62,3
2017,2,1459.92,7
2017,3,1433.1999999999998,8
2017,4,1630.82,6
2017,5,1796.08,2
2017,6,1433.0,9
2017,7,1695.6400000000003,4
2017,8,1664.38,5
2017,9,1887.3600000000001,1
2017,10,1431.1200000000001,10
2017,1,1512.6599999999999,8
2017,2,1632.4,5
2017,3,1530.0600000000002,6
2017,4,1673.1799999999998,4
2017,5,1691.8200000000002,3
2017,6,1518.74,7
2017,7,1471.72,9
2017,8,1959.9,1
2017,9,1796.88,2
2017,10,1384.86,10
2017,1,1581.9199999999998,4
2017,2,1829.38,2
2017,3,1760.96,3
2017,4,1580.3600000000001,5
2017,5,1490.46,7
2017,6,1466.1799999999998,9
2017,7,1477.1000000000001,8
2017,8,1370.94,10
2017,9,1570.72,6
2017,10,1901.36,1
2017,1,1714.46,1
2017,2,1685.7800000000002,3
2017,3,1577.7,7
2017,4,1394.5,10
2017,5,1670.1599999999999,5
2017,6,1565.4600000000003,8
2017,7,1549.6599999999999,9
2017,8,1680.44,4
2017,9,1645.7800000000002,6
2017,10,1695.8600000000001,2
2017,1,1630.12,4
2017,2,1646.06,3
2017,3,1694.88,2
2017,4,1616.8000000000002,6
2017,5,1609.48,7
2017,6,1806.98,1
2017,7,1431.1399999999999,10
2017,8,1490.64,9
2017,9,1545.04,8
2017,10,1629.1200000000001,5
2017,1,1601.28,5
2017,2,1635.1599999999999,4
2017,3,1758.46,2
2017,4,1426.48,9
2017,5,1838.02,1
2017,6,1417.0,10
2017,7,1461.44,8
2017,8,1579.7800000000002,6
2017,9,1510.98,7
2017,10,1697.8,3
2017,1,1661.3400000000001,4
2017,2,1845.68,2
2017,3,1370.1399999999999,10
2017,4,1554.96,5
2017,5,1443.6799999999998,8
2017,6,1877.3200000000002,1
2017,7,1817.2,3
2017,8,1459.86,7
2017,9,1424.2,9
2017,10,1511.46,6
2017,1,1667.7599999999998,2
2017,2,1663.96,3
2017,3,1802.6599999999999,1
2017,4,1504.0400000000002,7
2017,5,1613.7800000000002,4
2017,6,1583.04,6
2017,7,1496.08,9
2017,8,1610.82,5
2017,9,1414.3799999999999,10
2017,10,1496.4,8
2017,1,1610.22,6
2017,2,1558.3000000000002,7
2017,3,1727.8200000000002,2
2017,4,1546.2399999999998,8
2017,5,1273.6999999999998,10
2017,6,1686.84,4
2017,7,1811.18,1
2017,8,1380.6599999999999,9
2017,9,1719.38,3
2017,10,1636.88,5
2017,1,1462.66,7
2017,2,1518.92,6
2017,3,1694.88,3
2017,4,2035.6200000000003,1
2017,5,1393.68,10
2017,6,1767.16,2
2017,7,1594.22,5
2017,8,1639.32,4
2017,9,1406.1599999999999,9
2017,10,1454.74,8
2017,1,1786.6599999999999,1
2017,2,1556.08,7
2017,3,1455.64,10
2017,4,1680.96,3
2017,5,1457.0600000000002,9
2017,6,1525.46,8
2017,7,1722.48,2
2017,8,1617.2,4
2017,9,1605.36,5
2017,10,1578.98,6
2017,1,1743.66,1
2017,2,1561.2799999999997,8
2017,3,1657.7800000000002,4
2017,4,1486.8999999999999,9
2017,5,1567.7600000000002,7
2017,6,1673.98,3
2017,7,1596.8200000000002,6
2017,8,1712.8200000000002,2
2017,9,1646.4800000000002,5
2017,10,1452.98,10
2017,1,1632.08,4
2017,2,1521.12,8
2017,3,1521.06,9
2017,4,1575.78,5
2017,5,1441.1999999999998,10
2017,6,1546.7,7
2017,7,1688.1599999999999,3
2017,8,1876.28,1
2017,9,1568.54,6
2017,10,1798.66,2
2017,1,1666.12,4
2017,2,1605.58,5
2017,3,1534.9,7
2017,4,1753.44,1
2017,5,1416.8600000000001,10
2017,6,1471.48,9
2017,7,1714.58,2
2017,8,1522.06,8
2017,9,1677.56,3
2017,10,1542.58,6
2017,1,1696.96,1
2017,2,1402.6200000000001,10
2017,3,1582.8400000000001,6
2017,4,1615.88,4
2017,5,1681.54,2
2017,6,1573.6,7
2017,7,1558.18,8
2017,8,1480.22,9
2017,9,1637.48,3
2017,10,1599.54,5
2017,1,1647.32,4
2017,2,1846.6600000000003,2
2017,3,1522.2,6
2017,4,1347.4199999999998,10
2017,5,1667.48,3
2017,6,1396.34,9
2017,7,1972.6,1
2017,8,1581.44,5
2017,9,1482.28,7
2017,10,1436.16,8
2017,1,1610.92,5
2017,2,1482.7399999999998,8
2017,3,1553.6,7
2017,4,1304.08,10
2017,5,1696.4,2
2017,6,1731.36,1
2017,7,1366.3400000000001,9
2017,8,1571.62,6
2017,9,1682.94,3
2017,10,1633.6799999999998,4
2017,1,1423.48,8
2017,2,1779.7000000000003,2
2017,3,1673.8400000000001,3
2017,4,1671.3200000000002,4
2017,5,1423.8400000000001,7
2017,6,1795.62,1
2017,7,1391.48,10
2017,8,1427.26,6
2017,9,1605.7200000000003,5
2017,10,1413.88,9
2017,1,1566.2599999999998,6
2017,2,1636.8000000000002,4
2017,3,1540.8200000000002,7
2017,4,1459.1599999999999,10
2017,5,1749.0200000000002,1
2017,6,1578.06,5
2017,7,1672.74,3
2017,8,1479.72,8
2017,9,1478.4399999999998,9
2017,10,1733.2800000000002,2
2017,1,1531.0,8
2017,2,1742.3799999999999,2
2017,3,1689.7400000000002,3
2017,4,1381.3600000000001,10
2017,5,1824.78,1
2017,6,1491.2600000000002,9
2017,7,1549.0800000000002,5
2017,8,1532.26,7
2017,9,1613.6,4
2017,10,1536.72,6
2017,1,1822.88,1
2017,2,1249.6399999999999,10
2017,3,1646.72,3
2017,4,1377.6799999999998,9
2017,5,1642.9,4
2017,6,1620.86,6
2017,7,1613.26,7
2017,8,1633.1599999999999,5
2017,9,1677.6399999999999,2
2017,10,1469.8600000000001,8
2017,1,1599.2800000000002,5
2017,2,1477.42,10
2017,3,1626.98,3
2017,4,1568.6399999999999,7
2017,5,1501.5200000000002,9
2017,6,1703.5,2
2017,7,1621.0,4
2017,8,1560.08,8
2017,9,1572.72,6
2017,10,1991.98,1
2017,1,1481.48,8
2017,2,1757.8999999999999,1
2017,3,1499.7799999999997,7
2017,4,1409.42,10
2017,5,1554.7599999999998,6
2017,6,1711.8600000000001,2
2017,7,1647.18,3
2017,8,1464.0,9
2017,9,1629.76,5
2017,10,1638.7,4
2017,1,1872.9,2
2017,2,1742.2799999999997,4
2017,3,1509.02,7
2017,4,1910.5199999999998,1
2017,5,1459.24,8
2017,6,1523.7800000000002,5
2017,7,1305.88,10
2017,8,1517.46,6
2017,9,1348.7,9
2017,10,1822.22,3
2017,1,1618.1399999999999,5
2017,2,1630.6999999999998,4
2017,3,1739.3999999999999,3
2017,4,1532.2399999999998,8
2017,5,1776.3600000000001,2
2017,6,1881.1200000000001,1
2017,7,1545.6599999999999,7
2017,8,1559.22,6
2017,9,1037.48,10
2017,10,1462.88,9
2017,1,1550.6599999999999,6
2017,2,1397.1000000000001,9
2017,3,1713.7799999999997,4
2017,4,1465.08,7
2017,5,2089.7799999999997,1
2017,6,1560.3600000000001,5
2017,7,1422.12,8
2017,8,1761.48,3
2017,9,1189.2,10
2017,10,1793.4800000000002,2
2017,1,1726.66,1
2017,2,1539.7199999999998,9
2017,3,1670.6999999999998,2
2017,4,1627.1000000000001,3
2017,5,1605.06,5
2017,6,1542.58,8
2017,7,1618.7200000000003,4
2017,8,1476.5,10
2017,9,1542.7399999999998,7
2017,10,1564.6799999999998,6
2017,1,1556.18,5
2017,2,2013.12,1
2017,3,1682.8799999999999,4
2017,4,1332.52,10
2017,5,1533.18,6
2017,6,1698.4599999999998,3
2017,7,1506.14,7
2017,8,1721.1200000000001,2
2017,9,1453.3200000000002,8
2017,10,1399.46,9
2017,1,1682.98,4
2017,2,1699.1399999999999,2
2017,3,2057.78,1
2017,4,1503.6200000000001,7
2017,5,1422.6599999999999,9
2017,6,1684.2799999999997,3
2017,7,1448.98,8
2017,8,1589.3199999999997,5
2017,9,1149.8999999999999,10
2017,10,1554.16,6
2017,1,1790.46,1
2017,2,1414.54,10
2017,3,1778.0800000000002,2
2017,4,1531.82,8
2017,5,1655.7399999999998,4
2017,6,1544.88,7
2017,7,1682.76,3
2017,8,1617.42,5
2017,9,1482.78,9
2017,10,1550.3000000000002,6
2017,1,1763.5800000000002,1
2017,2,1638.66,4
2017,3,1563.3400000000001,7
2017,4,1685.1600000000003,3
2017,5,1396.42,10
2017,6,1618.7600000000002,5
2017,7,1441.8600000000001,9
2017,8,1739.9,2
2017,9,1511.2,8
2017,10,1607.1799999999998,6
2017,1,1802.06,1
2017,2,1699.06,3
2017,3,1644.4,4
2017,4,1726.52,2
2017,5,1557.92,5
2017,6,1556.32,6
2017,7,1498.96,8
2017,8,1484.4799999999998,9
2017,9,1529.48,7
2017,10,1314.0800000000002,10
2017,1,1611.3,5
2017,2,1683.58,4
2017,3,1579.78,6
2017,4,1449.3400000000001,8
2017,5,1773.02,3
2017,6,1538.3600000000001,7
2017,7,1810.3200000000002,2
2017,8,1360.0,10
2017,9,1362.56,9
2017,10,1953.56,1
2017,1,1513.38,8
2017,2,1485.6599999999999,9
2017,3,1532.44,7
2017,4,1596.0600000000002,6
2017,5,1329.6599999999999,10
2017,6,1902.92,1
2017,7,1621.7,3
2017,8,1610.12,4
2017,9,1606.4800000000002,5
2017,10,1704.6599999999999,2
2017,1,1814.8200000000002,1
2017,2,1547.56,5
2017,3,1424.38,9
2017,4,1499.9599999999998,6
2017,5,1667.5599999999997,4
2017,6,1466.1,8
2017,7,1719.92,3
2017,8,1424.06,10
2017,9,1778.1,2
2017,10,1472.7800000000002,7
2017,1,1527.62,5
2017,2,1698.12,2
2017,3,1378.7,10
2017,4,1671.5600000000002,3
2017,5,1449.2800000000002,9
2017,6,1456.8200000000002,8
2017,7,1499.54,6
2017,8,1664.54,4
2017,9,1821.6000000000001,1
2017,10,1485.8600000000001,7
2017,1,1473.1799999999998,8
2017,2,1394.7599999999998,10
2017,3,1681.58,4
2017,4,1481.9199999999998,7
2017,5,1515.48,6
2017,6,1610.56,5
2017,7,1836.5,1
2017,8,1445.86,9
2017,9,1716.52,3
2017,10,1805.9,2
2017,1,1928.28,1
2017,2,1387.4599999999998,10
2017,3,1767.06,2
2017,4,1570.62,4
2017,5,1480.7,8
2017,6,1449.56,9
2017,7,1526.2199999999998,6
2017,8,1520.1399999999999,7
2017,9,1677.48,3
2017,10,1555.12,5
2017,1,1631.7199999999998,7
2017,2,1760.14,3
2017,3,1643.04,6
2017,4,1820.6,1
2017,5,1700.2800000000002,4
2017,6,1565.9999999999998,8
2017,7,1279.46,10
2017,8,1289.6,9
2017,9,1805.42,2
2017,10,1654.8200000000002,5
2017,1,1697.7199999999998,3
2017,2,1836.88,2
2017,3,1669.0600000000002,4
2017,4,1516.6200000000003,5
2017,5,1484.6999999999998,6
2017,6,1445.2399999999998,8
2017,7,1484.36,7
2017,8,1846.2600000000002,1
2017,9,1346.5,10
2017,10,1387.78,9
2017,1,1284.7399999999998,10
2017,2,2022.58,1
2017,3,1577.22,6
2017,4,1725.6,4
2017,5,1728.82,3
2017,6,1608.06,5
2017,7,1495.06,8
2017,8,1288.98,9
2017,9,1906.2800000000002,2
2017,10,1540.4,7
2017,1,1691.2799999999997,3
2017,2,1822.82,1
2017,3,1391.1,10
2017,4,1680.92,4
2017,5,1560.8799999999999,6
2017,6,1602.2599999999998,5
2017,7,1510.08,8
2017,8,1737.5600000000002,2
2017,9,1491.26,9
2017,10,1557.6999999999998,7
2017,1,1764.04,2
2017,2,1749.64,3
2017,3,1606.28,6
2017,4,1454.7,8
2017,5,1570.46,7
2017,6,1318.8000000000002,10
2017,7,1693.18,4
2017,8,1764.4199999999998,1
2017,9,1661.12,5
2017,10,1436.92,9
2017,1,1554.58,7
2017,2,1491.7000000000003,10
2017,3,1627.2600000000002,3
2017,4,1616.6800000000003,4
2017,5,1493.8200000000002,9
2017,6,1801.08,1
2017,7,1598.8799999999999,5
2017,8,1551.7600000000002,8
2017,9,1728.06,2
2017,10,1581.08,6
2017,1,1701.5,2
2017,2,1400.5800000000002,10
2017,3,1724.6,1
2017,4,1544.84,6
2017,5,1490.0,8
2017,6,1461.42,9
2017,7,1626.22,4
2017,8,1524.88,7
2017,9,1699.8999999999999,3
2017,10,1556.18,5
2017,1,1428.9999999999998,10
2017,2,1663.92,4
2017,3,1818.0400000000002,1
2017,4,1478.0600000000002,8
2017,5,1691.62,2
2017,6,1483.08,7
2017,7,1511.6599999999999,6
2017,8,1447.98,9
2017,9,1631.2800000000002,5
2017,10,1680.12,3
2017,1,1549.54,7
2017,2,1646.32,5
2017,3,1746.8600000000001,1
2017,4,1570.48,6
2017,5,1504.02,9
2017,6,1689.1,3
2017,7,1730.48,2
2017,8,1667.0800000000002,4
2017,9,1373.3600000000001,10
2017,10,1528.98,8
2017,1,1512.22,7
2017,2,1450.34,9
2017,3,1566.6399999999999,5
2017,4,1511.1000000000001,8
2017,5,1712.16,1
2017,6,1627.46,4
2017,7,1673.82,2
2017,8,1642.2,3
2017,9,1336.8799999999999,10
2017,10,1549.1599999999999,6
2017,1,1755.24,1
2017,2,1733.5600000000002,2
2017,3,1534.7600000000002,7
2017,4,1619.0200000000002,4
2017,5,1384.06,10
2017,6,1507.44,8
2017,7,1605.1,6
2017,8,1653.2599999999998,3
2017,9,1457.78,9
2017,10,1615.8400000000001,5
2017,1,1494.2,8
2017,2,1596.6,4
2017,3,1514.9,7
2017,4,1551.02,6
2017,5,1557.1,5
2017,6,1455.66,10
2017,7,1617.72,3
2017,8,1835.2599999999998,1
2017,9,1485.2199999999998,9
2017,10,1823.54,2
2017,1,1364.0400000000002,10
2017,2,1655.3,5
2017,3,1592.7600000000002,7
2017,4,1659.8999999999999,4
2017,5,1664.66,3
2017,6,1510.18,8
2017,7,1804.68,1
2017,8,1420.08,9
2017,9,1669.42,2
2017,10,1641.92,6
2017,1,1687.82,2
2017,2,1621.6599999999999,5
2017,3,1509.48,8
2017,4,1549.8999999999999,7
2017,5,1607.7399999999998,6
2017,6,1478.6800000000003,9
2017,7,1679.1200000000001,3
2017,8,1647.48,4
2017,9,1860.72,1
2017,10,1440.1000000000001,10
2017,1,1525.06,6
2017,2,1460.08,8
2017,3,1367.3000000000002,10
2017,4,1639.54,5
2017,5,1662.3000000000002,4
2017,6,1782.6600000000003,2
2017,7,1901.2600000000002,1
2017,8,1708.7800000000002,3
2017,9,1495.16,7
2017,10,1441.2399999999998,9
2017,1,1561.72,5
2017,2,1868.1799999999998,1
2017,3,1822.12,2
2017,4,1534.8999999999999,7
2017,5,1569.4599999999998,4
2017,6,1700.9799999999998,3
2017,7,1449.38,9
2017,8,1502.6599999999999,8
2017,9,1386.9,10
2017,10,1548.1,6
2017,1,1597.5400000000002,6
2017,2,1841.6599999999999,2
2017,3,1374.42,10
2017,4,1461.9399999999998,7
2017,5,1889.88,1
2017,6,1634.2200000000003,5
2017,7,1721.8200000000002,3
2017,8,1672.44,4
2017,9,1447.08,8
2017,10,1390.16,9
2017,1,1598.6399999999999,5
2017,2,1475.0399999999997,9
2017,3,1791.46,1
2017,4,1600.62,4
2017,5,1298.08,10
2017,6,1620.6200000000001,3
2017,7,1595.5400000000002,6
2017,8,1476.7999999999997,8
2017,9,1758.5000000000002,2
2017,10,1586.46,7
2017,1,1549.58,7
2017,2,1538.1399999999999,8
2017,3,1700.36,2
2017,4,1627.74,4
2017,5,1614.38,5
2017,6,1686.3,3
2017,7,1331.42,10
2017,8,1586.1,6
2017,9,1511.3600000000001,9
2017,10,1885.96,1
2017,1,1605.1399999999999,4
2017,2,1521.14,8
2017,3,1588.8,6
2017,4,1710.7800000000002,1
2017,5,1576.1399999999999,7
2017,6,1694.4799999999998,2
2017,7,1595.92,5
2017,8,1658.12,3
2017,9,1390.6599999999999,10
2017,10,1443.6,9
2017,1,1475.7800000000002,8
2017,2,1471.6999999999998,9
2017,3,1705.44,3
2017,4,1821.58,2
2017,5,1908.2400000000002,1
2017,6,1643.5200000000002,4
2017,7,1552.1,5
2017,8,1327.86,10
2017,9,1487.12,7
2017,10,1550.6399999999999,6
2017,1,1529.38,7
2017,2,1675.1599999999999,3
2017,3,1810.8600000000001,1
2017,4,1339.82,9
2017,5,1738.16,2
2017,6,1607.08,5
2017,7,1583.5,6
2017,8,1254.6399999999999,10
2017,9,1637.6000000000004,4
2017,10,1502.08,8
2017,1,1289.04,10
2017,2,1675.12,4
2017,3,1489.56,9
2017,4,1695.34,3
2017,5,1655.8200000000002,5
2017,6,1712.52,2
2017,7,1567.26,6
2017,8,1526.3400000000001,7
2017,9,1777.38,1
2017,10,1489.88,8
2017,1,1505.6999999999998,7
2017,2,1677.06,4
2017,3,1715.7199999999998,2
2017,4,1386.8600000000001,10
2017,5,1692.02,3
2017,6,1446.62,8
2017,7,1526.22,6
2017,8,1868.98,1
2017,9,1667.0,5
2017,10,1406.78,9
2017,1,1445.1599999999999,10
2017,2,1625.8000000000002,4
2017,3,1445.8,9
2017,4,1673.3200000000002,3
2017,5,1532.58,7
2017,6,1596.34,6
2017,7,1599.8799999999999,5
2017,8,1735.2,1
2017,9,1451.62,8
2017,10,1687.94,2
2017,1,1569.5200000000002,5
2017,2,1670.02,4
2017,3,1564.9,6
2017,4,1534.74,7
2017,5,1708.38,2
2017,6,1519.7,8
2017,7,1780.52,1
2017,8,1486.7600000000002,9
2017,9,1381.6599999999999,10
2017,10,1679.46,3
2017,1,1635.62,3
2017,2,1599.2599999999998,4
2017,3,1548.36,7
2017,4,1594.1,5
2017,5,1474.96,9
2017,6,1689.1799999999998,2
2017,7,1589.7800000000002,6
2017,8,1301.0,10
2017,9,2115.48,1
2017,10,1478.1800000000003,8
2017,1,1918.78,1
2017,2,1598.6,3
2017,3,1577.5,5
2017,4,1552.14,6
2017,5,1492.3600000000001,7
2017,6,1268.48,10
2017,7,1785.06,2
2017,8,1462.1,8
2017,9,1435.38,9
2017,10,1598.3,4
2017,1,1824.7399999999998,1
2017,2,1746.94,2
2017,3,1384.5,10
2017,4,1724.48,3
2017,5,1442.02,8
2017,6,1550.2000000000003,6
2017,7,1634.38,4
2017,8,1412.06,9
2017,9,1633.4200000000003,5
2017,10,1537.48,7
2017,1,1785.3600000000001,1
2017,2,1579.7800000000002,5
2017,3,1543.48,6
2017,4,1462.12,8
2017,5,1309.1600000000003,10
2017,6,1708.54,4
2017,7,1540.32,7
2017,8,1397.02,9
2017,9,1767.36,2
2017,10,1730.0000000000002,3
2017,1,1536.98,6
2017,2,1426.46,9
2017,3,1705.8400000000001,3
2017,4,1523.12,7
2017,5,1789.1399999999999,1
2017,6,1783.8600000000001,2
2017,7,1667.7599999999998,4
2017,8,1508.1,8
2017,9,1628.6999999999998,5
2017,10,1341.4,10
2017,1,1339.3799999999999,9
2017,2,1610.1399999999999,6
2017,3,1499.0600000000002,7
2017,4,1752.3600000000001,3
2017,5,1612.2200000000003,5
2017,6,1286.3600000000001,10
2017,7,1635.3999999999999,4
2017,8,1368.8600000000001,8
2017,9,1773.92,2
2017,10,1934.78,1
2017,1,1540.02,7
2017,2,1744.26,2
2017,3,1826.6999999999998,1
2017,4,1661.4199999999998,5
2017,5,1604.98,6
2017,6,1366.5,8
2017,7,1365.1,9
2017,8,1685.2800000000002,4
2017,9,1307.04,10
2017,10,1714.8,3
2017,1,1615.1599999999999,3
2017,2,1501.1999999999998,10
2017,3,1514.3600000000001,9
2017,4,1776.5400000000002,1
2017,5,1593.96,6
2017,6,1612.02,5
2017,7,1614.68,4
2017,8,1577.8600000000001,7
2017,9,1530.6599999999999,8
2017,10,1716.08,2
2017,1,1448.8600000000001,8
2017,2,1753.62,2
2017,3,1431.7,9
2017,4,1491.3400000000001,7
2017,5,1419.06,10
2017,6,1658.0,3
2017,7,1868.1200000000001,1
2017,8,1656.2800000000002,4
2017,9,1553.58,5
2017,10,1512.8600000000001,6
2017,1,1781.5600000000002,2
2017,2,1381.1200000000001,10
2017,3,1641.6200000000001,5
2017,4,1875.68,1
2017,5,1397.3600000000001,9
2017,6,1398.1,8
2017,7,1683.38,4
2017,8,1478.74,7
2017,9,1631.3799999999999,6
2017,10,1704.22,3
2017,1,1603.7200000000003,5
2017,2,1519.9399999999998,7
2017,3,1396.86,10
2017,4,1662.7000000000003,3
2017,5,1659.38,4
2017,6,1924.1200000000001,1
2017,7,1560.9,6
2017,8,1709.68,2
2017,9,1440.0399999999997,8
2017,10,1410.68,9
2017,1,1541.48,5
2017,2,1655.76,4
2017,3,1442.0,8
2017,4,1976.52,1
2017,5,1935.08,2
2017,6,1410.3,9
2017,7,1322.9199999999998,10
2017,8,1679.1799999999998,3
2017,9,1484.84,7
2017,10,1506.0,6
2017,1,1497.4,8
2017,2,1812.78,1
2017,3,1442.16,9
2017,4,1767.9199999999998,2
2017,5,1583.3200000000002,4
2017,6,1711.0800000000004,3
2017,7,1533.6999999999998,6
2017,8,1558.96,5
2017,9,1522.8400000000001,7
2017,10,1437.48,10
2017,1,1811.8600000000001,1
2017,2,1760.7799999999997,2
2017,3,1513.46,8
2017,4,1523.48,7
2017,5,1604.6200000000001,5
2017,6,1686.48,4
2017,7,1348.1999999999998,10
2017,8,1703.58,3
2017,9,1363.44,9
2017,10,1525.74,6
2017,1,1587.64,7
2017,2,1429.56,10
2017,3,1461.8200000000002,9
2017,4,1641.66,3
2017,5,1764.78,1
2017,6,1627.34,5
2017,7,1598.22,6
2017,8,1655.14,2
2017,9,1466.6399999999999,8
2017,10,1632.1,4
2017,1,1972.62,1
2017,2,1386.4599999999998,9
2017,3,1576.1,5
2017,4,1511.8,7
2017,5,1813.2399999999998,2
2017,6,1432.1799999999998,8
2017,7,1308.1799999999998,10
2017,8,1741.42,3
2017,9,1540.8999999999999,6
2017,10,1675.48,4
2017,1,1809.56,3
2017,2,1464.9799999999998,7
2017,3,1322.1599999999999,10
2017,4,1425.48,8
2017,5,1483.66,6
2017,6,1379.8999999999999,9
2017,7,1873.18,1
2017,8,1816.8400000000001,2
2017,9,1582.6999999999998,5
2017,10,1765.8000000000002,4
2017,1,1658.4999999999998,5
2017,2,1391.34,8
2017,3,1644.4799999999998,6
2017,4,1760.7200000000003,2
2017,5,1659.4,4
2017,6,1806.3799999999999,1
2017,7,1245.98,10
2017,8,1720.7,3
2017,9,1366.66,9
2017,10,1634.52,7
2017,1,1592.7599999999998,6
2017,2,1374.62,9
2017,3,1484.1,8
2017,4,1627.5,5
2017,5,1362.22,10
2017,6,1541.6000000000001,7
2017,7,1903.28,1
2017,8,1640.98,4
2017,9,1691.68,3
2017,10,1876.2399999999998,2
2017,1,1724.12,3
2017,2,1559.3,7
2017,3,1482.52,8
2017,4,1662.34,5
2017,5,1237.2,10
2017,6,1751.8400000000001,1
2017,7,1603.48,6
2017,8,1735.8600000000001,2
2017,9,1713.26,4
2017,10,1469.7399999999998,9
2017,1,1705.1399999999999,4
2017,2,1513.8,6
2017,3,1736.62,2
2017,4,1447.3,9
2017,5,1735.8599999999997,3
2017,6,1813.4800000000002,1
2017,7,1677.94,5
2017,8,1429.98,10
2017,9,1513.1200000000001,7
2017,10,1501.1999999999998,8
2017,1,1580.66,7
2017,2,1473.06,8
2017,3,1608.78,6
2017,4,1744.1000000000001,1
2017,5,1685.82,3
2017,6,1416.2399999999998,9
2017,7,1632.1799999999998,5
2017,8,1269.4399999999998,10
2017,9,1658.66,4
2017,10,1703.8799999999999,2
2017,1,1593.2600000000002,6
2017,2,1772.62,2
2017,3,1761.5200000000002,3
2017,4,1445.86,7
2017,5,1608.0800000000002,5
2017,6,1270.18,9
2017,7,1368.1999999999998,8
2017,8,1210.6599999999999,10
2017,9,1794.54,1
2017,10,1684.66,4
2017,1,1594.8999999999999,7
2017,2,1629.4599999999998,6
2017,3,1714.5,3
2017,4,1573.42,8
2017,5,1829.58,1
2017,6,1688.38,4
2017,7,1346.8200000000002,10
2017,8,1644.72,5
2017,9,1728.44,2
2017,10,1389.6599999999999,9
2017,1,1439.6,9
2017,2,1546.1599999999999,5
2017,3,1648.5600000000004,3
2017,4,1520.3,6
2017,5,1509.3,7
2017,6,1484.54,8
2017,7,1419.32,10
2017,8,1668.2800000000002,2
2017,9,1556.98,4
2017,10,1668.4799999999998,1
2017,1,1579.98,6
2017,2,1615.94,5
2017,3,1543.24,7
2017,4,1485.86,8
2017,5,1780.02,1
2017,6,1431.82,9
2017,7,1775.5,2
2017,8,1416.06,10
2017,9,1685.76,3
2017,10,1623.2800000000002,4
2017,1,1665.2,5
2017,2,1546.96,7
2017,3,1292.6,10
2017,4,1566.96,6
2017,5,1719.42,3
2017,6,1528.48,8
2017,7,1757.2800000000002,1
2017,8,1665.7000000000003,4
2017,9,1525.1599999999999,9
2017,10,1738.04,2
2017,1,1609.72,5
2017,2,1179.1200000000001,10
2017,3,1456.88,8
2017,4,1287.94,9
2017,5,1484.88,7
2017,6,1781.1200000000003,2
2017,7,1645.7,4
2017,8,2013.7400000000002,1
2017,9,1706.36,3
2017,10,1594.86,6
2017,1,1524.54,6
2017,2,1735.1799999999998,2
2017,3,1547.6200000000001,5
2017,4,1642.52,3
2017,5,2006.7,1
2017,6,1490.6999999999998,7
2017,7,1226.94,10
2017,8,1487.98,8
2017,9,1589.58,4
2017,10,1333.06,9
2017,1,1546.96,7
2017,2,1427.0800000000002,9
2017,3,1549.2600000000002,5
2017,4,1548.62,6
2017,5,1791.2,2
2017,6,1268.8600000000001,10
2017,7,1748.42,4
2017,8,1832.0000000000002,1
2017,9,1767.42,3
2017,10,1448.54,8
2017,1,1692.26,2
2017,2,1349.1,9
2017,3,1589.3,6
2017,4,1502.6399999999999,8
2017,5,1588.2800000000002,7
2017,6,1674.6799999999998,3
2017,7,1319.96,10
2017,8,1661.88,5
2017,9,1754.3200000000002,1
2017,10,1665.94,4
2017,1,1686.6999999999998,4
2017,2,1555.8000000000002,5
2017,3,1710.1200000000001,3
2017,4,1370.04,10
2017,5,1432.6,9
2017,6,1721.92,2
2017,7,1553.48,6
2017,8,1506.8799999999997,7
2017,9,1831.98,1
2017,10,1490.6799999999998,8
2017,1,1384.66,9
2017,2,1555.3600000000001,6
2017,3,1662.08,4
2017,4,1510.06,8
2017,5,1896.8200000000002,1
2017,6,1825.82,2
2017,7,1543.52,7
2017,8,1657.6000000000001,5
2017,9,1698.88,3
2017,10,1344.8200000000002,10
2017,1,1352.2800000000002,9
2017,2,1563.42,5
2017,3,1755.72,2
2017,4,1280.1599999999999,10
2017,5,1907.3799999999999,1
2017,6,1514.44,7
2017,7,1481.34,8
2017,8,1753.3000000000002,3
2017,9,1553.86,6
2017,10,1710.7200000000003,4
2017,1,1880.5200000000002,1
2017,2,1631.38,4
2017,3,1534.16,7
2017,4,1399.02,10
2017,5,1796.32,2
2017,6,1769.3000000000002,3
2017,7,1456.7399999999998,9
2017,8,1459.8400000000001,8
2017,9,1552.96,6
2017,10,1555.2599999999998,5
2018,1,1568.02,9
2018,2,1903.1,1
2018,3,1738.2,3
2018,4,1645.64,5
2018,5,1881.6200000000001,2
2018,6,1711.96,4
2018,7,1629.48,6
2018,8,1623.0000000000002,7
2018,9,1598.54,8
2018,10,1516.5400000000002,10
2018,1,1475.78,10
2018,2,2202.32,1
2018,3,1634.58,5
2018,4,1987.22,2
2018,5,1665.3600000000001,4
2018,6,1567.52,7
2018,7,1634.2999999999997,6
2018,8,1559.5600000000002,8
2018,9,1886.16,3
2018,10,1546.42,9
2018,1,1697.38,6
2018,2,1521.84,8
2018,3,1776.46,5
2018,4,2018.36,2
2018,5,1455.8,9
2018,6,1908.2600000000002,3
2018,7,2045.7400000000002,1
2018,8,1852.0200000000002,4
2018,9,1319.52,10
2018,10,1670.92,7
2018,1,1807.8400000000001,3
2018,2,1578.12,8
2018,3,1446.68,10
2018,4,1641.0,7
2018,5,2100.12,1
2018,6,1546.38,9
2018,7,1643.1799999999998,6
2018,8,1650.46,5
2018,9,1998.26,2
2018,10,1652.32,4
2018,1,1652.6999999999998,7
2018,2,1709.9999999999998,6
2018,3,1451.7399999999998,10
2018,4,1869.8999999999999,3
2018,5,1959.3999999999999,2
2018,6,1640.1799999999998,8
2018,7,1805.66,4
2018,8,1965.0,1
2018,9,1555.3600000000001,9
2018,10,1740.4200000000003,5
2018,1,1720.06,5
2018,2,1141.8999999999999,10
2018,3,1820.92,4
2018,4,1691.42,6
2018,5,2020.2800000000002,2
2018,6,2035.4600000000003,1
2018,7,1885.16,3
2018,8,1563.42,8
2018,9,1631.7199999999998,7
2018,10,1498.3999999999999,9
2018,1,1747.3200000000002,4
2018,2,1663.12,6
2018,3,1504.64,8
2018,4,2101.6,1
2018,5,1398.96,10
2018,6,1709.18,5
2018,7,2031.52,2
2018,8,1586.14,7
2018,9,2016.3000000000002,3
2018,10,1435.2199999999998,9
2018,1,1338.92,10
2018,2,1848.86,3
2018,3,1946.6,2
2018,4,1758.78,5
2018,5,2074.08,1
2018,6,1565.3000000000002,8
2018,7,1719.74,7
2018,8,1734.3400000000001,6
2018,9,1829.5400000000002,4
2018,10,1410.18,9
2018,1,1801.6,4
2018,2,1667.6200000000003,7
2018,3,1928.3200000000002,2
2018,4,1358.7199999999998,9
2018,5,2118.22,1
2018,6,1889.02,3
2018,7,1334.6999999999998,10
2018,8,1671.5800000000002,6
2018,9,1794.78,5
2018,10,1571.74,8
2018,1,1594.66,8
2018,2,2046.22,1
2018,3,1843.44,3
2018,4,1912.2999999999997,2
2018,5,1558.44,9
2018,6,1451.0,10
2018,7,1642.1399999999999,7
2018,8,1693.96,5
2018,9,1672.1399999999999,6
2018,10,1706.32,4
2018,1,1984.5200000000002,2
2018,2,1543.66,9
2018,3,1711.94,6
2018,4,1788.8400000000001,5
2018,5,1798.76,4
2018,6,1662.04,8
2018,7,1241.62,10
2018,8,1710.4,7
2018,9,1914.98,3
2018,10,2033.54,1
2018,1,1675.7,6
2018,2,1608.5800000000002,8
2018,3,1901.3200000000002,3
2018,4,1863.96,5
2018,5,2065.36,1
2018,6,1959.52,2
2018,7,1479.14,9
2018,8,1633.3999999999999,7
2018,9,1149.52,10
2018,10,1868.98,4
2018,1,1805.38,3
2018,2,1847.46,1
2018,3,1773.9,7
2018,4,1777.46,6
2018,5,1784.1,4
2018,6,1583.56,9
2018,7,1456.6200000000001,10
2018,8,1709.82,8
2018,9,1778.8000000000002,5
2018,10,1813.1,2
2018,1,1432.3799999999999,8
2018,2,1906.92,2
2018,3,2448.86,1
2018,4,1709.32,4
2018,5,1726.56,3
2018,6,1390.48,10
2018,7,1485.74,7
2018,8,1429.44,9
2018,9,1594.0200000000002,6
2018,10,1614.92,5
2018,1,1952.42,2
2018,2,1651.3400000000001,7
2018,3,1999.96,1
2018,4,1408.3600000000001,10
2018,5,1844.2599999999998,4
2018,6,1795.4,5
2018,7,1729.38,6
2018,8,1583.84,9
2018,9,1588.6200000000001,8
2018,10,1914.52,3
2018,1,1412.94,10
2018,2,1768.3199999999997,6
2018,3,1874.4599999999998,3
2018,4,2009.04,2
2018,5,1515.9199999999998,9
2018,6,2058.06,1
2018,7,1770.24,5
2018,8,1819.2400000000002,4
2018,9,1533.46,8
2018,10,1583.3400000000001,7
2018,1,1725.72,6
2018,2,1540.0600000000002,8
2018,3,1909.48,2
2018,4,1782.48,5
2018,5,1790.0199999999998,4
2018,6,1977.52,1
2018,7,1659.04,7
2018,8,1828.6799999999998,3
2018,9,1365.8200000000002,10
2018,10,1413.1399999999999,9
2018,1,1779.8799999999999,4
2018,2,1813.78,2
2018,3,1810.9599999999998,3
2018,4,1744.1,5
2018,5,1512.5,9
2018,6,1615.58,7
2018,7,1495.0,10
2018,8,1551.54,8
2018,9,1950.8200000000002,1
2018,10,1621.18,6
2018,1,1822.6999999999998,2
2018,2,2042.18,1
2018,3,1611.08,8
2018,4,1751.8199999999997,5
2018,5,1524.9,9
2018,6,1741.52,6
2018,7,1674.54,7
2018,8,1820.6600000000003,3
2018,9,1510.8000000000002,10
2018,10,1787.1599999999999,4
2018,1,1980.36,3
2018,2,1878.62,4
2018,3,2065.54,1
2018,4,1650.16,7
2018,5,1606.1399999999999,8
2018,6,2042.3400000000001,2
2018,7,1331.3600000000001,10
2018,8,1736.12,6
2018,9,1812.5199999999998,5
2018,10,1489.04,9
2018,1,1583.5400000000002,7
2018,2,1644.5,5
2018,3,1898.46,3
2018,4,1786.48,4
2018,5,1216.48,10
2018,6,2074.36,2
2018,7,1491.36,9
2018,8,1610.7999999999997,6
2018,9,1541.06,8
2018,10,2131.66,1
2018,1,1950.02,3
2018,2,1523.92,9
2018,3,1434.8200000000002,10
2018,4,1862.98,4
2018,5,1612.92,7
2018,6,1605.92,8
2018,7,1978.66,2
2018,8,1638.2000000000003,6
2018,9,1645.56,5
2018,10,1980.0600000000002,1
2018,1,1659.92,8
2018,2,1738.62,6
2018,3,1775.3799999999999,4
2018,4,1941.88,1
2018,5,1808.96,3
2018,6,1758.1799999999998,5
2018,7,1255.6000000000001,10
2018,8,1539.1999999999998,9
2018,9,1854.52,2
2018,10,1710.02,7
2018,1,1917.98,3
2018,2,2125.76,1
2018,3,1677.8200000000002,5
2018,4,1938.3,2
2018,5,1472.2200000000003,10
2018,6,1523.3600000000004,8
2018,7,1516.1200000000003,9
2018,8,1744.7800000000002,4
2018,9,1668.96,6
2018,10,1665.2200000000003,7
2018,1,1590.8799999999999,8
2018,2,1463.4599999999998,10
2018,3,1830.8,4
2018,4,1751.52,6
2018,5,1885.42,2
2018,6,1866.9,3
2018,7,1725.1399999999999,7
2018,8,1794.2,5
2018,9,1473.22,9
2018,10,1930.88,1
2018,1,1761.54,5
2018,2,1742.08,6
2018,3,1416.12,9
2018,4,1762.2799999999997,4
2018,5,1403.96,10
2018,6,1824.32,2
2018,7,2021.46,1
2018,8,1681.9,7
2018,9,1579.5800000000002,8
2018,10,1817.48,3
2018,1,1527.3400000000001,10
2018,2,1706.64,6
2018,3,1786.8200000000002,3
2018,4,1953.6600000000003,2
2018,5,1535.02,9
2018,6,2008.58,1
2018,7,1659.04,7
2018,8,1601.2199999999998,8
2018,9,1709.7199999999998,5
2018,10,1775.82,4
2018,1,1532.2800000000002,9
2018,2,1946.7,1
2018,3,1602.9399999999998,8
2018,4,1923.3200000000002,2
2018,5,1627.22,6
2018,6,1458.96,10
2018,7,1620.52,7
2018,8,1799.48,5
2018,9,1876.8,3
2018,10,1809.92,4
2018,1,1510.44,9
2018,2,2066.32,1
2018,3,1770.2,5
2018,4,1681.22,6
2018,5,1326.9199999999998,10
2018,6,1807.3600000000001,4
2018,7,1590.6,7
2018,8,1892.92,3
2018,9,1955.92,2
2018,10,1559.1799999999998,8
2018,1,1847.6,3
2018,2,1452.72,9
2018,3,1925.76,1
2018,4,1547.52,8
2018,5,1637.5,7
2018,6,1303.7799999999997,10
2018,7,1735.72,6
2018,8,1765.5000000000002,5
2018,9,1833.2400000000002,4
2018,10,1867.8200000000002,2
2018,1,1902.6599999999999,3
2018,2,1451.48,9
2018,3,1453.92,8
2018,4,2227.18,1
2018,5,1818.1000000000001,4
2018,6,1813.9799999999998,5
2018,7,2039.56,2
2018,8,1613.48,6
2018,9,1556.42,7
2018,10,1406.38,10
2018,1,1720.8200000000002,6
2018,2,1863.2799999999997,1
2018,3,1762.96,3
2018,4,1721.3,5
2018,5,1651.94,9
2018,6,1766.42,2
2018,7,1682.48,8
2018,8,1731.0,4
2018,9,1402.2800000000002,10
2018,10,1695.38,7
2018,1,1795.06,4
2018,2,1584.08,7
2018,3,2001.1200000000003,1
2018,4,1580.7400000000002,8
2018,5,1384.6,10
2018,6,1749.6000000000001,5
2018,7,1570.2599999999998,9
2018,8,1805.5,3
2018,9,1912.64,2
2018,10,1724.62,6
2018,1,2009.38,1
2018,2,1687.46,6
2018,3,1455.0,10
2018,4,1785.2200000000003,4
2018,5,2000.34,2
2018,6,1533.0,9
2018,7,1828.6999999999998,3
2018,8,1604.8,8
2018,9,1677.82,7
2018,10,1750.6399999999999,5
2018,1,1808.94,5
2018,2,1911.58,2
2018,3,1689.7199999999998,6
2018,4,1600.22,7
2018,5,1888.92,3
2018,6,1817.8400000000001,4
2018,7,1538.1799999999998,9
2018,8,1955.18,1
2018,9,1589.52,8
2018,10,1391.5800000000002,10
2018,1,1471.54,10
2018,2,1840.36,1
2018,3,1744.2800000000002,5
2018,4,1714.2399999999998,6
2018,5,1789.84,4
2018,6,1807.0000000000002,3
2018,7,1681.7999999999997,7
2018,8,1572.9,8
2018,9,1496.12,9
2018,10,1828.68,2
2018,1,1435.7199999999998,10
2018,2,2079.8,1
2018,3,1493.16,9
2018,4,1870.4,2
2018,5,1787.5800000000002,3
2018,6,1630.1000000000001,8
2018,7,1721.94,5
2018,8,1643.04,7
2018,9,1755.6000000000001,4
2018,10,1698.82,6
2018,1,1737.04,5
2018,2,1161.52,10
2018,3,1898.8400000000001,2
2018,4,1509.5400000000002,8
2018,5,1585.8,6
2018,6,1776.1200000000001,4
2018,7,2188.6,1
2018,8,1522.8400000000001,7
2018,9,1504.8799999999999,9
2018,10,1809.96,3
2018,1,1552.5400000000002,9
2018,2,1808.86,4
2018,3,1595.3999999999999,8
2018,4,1768.94,5
2018,5,1883.6599999999999,1
2018,6,1669.46,7
2018,7,1547.3800000000003,10
2018,8,1860.6,2
2018,9,1707.8000000000002,6
2018,10,1812.56,3
2018,1,1978.3000000000002,3
2018,2,2133.4,1
2018,3,1534.88,7
2018,4,1999.3199999999997,2
2018,5,1575.98,6
2018,6,1815.42,4
2018,7,1481.16,9
2018,8,1802.5599999999997,5
2018,9,1498.1200000000001,8
2018,10,1380.9199999999998,10
2018,1,1806.62,3
2018,2,1906.06,1
2018,3,1745.52,5
2018,4,1445.24,10
2018,5,1716.92,6
2018,6,1548.08,9
2018,7,1683.76,7
2018,8,1568.12,8
2018,9,1810.3799999999999,2
2018,10,1753.3,4
2018,1,1811.46,5
2018,2,2026.6,1
2018,3,1457.78,10
2018,4,1974.88,2
2018,5,1895.3999999999999,3
2018,6,1540.58,9
2018,7,1574.1999999999998,7
2018,8,1842.12,4
2018,9,1561.12,8
2018,10,1637.34,6
2018,1,1660.4400000000003,7
2018,2,1560.04,9
2018,3,1809.1599999999999,3
2018,4,1865.22,2
2018,5,1399.16,10
2018,6,1744.68,5
2018,7,1572.16,8
2018,8,1699.6,6
2018,9,2031.6,1
2018,10,1792.6000000000001,4
2018,1,1709.48,5
2018,2,1660.52,7
2018,3,1820.3200000000002,3
2018,4,1951.5800000000002,1
2018,5,1720.1000000000001,4
2018,6,1706.1,6
2018,7,1660.4,8
2018,8,1505.5,10
2018,9,1564.7800000000002,9
2018,10,1836.6399999999999,2
2018,1,1842.22,3
2018,2,1547.1799999999998,10
2018,3,1864.32,2
2018,4,1602.2200000000003,7
2018,5,1824.1000000000001,4
2018,6,1677.7200000000003,5
2018,7,1577.7800000000002,9
2018,8,1587.62,8
2018,9,1649.32,6
2018,10,2003.6599999999999,1
2018,1,1714.1599999999999,7
2018,2,1900.5200000000002,2
2018,3,1401.82,10
2018,4,1737.2199999999998,5
2018,5,1722.56,6
2018,6,1627.7800000000002,8
2018,7,1834.6399999999999,3
2018,8,1565.38,9
2018,9,1796.06,4
2018,10,2021.3200000000002,1
2018,1,1364.52,10
2018,2,1578.32,7
2018,3,1440.1600000000003,9
2018,4,1958.6600000000003,2
2018,5,1828.76,3
2018,6,1610.6599999999999,6
2018,7,1826.38,4
2018,8,2020.2199999999998,1
2018,9,1816.32,5
2018,10,1516.2,8
2018,1,1532.3600000000001,8
2018,2,2005.1000000000001,2
2018,3,1380.24,10
2018,4,1818.8000000000002,3
2018,5,1595.6999999999998,6
2018,6,2072.76,1
2018,7,1675.1599999999999,5
2018,8,1438.66,9
2018,9,1807.54,4
2018,10,1536.4,7
2018,1,2031.56,1
2018,2,1579.1799999999998,8
2018,3,1822.2600000000002,4
2018,4,1329.42,9
2018,5,1907.96,2
2018,6,1838.5,3
2018,7,1744.52,6
2018,8,1624.54,7
2018,9,1328.8,10
2018,10,1790.2399999999998,5
2018,1,1833.6,3
2018,2,1550.12,9
2018,3,1815.2600000000002,4
2018,4,1591.6400000000003,8
2018,5,1374.4799999999998,10
2018,6,1608.66,7
2018,7,1651.7199999999998,6
2018,8,1706.62,5
2018,9,1903.4,1
2018,10,1883.2200000000003,2
2018,1,1809.82,3
2018,2,1877.12,2
2018,3,1282.8200000000002,10
2018,4,1805.02,4
2018,5,1544.5800000000002,9
2018,6,1647.7199999999998,7
2018,7,1741.92,5
2018,8,1720.9,6
2018,9,1642.08,8
2018,10,1985.1,1
2018,1,1923.62,2
2018,2,1862.58,3
2018,3,1976.5200000000002,1
2018,4,1649.6,8
2018,5,1698.46,6
2018,6,1421.1999999999998,9
2018,7,1837.5200000000002,4
2018,8,1384.88,10
2018,9,1709.74,5
2018,10,1665.1599999999999,7
2018,1,1539.9,9
2018,2,1785.8600000000001,5
2018,3,1424.22,10
2018,4,2011.9,1
2018,5,1882.3,3
2018,6,1793.68,4
2018,7,1543.02,8
2018,8,1931.3799999999999,2
2018,9,1700.2599999999998,7
2018,10,1713.9199999999998,6
2018,1,1671.4999999999998,8
2018,2,1782.2,5
2018,3,1653.16,9
2018,4,1815.28,2
2018,5,1776.4,6
2018,6,1791.12,4
2018,7,1809.96,3
2018,8,1579.48,10
2018,9,1737.5,7
2018,10,1910.4800000000002,1
2018,1,1535.44,10
2018,2,1670.92,8
2018,3,1749.72,4
2018,4,1576.3200000000002,9
2018,5,1740.9,5
2018,6,1686.58,7
2018,7,1910.92,2
2018,8,1836.9,3
2018,9,1690.62,6
2018,10,2009.1999999999998,1
2018,1,1684.26,7
2018,2,1897.0199999999998,3
2018,3,1976.5,1
2018,4,1707.22,5
2018,5,1685.8400000000001,6
2018,6,1602.8,9
2018,7,1415.1200000000001,10
2018,8,1956.6399999999999,2
2018,9,1604.0800000000002,8
2018,10,1889.8799999999999,4
2018,1,1517.32,8
2018,2,1972.92,2
2018,3,1417.34,10
2018,4,1841.6000000000001,4
2018,5,1704.6599999999999,5
2018,6,1620.98,7
2018,7,1922.04,3
2018,8,1472.1,9
2018,9,2084.3199999999997,1
2018,10,1696.2200000000003,6
2018,1,1637.58,6
2018,2,1653.52,4
2018,3,1459.24,10
2018,4,2223.58,1
2018,5,2176.56,2
2018,6,1651.2200000000003,5
2018,7,1624.48,7
2018,8,1526.16,8
2018,9,1503.6399999999999,9
2018,10,1819.68,3
2018,1,1495.0199999999998,10
2018,2,2098.96,1
2018,3,1676.06,7
2018,4,1621.56,9
2018,5,1665.4,8
2018,6,1712.3999999999999,4
2018,7,1687.6200000000001,5
2018,8,2069.2,2
2018,9,1685.1200000000001,6
2018,10,1804.88,3
2018,1,1839.2600000000002,4
2018,2,2085.76,1
2018,3,1515.48,9
2018,4,1613.0400000000002,7
2018,5,1399.3999999999999,10
2018,6,1915.62,2
2018,7,1867.5200000000002,3
2018,8,1689.26,5
2018,9,1579.2800000000002,8
2018,10,1641.2999999999997,6
2018,1,1740.98,5
2018,2,1508.42,10
2018,3,1883.4,3
2018,4,1670.34,7
2018,5,1596.28,9
2018,6,1714.6,6
2018,7,1659.8600000000001,8
2018,8,1962.08,1
2018,9,1949.72,2
2018,10,1764.02,4
2018,1,1981.3600000000001,1
2018,2,1397.0600000000002,10
2018,3,1870.2599999999998,3
2018,4,1698.2199999999998,7
2018,5,1865.6,4
2018,6,1933.8799999999999,2
2018,7,1834.12,5
2018,8,1705.1200000000003,6
2018,9,1623.56,9
2018,10,1640.76,8
2018,1,1674.7199999999998,9
2018,2,1691.4,8
2018,3,1721.98,7
2018,4,1572.6200000000001,10
2018,5,1939.88,1
2018,6,1759.18,5
2018,7,1890.6399999999999,2
2018,8,1832.9599999999998,4
2018,9,1747.1,6
2018,10,1859.08,3
2018,1,1721.44,5
2018,2,1906.4599999999998,2
2018,3,1328.38,10
2018,4,1666.88,7
2018,5,1522.8000000000002,9
2018,6,1779.96,3
2018,7,1679.8999999999999,6
2018,8,1570.3400000000001,8
2018,9,1726.56,4
2018,10,2111.1,1
2018,1,1892.08,2
2018,2,1696.88,7
2018,3,1765.92,6
2018,4,1861.88,3
2018,5,1963.16,1
2018,6,1556.38,9
2018,7,1652.52,8
2018,8,1370.3399999999997,10
2018,9,1780.9999999999998,5
2018,10,1796.7999999999997,4
2018,1,1542.08,8
2018,2,1784.2799999999997,4
2018,3,1768.7,5
2018,4,1789.4999999999998,3
2018,5,1702.98,7
2018,6,2071.5600000000004,1
2018,7,1479.46,10
2018,8,2007.3600000000001,2
2018,9,1511.3,9
2018,10,1715.46,6
2018,1,1314.5,10
2018,2,2181.5600000000004,1
2018,3,1684.7599999999998,6
2018,4,1715.6999999999998,4
2018,5,1754.68,3
2018,6,1571.6999999999998,8
2018,7,1395.42,9
2018,8,1705.3200000000002,5
2018,9,2148.46,2
2018,10,1606.3999999999999,7
2018,1,2044.2199999999998,2
2018,2,1630.1799999999998,7
2018,3,1066.8400000000001,10
2018,4,1497.32,9
2018,5,1941.52,4
2018,6,1722.58,6
2018,7,1986.36,3
2018,8,1835.68,5
2018,9,2048.02,1
2018,10,1498.82,8
2018,1,1986.6799999999998,1
2018,2,1949.5,2
2018,3,1612.04,8
2018,4,1818.52,4
2018,5,1593.96,9
2018,6,1536.8000000000004,10
2018,7,1730.02,5
2018,8,1629.12,7
2018,9,1646.72,6
2018,10,1854.4999999999998,3
2018,1,1618.42,6
2018,2,1631.48,5
2018,3,1878.0,2
2018,4,1853.3,3
2018,5,1890.92,1
2018,6,1544.18,9
2018,7,1537.96,10
2018,8,1762.4,4
2018,9,1581.2200000000003,7
2018,10,1557.38,8
2018,1,2216.12,1
2018,2,1652.36,7
2018,3,1715.3,4
2018,4,1439.56,9
2018,5,1383.9600000000003,10
2018,6,1635.7000000000003,8
2018,7,1668.94,5
2018,8,2085.3,2
2018,9,1915.1200000000001,3
2018,10,1657.02,6
2018,1,1998.5600000000002,1
2018,2,1578.4199999999998,8
2018,3,1885.6799999999998,3
2018,4,1599.8600000000001,7
2018,5,1755.8600000000001,5
2018,6,1835.2800000000002,4
2018,7,1564.2200000000003,9
2018,8,1654.2799999999997,6
2018,9,1937.28,2
2018,10,1556.54,10
2018,1,1733.3,6
2018,2,1575.5,9
2018,3,1721.8800000000003,7
2018,4,1593.08,8
2018,5,1858.58,3
2018,6,1899.8400000000001,2
2018,7,2009.48,1
2018,8,1767.12,4
2018,9,1737.04,5
2018,10,1498.2199999999998,10
2018,1,1319.7600000000002,10
2018,2,2057.06,1
2018,3,1901.8200000000002,3
2018,4,1778.22,4
2018,5,1974.8000000000002,2
2018,6,1497.8199999999997,9
2018,7,1704.4399999999998,6
2018,8,1600.7800000000002,7
2018,9,1587.4399999999998,8
2018,10,1771.54,5
2018,1,1873.58,2
2018,2,1850.9599999999998,3
2018,3,1902.44,1
2018,4,1666.16,6
2018,5,1660.2800000000002,8
2018,6,1719.12,5
2018,7,1478.34,9
2018,8,1663.3600000000001,7
2018,9,1426.26,10
2018,10,1846.52,4
2018,1,2321.36,1
2018,2,1677.96,5
2018,3,1888.52,3
2018,4,1633.58,7
2018,5,1740.74,4
2018,6,2008.3000000000002,2
2018,7,1499.82,9
2018,8,1667.4199999999998,6
2018,9,1449.1799999999998,10
2018,10,1541.4599999999998,8
2018,1,1889.9799999999998,1
2018,2,1739.02,6
2018,3,1768.5,4
2018,4,1830.6000000000001,2
2018,5,1621.86,9
2018,6,1720.12,8
2018,7,1788.52,3
2018,8,1753.62,5
2018,9,1540.76,10
2018,10,1731.82,7
2018,1,1773.5200000000002,4
2018,2,1921.6,2
2018,3,1622.1200000000001,6
2018,4,1720.1200000000001,5
2018,5,2167.96,1
2018,6,1467.48,10
2018,7,1516.0,9
2018,8,1536.6,8
2018,9,1581.62,7
2018,10,1862.88,3
2018,1,1421.58,10
2018,2,1854.52,4
2018,3,1935.32,3
2018,4,1598.56,9
2018,5,2024.56,2
2018,6,1680.22,7
2018,7,2037.96,1
2018,8,1681.2,6
2018,9,1695.92,5
2018,10,1653.6000000000001,8
2018,1,1825.06,4
2018,2,1639.7400000000002,8
2018,3,1533.48,9
2018,4,1419.4199999999998,10
2018,5,1760.3199999999997,5
2018,6,1896.7000000000003,2
2018,7,1900.46,1
2018,8,1667.1399999999999,6
2018,9,1647.6799999999998,7
2018,10,1871.3,3
2018,1,1553.6399999999999,9
2018,2,1543.3,10
2018,3,1777.1799999999998,4
2018,4,1569.4,8
2018,5,1761.9399999999998,5
2018,6,1882.82,1
2018,7,1574.3200000000002,7
2018,8,1837.08,2
2018,9,1785.04,3
2018,10,1685.02,6
2018,1,1698.7600000000002,9
2018,2,1840.3799999999999,2
2018,3,1723.0,8
2018,4,1539.7,10
2018,5,2025.9999999999998,1
2018,6,1794.5200000000002,5
2018,7,1729.52,7
2018,8,1821.7800000000002,3
2018,9,1797.64,4
2018,10,1791.3000000000002,6
2018,1,1752.3600000000001,6
2018,2,1784.0800000000002,5
2018,3,1687.2799999999997,7
2018,4,1925.3600000000001,2
2018,5,1519.76,8
2018,6,1463.2800000000002,9
2018,7,1902.02,3
2018,8,1337.78,10
2018,9,1947.02,1
2018,10,1866.76,4
2018,1,1786.0800000000002,4
2018,2,1761.6,5
2018,3,1289.38,10
2018,4,1608.04,8
2018,5,1814.82,3
2018,6,1929.8,2
2018,7,1698.6,6
2018,8,2373.46,1
2018,9,1470.68,9
2018,10,1634.4,7
2018,1,1876.0600000000002,3
2018,2,2175.06,1
2018,3,1974.42,2
2018,4,1859.8200000000002,4
2018,5,1652.3200000000002,7
2018,6,1704.0599999999997,6
2018,7,1412.1599999999999,9
2018,8,1327.0,10
2018,9,1821.5200000000002,5
2018,10,1574.38,8
2018,1,1574.12,7
2018,2,1391.34,10
2018,3,1643.16,5
2018,4,1819.1999999999998,3
2018,5,1956.1400000000003,2
2018,6,1764.2799999999997,4
2018,7,1639.7400000000002,6
2018,8,2056.12,1
2018,9,1536.4199999999998,8
2018,10,1431.1,9
2018,1,1467.6599999999999,10
2018,2,1567.9799999999998,8
2018,3,1779.7199999999998,5
2018,4,1548.78,9
2018,5,1639.2600000000002,6
2018,6,1789.7400000000002,4
2018,7,1864.3200000000002,2
2018,8,1808.8,3
2018,9,1906.42,1
2018,10,1627.8200000000002,7
2018,1,2028.58,1
2018,2,1828.26,4
2018,3,1836.02,3
2018,4,1691.3,7
2018,5,1502.4,9
2018,6,1673.2,8
2018,7,1730.22,6
2018,8,1419.46,10
2018,9,1813.8000000000002,5
2018,10,1994.62,2
2018,1,1777.48,5
2018,2,1803.52,4
2018,3,1508.62,10
2018,4,1915.12,1
2018,5,1688.5,6
2018,6,1616.4799999999998,7
2018,7,1844.6399999999999,2
2018,8,1829.1000000000001,3
2018,9,1510.3,9
2018,10,1603.46,8
2018,1,1835.9,3
2018,2,1744.64,5
2018,3,1726.1200000000001,6
2018,4,1634.36,8
2018,5,1697.76,7
2018,6,2024.48,1
2018,7,1904.46,2
2018,8,1468.54,9
2018,9,1835.72,4
2018,10,1395.8200000000002,10
2018,1,1993.7399999999998,2
2018,2,1836.1599999999999,4
2018,3,1567.88,7
2018,4,1904.1399999999999,3
2018,5,1306.92,10
2018,6,1623.1,6
2018,7,1417.72,9
2018,8,1556.3600000000001,8
2018,9,1823.66,5
2018,10,2019.68,1
2018,1,1944.26,1
2018,2,1584.2199999999998,10
2018,3,1686.3799999999999,8
2018,4,1732.96,7
2018,5,1760.1,5
2018,6,1622.9600000000003,9
2018,7,1769.04,4
2018,8,1743.66,6
2018,9,1826.42,3
2018,10,1872.3200000000002,2
2018,1,1681.52,7
2018,2,1954.8999999999999,1
2018,3,1263.3000000000002,10
2018,4,1695.42,6
2018,5,1634.0,8
2018,6,1918.8600000000001,3
2018,7,1739.3200000000002,5
2018,8,1924.0,2
2018,9,1868.68,4
2018,10,1630.3599999999997,9
2018,1,1962.1599999999999,1
2018,2,1765.68,6
2018,3,1846.6,3
2018,4,1855.32,2
2018,5,1844.0800000000002,4
2018,6,1651.02,7
2018,7,1808.2400000000002,5
2018,8,1590.86,8
2018,9,1445.4,10
2018,10,1536.94,9
2018,1,1563.2599999999998,7
2018,2,2088.26,1
2018,3,1401.9,10
2018,4,1909.66,3
2018,5,1565.32,6
2018,6,1520.6199999999997,8
2018,7,1892.48,4
2018,8,1437.54,9
2018,9,1838.92,5
2018,10,1912.7800000000002,2
2018,1,1672.8999999999999,5
2018,2,1523.84,7
2018,3,2026.0,2
2018,4,1511.5,8
2018,5,1471.34,10
2018,6,1813.6800000000003,3
2018,7,1621.86,6
2018,8,2068.2799999999997,1
2018,9,1503.6000000000004,9
2018,10,1698.64,4
2018,1,1854.28,4
2018,2,1805.42,5
2018,3,2014.0200000000002,2
2018,4,1492.32,7
2018,5,1727.16,6
2018,6,1431.2800000000002,9
2018,7,1895.96,3
2018,8,2066.8199999999997,1
2018,9,1163.1999999999998,10
2018,10,1457.6,8
2018,1,1776.52,3
2018,2,1655.88,8
2018,3,1748.3,4
2018,4,1646.88,9
2018,5,1814.58,2
2018,6,1739.8399999999997,5
2018,7,1710.12,7
2018,8,1570.3,10
2018,9,1929.42,1
2018,10,1719.16,6
2018,1,1799.2199999999998,3
2018,2,1437.7,10
2018,3,1748.7399999999998,4
2018,4,1680.12,6
2018,5,1605.86,8
2018,6,1606.4400000000003,7
2018,7,1588.1999999999998,9
2018,8,1692.3200000000002,5
2018,9,2002.6599999999999,1
2018,10,1847.5800000000002,2
2018,1,1826.44,3
2018,2,1805.38,4
2018,3,2071.24,1
2018,4,1609.7,7
2018,5,1724.8,6
2018,6,1803.6599999999999,5
2018,7,1421.1000000000001,10
2018,8,1449.2600000000002,9
2018,9,1538.22,8
2018,10,1885.1399999999999,2
2018,1,1819.98,4
2018,2,1611.2600000000002,6
2018,3,1891.62,3
2018,4,1539.7,7
2018,5,1764.04,5
2018,6,1955.8799999999999,2
2018,7,1496.18,9
2018,8,1485.72,10
2018,9,1526.5200000000002,8
2018,10,2112.1,1
2018,1,1643.88,7
2018,2,1820.7,5
2018,3,2110.08,1
2018,4,1903.7999999999997,3
2018,5,1470.44,9
2018,6,1973.42,2
2018,7,1820.86,4
2018,8,1580.2799999999997,8
2018,9,1714.82,6
2018,10,1428.6000000000001,10
2018,1,1431.12,10
2018,2,1612.56,7
2018,3,1855.58,2
2018,4,1542.66,9
2018,5,1602.18,8
2018,6,1752.1999999999998,4
2018,7,1697.2200000000003,6
2018,8,1773.2399999999998,3
2018,9,1881.46,1
2018,10,1743.96,5
2018,1,1570.04,8
2018,2,2093.52,1
2018,3,1640.0600000000004,7
2018,4,1903.0,2
2018,5,1805.1199999999997,3
2018,6,1688.3,6
2018,7,1693.7,5
2018,8,1770.8400000000001,4
2018,9,1506.92,9
2018,10,1407.1000000000001,10
2018,1,1427.3200000000002,10
2018,2,1601.3,8
2018,3,1653.74,7
2018,4,1832.48,3
2018,5,1682.2600000000002,6
2018,6,2025.4800000000002,1
2018,7,1493.48,9
2018,8,1696.3200000000002,5
2018,9,1815.8400000000001,4
2018,10,1890.8600000000001,2
2018,1,1509.42,8
2018,2,1498.5800000000002,9
2018,3,1804.4799999999998,5
2018,4,1961.7000000000003,1
2018,5,1951.56,2
2018,6,1789.2800000000002,6
2018,7,1404.62,10
2018,8,1820.4599999999998,4
2018,9,1831.6200000000001,3
2018,10,1729.12,7
2018,1,1531.12,8
2018,2,1975.6,2
2018,3,1758.2200000000003,6
2018,4,1784.7200000000003,5
2018,5,1879.18,4
2018,6,1962.7199999999998,3
2018,7,1314.2,10
2018,8,1723.6,7
2018,9,1434.82,9
2018,10,2070.04,1
2018,1,2005.76,1
2018,2,1704.1,5
2018,3,1988.1000000000001,2
2018,4,1594.1999999999998,8
2018,5,1471.3400000000001,10
2018,6,1806.1200000000003,4
2018,7,1583.0999999999997,9
2018,8,1956.3199999999997,3
2018,9,1648.12,7
2018,10,1657.98,6
2018,1,1574.4199999999998,10
2018,2,1829.3600000000001,3
2018,3,1705.8200000000002,6
2018,4,1740.02,5
2018,5,1754.56,4
2018,6,1861.1999999999998,2
2018,7,1662.78,7
2018,8,1597.9,9
2018,9,1607.98,8
2018,10,1906.04,1
2018,1,2120.58,1
2018,2,1652.48,5
2018,3,1535.1599999999999,10
2018,4,1599.1200000000001,7
2018,5,1750.52,4
2018,6,1547.2,9
2018,7,1898.4799999999998,3
2018,8,1614.2400000000002,6
2018,9,1553.3000000000002,8
2018,10,1971.42,2
2018,1,1771.08,5
2018,2,1730.56,6
2018,3,1427.02,8
2018,4,2028.4199999999998,3
2018,5,1724.52,7
2018,6,2065.02,1
2018,7,2028.8000000000002,2
2018,8,1169.4,10
2018,9,1308.42,9
2018,10,1858.52,4
2018,1,1393.42,10
2018,2,1576.26,7
2018,3,1759.86,5
2018,4,1760.7399999999998,4
2018,5,1477.28,9
2018,6,2016.02,1
2018,7,1495.52,8
2018,8,1924.3000000000002,2
2018,9,1669.1800000000003,6
2018,10,1807.1599999999999,3
2018,1,1704.8200000000002,6
2018,2,1704.2399999999998,7
2018,3,1672.06,8
2018,4,1784.88,3
2018,5,1491.44,10
2018,6,1852.58,2
2018,7,1751.2800000000002,4
2018,8,1610.7800000000002,9
2018,9,1978.9,1
2018,10,1718.6599999999999,5
2018,1,1802.6999999999998,4
2018,2,1369.92,10
2018,3,1686.4199999999998,6
2018,4,1952.5000000000002,3
2018,5,1564.1599999999999,8
2018,6,1735.8399999999997,5
2018,7,1588.3600000000001,7
2018,8,1549.02,9
2018,9,1984.3200000000002,2
2018,10,2004.3599999999997,1
2018,1,1647.7199999999998,7
2018,2,1815.66,3
2018,3,1620.2,8
2018,4,1404.8600000000001,10
2018,5,1735.68,6
2018,6,1452.52,9
2018,7,1992.2800000000002,2
2018,8,1759.6000000000001,5
2018,9,2040.1799999999998,1
2018,10,1798.8,4
2018,1,1686.6599999999999,5
2018,2,2021.4,2
2018,3,1918.18,4
2018,4,1546.2199999999998,7
2018,5,1939.2199999999998,3
2018,6,2109.02,1
2018,7,1331.1200000000001,10
2018,8,1386.34,9
2018,9,1580.8,6
2018,10,1467.14,8
2018,1,1768.2600000000002,5
2018,2,1435.3000000000002,10
2018,3,1985.54,1
2018,4,1751.1799999999998,6
2018,5,1932.88,3
2018,6,1966.84,2
2018,7,1525.3,8
2018,8,1461.5199999999998,9
2018,9,1743.72,7
2018,10,1915.8600000000001,4
2018,1,2063.38,1
2018,2,1595.8,6
2018,3,1495.7000000000003,9
2018,4,1572.26,7
2018,5,1476.8400000000001,10
2018,6,1934.56,3
2018,7,2051.58,2
2018,8,1871.92,4
2018,9,1555.2600000000002,8
2018,10,1803.5,5
2018,1,1689.02,7
2018,2,1439.88,9
2018,3,1508.7800000000002,8
2018,4,1717.46,6
2018,5,1946.58,1
2018,6,1354.9,10
2018,7,1826.46,4
2018,8,1793.96,5
2018,9,1884.02,3
2018,10,1909.02,2
2018,1,1882.2400000000002,2
2018,2,1519.92,10
2018,3,2036.2599999999998,1
2018,4,1698.52,6
2018,5,1683.74,7
2018,6,1614.92,9
2018,7,1709.06,5
2018,8,1673.68,8
2018,9,1730.9600000000003,4
2018,10,1843.3599999999997,3
2018,1,2002.16,2
2018,2,1582.02,7
2018,3,1799.22,5
2018,4,1555.08,8
2018,5,1529.1999999999998,9
2018,6,1836.4399999999998,3
2018,7,1817.46,4
2018,8,1601.6999999999998,6
2018,9,1142.48,10
2018,10,2163.5,1
2018,1,2013.3199999999997,2
2018,2,1891.96,3
2018,3,1337.04,10
2018,4,1671.3799999999999,6
2018,5,1553.48,8
2018,6,1494.6,9
2018,7,1638.48,7
2018,8,1704.6,5
2018,9,2170.92,1
2018,10,1793.8400000000001,4
2018,1,1910.2,1
2018,2,1834.56,4
2018,3,1896.46,2
2018,4,1789.5,6
2018,5,1831.94,5
2018,6,1838.0400000000002,3
2018,7,1710.2199999999998,7
2018,8,1657.88,9
2018,9,1682.7200000000003,8
2018,10,1084.06,10
2018,1,1830.0,3
2018,2,1698.8000000000002,6
2018,3,1635.42,8
2018,4,1846.1799999999998,2
2018,5,1918.7199999999998,1
2018,6,1458.12,10
2018,7,1476.2,9
2018,8,1783.8799999999999,5
2018,9,1820.44,4
2018,10,1647.46,7
2018,1,1480.3999999999999,9
2018,2,2002.3199999999997,1
2018,3,1993.92,2
2018,4,1648.84,7
2018,5,1839.5,4
2018,6,1861.72,3
2018,7,1344.2600000000002,10
2018,8,1782.3,5
2018,9,1515.4,8
2018,10,1663.8600000000001,6
2018,1,1661.3799999999999,6
2018,2,1821.4,4
2018,3,1643.72,7
2018,4,1844.3400000000001,3
2018,5,1460.78,10
2018,6,2030.0,2
2018,7,2090.6600000000003,1
2018,8,1464.96,9
2018,9,1707.54,5
2018,10,1472.92,8
2018,1,1644.1999999999998,7
2018,2,1620.7599999999998,8
2018,3,1537.4,9
2018,4,1903.0,2
2018,5,2062.02,1
2018,6,1711.46,5
2018,7,1695.42,6
2018,8,1485.7800000000002,10
2018,9,1871.96,3
2018,10,1720.72,4
2018,1,1742.0600000000002,5
2018,2,1480.2599999999998,9
2018,3,1635.32,6
2018,4,1883.8399999999997,4
2018,5,1483.8799999999997,8
2018,6,2016.8600000000001,2
2018,7,2181.32,1
2018,8,1977.7,3
2018,9,1374.52,10
2018,10,1522.3799999999999,7
2018,1,1450.1800000000003,9
2018,2,1863.7000000000003,2
2018,3,1376.74,10
2018,4,1617.42,8
2018,5,1927.92,1
2018,6,1812.54,3
2018,7,1788.0,5
2018,8,1791.4,4
2018,9,1709.2,6
2018,10,1706.5600000000002,7
2018,1,2028.02,1
2018,2,1637.48,8
2018,3,1936.42,2
2018,4,1406.2,9
2018,5,1892.6999999999998,5
2018,6,1813.7999999999997,6
2018,7,1385.0200000000002,10
2018,8,1921.54,3
2018,9,1909.12,4
2018,10,1686.36,7
2018,1,1906.7199999999998,2
2018,2,2067.18,1
2018,3,1562.52,9
2018,4,1796.92,3
2018,5,1580.0,8
2018,6,1628.2599999999998,7
2018,7,1775.1000000000001,4
2018,8,1478.72,10
2018,9,1741.1,5
2018,10,1651.6600000000003,6
2018,1,1865.8000000000002,1
2018,2,1748.8600000000001,5
2018,3,1526.3600000000001,9
2018,4,1640.98,8
2018,5,1769.5600000000002,4
2018,6,1719.72,6
2018,7,1813.56,2
2018,8,1422.4199999999998,10
2018,9,1678.7600000000002,7
2018,10,1782.3599999999997,3
2018,1,1588.56,9
2018,2,1784.8799999999999,4
2018,3,1968.3600000000001,2
2018,4,1780.6200000000001,5
2018,5,2061.08,1
2018,6,1624.1200000000003,8
2018,7,1822.5,3
2018,8,1651.0,6
2018,9,1642.82,7
2018,10,1156.7600000000002,10
2018,1,1921.78,1
2018,2,1848.3000000000002,2
2018,3,1835.78,3
2018,4,1591.42,7
2018,5,1450.4,9
2018,6,1502.3600000000001,8
2018,7,1815.8799999999999,4
2018,8,1723.3600000000001,5
2018,9,1351.3600000000001,10
2018,10,1644.1399999999999,6
2018,1,1410.02,10
2018,2,1847.4200000000003,3
2018,3,2124.5599999999995,1
2018,4,1711.4599999999998,5
2018,5,1622.3999999999999,6
2018,6,1788.2200000000003,4
2018,7,1590.04,7
2018,8,1468.0,9
2018,9,1486.98,8
2018,10,1973.2,2
2018,1,1645.78,6
2018,2,1590.6000000000001,8
2018,3,2078.4,2
2018,4,1573.8200000000002,9
2018,5,1894.6,3
2018,6,1618.76,7
2018,7,2267.44,1
2018,8,1235.52,10
2018,9,1708.6200000000001,5
2018,10,1814.74,4
2018,1,1887.5800000000002,4
2018,2,1889.16,3
2018,3,1720.78,5
2018,4,1906.42,2
2018,5,1949.14,1
2018,6,1428.8600000000001,9
2018,7,1463.9599999999998,8
2018,8,1709.5,6
2018,9,1708.78,7
2018,10,1427.7199999999998,10
2018,1,1826.66,3
2018,2,1911.1599999999999,2
2018,3,1461.52,10
2018,4,1720.2399999999998,6
2018,5,1705.96,7
2018,6,1622.74,8
2018,7,1759.76,5
2018,8,1794.42,4
2018,9,1950.5,1
2018,10,1499.46,9
2018,1,1661.58,8
2018,2,1884.38,2
2018,3,1670.14,6
2018,4,1814.76,4
2018,5,1868.58,3
2018,6,1709.96,5
2018,7,1935.0,1
2018,8,1576.7399999999998,9
2018,9,1663.72,7
2018,10,1507.1799999999998,10
2018,1,1557.94,9
2018,2,1589.8200000000002,8
2018,3,1999.4999999999998,3
2018,4,1791.7000000000003,5
2018,5,2063.42,1
2018,6,1276.82,10
2018,7,2024.2600000000002,2
2018,8,1824.1399999999999,4
2018,9,1609.9599999999998,7
2018,10,1640.7,6
2018,1,1775.7199999999998,5
2018,2,1762.32,6
2018,3,2164.32,1
2018,4,1608.3600000000001,7
2018,5,1934.62,2
2018,6,1806.96,4
2018,7,1513.64,9
2018,8,1476.5400000000002,10
2018,9,1548.48,8
2018,10,1837.92,3
2018,1,1773.56,3
2018,2,1566.7199999999998,8
2018,3,1696.42,7
2018,4,1972.2199999999998,1
2018,5,1765.1800000000003,5
2018,6,1768.4200000000003,4
2018,7,1482.8000000000002,9
2018,8,1751.8,6
2018,9,1408.72,10
2018,10,1793.7199999999998,2
2018,1,1765.12,4
2018,2,1563.04,8
2018,3,1334.9,10
2018,4,2037.2600000000002,2
2018,5,1756.88,6
2018,6,1626.56,7
2018,7,1759.8000000000002,5
2018,8,1410.6200000000001,9
2018,9,1885.9999999999998,3
2018,10,2200.2200000000003,1
2018,1,1736.64,6
2018,2,1619.92,8
2018,3,1742.02,5
2018,4,1911.9,1
2018,5,1533.02,9
2018,6,1504.7800000000002,10
2018,7,1642.3799999999999,7
2018,8,1822.46,4
2018,9,1901.6200000000001,2
2018,10,1843.3600000000001,3
2018,1,2083.46,2
2018,2,1555.66,7
2018,3,1624.98,6
2018,4,1440.2200000000003,9
2018,5,1721.0,5
2018,6,1950.88,3
2018,7,1502.8400000000001,8
2018,8,1748.22,4
2018,9,2091.46,1
2018,10,1240.7200000000003,10
2018,1,1554.3999999999999,9
2018,2,1566.08,7
2018,3,1623.86,6
2018,4,1562.2399999999998,8
2018,5,1537.38,10
2018,6,1711.42,5
2018,7,1770.42,4
2018,8,1831.6000000000001,3
2018,9,1974.3200000000002,1
2018,10,1930.8000000000002,2
2018,1,1895.7,3
2018,2,1669.3600000000001,5
2018,3,1704.1000000000001,4
2018,4,1984.42,1
2018,5,1663.1599999999999,6
2018,6,1241.54,10
2018,7,1536.8600000000001,9
2018,8,1652.8400000000001,7
2018,9,1545.26,8
2018,10,1907.06,2
2018,1,2008.1,3
2018,2,1766.7200000000003,4
2018,3,1616.1,6
2018,4,1646.3200000000002,5
2018,5,1557.6599999999999,8
2018,6,2105.46,1
2018,7,1599.9199999999996,7
2018,8,1556.42,9
2018,9,1366.8000000000002,10
2018,10,2080.18,2
2018,1,1649.12,7
2018,2,1977.52,2
2018,3,1455.1,9
2018,4,1456.4,8
2018,5,1751.88,4
2018,6,1785.76,3
2018,7,2021.98,1
2018,8,1668.24,5
2018,9,1393.4999999999998,10
2018,10,1659.8000000000002,6
2018,1,1823.0,5
2018,2,1222.78,10
2018,3,1649.92,8
2018,4,1954.88,1
2018,5,1845.96,4
2018,6,1671.92,7
2018,7,1849.2600000000002,3
2018,8,1645.2200000000003,9
2018,9,1875.7599999999998,2
2018,10,1818.5199999999998,6
2019,1,1620.92,7
2019,2,2226.38,1
2019,3,1649.7199999999998,6
2019,4,1868.44,3
2019,5,1565.52,9
2019,6,1663.8799999999999,5
2019,7,1722.58,4
2019,8,1271.28,10
2019,9,1951.14,2
2019,10,1598.84,8
2019,1,1648.8599999999997,6
2019,2,1742.56,3
2019,3,1861.58,2
2019,4,1649.16,5
2019,5,2135.64,1
2019,6,1641.6,7
2019,7,1592.64,9
2019,8,1703.6000000000004,4
2019,9,1538.76,10
2019,10,1609.74,8
2019,1,1815.0,4
2019,2,1460.38,10
2019,3,1514.7,8
2019,4,1922.32,2
2019,5,1762.6800000000003,6
2019,6,1823.84,3
2019,7,1571.08,7
2019,8,1484.0,9
2019,9,2002.16,1
2019,10,1787.4799999999998,5
2019,1,2097.88,1
2019,2,1928.2600000000002,2
2019,3,1877.4,4
2019,4,1646.38,8
2019,5,1718.58,7
2019,6,1414.8400000000001,9
2019,7,1859.9599999999998,5
2019,8,1774.36,6
2019,9,1892.6799999999998,3
2019,10,1389.78,10
2019,1,1877.7199999999998,3
2019,2,1524.6599999999999,8
2019,3,1606.52,7
2019,4,1519.94,9
2019,5,1704.8,6
2019,6,1827.8,4
2019,7,1910.48,2
2019,8,1311.8,10
2019,9,1803.1,5
2019,10,1912.6000000000001,1
2019,1,1706.96,6
2019,2,1686.56,7
2019,3,1963.92,2
2019,4,2112.92,1
2019,5,1540.4,9
2019,6,1771.2800000000002,4
2019,7,1739.2399999999998,5
2019,8,1573.34,8
2019,9,1226.3999999999999,10
2019,10,1815.3799999999999,3
2019,1,1754.68,5
2019,2,1558.7,9
2019,3,1857.3000000000002,4
2019,4,2135.58,1
2019,5,1912.1,2
2019,6,1422.06,10
2019,7,1860.28,3
2019,8,1725.0,6
2019,9,1585.94,7
2019,10,1584.2799999999997,8
2019,1,1897.5800000000002,3
2019,2,1698.62,7
2019,3,1541.84,10
2019,4,1684.02,8
2019,5,1760.6799999999998,5
2019,6,1732.36,6
2019,7,1762.16,4
2019,8,1542.62,9
2019,9,1928.6800000000003,2
2019,10,2009.98,1
2019,1,1642.48,8
2019,2,1644.24,7
2019,3,1834.6,3
2019,4,1552.1399999999999,9
2019,5,1816.48,4
2019,6,1723.0,6
2019,7,1544.18,10
2019,8,1937.88,1
2019,9,1771.92,5
2019,10,1843.8799999999999,2
2019,1,1837.38,4
2019,2,1734.08,5
2019,3,2082.0,1
2019,4,1880.8600000000001,3
2019,5,1891.06,2
2019,6,1679.2400000000002,6
2019,7,1577.3999999999999,8
2019,8,1424.66,10
2019,9,1534.2199999999998,9
2019,10,1646.26,7
2019,1,1771.08,3
2019,2,1358.52,9
2019,3,1987.72,1
2019,4,1445.86,8
2019,5,1984.88,2
2019,6,1729.54,6
2019,7,1276.76,10
2019,8,1764.9,5
2019,9,1713.52,7
2019,10,1769.0,4
2019,1,1798.48,2
2019,2,2017.26,1
2019,3,1712.6200000000001,4
2019,4,1700.3799999999999,5
2019,5,1581.56,9
2019,6,1539.1000000000001,10
2019,7,1663.18,8
2019,8,1682.8400000000001,7
2019,9,1767.8400000000001,3
2019,10,1697.1399999999999,6
2019,1,1855.3,3
2019,2,1867.32,2
2019,3,1670.9199999999998,7
2019,4,1881.06,1
2019,5,1852.8799999999997,4
2019,6,1703.2400000000002,5
2019,7,1601.42,8
2019,8,1556.12,9
2019,9,1506.7399999999998,10
2019,10,1701.3200000000002,6
2019,1,1535.38,10
2019,2,1773.4,4
2019,3,1720.6,5
2019,4,1936.7,1
2019,5,1620.4,7
2019,6,1539.38,9
2019,7,1584.5800000000002,8
2019,8,1829.54,3
2019,9,1697.6200000000001,6
2019,10,1851.5,2
2019,1,1682.38,5
2019,2,2004.4,2
2019,3,1650.2799999999997,8
2019,4,1620.48,9
2019,5,1689.5200000000002,4
2019,6,1668.38,6
2019,7,1852.1,3
2019,8,1534.4,10
2019,9,2047.02,1
2019,10,1662.8,7
2019,1,1694.4,7
2019,2,1793.8799999999999,4
2019,3,1441.92,10
2019,4,1669.58,9
2019,5,1705.12,6
2019,6,1669.76,8
2019,7,1946.1599999999999,1
2019,8,1834.04,3
2019,9,1871.3799999999999,2
2019,10,1709.8000000000002,5
2019,1,1844.7,3
2019,2,1136.7,10
2019,3,1831.1399999999999,4
2019,4,1748.6599999999999,5
2019,5,1498.96,9
2019,6,2011.3,2
2019,7,1669.4800000000002,6
2019,8,2027.28,1
2019,9,1545.82,8
2019,10,1588.06,7
2019,1,1733.92,7
2019,2,1739.48,6
2019,3,1874.3400000000001,5
2019,4,1665.8999999999999,8
2019,5,1895.3,3
2019,6,1628.8000000000002,9
2019,7,1446.48,10
2019,8,1953.14,1
2019,9,1878.7799999999997,4
2019,10,1920.52,2
2019,1,1619.5,8
2019,2,1857.6999999999998,2
2019,3,1561.2600000000002,9
2019,4,1819.38,3
2019,5,1725.62,6
2019,6,1868.66,1
2019,7,1670.14,7
2019,8,1778.1799999999998,4
2019,9,1739.3199999999997,5
2019,10,1415.38,10
2019,1,1669.8,8
2019,2,1687.86,7
2019,3,1690.54,6
2019,4,1916.94,1
2019,5,1727.6,4
2019,6,1697.8,5
2019,7,1782.48,3
2019,8,1876.6799999999998,2
2019,9,1650.3000000000002,9
2019,10,1502.08,10
2019,1,1518.2600000000002,10
2019,2,1758.0,5
2019,3,1650.62,6
2019,4,1982.46,1
2019,5,1760.8,4
2019,6,1621.98,8
2019,7,1600.3200000000002,9
2019,8,1801.92,3
2019,9,1649.6000000000004,7
2019,10,1960.3799999999999,2
2019,1,1889.0600000000002,2
2019,2,1609.68,8
2019,3,1519.3000000000002,10
2019,4,1657.2999999999997,6
2019,5,1892.78,1
2019,6,1565.52,9
2019,7,1747.72,5
2019,8,1872.8000000000002,3
2019,9,1651.3400000000001,7
2019,10,1784.2800000000002,4
2019,1,1965.1,2
2019,2,1559.6,9
2019,3,1616.1399999999999,8
2019,4,1735.1999999999998,4
2019,5,1785.62,3
2019,6,1624.3000000000002,7
2019,7,1724.3400000000001,5
2019,8,1697.1800000000003,6
2019,9,1187.8,10
2019,10,1996.38,1
2019,1,2081.12,1
2019,2,1358.22,10
2019,3,1931.26,2
2019,4,1688.7199999999998,6
2019,5,1845.04,5
2019,6,1927.6,3
2019,7,1612.7800000000002,8
2019,8,1526.3400000000001,9
2019,9,1663.46,7
2019,10,1845.58,4
2019,1,1706.06,5
2019,2,2085.18,1
2019,3,1381.3200000000002,10
2019,4,1429.7000000000003,9
2019,5,1893.0800000000002,2
2019,6,1645.46,7
2019,7,1809.06,3
2019,8,1736.1999999999998,4
2019,9,1674.04,6
2019,10,1484.5,8
2019,1,1727.52,6
2019,2,2019.62,1
2019,3,1537.18,8
2019,4,1839.48,4
2019,5,1825.88,5
2019,6,1988.54,2
2019,7,1369.3999999999999,9
2019,8,1699.14,7
2019,9,1875.08,3
2019,10,1189.9,10
2019,1,1466.2400000000002,8
2019,2,1951.38,2
2019,3,1603.9599999999998,7
2019,4,1455.1200000000001,9
2019,5,1313.98,10
2019,6,1665.3200000000002,6
2019,7,1987.8200000000002,1
2019,8,1889.3,4
2019,9,1770.78,5
2019,10,1916.6,3
2019,1,1726.9199999999998,4
2019,2,1507.16,10
2019,3,1577.88,7
2019,4,1791.6799999999998,3
2019,5,1662.02,6
2019,6,1523.6000000000001,9
2019,7,1673.44,5
2019,8,1917.98,2
2019,9,2014.74,1
2019,10,1574.8600000000001,8
2019,1,1676.2199999999998,6
2019,2,1502.6399999999999,9
2019,3,1613.88,7
2019,4,1548.6999999999998,8
2019,5,1811.42,3
2019,6,1835.8200000000002,2
2019,7,1377.9,10
2019,8,2118.8199999999997,1
2019,9,1798.48,4
2019,10,1732.3200000000002,5
2019,1,1986.9599999999998,1
2019,2,1675.08,7
2019,3,1736.7600000000002,6
2019,4,1759.5199999999998,5
2019,5,1826.6999999999998,2
2019,6,1430.8000000000002,10
2019,7,1782.8799999999999,3
2019,8,1671.1999999999998,8
2019,9,1781.1600000000003,4
2019,10,1507.3799999999999,9
2019,1,1839.58,3
2019,2,1823.18,4
2019,3,1764.6599999999999,6
2019,4,1544.94,10
2019,5,1943.26,1
2019,6,1722.7,7
2019,7,1558.06,9
2019,8,1789.7399999999998,5
2019,9,1647.18,8
2019,10,1897.06,2
2019,1,1868.52,3
2019,2,1836.0800000000002,4
2019,3,1782.48,5
2019,4,1751.4,6
2019,5,2055.5,1
2019,6,1459.2,9
2019,7,1315.8400000000001,10
2019,8,1954.68,2
2019,9,1588.46,8
2019,10,1618.58,7
2019,1,1742.8,5
2019,2,1557.8400000000001,9
2019,3,1568.9,8
2019,4,1762.7,4
2019,5,1634.94,7
2019,6,2113.8799999999997,1
2019,7,1147.5,10
2019,8,1698.4199999999998,6
2019,9,1781.04,3
2019,10,1871.14,2
2019,1,1606.44,7
2019,2,1684.8600000000001,4
2019,3,1503.56,9
2019,4,1516.1,8
2019,5,1887.7600000000002,3
2019,6,1671.8200000000002,6
2019,7,2087.64,1
2019,8,2035.5800000000002,2
2019,9,1476.78,10
2019,10,1679.6,5
2019,1,1559.46,7
2019,2,1556.7600000000002,8
2019,3,1553.3799999999999,9
2019,4,1977.8000000000002,1
2019,5,1904.08,2
2019,6,1869.0600000000004,3
2019,7,1737.8,5
2019,8,1415.6599999999999,10
2019,9,1863.0400000000002,4
2019,10,1722.8999999999999,6
2019,1,1512.12,8
2019,2,1367.6,9
2019,3,1779.92,4
2019,4,1681.04,7
2019,5,1878.78,3
2019,6,1777.52,5
2019,7,1721.6400000000003,6
2019,8,1932.2199999999998,2
2019,9,2060.92,1
2019,10,1262.98,10
2019,1,1470.3799999999999,10
2019,2,1543.02,9
2019,3,1700.8600000000001,6
2019,4,1742.7399999999998,4
2019,5,1756.2800000000002,3
2019,6,1716.4800000000002,5
2019,7,1631.66,8
2019,8,1866.82,2
2019,9,1690.56,7
2019,10,2223.7799999999997,1
2019,1,1734.0,4
2019,2,1771.9199999999998,3
2019,3,1581.22,8
2019,4,1949.48,2
2019,5,1488.7,10
2019,6,1671.02,6
2019,7,2108.1400000000003,1
2019,8,1561.08,9
2019,9,1637.5,7
2019,10,1708.78,5
2019,1,1694.5400000000002,5
2019,2,1439.1399999999999,9
2019,3,1567.52,8
2019,4,1764.2199999999998,4
2019,5,1823.44,3
2019,6,1876.8000000000002,2
2019,7,2073.4,1
2019,8,1597.6799999999998,7
2019,9,1680.2800000000002,6
2019,10,1299.3999999999999,10
2019,1,1531.2,8
2019,2,1385.9,10
2019,3,1825.5,4
2019,4,1990.8799999999999,1
2019,5,1683.0,6
2019,6,1783.26,5
2019,7,1944.7800000000002,2
2019,8,1922.0600000000004,3
2019,9,1491.82,9
2019,10,1573.2800000000002,7
2019,1,1735.8199999999997,6
2019,2,1876.5,2
2019,3,1792.7999999999997,3
2019,4,1654.76,7
2019,5,2190.8199999999997,1
2019,6,1751.28,5
2019,7,1648.3999999999999,8
2019,8,1791.2400000000002,4
2019,9,1476.2800000000002,10
2019,10,1486.7399999999998,9
2019,1,1707.28,5
2019,2,1988.0,1
2019,3,1968.9,2
2019,4,1739.04,4
2019,5,1625.98,7
2019,6,1373.82,10
2019,7,1873.48,3
2019,8,1493.5400000000002,9
2019,9,1661.92,6
2019,10,1591.2,8
2019,1,1592.26,6
2019,2,1594.48,5
2019,3,1898.8199999999997,2
2019,4,1639.84,4
2019,5,1558.6,7
2019,6,1356.38,10
2019,7,2125.3399999999997,1
2019,8,1823.84,3
2019,9,1457.88,9
2019,10,1548.9,8
2019,1,1557.08,10
2019,2,1936.4,1
2019,3,1751.0,2
2019,4,1710.42,4
2019,5,1604.46,9
2019,6,1687.08,8
2019,7,1693.3000000000002,7
2019,8,1726.5400000000002,3
2019,9,1706.3400000000001,5
2019,10,1700.3400000000001,6
2019,1,1898.2199999999998,2
2019,2,1723.6200000000001,6
2019,3,1368.5,10
2019,4,1368.8000000000002,9
2019,5,1947.08,1
2019,6,1803.46,4
2019,7,1450.38,8
2019,8,1626.6,7
2019,9,1851.6200000000003,3
2019,10,1757.3799999999997,5
2019,1,1991.02,1
2019,2,1660.88,7
2019,3,1812.1399999999999,4
2019,4,1812.9399999999998,3
2019,5,1679.2,6
2019,6,1499.28,9
2019,7,1402.8,10
2019,8,1683.12,5
2019,9,1594.9,8
2019,10,1849.2800000000002,2
2019,1,1555.7799999999997,9
2019,2,1735.96,4
2019,3,1578.06,7
2019,4,1966.88,2
2019,5,1726.6799999999998,5
2019,6,1575.02,8
2019,7,1657.82,6
2019,8,1744.6999999999998,3
2019,9,2057.94,1
2019,10,1370.3,10
2019,1,1569.1,9
2019,2,1664.5400000000004,7
2019,3,1855.06,2
2019,4,1937.1799999999998,1
2019,5,1596.48,8
2019,6,1849.7799999999997,3
2019,7,1695.08,6
2019,8,1403.6999999999998,10
2019,9,1772.58,4
2019,10,1721.0,5
2019,1,1672.78,6
2019,2,1810.0,2
2019,3,1614.78,8
2019,4,1684.78,5
2019,5,1614.5600000000002,9
2019,6,1715.08,4
2019,7,2109.64,1
2019,8,1631.98,7
2019,9,1449.9,10
2019,10,1715.42,3
2019,1,1956.2,3
2019,2,1677.8200000000002,7
2019,3,1734.62,5
2019,4,1465.6799999999998,9
2019,5,1715.86,6
2019,6,2010.32,2
2019,7,1835.04,4
2019,8,2059.1400000000003,1
2019,9,1540.4799999999998,8
2019,10,1302.28,10
2019,1,1730.2000000000003,6
2019,2,1728.8600000000001,7
2019,3,2026.2800000000002,1
2019,4,1306.8200000000002,10
2019,5,1754.8400000000001,4
2019,6,1544.4,8
2019,7,1742.1200000000001,5
2019,8,1809.38,3
2019,9,1367.8,9
2019,10,1994.52,2
2019,1,1665.54,6
2019,2,1702.54,5
2019,3,2001.8200000000002,1
2019,4,1712.52,4
2019,5,1912.78,2
2019,6,1524.1399999999999,10
2019,7,1741.3,3
2019,8,1601.78,9
2019,9,1621.98,8
2019,10,1623.8200000000002,7
2019,1,1854.98,3
2019,2,1824.06,5
2019,3,1691.88,7
2019,4,1383.2399999999998,10
2019,5,1777.12,6
2019,6,1928.7799999999997,1
2019,7,1881.8200000000002,2
2019,8,1846.58,4
2019,9,1548.16,9
2019,10,1631.6999999999998,8
2019,1,1628.46,8
2019,2,1523.8400000000001,9
2019,3,1747.6,4
2019,4,1863.62,2
2019,5,1736.88,6
2019,6,1783.82,3
2019,7,1399.48,10
2019,8,1647.38,7
2019,9,1747.3200000000002,5
2019,10,2135.58,1
2019,1,1810.44,4
2019,2,1594.6,8
2019,3,1593.7199999999998,9
2019,4,1650.42,7
2019,5,1683.2800000000002,6
2019,6,1146.94,10
2019,7,1709.06,5
2019,8,1944.4199999999998,2
2019,9,1879.7199999999998,3
2019,10,2152.48,1
2019,1,1775.1,5
2019,2,1860.68,2
2019,3,1829.52,4
2019,4,1673.6,7
2019,5,1748.6999999999998,6
2019,6,1830.9,3
2019,7,1899.08,1
2019,8,1670.1799999999998,8
2019,9,1628.3,9
2019,10,1400.62,10
2019,1,1689.88,8
2019,2,1806.6799999999998,2
2019,3,1637.88,9
2019,4,1749.46,6
2019,5,1195.54,10
2019,6,1994.26,1
2019,7,1738.1799999999998,7
2019,8,1771.06,5
2019,9,1791.48,4
2019,10,1803.6399999999999,3
2019,1,1593.2999999999997,10
2019,2,1702.04,7
2019,3,1613.72,9
2019,4,1725.96,6
2019,5,1758.6399999999999,5
2019,6,1785.5,3
2019,7,1816.2400000000002,2
2019,8,1843.1,1
2019,9,1778.0199999999998,4
2019,10,1676.6200000000001,8
2019,1,1561.04,9
2019,2,1842.98,3
2019,3,1508.92,10
2019,4,1978.28,1
2019,5,1584.66,7
2019,6,1880.3000000000002,2
2019,7,1573.8,8
2019,8,1657.5600000000002,5
2019,9,1667.7800000000002,4
2019,10,1647.5,6
2019,1,1730.8199999999997,7
2019,2,1539.9599999999998,9
2019,3,2008.94,1
2019,4,1862.6799999999998,3
2019,5,1380.4,10
2019,6,1695.8000000000002,8
2019,7,1740.3400000000001,6
2019,8,1863.2,2
2019,9,1772.1,5
2019,10,1842.6000000000004,4
2019,1,1785.38,4
2019,2,1811.4,2
2019,3,1660.3999999999999,8
2019,4,1887.08,1
2019,5,1617.0,9
2019,6,1447.26,10
2019,7,1772.58,5
2019,8,1700.9,6
2019,9,1802.58,3
2019,10,1663.6999999999998,7
2019,1,1914.7799999999997,2
2019,2,1886.92,3
2019,3,1683.1799999999998,5
2019,4,1650.76,7
2019,5,1648.46,8
2019,6,1636.26,9
2019,7,1736.9999999999998,4
2019,8,2086.8199999999997,1
2019,9,1677.4199999999998,6
2019,10,1617.44,10
2019,1,1741.3400000000001,3
2019,2,1581.2,7
2019,3,1376.46,9
2019,4,1721.9800000000002,4
2019,5,1718.06,5
2019,6,1715.9,6
2019,7,1572.9599999999998,8
2019,8,1312.7199999999998,10
2019,9,2185.88,1
2019,10,2003.7800000000002,2
2019,1,1676.9800000000002,5
2019,2,1748.52,3
2019,3,1809.6,2
2019,4,1634.48,8
2019,5,1563.92,10
2019,6,1593.6,9
2019,7,1660.58,6
2019,8,1710.6999999999998,4
2019,9,1871.8399999999997,1
2019,10,1637.28,7
2019,1,1752.84,4
2019,2,1648.0800000000002,7
2019,3,1759.6799999999998,3
2019,4,1698.18,5
2019,5,1858.8399999999997,2
2019,6,1496.62,9
2019,7,1561.5,8
2019,8,1652.3000000000002,6
2019,9,1484.42,10
2019,10,1939.48,1
2019,1,1755.2199999999998,4
2019,2,1384.32,9
2019,3,2002.7799999999997,1
2019,4,1737.8199999999997,6
2019,5,1773.1200000000001,3
2019,6,1816.3000000000002,2
2019,7,1374.66,10
2019,8,1666.44,7
2019,9,1751.78,5
2019,10,1602.6,8
2019,1,1881.54,2
2019,2,1698.3999999999999,8
2019,3,1928.4,1
2019,4,1454.08,10
2019,5,1730.2600000000002,7
2019,6,1746.24,6
2019,7,1587.58,9
2019,8,1749.94,4
2019,9,1749.44,5
2019,10,1814.22,3
2019,1,1908.6399999999999,3
2019,2,1636.02,6
2019,3,1568.48,8
2019,4,2092.2799999999997,1
2019,5,1610.58,7
2019,6,1710.4,5
2019,7,1536.72,9
2019,8,1710.88,4
2019,9,2041.5000000000002,2
2019,10,1458.8600000000001,10
2019,1,1477.5,9
2019,2,1758.76,4
2019,3,1527.48,8
2019,4,2106.7599999999998,1
2019,5,1653.02,6
2019,6,1632.14,7
2019,7,1472.38,10
2019,8,1822.3799999999999,3
2019,9,1876.9,2
2019,10,1710.0400000000002,5
2019,1,1955.86,2
2019,2,1788.08,3
2019,3,1742.8000000000002,4
2019,4,1301.7,10
2019,5,1720.44,7
2019,6,1728.08,6
2019,7,1376.06,9
2019,8,1732.98,5
2019,9,1996.9399999999998,1
2019,10,1673.02,8
2019,1,1753.88,3
2019,2,1647.2199999999998,7
2019,3,1627.2000000000003,8
2019,4,1414.98,10
2019,5,1705.1200000000001,4
2019,6,1808.1400000000003,2
2019,7,1680.2799999999997,6
2019,8,1690.7199999999998,5
2019,9,1530.7400000000002,9
2019,10,1947.3,1
2019,1,1823.3,4
2019,2,1693.7600000000002,5
2019,3,1475.62,8
2019,4,1686.56,6
2019,5,1649.8400000000001,7
2019,6,1245.6,10
2019,7,1438.58,9
2019,8,1970.9,2
2019,9,1861.1599999999999,3
2019,10,2002.3799999999999,1
2019,1,1585.38,8
2019,2,1944.28,2
2019,3,1821.48,4
2019,4,1410.0,10
2019,5,1613.64,7
2019,6,1509.06,9
2019,7,1724.52,6
2019,8,1932.94,3
2019,9,1983.02,1
2019,10,1811.3999999999999,5
2019,1,1586.2,8
2019,2,1744.6400000000003,4
2019,3,1930.18,1
2019,4,1510.6200000000001,10
2019,5,1887.94,2
2019,6,1696.02,6
2019,7,1565.46,9
2019,8,1610.56,7
2019,9,1698.98,5
2019,10,1817.1799999999998,3
2019,1,1715.48,5
2019,2,1808.52,2
2019,3,1471.98,9
2019,4,1627.98,7
2019,5,1758.8999999999999,3
2019,6,1374.8000000000002,10
2019,7,2099.46,1
2019,8,1618.3200000000002,8
2019,9,1727.7800000000002,4
2019,10,1683.76,6
2019,1,1533.1399999999999,8
2019,2,1491.98,10
2019,3,1609.9,7
2019,4,1658.46,5
2019,5,1971.52,2
2019,6,1636.98,6
2019,7,2084.7200000000003,1
2019,8,1507.3600000000001,9
2019,9,1671.5800000000002,4
2019,10,1786.52,3
2019,1,1587.58,9
2019,2,1679.7599999999998,8
2019,3,1709.8200000000002,7
2019,4,1904.88,2
2019,5,1446.6000000000001,10
2019,6,1878.56,4
2019,7,1886.1799999999998,3
2019,8,1714.2600000000002,6
2019,9,1959.8000000000002,1
2019,10,1739.4199999999998,5
2019,1,1508.48,10
2019,2,1618.5,8
2019,3,2015.04,1
2019,4,1660.68,5
2019,5,1934.1999999999998,2
2019,6,1532.1,9
2019,7,1643.62,6
2019,8,1744.1800000000003,3
2019,9,1688.8799999999999,4
2019,10,1637.3400000000001,7
2019,1,1645.3000000000002,6
2019,2,1915.1399999999999,3
2019,3,2023.9399999999998,1
2019,4,1393.7800000000002,9
2019,5,1818.58,5
2019,6,1617.1999999999998,7
2019,7,1904.44,4
2019,8,1376.42,10
2019,9,1957.2199999999998,2
2019,10,1421.0,8
2019,1,1800.1200000000001,3
2019,2,1949.96,2
2019,3,1782.6000000000001,4
2019,4,1690.1,6
2019,5,1591.8000000000002,7
2019,6,1447.32,9
2019,7,1955.48,1
2019,8,1344.8400000000001,10
2019,9,1513.98,8
2019,10,1707.46,5
2019,1,1663.18,6
2019,2,1287.6,10
2019,3,1734.02,4
2019,4,1865.6000000000001,2
2019,5,1754.02,3
2019,6,1613.94,9
2019,7,1722.32,5
2019,8,1625.3799999999999,8
2019,9,2023.04,1
2019,10,1636.9600000000003,7
2019,1,1652.84,7
2019,2,2072.3199999999997,2
2019,3,1619.04,8
2019,4,1832.5000000000002,3
2019,5,1617.04,9
2019,6,1707.8799999999999,6
2019,7,2079.2,1
2019,8,1776.6000000000001,4
2019,9,1761.68,5
2019,10,1472.6999999999998,10
2019,1,1710.6000000000001,5
2019,2,1604.3400000000001,8
2019,3,1772.1999999999998,3
2019,4,2023.26,1
2019,5,1497.04,10
2019,6,1701.9999999999998,6
2019,7,1539.0800000000002,9
2019,8,1701.4,7
2019,9,1818.76,2
2019,10,1736.58,4
2019,1,1438.5,8
2019,2,1631.58,5
2019,3,1886.78,3
2019,4,1423.34,9
2019,5,2292.34,1
2019,6,1589.6799999999998,6
2019,7,1358.44,10
2019,8,1508.2600000000002,7
2019,9,1721.6200000000001,4
2019,10,1984.6399999999999,2
2019,1,1777.58,3
2019,2,1889.9,2
2019,3,1583.1999999999998,9
2019,4,1639.78,7
2019,5,1932.84,1
2019,6,1223.7,10
2019,7,1712.6999999999998,5
2019,8,1695.7199999999998,6
2019,9,1597.38,8
2019,10,1749.8400000000001,4
2019,1,1798.4,3
2019,2,1644.9,6
2019,3,1675.48,5
2019,4,1499.9399999999998,10
2019,5,1539.3799999999999,7
2019,6,1908.2199999999998,2
2019,7,1536.6800000000003,8
2019,8,2028.18,1
2019,9,1736.12,4
2019,10,1526.72,9
2019,1,1688.46,7
2019,2,1708.2,6
2019,3,1738.2599999999998,4
2019,4,1755.1800000000003,3
2019,5,1574.3600000000001,8
2019,6,1712.3200000000002,5
2019,7,2151.48,1
2019,8,1888.02,2
2019,9,1562.06,9
2019,10,1460.92,10
2019,1,1725.6799999999998,6
2019,2,1620.96,9
2019,3,1723.42,7
2019,4,1752.78,5
2019,5,1805.1000000000001,3
2019,6,1843.16,2
2019,7,1880.1,1
2019,8,1639.62,8
2019,9,1798.96,4
2019,10,1545.6,10
2019,1,1801.3,4
2019,2,1914.38,3
2019,3,1919.38,2
2019,4,1460.7,10
2019,5,1529.2799999999997,8
2019,6,1551.6200000000001,7
2019,7,1753.6200000000001,5
2019,8,1930.6399999999999,1
2019,9,1515.42,9
2019,10,1694.58,6
2019,1,1891.9,2
2019,2,1646.68,5
2019,3,1879.68,3
2019,4,1575.6799999999998,8
2019,5,1549.46,9
2019,6,1442.92,10
2019,7,1592.22,7
2019,8,1821.5,4
2019,9,2039.98,1
2019,10,1618.6399999999999,6
2019,1,1779.1000000000001,4
2019,2,1532.4399999999998,10
2019,3,1675.5,6
2019,4,1612.6,8
2019,5,1815.8600000000001,2
2019,6,1731.58,5
2019,7,1598.3400000000001,9
2019,8,1839.88,1
2019,9,1799.3,3
2019,10,1662.1,7
2019,1,1700.48,6
2019,2,1764.2200000000003,4
2019,3,1388.0800000000002,10
2019,4,1792.8,3
2019,5,1637.0,7
2019,6,1842.46,2
2019,7,1496.08,9
2019,8,1548.0800000000002,8
2019,9,1763.1600000000003,5
2019,10,1977.08,1
2019,1,1622.4,7
2019,2,1814.58,4
2019,3,1750.36,5
2019,4,2092.02,1
2019,5,1667.0400000000002,6
2019,6,1322.8,10
2019,7,1438.16,9
2019,8,2013.6599999999999,2
2019,9,1845.6799999999998,3
2019,10,1607.28,8
2019,1,1717.2200000000003,4
2019,2,1729.8999999999999,3
2019,3,1931.8799999999999,2
2019,4,1524.08,9
2019,5,1567.02,8
2019,6,1652.78,7
2019,7,2024.8000000000002,1
2019,8,1692.3799999999999,5
2019,9,1680.6999999999998,6
2019,10,1388.28,10
2019,1,1588.84,10
2019,2,1691.94,6
2019,3,1605.2600000000002,9
2019,4,1672.3199999999997,7
2019,5,1939.98,2
2019,6,1638.4,8
2019,7,1748.58,4
2019,8,1732.8000000000002,5
2019,9,1783.7400000000002,3
2019,10,2056.0,1
2019,1,1625.98,8
2019,2,1690.82,6
2019,3,1681.92,7
2019,4,1368.7800000000002,10
2019,5,1553.7,9
2019,6,1998.98,1
2019,7,1916.1999999999998,2
2019,8,1735.08,5
2019,9,1788.06,3
2019,10,1755.1,4
2019,1,1799.96,5
2019,2,1729.4000000000003,7
2019,3,1679.08,8
2019,4,1893.68,2
2019,5,1749.98,6
2019,6,1374.18,9
2019,7,1804.6599999999999,4
2019,8,1969.8000000000002,1
2019,9,1858.3200000000002,3
2019,10,1231.1,10
2019,1,1621.8200000000002,6
2019,2,1548.92,8
2019,3,1612.2400000000002,7
2019,4,1518.82,9
2019,5,1908.6,1
2019,6,1729.8799999999999,4
2019,7,1495.4,10
2019,8,1671.58,5
2019,9,1877.7,2
2019,10,1857.0,3
2019,1,1710.88,5
2019,2,1891.78,1
2019,3,1548.4400000000003,9
2019,4,1889.9,2
2019,5,1697.32,6
2019,6,1804.52,3
2019,7,1551.5,8
2019,8,1589.2000000000003,7
2019,9,1750.6999999999998,4
2019,10,1522.5000000000002,10
2019,1,1300.62,10
2019,2,1954.0800000000002,1
2019,3,1730.46,5
2019,4,1608.12,7
2019,5,1573.6799999999998,9
2019,6,1601.2199999999998,8
2019,7,1830.08,4
2019,8,1618.6600000000003,6
2019,9,1914.08,2
2019,10,1878.9,3
2019,1,1711.9,6
2019,2,1764.8999999999999,4
2019,3,1949.32,1
2019,4,1712.98,5
2019,5,1466.1799999999998,10
2019,6,1676.9,7
2019,7,1847.2800000000002,2
2019,8,1508.42,8
2019,9,1815.6200000000001,3
2019,10,1508.2,9
2019,1,1631.6799999999998,8
2019,2,1685.06,6
2019,3,1839.2,4
2019,4,1606.6,9
2019,5,1852.3200000000002,3
2019,6,1872.1399999999999,2
2019,7,1820.5800000000002,5
2019,8,1942.5800000000002,1
2019,9,1673.9,7
2019,10,1311.3000000000002,10
2019,1,1939.8400000000001,2
2019,2,1784.4,6
2019,3,1451.2599999999998,10
2019,4,1579.7,8
2019,5,1989.12,1
2019,6,1466.3000000000002,9
2019,7,1803.8,5
2019,8,1857.4,3
2019,9,1605.3,7
2019,10,1811.48,4
2019,1,2067.68,2
2019,2,1493.58,9
2019,3,1512.0,8
2019,4,1948.42,3
2019,5,1573.44,7
2019,6,1605.8000000000002,4
2019,7,1444.7,10
2019,8,1582.5600000000002,6
2019,9,1590.28,5
2019,10,2203.0,1
2019,1,1936.5,1
2019,2,1661.2800000000002,7
2019,3,1878.8999999999999,2
2019,4,1800.1799999999998,4
2019,5,1528.56,8
2019,6,1867.24,3
2019,7,1795.44,5
2019,8,1429.28,10
2019,9,1722.58,6
2019,10,1480.62,9
2019,1,1684.06,6
2019,2,1538.08,9
2019,3,1621.0400000000002,8
2019,4,1831.3200000000002,2
2019,5,1814.6999999999998,3
2019,6,1634.7800000000002,7
2019,7,1252.3000000000002,10
2019,8,1776.6599999999999,4
2019,9,2068.7599999999998,1
2019,10,1758.4399999999998,5
2019,1,2003.98,1
2019,2,1684.1999999999998,5
2019,3,1652.42,7
2019,4,1794.02,3
2019,5,1778.0,4
2019,6,1558.9,9
2019,7,1679.5600000000002,6
2019,8,1553.92,10
2019,9,1603.58,8
2019,10,1831.2199999999998,2
2019,1,1765.2599999999998,3
2019,2,1650.68,8
2019,3,1668.16,7
2019,4,1868.2800000000002,2
2019,5,1693.4399999999998,5
2019,6,2014.86,1
2019,7,1738.9,4
2019,8,1548.2199999999998,10
2019,9,1679.4999999999998,6
2019,10,1634.9,9
2019,1,1334.8400000000001,9
2019,2,1922.74,3
2019,3,1583.5000000000002,7
2019,4,1860.68,4
2019,5,1226.7,10
2019,6,1973.68,1
2019,7,1715.2800000000002,5
2019,8,1484.2,8
2019,9,1674.9,6
2019,10,1930.7599999999998,2
2019,1,2006.7,2
2019,2,1503.5,6
2019,3,1481.94,8
2019,4,1678.3,5
2019,5,1467.22,9
2019,6,1498.92,7
2019,7,1371.28,10
2019,8,2128.42,1
2019,9,1841.6000000000001,4
2019,10,1877.4,3
2019,1,1815.46,4
2019,2,1643.82,6
2019,3,1604.4,9
2019,4,1298.26,10
2019,5,1850.32,2
2019,6,1618.42,8
2019,7,1753.62,5
2019,8,1843.3000000000002,3
2019,9,1633.8400000000001,7
2019,10,2214.1800000000003,1
2019,1,1330.06,10
2019,2,1813.6,4
2019,3,1792.4999999999998,6
2019,4,1517.7200000000003,9
2019,5,1836.7000000000003,3
2019,6,1559.3000000000002,8
2019,7,1856.52,2
2019,8,1951.88,1
2019,9,1701.44,7
2019,10,1801.6999999999998,5
2019,1,1898.78,1
2019,2,1549.7999999999997,9
2019,3,1455.4,10
2019,4,1778.0800000000002,5
2019,5,1698.9,8
2019,6,1713.1799999999998,7
2019,7,1725.8400000000001,6
2019,8,1820.52,3
2019,9,1810.08,4
2019,10,1850.6200000000001,2
2019,1,1694.6999999999998,5
2019,2,1651.6399999999999,7
2019,3,1538.1000000000001,9
2019,4,1719.5800000000002,4
2019,5,1681.1599999999999,6
2019,6,1567.88,8
2019,7,2001.0,1
2019,8,1780.6400000000003,3
2019,9,1894.7000000000003,2
2019,10,1495.38,10
2019,1,1485.1799999999998,9
2019,2,1746.3000000000002,4
2019,3,1935.9,2
2019,4,1709.8400000000001,5
2019,5,1404.98,10
2019,6,1913.68,3
2019,7,1497.72,8
2019,8,1529.62,7
2019,9,2044.7799999999997,1
2019,10,1604.0600000000002,6
2019,1,1520.38,10
2019,2,1675.9,7
2019,3,1769.8400000000001,5
2019,4,1973.0800000000002,1
2019,5,1616.2399999999998,8
2019,6,1791.96,4
2019,7,1587.42,9
2019,8,1875.2,2
2019,9,1681.3600000000001,6
2019,10,1814.6599999999999,3
2019,1,1612.48,8
2019,2,1698.2400000000002,7
2019,3,1544.4399999999998,10
2019,4,1702.38,6
2019,5,1923.6200000000001,1
2019,6,1591.0,9
2019,7,1838.6399999999999,4
2019,8,1844.88,3
2019,9,1793.54,5
2019,10,1897.72,2
2019,1,1723.88,6
2019,2,1759.8599999999997,4
2019,3,1913.52,2
2019,4,1765.6,3
2019,5,1495.8200000000002,10
2019,6,1585.1399999999999,8
2019,7,1655.3000000000002,7
2019,8,2093.54,1
2019,9,1505.24,9
2019,10,1729.42,5
2019,1,2064.8999999999996,3
2019,2,1556.86,8
2019,3,1705.3400000000001,6
2019,4,1468.6,10
2019,5,1802.38,4
2019,6,1531.1,9
2019,7,2073.2200000000003,2
2019,8,1580.58,7
2019,9,2073.7,1
2019,10,1725.4399999999998,5
2019,1,1902.1799999999998,1
2019,2,1788.6000000000001,5
2019,3,1457.7200000000003,10
2019,4,1856.28,3
2019,5,1667.98,6
2019,6,1884.66,2
2019,7,1640.8799999999997,7
2019,8,1810.1399999999999,4
2019,9,1631.3000000000002,8
2019,10,1595.58,9
2019,1,1579.2200000000003,8
2019,2,1938.1599999999999,4
2019,3,1471.52,9
2019,4,1664.1800000000003,6
2019,5,2020.12,2
2019,6,1633.3000000000002,7
2019,7,2048.5,1
2019,8,1968.2199999999998,3
2019,9,1725.7399999999998,5
2019,10,1414.6399999999999,10
2019,1,1502.9799999999998,9
2019,2,1737.1599999999999,6
2019,3,1341.82,10
2019,4,1876.5800000000002,4
2019,5,1879.52,3
2019,6,1632.8000000000002,7
2019,7,1800.72,5
2019,8,1950.3200000000002,1
2019,9,1616.9199999999996,8
2019,10,1940.56,2
2019,1,1521.82,8
2019,2,1849.2200000000003,2
2019,3,1650.5400000000002,6
2019,4,1454.66,10
2019,5,1720.94,5
2019,6,1544.78,7
2019,7,1832.2399999999998,3
2019,8,1964.3,1
2019,9,1496.3,9
2019,10,1723.1,4
2019,1,1739.56,6
2019,2,1211.8999999999999,10
2019,3,1826.48,3
2019,4,1746.3400000000001,5
2019,5,1935.28,1
2019,6,1929.94,2
2019,7,1532.96,9
2019,8,1701.1399999999999,8
2019,9,1825.3800000000003,4
2019,10,1729.1,7
2019,1,1785.1399999999999,5
2019,2,2005.4999999999998,1
2019,3,1485.8000000000002,9
2019,4,1715.02,7
2019,5,1721.12,6
2019,6,1835.0,3
2019,7,1675.3799999999999,8
2019,8,1326.94,10
2019,9,1838.3,2
2019,10,1793.0800000000004,4
2019,1,1346.7800000000002,10
2019,2,1763.4,3
2019,3,2193.6800000000003,1
2019,4,1649.52,4
2019,5,1641.88,6
2019,6,1549.3200000000002,8
2019,7,1647.48,5
2019,8,1593.1,7
2019,9,2109.62,2
2019,10,1508.4,9
2019,1,1580.6399999999999,7
2019,2,1466.98,9
2019,3,1902.78,2
2019,4,1792.86,3
2019,5,1736.68,4
2019,6,1418.24,10
2019,7,2004.6799999999998,1
2019,8,1701.3,5
2019,9,1687.02,6
2019,10,1525.8000000000002,8
2019,1,1695.68,6
2019,2,1792.1200000000001,4
2019,3,1699.6999999999998,5
2019,4,1563.4,9
2019,5,1812.44,2
2019,6,1804.6400000000003,3
2019,7,1524.8999999999999,10
2019,8,1983.7399999999998,1
2019,9,1693.6999999999998,7
2019,10,1653.98,8
2019,1,1642.5200000000002,8
2019,2,1826.4400000000003,4
2019,3,1734.9800000000002,6
2019,4,1799.3,5
2019,5,1956.8200000000002,1
2019,6,1449.6000000000001,10
2019,7,1848.68,3
2019,8,1720.36,7
2019,9,1881.78,2
2019,10,1536.78,9
2019,1,1636.6399999999999,7
2019,2,1813.2199999999998,3
2019,3,1697.0,6
2019,4,1970.2800000000002,1
2019,5,1565.2,8
2019,6,1510.7800000000002,9
2019,7,1747.4199999999998,5
2019,8,1440.88,10
2019,9,1769.8199999999997,4
2019,10,1926.4,2
2019,1,1672.6600000000003,5
2019,2,1629.6399999999999,7
2019,3,1889.7199999999998,2
2019,4,1799.4799999999998,4
2019,5,1814.5,3
2019,6,1329.3,10
2019,7,1898.8000000000002,1
2019,8,1585.38,8
2019,9,1443.98,9
2019,10,1650.7599999999998,6
2019,1,1565.3400000000001,8
2019,2,1526.5,9
2019,3,1698.98,4
2019,4,1631.14,7
2019,5,1816.18,3
2019,6,1962.8799999999997,1
2019,7,1667.78,6
2019,8,1828.52,2
2019,9,1683.5,5
2019,10,1471.6999999999998,10
2019,1,1806.8600000000001,5
2019,2,1565.08,8
2019,3,1897.98,3
2019,4,1947.4399999999998,2
2019,5,1308.0,10
2019,6,1787.44,6
2019,7,1442.92,9
2019,8,1833.7400000000002,4
2019,9,2019.44,1
2019,10,1666.78,7
2019,1,1930.8999999999996,3
2019,2,1488.3000000000002,8
2019,3,1657.88,6
2019,4,1667.3799999999997,5
2019,5,1971.18,2
2019,6,1972.1,1
2019,7,1405.8000000000002,10
2019,8,1430.8,9
2019,9,1608.3600000000001,7
2019,10,1867.8399999999997,4
2019,1,1634.28,6
2019,2,2133.4,1
2019,3,1517.48,10
2019,4,1585.1,9
2019,5,1703.7599999999998,3
2019,6,1615.54,7
2019,7,1749.56,2
2019,8,1594.1799999999998,8
2019,9,1663.62,5
2019,10,1695.6399999999999,4
2019,1,1943.6799999999998,2
2019,2,1443.1,9
2019,3,1562.34,7
2019,4,1579.7199999999998,5
2019,5,1575.1399999999999,6
2019,6,1891.5600000000002,3
2019,7,1343.2,10
2019,8,1541.44,8
2019,9,2044.5,1
2019,10,1723.6799999999998,4
2019,1,1614.2,8
2019,2,1770.2199999999998,4
2019,3,1924.3,2
2019,4,1852.22,3
2019,5,2047.88,1
2019,6,1649.7,7
2019,7,1680.9,5
2019,8,1569.0,10
2019,9,1605.3400000000001,9
2019,10,1663.88,6
2019,1,1781.8400000000001,3
2019,2,1936.3,1
2019,3,1737.7599999999998,7
2019,4,1561.4,8
2019,5,1767.18,5
2019,6,1817.08,2
2019,7,1781.0,4
2019,8,1543.2800000000002,9
2019,9,1758.6000000000001,6
2019,10,1497.1799999999998,10
2019,1,2054.12,1
2019,2,1616.48,8
2019,3,1587.2,9
2019,4,1887.66,3
2019,5,1291.1599999999999,10
2019,6,1721.5800000000002,6
2019,7,1779.08,4
2019,8,1630.7199999999998,7
2019,9,1900.72,2
2019,10,1770.44,5
2019,1,1735.62,5
2019,2,1738.7,4
2019,3,2244.88,1
2019,4,1766.2599999999998,3
2019,5,1592.6599999999999,8
2019,6,1716.78,6
2019,7,1702.48,7
2019,8,1567.42,9
2019,9,1300.92,10
2019,10,1885.68,2
2019,1,1545.02,9
2019,2,1833.8799999999999,5
2019,3,1341.8799999999999,10
2019,4,1909.56,1
2019,5,1639.7199999999998,8
2019,6,1704.6000000000004,7
2019,7,1813.26,6
2019,8,1889.0,3
2019,9,1889.9,2
2019,10,1841.9,4
2019,1,1828.1999999999998,3
2019,2,1748.08,5
2019,3,1594.26,7
2019,4,1683.2399999999998,6
2019,5,1934.2800000000002,2
2019,6,1756.1,4
2019,7,1464.1799999999998,10
2019,8,2028.8000000000002,1
2019,9,1497.8,9
2019,10,1590.04,8
2019,1,1574.1399999999999,8
2019,2,1424.78,10
2019,3,1570.64,9
2019,4,1848.7399999999998,4
2019,5,1600.6799999999998,5
2019,6,1942.62,2
2019,7,1856.06,3
2019,8,1584.2800000000002,7
2019,9,1598.2999999999997,6
2019,10,2010.54,1
2019,1,1720.12,5
2019,2,1808.4199999999998,4
2019,3,2036.88,1
2019,4,1565.6399999999999,7
2019,5,1599.8,6
2019,6,1498.06,9
2019,7,1418.2,10
2019,8,1847.64,3
2019,9,1545.3799999999997,8
2019,10,1989.9,2
2019,1,1435.98,9
2019,2,1976.42,1
2019,3,1649.08,8
2019,4,1831.44,4
2019,5,1674.86,7
2019,6,1359.44,10
2019,7,1839.6799999999998,3
2019,8,1755.5400000000002,5
2019,9,1925.08,2
2019,10,1717.84,6
2019,1,1355.3200000000002,10
2019,2,1757.2799999999997,5
2019,3,1476.54,9
2019,4,1994.4199999999998,2
2019,5,1681.5,6
2019,6,2076.28,1
2019,7,1649.02,7
2019,8,1861.6800000000003,3
2019,9,1619.8400000000001,8
2019,10,1849.56,4
2019,1,1616.1000000000004,7
2019,2,1970.1200000000001,1
2019,3,1875.44,2
2019,4,1662.9,4
2019,5,1589.6000000000001,8
2019,6,1636.7199999999998,6
2019,7,1447.1,10
2019,8,1655.4,5
2019,9,1521.3400000000001,9
2019,10,1815.38,3
2019,1,1360.1399999999999,9
2019,2,1831.6800000000003,4
2019,3,2168.8999999999996,1
2019,4,1567.42,7
2019,5,1414.1,8
2019,6,2010.18,2
2019,7,1817.54,5
2019,8,1884.74,3
2019,9,1346.9,10
2019,10,1588.5,6
2019,1,1238.1,10
2019,2,1731.5800000000002,6
2019,3,1517.84,8
2019,4,2019.9,1
2019,5,1826.02,4
2019,6,1556.58,7
2019,7,1966.58,2
2019,8,1754.58,5
2019,9,1363.7000000000003,9
2019,10,1895.3400000000001,3
2019,1,1625.3999999999999,8
2019,2,1725.78,5
2019,3,1752.1999999999998,4
2019,4,1816.7200000000003,3
2019,5,1980.88,1
2019,6,1964.56,2
2019,7,1607.82,9
2019,8,1649.72,6
2019,9,1626.02,7
2019,10,1585.56,10
2020,1,2147.12,1
2020,2,1260.2,10
2020,3,1791.56,7
2020,4,1540.18,9
2020,5,2055.48,2
2020,6,1721.38,8
2020,7,1819.5599999999997,6
2020,8,1849.78,4
2020,9,1832.7999999999997,5
2020,10,1894.7600000000002,3
2020,1,1759.66,4
2020,2,1828.1999999999998,2
2020,3,1727.02,8
2020,4,1617.32,10
2020,5,1739.7199999999998,6
2020,6,1814.3000000000002,3
2020,7,1740.7199999999998,5
2020,8,1870.18,1
2020,9,1694.2799999999997,9
2020,10,1729.1399999999999,7
2020,1,1368.6399999999999,10
2020,2,1604.8999999999996,8
2020,3,1493.1999999999998,9
2020,4,1903.8600000000001,2
2020,5,1745.7199999999998,5
2020,6,1822.2199999999998,4
2020,7,2180.34,1
2020,8,1666.2199999999998,7
2020,9,1878.1600000000003,3
2020,10,1666.7599999999998,6
2020,1,1789.8200000000002,5
2020,2,1659.06,7
2020,3,1726.2999999999997,6
2020,4,1539.8399999999997,10
2020,5,1557.86,9
2020,6,1829.3400000000001,4
2020,7,1971.32,1
2020,8,1861.72,2
2020,9,1834.4200000000003,3
2020,10,1623.3400000000001,8
2020,1,1869.8000000000002,4
2020,2,1122.74,10
2020,3,1736.38,7
2020,4,1961.0,2
2020,5,1627.7599999999998,8
2020,6,1812.38,6
2020,7,1915.3400000000001,3
2020,8,1981.96,1
2020,9,1847.72,5
2020,10,1474.02,9
2020,1,1888.8,2
2020,2,1539.82,10
2020,3,1713.7399999999998,7
2020,4,1956.58,1
2020,5,1730.78,5
2020,6,1637.1,8
2020,7,1833.76,3
2020,8,1543.48,9
2020,9,1721.86,6
2020,10,1737.56,4
2020,1,1744.1999999999998,7
2020,2,1816.3799999999999,5
2020,3,1942.66,2
2020,4,1986.96,1
2020,5,1827.8600000000001,4
2020,6,1765.7799999999997,6
2020,7,1527.42,10
2020,8,1880.36,3
2020,9,1664.52,8
2020,10,1652.24,9
2020,1,1705.8,7
2020,2,1641.58,9
2020,3,1849.2,2
2020,4,1663.94,8
2020,5,1735.72,6
2020,6,2046.42,1
2020,7,1769.78,4
2020,8,1748.5,5
2020,9,1563.0400000000002,10
2020,10,1776.48,3
2020,1,1686.8799999999997,6
2020,2,1853.3400000000001,4
2020,3,1595.2200000000003,8
2020,4,1679.3000000000002,7
2020,5,1928.1,3
2020,6,1929.8600000000001,2
2020,7,1495.2799999999997,9
2020,8,1719.3199999999997,5
2020,9,1485.56,10
2020,10,2037.7799999999997,1
2020,1,1722.3600000000001,6
2020,2,1627.7,8
2020,3,1907.6,3
2020,4,1491.8200000000002,10
2020,5,1960.8400000000001,1
2020,6,1920.4,2
2020,7,1567.3000000000002,9
2020,8,1633.42,7
2020,9,1857.7800000000002,4
2020,10,1807.0799999999997,5
2020,1,1921.7399999999998,3
2020,2,1655.3200000000002,8
2020,3,2040.02,1
2020,4,1724.24,6
2020,5,1675.3600000000001,7
2020,6,1725.7,5
2020,7,1280.18,10
2020,8,1583.7,9
2020,9,1786.46,4
2020,10,1953.1,2
2020,1,1686.3400000000001,8
2020,2,1748.7199999999998,5
2020,3,1690.82,7
2020,4,1984.2599999999998,1
2020,5,1695.9399999999998,6
2020,6,1878.94,2
2020,7,1501.04,10
2020,8,1539.2199999999998,9
2020,9,1770.56,4
2020,10,1819.8600000000001,3
2020,1,1848.66,3
2020,2,1875.8400000000001,2
2020,3,1911.56,1
2020,4,1714.2800000000002,7
2020,5,1721.52,6
2020,6,1772.7,5
2020,7,1807.6999999999998,4
2020,8,1477.1,10
2020,9,1666.62,8
2020,10,1543.7,9
2020,1,2026.36,1
2020,2,1655.22,7
2020,3,1912.8000000000002,2
2020,4,1529.3600000000001,9
2020,5,1835.9,5
2020,6,1485.1999999999998,10
2020,7,1880.3600000000001,4
2020,8,1614.8,8
2020,9,1906.72,3
2020,10,1765.52,6
2020,1,1751.6599999999999,6
2020,2,1373.6000000000001,10
2020,3,2054.14,1
2020,4,1866.0,3
2020,5,1991.02,2
2020,6,1585.7799999999997,7
2020,7,1579.06,8
2020,8,1844.8400000000001,4
2020,9,1833.7600000000002,5
2020,10,1394.5,9
2020,1,1984.4799999999998,2
2020,2,1899.1799999999998,4
2020,3,1114.24,10
2020,4,1960.2200000000003,3
2020,5,2107.32,1
2020,6,1353.1799999999998,9
2020,7,1421.48,8
2020,8,1829.7399999999998,5
2020,9,1648.64,7
2020,10,1696.76,6
2020,1,1770.96,5
2020,2,1787.8000000000002,4
2020,3,1857.3600000000001,2
2020,4,1722.6399999999999,8
2020,5,1759.3400000000001,7
2020,6,1908.54,1
2020,7,1770.92,6
2020,8,1568.1200000000001,10
2020,9,1661.4599999999998,9
2020,10,1798.3799999999999,3
2020,1,1922.76,2
2020,2,1460.32,10
2020,3,1938.8600000000001,1
2020,4,1858.5400000000002,3
2020,5,1847.0,4
2020,6,1776.5,5
2020,7,1647.04,7
2020,8,1756.9399999999998,6
2020,9,1583.1200000000001,8
2020,10,1570.6,9
2020,1,1743.38,6
2020,2,1924.52,1
2020,3,1668.4599999999998,8
2020,4,1752.6399999999999,5
2020,5,1827.7,3
2020,6,1612.18,9
2020,7,1859.8600000000001,2
2020,8,1736.04,7
2020,9,1793.1000000000001,4
2020,10,1295.94,10
2020,1,1561.0600000000002,8
2020,2,1730.06,5
2020,3,1837.0000000000002,3
2020,4,1970.9800000000002,2
2020,5,1588.6599999999999,7
2020,6,1733.94,4
2020,7,2060.82,1
2020,8,1556.92,9
2020,9,1683.98,6
2020,10,1526.3,10
2020,1,1916.9199999999998,2
2020,2,1936.8400000000001,1
2020,3,1586.6800000000003,8
2020,4,1859.36,4
2020,5,1652.5,5
2020,6,1588.34,7
2020,7,1488.36,10
2020,8,1899.9,3
2020,9,1622.78,6
2020,10,1506.2800000000002,9
2020,1,1153.2,10
2020,2,1932.2,3
2020,3,1664.62,8
2020,4,1900.46,4
2020,5,1756.68,6
2020,6,1613.54,9
2020,7,1666.6999999999998,7
2020,8,1839.8999999999999,5
2020,9,1991.18,2
2020,10,1992.38,1
2020,1,1835.7599999999998,4
2020,2,1819.1599999999999,5
2020,3,2018.9800000000002,1
2020,4,1669.56,8
2020,5,1196.64,10
2020,6,1671.94,7
2020,7,1873.4200000000003,3
2020,8,1642.56,9
2020,9,1927.3600000000001,2
2020,10,1814.9199999999998,6
2020,1,1811.22,3
2020,2,1534.38,8
2020,3,2091.06,1
2020,4,1777.46,5
2020,5,1936.2400000000002,2
2020,6,1750.4600000000003,6
2020,7,1694.0600000000002,7
2020,8,1459.44,10
2020,9,1470.7599999999998,9
2020,10,1793.7599999999998,4
2020,1,1793.54,3
2020,2,2089.32,1
2020,3,1664.3600000000001,7
2020,4,1595.16,9
2020,5,1556.3600000000001,10
2020,6,1682.8599999999997,6
2020,7,1620.76,8
2020,8,1765.1799999999998,4
2020,9,1928.6,2
2020,10,1741.9,5
2020,1,1736.42,7
2020,2,1275.7,10
2020,3,1616.3999999999999,9
2020,4,1889.8000000000002,3
2020,5,1976.3600000000001,2
2020,6,1750.08,6
2020,7,1704.92,8
2020,8,1777.06,5
2020,9,1785.52,4
2020,10,2021.66,1
2020,1,1726.1800000000003,7
2020,2,1841.1200000000001,3
2020,3,1832.7800000000002,4
2020,4,1534.52,9
2020,5,1819.52,5
2020,6,1502.48,10
2020,7,1746.74,6
2020,8,2090.46,2
2020,9,2102.98,1
2020,10,1629.7600000000002,8
2020,1,1720.76,6
2020,2,1636.7799999999997,8
2020,3,1795.7000000000003,4
2020,4,1691.04,7
2020,5,1532.34,10
2020,6,1960.06,1
2020,7,1778.4,5
2020,8,1797.2399999999998,3
2020,9,1623.6599999999999,9
2020,10,1951.74,2
2020,1,1743.7999999999997,6
2020,2,2004.1599999999999,1
2020,3,1554.9,9
2020,4,1566.6400000000003,8
2020,5,1987.84,3
2020,6,1988.6399999999999,2
2020,7,1370.72,10
2020,8,1865.3600000000001,5
2020,9,1732.48,7
2020,10,1916.42,4
2020,1,1398.88,9
2020,2,1700.6200000000001,7
2020,3,2244.6,1
2020,4,1369.58,10
2020,5,1655.8799999999999,8
2020,6,1759.12,5
2020,7,1843.26,2
2020,8,1709.4400000000003,6
2020,9,1764.48,4
2020,10,1793.56,3
2020,1,1550.96,9
2020,2,1553.06,8
2020,3,1390.56,10
2020,4,1912.78,3
2020,5,1644.3000000000002,7
2020,6,1736.44,6
2020,7,2025.52,1
2020,8,1747.56,5
2020,9,1849.26,4
2020,10,1913.68,2
2020,1,1424.1599999999999,10
2020,2,1762.08,5
2020,3,1535.6200000000001,8
2020,4,1456.7000000000003,9
2020,5,2134.54,1
2020,6,1985.6999999999998,3
2020,7,1537.58,7
2020,8,1794.54,4
2020,9,2003.58,2
2020,10,1598.08,6
2020,1,1389.8799999999999,10
2020,2,1819.02,3
2020,3,1506.0400000000002,9
2020,4,1762.12,5
2020,5,1847.16,2
2020,6,1534.2800000000002,7
2020,7,1786.48,4
2020,8,1712.2199999999998,6
2020,9,2127.94,1
2020,10,1520.3799999999999,8
2020,1,1884.8600000000001,3
2020,2,1686.26,7
2020,3,1758.3,5
2020,4,2024.96,1
2020,5,1673.2200000000003,8
2020,6,1588.06,10
2020,7,1743.56,6
2020,8,1596.26,9
2020,9,1811.8,4
2020,10,1919.7799999999997,2
2020,1,1918.6,2
2020,2,1916.98,3
2020,3,1868.94,4
2020,4,1779.54,5
2020,5,1739.08,7
2020,6,1778.92,6
2020,7,1927.46,1
2020,8,1474.8600000000001,10
2020,9,1584.9999999999998,9
2020,10,1621.88,8
2020,1,1937.06,2
2020,2,1672.02,7
2020,3,1821.94,4
2020,4,1683.52,6
2020,5,1643.62,8
2020,6,1879.9199999999998,3
2020,7,1938.4999999999998,1
2020,8,1692.4400000000003,5
2020,9,1517.1599999999999,10
2020,10,1526.06,9
2020,1,1785.88,6
2020,2,1491.0800000000002,9
2020,3,1446.58,10
2020,4,1776.52,7
2020,5,1799.8400000000001,5
2020,6,1942.52,2
2020,7,1916.1,4
2020,8,1993.1399999999999,1
2020,9,1933.5600000000002,3
2020,10,1643.26,8
2020,1,1932.6599999999999,2
2020,2,1899.8200000000002,3
2020,3,1709.48,6
2020,4,1980.72,1
2020,5,1525.42,10
2020,6,1833.04,4
2020,7,1590.64,9
2020,8,1692.6799999999998,7
2020,9,1759.88,5
2020,10,1682.1399999999999,8
2020,1,1946.3600000000001,2
2020,2,1605.7,9
2020,3,2032.7,1
2020,4,1729.6799999999998,6
2020,5,1930.3999999999999,3
2020,6,1748.06,5
2020,7,1431.92,10
2020,8,1760.94,4
2020,9,1693.0,7
2020,10,1646.1200000000001,8
2020,1,1915.3000000000002,3
2020,2,1606.9,7
2020,3,1692.88,5
2020,4,1233.1399999999999,10
2020,5,2086.96,1
2020,6,1936.2799999999997,2
2020,7,1497.9399999999998,9
2020,8,1742.2,4
2020,9,1592.56,8
2020,10,1659.06,6
2020,1,1698.7800000000002,7
2020,2,1957.7999999999997,2
2020,3,1618.7,8
2020,4,1717.2199999999998,5
2020,5,1824.56,4
2020,6,1335.94,10
2020,7,1841.6399999999999,3
2020,8,1585.5,9
2020,9,1700.46,6
2020,10,2230.18,1
2020,1,1576.5,8
2020,2,1892.7400000000002,4
2020,3,1459.72,10
2020,4,1657.92,7
2020,5,1873.1,5
2020,6,1534.3,9
2020,7,2016.4,2
2020,8,1698.06,6
2020,9,1900.68,3
2020,10,2031.22,1
2020,1,1955.7400000000002,1
2020,2,1918.6800000000003,2
2020,3,1872.7200000000003,4
2020,4,1711.92,6
2020,5,1566.22,9
2020,6,1476.12,10
2020,7,1704.5,7
2020,8,1757.7599999999998,5
2020,9,1670.66,8
2020,10,1877.36,3
2020,1,1929.5600000000002,1
2020,2,1648.32,8
2020,3,1766.6799999999998,5
2020,4,1529.24,10
2020,5,1802.44,3
2020,6,1912.62,2
2020,7,1690.7599999999998,6
2020,8,1796.36,4
2020,9,1634.8,9
2020,10,1682.5200000000002,7
2020,1,1546.44,9
2020,2,1644.6600000000003,6
2020,3,1581.4600000000003,8
2020,4,1965.08,2
2020,5,1820.34,4
2020,6,1649.94,5
2020,7,1421.8400000000001,10
2020,8,2163.56,1
2020,9,1876.1799999999998,3
2020,10,1593.62,7
2020,1,1586.28,7
2020,2,1612.1999999999998,6
2020,3,1535.04,10
2020,4,1560.72,9
2020,5,1779.68,5
2020,6,2094.96,1
2020,7,1845.0800000000002,3
2020,8,1914.8000000000002,2
2020,9,1561.1399999999999,8
2020,10,1820.84,4
2020,1,1712.1999999999998,6
2020,2,2149.36,1
2020,3,1653.3000000000002,9
2020,4,1781.92,4
2020,5,1697.54,7
2020,6,1153.6,10
2020,7,1684.76,8
2020,8,1842.98,3
2020,9,1722.52,5
2020,10,2063.24,2
2020,1,1487.46,9
2020,2,2030.42,1
2020,3,1701.28,5
2020,4,1451.8799999999999,10
2020,5,1968.52,2
2020,6,1545.6599999999999,8
2020,7,1607.84,7
2020,8,1646.7999999999997,6
2020,9,1760.1,4
2020,10,1805.3200000000002,3
2020,1,1833.7999999999997,3
2020,2,1591.8599999999997,8
2020,3,2165.04,1
2020,4,1523.0,10
2020,5,1665.76,6
2020,6,1550.7400000000002,9
2020,7,1713.84,5
2020,8,1785.3,4
2020,9,1652.38,7
2020,10,1907.1599999999999,2
2020,1,1967.98,2
2020,2,1722.8200000000002,5
2020,3,1784.64,4
2020,4,1525.12,10
2020,5,2083.42,1
2020,6,1589.46,9
2020,7,1703.52,6
2020,8,1795.8400000000001,3
2020,9,1673.24,7
2020,10,1610.12,8
2020,1,1966.48,2
2020,2,1322.7799999999997,10
2020,3,1707.2200000000003,7
2020,4,1971.9399999999998,1
2020,5,1820.54,4
2020,6,1710.6,6
2020,7,1513.48,9
2020,8,1929.7199999999998,3
2020,9,1680.62,8
2020,10,1784.22,5
2020,1,1625.28,8
2020,2,1766.3199999999997,5
2020,3,1484.74,10
2020,4,1787.62,4
2020,5,2092.04,1
2020,6,1868.3599999999997,2
2020,7,1738.46,6
2020,8,1555.2599999999998,9
2020,9,1801.7200000000003,3
2020,10,1700.96,7
2020,1,1716.2000000000003,5
2020,2,2024.52,2
2020,3,1840.7400000000002,3
2020,4,2048.4399999999996,1
2020,5,1677.34,9
2020,6,1677.96,8
2020,7,1702.7800000000002,6
2020,8,1803.12,4
2020,9,1435.3,10
2020,10,1685.12,7
2020,1,1786.7399999999998,5
2020,2,1674.12,7
2020,3,1670.6000000000001,8
2020,4,1619.1799999999998,9
2020,5,1811.1599999999999,4
2020,6,1853.8600000000001,2
2020,7,1503.48,10
2020,8,1770.98,6
2020,9,2075.92,1
2020,10,1837.9600000000003,3
2020,1,1360.98,10
2020,2,1627.1999999999998,6
2020,3,2250.46,1
2020,4,1416.96,9
2020,5,2005.28,2
2020,6,1941.6799999999998,3
2020,7,1708.32,5
2020,8,1624.48,7
2020,9,1581.4,8
2020,10,1772.6,4
2020,1,1928.12,1
2020,2,1757.6400000000003,7
2020,3,1773.8000000000002,6
2020,4,1887.96,3
2020,5,1813.3600000000001,4
2020,6,1903.1399999999999,2
2020,7,1803.2599999999998,5
2020,8,1592.98,9
2020,9,1262.68,10
2020,10,1613.62,8
2020,1,1544.1800000000003,9
2020,2,1769.1399999999999,6
2020,3,1831.52,5
2020,4,1980.4,2
2020,5,1529.46,10
2020,6,1870.16,3
2020,7,1653.36,7
2020,8,2051.6,1
2020,9,1838.56,4
2020,10,1609.58,8
2020,1,1981.66,2
2020,2,1832.06,3
2020,3,1496.1999999999998,9
2020,4,1667.2200000000003,8
2020,5,1737.94,5
2020,6,1407.8199999999997,10
2020,7,1708.5400000000002,7
2020,8,1717.18,6
2020,9,2309.82,1
2020,10,1793.48,4
2020,1,1558.1399999999999,10
2020,2,1829.9,2
2020,3,1753.9799999999998,5
2020,4,1777.0,3
2020,5,1638.06,8
2020,6,1774.6799999999998,4
2020,7,1742.52,6
2020,8,1634.36,9
2020,9,1642.22,7
2020,10,1990.0,1
2020,1,1726.7600000000002,5
2020,2,1572.98,10
2020,3,1575.1999999999998,9
2020,4,1997.1999999999998,1
2020,5,1918.64,3
2020,6,1643.46,8
2020,7,1926.42,2
2020,8,1699.92,7
2020,9,1723.44,6
2020,10,1810.32,4
2020,1,1798.3,5
2020,2,1484.84,10
2020,3,1614.72,9
2020,4,1832.0799999999997,2
2020,5,2063.56,1
2020,6,1681.62,8
2020,7,1809.7200000000003,4
2020,8,1715.88,7
2020,9,1742.5400000000002,6
2020,10,1816.9199999999998,3
2020,1,1493.1200000000001,10
2020,2,1835.12,3
2020,3,1798.02,5
2020,4,1770.08,7
2020,5,1701.16,9
2020,6,1889.1599999999999,2
2020,7,1731.44,8
2020,8,1829.3000000000002,4
2020,9,1774.6600000000003,6
2020,10,2038.2400000000002,1
2020,1,1818.3600000000001,3
2020,2,2008.22,1
2020,3,1620.4199999999998,9
2020,4,1564.94,10
2020,5,1693.2199999999998,7
2020,6,1951.8400000000001,2
2020,7,1761.7600000000002,4
2020,8,1731.9199999999998,6
2020,9,1737.1399999999999,5
2020,10,1681.56,8
2020,1,1225.68,10
2020,2,1963.62,3
2020,3,1373.0600000000002,9
2020,4,1901.2599999999998,4
2020,5,1890.02,5
2020,6,1845.7599999999998,7
2020,7,1879.8200000000002,6
2020,8,1993.1599999999999,1
2020,9,1965.26,2
2020,10,1421.9,8
2020,1,1773.18,5
2020,2,1821.4599999999998,2
2020,3,1721.52,6
2020,4,1633.1200000000001,9
2020,5,1800.74,3
2020,6,1605.2800000000002,10
2020,7,1780.7800000000002,4
2020,8,1641.2800000000002,8
2020,9,1657.84,7
2020,10,2099.38,1
2020,1,1864.2599999999998,3
2020,2,1494.6799999999998,9
2020,3,1520.48,8
2020,4,1381.44,10
2020,5,1780.14,4
2020,6,1538.4,7
2020,7,2046.38,2
2020,8,2080.68,1
2020,9,1557.46,6
2020,10,1692.28,5
2020,1,1959.32,2
2020,2,1903.56,4
2020,3,1789.6799999999998,5
2020,4,2206.86,1
2020,5,1688.04,7
2020,6,1546.2199999999998,10
2020,7,1909.6200000000001,3
2020,8,1560.52,9
2020,9,1564.84,8
2020,10,1741.08,6
2020,1,1951.1999999999998,4
2020,2,1680.64,6
2020,3,1467.6799999999998,9
2020,4,1766.4600000000003,5
2020,5,1490.88,7
2020,6,1460.38,10
2020,7,1985.88,3
2020,8,1478.8400000000001,8
2020,9,2105.8599999999997,2
2020,10,2109.66,1
2020,1,1879.12,4
2020,2,1672.9400000000003,7
2020,3,1672.1599999999999,8
2020,4,1354.08,10
2020,5,1845.2,5
2020,6,1906.2400000000002,3
2020,7,1487.48,9
2020,8,2058.2,1
2020,9,1913.32,2
2020,10,1713.9599999999998,6
2020,1,1724.3200000000002,5
2020,2,1921.8999999999999,2
2020,3,1522.46,10
2020,4,1712.68,6
2020,5,1702.78,7
2020,6,1640.8400000000001,8
2020,7,1836.5199999999998,4
2020,8,1844.0000000000002,3
2020,9,1989.5,1
2020,10,1537.36,9
2020,1,1777.52,4
2020,2,1896.0,1
2020,3,1854.4599999999998,2
2020,4,1774.2400000000002,5
2020,5,1795.9199999999998,3
2020,6,1716.7599999999998,8
2020,7,1733.98,7
2020,8,1549.04,10
2020,9,1753.5,6
2020,10,1629.4,9
2020,1,1965.14,3
2020,2,1797.8200000000002,5
2020,3,1568.5,9
2020,4,1864.3599999999997,4
2020,5,1435.52,10
2020,6,1708.4,7
2020,7,1772.84,6
2020,8,1991.2800000000002,2
2020,9,1648.16,8
2020,10,2082.22,1
2020,1,1850.04,3
2020,2,1573.4599999999998,8
2020,3,2301.94,1
2020,4,1532.3399999999997,9
2020,5,1719.4,7
2020,6,1799.06,4
2020,7,1465.7599999999998,10
2020,8,1795.96,5
2020,9,1747.58,6
2020,10,1855.2200000000003,2
2020,1,1729.1599999999999,6
2020,2,1446.4399999999998,10
2020,3,1828.9400000000003,2
2020,4,1795.3200000000002,3
2020,5,1780.08,4
2020,6,1736.4199999999998,5
2020,7,1596.94,8
2020,8,2052.3999999999996,1
2020,9,1630.0800000000002,7
2020,10,1574.92,9
2020,1,2045.5000000000002,1
2020,2,1913.8999999999999,3
2020,3,1785.94,5
2020,4,1813.2400000000002,4
2020,5,1469.6399999999999,10
2020,6,1932.2600000000002,2
2020,7,1555.5800000000002,9
2020,8,1689.62,6
2020,9,1684.78,7
2020,10,1664.06,8
2020,1,1685.98,7
2020,2,1956.3199999999997,2
2020,3,1562.1200000000001,10
2020,4,1695.1,6
2020,5,1750.54,5
2020,6,1775.46,4
2020,7,1967.3600000000001,1
2020,8,1885.8600000000001,3
2020,9,1642.58,9
2020,10,1662.7600000000002,8
2020,1,1620.54,7
2020,2,1466.2399999999998,10
2020,3,1808.1200000000001,4
2020,4,1737.0600000000004,5
2020,5,1638.86,6
2020,6,1581.66,9
2020,7,1916.46,1
2020,8,1842.3,3
2020,9,1882.06,2
2020,10,1596.6799999999998,8
2020,1,1837.1999999999998,2
2020,2,1812.18,5
2020,3,1196.74,10
2020,4,2122.8,1
2020,5,1705.54,8
2020,6,1746.6599999999999,6
2020,7,1720.1600000000003,7
2020,8,1823.5200000000002,4
2020,9,1824.0400000000002,3
2020,10,1637.98,9
2020,1,1546.68,8
2020,2,1770.34,4
2020,3,1672.1,6
2020,4,2094.7799999999997,1
2020,5,1735.42,5
2020,6,1800.9599999999998,3
2020,7,1500.9599999999998,9
2020,8,2028.58,2
2020,9,1324.44,10
2020,10,1619.62,7
2020,1,1389.1,9
2020,2,1862.18,4
2020,3,1770.3200000000002,6
2020,4,1595.56,8
2020,5,1966.6599999999999,2
2020,6,1091.18,10
2020,7,1730.06,7
2020,8,1901.3800000000003,3
2020,9,1992.52,1
2020,10,1857.8,5
2020,1,1696.98,8
2020,2,1614.02,9
2020,3,1934.7,2
2020,4,2058.76,1
2020,5,1827.8799999999999,4
2020,6,1737.76,7
2020,7,1752.28,5
2020,8,1742.08,6
2020,9,1879.96,3
2020,10,1448.16,10
2020,1,1736.6400000000003,4
2020,2,1712.7199999999998,6
2020,3,1827.66,3
2020,4,1722.5800000000002,5
2020,5,1711.9599999999998,7
2020,6,1706.6799999999998,8
2020,7,1909.7800000000002,1
2020,8,1692.06,9
2020,9,1851.74,2
2020,10,1538.06,10
2020,1,1817.06,4
2020,2,1543.54,8
2020,3,1542.04,9
2020,4,1898.3400000000001,2
2020,5,1749.3600000000001,5
2020,6,1534.46,10
2020,7,1982.2400000000002,1
2020,8,1622.02,7
2020,9,1867.46,3
2020,10,1659.6999999999998,6
2020,1,1804.02,5
2020,2,1838.5,3
2020,3,1814.1799999999998,4
2020,4,1869.06,2
2020,5,1774.62,6
2020,6,1753.1800000000003,7
2020,7,1649.1799999999998,8
2020,8,1611.7400000000002,9
2020,9,2027.8399999999997,1
2020,10,1477.3400000000001,10
2020,1,1485.4,8
2020,2,1848.74,3
2020,3,1699.6000000000001,5
2020,4,2241.1800000000003,1
2020,5,1669.76,7
2020,6,1680.04,6
2020,7,1401.52,10
2020,8,1721.66,4
2020,9,1481.5,9
2020,10,1939.56,2
2020,1,1898.6,4
2020,2,1279.1000000000001,10
2020,3,1762.64,6
2020,4,1488.62,9
2020,5,2061.78,2
2020,6,1853.4199999999998,5
2020,7,1603.42,8
2020,8,2048.76,3
2020,9,2082.5600000000004,1
2020,10,1617.7400000000002,7
2020,1,1912.92,2
2020,2,1962.6,1
2020,3,1788.7399999999998,5
2020,4,1699.58,6
2020,5,1550.4,10
2020,6,1671.56,8
2020,7,1681.0600000000002,7
2020,8,1871.92,4
2020,9,1551.2,9
2020,10,1884.6599999999999,3
2020,1,1763.7600000000002,5
2020,2,1564.1799999999998,9
2020,3,2200.1200000000003,1
2020,4,1634.6000000000001,7
2020,5,1609.3400000000001,8
2020,6,1684.3600000000001,6
2020,7,1864.88,3
2020,8,1914.6,2
2020,9,1476.96,10
2020,10,1864.8799999999997,4
2020,1,2202.6,1
2020,2,1623.02,9
2020,3,1627.2399999999998,8
2020,4,1798.68,5
2020,5,1743.3400000000001,6
2020,6,1803.9199999999998,4
2020,7,1538.9,10
2020,8,1951.02,2
2020,9,1706.7999999999997,7
2020,10,1866.9599999999998,3
2020,1,1733.0200000000002,6
2020,2,1405.24,10
2020,3,1933.46,2
2020,4,1535.2600000000002,9
2020,5,1828.66,5
2020,6,1852.3600000000001,3
2020,7,1579.94,8
2020,8,1963.1999999999998,1
2020,9,1706.72,7
2020,10,1833.2000000000003,4
2020,1,1811.46,3
2020,2,1776.6200000000001,5
2020,3,1767.5,6
2020,4,1888.36,1
2020,5,1637.2400000000002,9
2020,6,1798.3400000000001,4
2020,7,1741.48,7
2020,8,1861.24,2
2020,9,1653.8200000000002,8
2020,10,1549.7799999999997,10
2020,1,1838.04,3
2020,2,1583.04,10
2020,3,1827.1,5
2020,4,1797.4999999999998,6
2020,5,1839.04,2
2020,6,1622.98,7
2020,7,2048.54,1
2020,8,1620.66,8
2020,9,1830.02,4
2020,10,1612.7399999999998,9
2020,1,1714.8200000000002,7
2020,2,1583.24,8
2020,3,1764.66,5
2020,4,1744.86,6
2020,5,1513.64,10
2020,6,1887.06,2
2020,7,1526.7800000000002,9
2020,8,2014.96,1
2020,9,1870.56,3
2020,10,1830.7600000000002,4
2020,1,1906.3799999999997,1
2020,2,1693.9599999999998,8
2020,3,1801.04,3
2020,4,1510.2199999999998,9
2020,5,1900.5,2
2020,6,1488.76,10
2020,7,1759.62,7
2020,8,1760.38,6
2020,9,1788.1999999999998,4
2020,10,1785.72,5
2020,1,1783.04,5
2020,2,1848.16,2
2020,3,1588.12,9
2020,4,2007.38,1
2020,5,1815.1800000000003,3
2020,6,1670.02,8
2020,7,1713.8600000000001,7
2020,8,1798.0,4
2020,9,1766.6399999999999,6
2020,10,1450.38,10
2020,1,1528.8399999999997,10
2020,2,1857.3600000000001,3
2020,3,1566.8600000000001,9
2020,4,1976.2800000000002,1
2020,5,1919.3600000000001,2
2020,6,1735.8400000000001,6
2020,7,1630.1600000000003,7
2020,8,1607.8,8
2020,9,1768.6599999999999,5
2020,10,1802.98,4
2020,1,1887.68,2
2020,2,1792.1000000000001,4
2020,3,1612.98,9
2020,4,1476.98,10
2020,5,1874.62,3
2020,6,1728.24,6
2020,7,1697.3000000000002,8
2020,8,1718.02,7
2020,9,1764.92,5
2020,10,1929.92,1
2020,1,1366.6799999999998,10
2020,2,2061.02,1
2020,3,1782.1000000000001,5
2020,4,1719.9,6
2020,5,1858.48,3
2020,6,1804.46,4
2020,7,1477.3400000000001,8
2020,8,1883.2199999999998,2
2020,9,1654.68,7
2020,10,1474.14,9
2020,1,2088.04,1
2020,2,1633.94,7
2020,3,1871.36,3
2020,4,1671.8400000000001,5
2020,5,1574.7599999999998,9
2020,6,1919.02,2
2020,7,1857.7199999999998,4
2020,8,1532.52,10
2020,9,1626.1599999999999,8
2020,10,1670.2999999999997,6
2020,1,1884.42,3
2020,2,1893.7,2
2020,3,1808.92,6
2020,4,1867.0399999999997,4
2020,5,1685.5,8
2020,6,1510.4200000000003,9
2020,7,1974.38,1
2020,8,1851.44,5
2020,9,1329.62,10
2020,10,1696.6999999999998,7
2020,1,1682.9,7
2020,2,2022.42,1
2020,3,1993.8800000000003,2
2020,4,1906.5200000000002,3
2020,5,1586.5800000000002,8
2020,6,1799.04,5
2020,7,1578.66,9
2020,8,1826.08,4
2020,9,1728.44,6
2020,10,1371.82,10
2020,1,1541.44,8
2020,2,1319.24,9
2020,3,2010.46,1
2020,4,1878.2599999999998,4
2020,5,1731.0200000000002,5
2020,6,1697.22,6
2020,7,1915.6999999999998,3
2020,8,1303.8,10
2020,9,1951.7200000000003,2
2020,10,1679.5600000000002,7
2020,1,1397.56,10
2020,2,1746.1,6
2020,3,1643.3600000000001,8
2020,4,2062.6,1
2020,5,2024.6,2
2020,6,1850.7399999999998,4
2020,7,1759.5400000000002,5
2020,8,1659.12,7
2020,9,1459.2799999999997,9
2020,10,1856.04,3
2020,1,1607.8400000000001,8
2020,2,1781.8200000000002,5
2020,3,1433.0600000000002,10
2020,4,1846.02,4
2020,5,1982.1999999999998,1
2020,6,1892.88,3
2020,7,1611.4199999999998,7
2020,8,1899.38,2
2020,9,1510.8000000000002,9
2020,10,1714.84,6
2020,1,1826.6399999999999,4
2020,2,1821.7600000000002,5
2020,3,1438.24,10
2020,4,1836.88,3
2020,5,1881.6600000000003,2
2020,6,1704.04,6
2020,7,2013.3400000000001,1
2020,8,1689.0,7
2020,9,1598.6799999999998,8
2020,10,1551.42,9
2020,1,1630.1599999999999,9
2020,2,1355.42,10
2020,3,1878.88,3
2020,4,1974.02,1
2020,5,1942.08,2
2020,6,1646.9,8
2020,7,1714.4399999999998,7
2020,8,1829.94,4
2020,9,1777.0,5
2020,10,1717.32,6
2020,1,1671.5999999999997,6
2020,2,1724.0,4
2020,3,2022.2400000000002,2
2020,4,1368.36,10
2020,5,1567.2000000000003,7
2020,6,2090.94,1
2020,7,1549.0000000000002,9
2020,8,1709.8200000000002,5
2020,9,1559.7999999999997,8
2020,10,1929.36,3
2020,1,1553.5399999999997,8
2020,2,1856.8400000000001,3
2020,3,1618.56,7
2020,4,1399.76,10
2020,5,2016.04,2
2020,6,2086.5,1
2020,7,1688.7199999999998,6
2020,8,1748.6,5
2020,9,1513.4199999999998,9
2020,10,1808.44,4
2020,1,1495.2400000000002,10
2020,2,1670.1399999999999,6
2020,3,1889.6799999999998,3
2020,4,1767.92,5
2020,5,1577.36,8
2020,6,1613.5,7
2020,7,2013.8600000000001,1
2020,8,1958.7000000000003,2
2020,9,1555.6,9
2020,10,1829.26,4
2020,1,1670.8000000000002,7
2020,2,1886.76,1
2020,3,1637.2600000000002,8
2020,4,1631.52,9
2020,5,1739.92,5
2020,6,1796.54,4
2020,7,1857.52,2
2020,8,1671.7000000000003,6
2020,9,1823.2800000000002,3
2020,10,1522.98,10
2020,1,1757.7599999999998,6
2020,2,1649.38,7
2020,3,1928.4,4
2020,4,1542.2399999999998,9
2020,5,1484.1999999999998,10
2020,6,1789.1,5
2020,7,1993.6599999999999,2
2020,8,1945.44,3
2020,9,2013.3000000000002,1
2020,10,1569.32,8
2020,1,1748.74,6
2020,2,1852.36,3
2020,3,1376.7200000000003,9
2020,4,1547.5,8
2020,5,1837.1599999999999,4
2020,6,1368.44,10
2020,7,1678.1599999999999,7
2020,8,1803.9600000000003,5
2020,9,1968.6000000000001,2
2020,10,2117.92,1
2020,1,1856.86,3
2020,2,1654.92,6
2020,3,1990.94,1
2020,4,1722.3600000000001,4
2020,5,1679.7800000000002,5
2020,6,1624.06,7
2020,7,1579.5400000000002,9
2020,8,1595.6200000000001,8
2020,9,1972.6799999999998,2
2020,10,1454.3799999999999,10
2020,1,1983.5,2
2020,2,1989.9,1
2020,3,1636.6599999999999,9
2020,4,1626.94,10
2020,5,1692.68,8
2020,6,1740.2200000000003,6
2020,7,1901.7599999999998,3
2020,8,1797.52,4
2020,9,1733.04,7
2020,10,1741.1599999999999,5
2020,1,1728.08,6
2020,2,1781.58,5
2020,3,1960.9,1
2020,4,1638.7,9
2020,5,1671.08,8
2020,6,1946.3400000000001,3
2020,7,1832.42,4
2020,8,1462.92,10
2020,9,1693.56,7
2020,10,1953.5000000000002,2
2020,1,1673.6399999999999,7
2020,2,1421.3000000000002,9
2020,3,1823.4,4
2020,4,1673.5199999999998,8
2020,5,1253.8200000000002,10
2020,6,2163.3999999999996,1
2020,7,1743.94,5
2020,8,1898.8199999999997,3
2020,9,2105.8399999999997,2
2020,10,1693.06,6
2020,1,1622.1,9
2020,2,1572.38,10
2020,3,1700.06,7
2020,4,1679.8600000000001,8
2020,5,1979.22,1
2020,6,1715.4,6
2020,7,1825.3400000000001,4
2020,8,1857.24,2
2020,9,1849.82,3
2020,10,1786.7799999999997,5
2020,1,2013.92,2
2020,2,1742.76,4
2020,3,2023.1999999999998,1
2020,4,1691.82,6
2020,5,1690.8,7
2020,6,1677.3000000000002,8
2020,7,1724.08,5
2020,8,1580.8600000000001,9
2020,9,1497.5,10
2020,10,1866.6200000000001,3
2020,1,1720.7600000000002,7
2020,2,1966.46,1
2020,3,1904.4199999999998,3
2020,4,1946.1200000000001,2
2020,5,1546.2400000000002,10
2020,6,1813.36,4
2020,7,1665.52,8
2020,8,1604.94,9
2020,9,1796.0800000000002,5
2020,10,1731.48,6
2020,1,2014.6,1
2020,2,1608.6599999999999,8
2020,3,1699.4599999999998,7
2020,4,1880.44,2
2020,5,1807.48,5
2020,6,1850.74,4
2020,7,1449.92,10
2020,8,1794.06,6
2020,9,1482.08,9
2020,10,1852.2800000000002,3
2020,1,1649.94,7
2020,2,1859.4,3
2020,3,1969.58,1
2020,4,1625.0800000000002,8
2020,5,1650.36,6
2020,6,1812.2800000000002,4
2020,7,1597.48,9
2020,8,1951.1200000000001,2
2020,9,1597.4399999999998,10
2020,10,1676.3200000000002,5
2020,1,1860.6999999999998,2
2020,2,2159.2200000000003,1
2020,3,1636.56,8
2020,4,1665.72,7
2020,5,1802.94,3
2020,6,1789.48,4
2020,7,1624.7000000000003,9
2020,8,1437.8600000000001,10
2020,9,1771.14,5
2020,10,1690.1200000000001,6
2020,1,1735.1799999999998,7
2020,2,1577.6999999999998,9
2020,3,1783.7199999999998,5
2020,4,1795.96,4
2020,5,1678.94,8
2020,6,1933.16,2
2020,7,2026.7400000000002,1
2020,8,1845.26,3
2020,9,1756.58,6
2020,10,1260.1200000000001,10
2020,1,1877.02,2
2020,2,1779.38,5
2020,3,1709.62,7
2020,4,1985.1,1
2020,5,1847.98,4
2020,6,1855.1599999999999,3
2020,7,1585.18,9
2020,8,1756.6,6
2020,9,1494.8400000000001,10
2020,10,1602.2399999999998,8
2020,1,1704.78,7
2020,2,1835.06,2
2020,3,1596.1,9
2020,4,1315.72,10
2020,5,1733.9999999999998,5
2020,6,1829.52,3
2020,7,1717.2800000000002,6
2020,8,1811.6999999999998,4
2020,9,1627.2600000000002,8
2020,10,1888.22,1
2020,1,1614.1399999999999,9
2020,2,1875.4599999999998,2
2020,3,1846.5000000000002,3
2020,4,1719.96,8
2020,5,1768.04,5
2020,6,1744.1799999999998,6
2020,7,2008.98,1
2020,8,1723.5000000000002,7
2020,9,1829.4199999999998,4
2020,10,1429.7600000000002,10
2020,1,1977.9599999999996,1
2020,2,1875.8600000000001,4
2020,3,1651.38,7
2020,4,1587.9199999999998,9
2020,5,1819.74,6
2020,6,1405.0,10
2020,7,1859.8600000000001,5
2020,8,1621.68,8
2020,9,1919.68,3
2020,10,1944.3200000000002,2
2020,1,2154.52,1
2020,2,1593.0600000000002,8
2020,3,1593.8999999999999,7
2020,4,1869.7200000000003,3
2020,5,1560.2199999999998,9
2020,6,1760.58,5
2020,7,1536.48,10
2020,8,1813.8999999999999,4
2020,9,1907.0400000000002,2
2020,10,1741.18,6
2020,1,1527.8600000000001,8
2020,2,2009.26,2
2020,3,1799.58,5
2020,4,1399.1599999999999,9
2020,5,1658.7399999999998,7
2020,6,1897.1799999999998,3
2020,7,1342.8,10
2020,8,1861.98,4
2020,9,2035.74,1
2020,10,1753.2999999999997,6
2020,1,1950.54,1
2020,2,1710.2600000000002,7
2020,3,1568.6799999999998,10
2020,4,1846.52,2
2020,5,1689.8,8
2020,6,1817.08,3
2020,7,1795.92,5
2020,8,1800.2199999999998,4
2020,9,1593.32,9
2020,10,1779.6000000000001,6
2020,1,1790.1800000000003,6
2020,2,1707.82,8
2020,3,1612.98,9
2020,4,1805.24,5
2020,5,1371.26,10
2020,6,1990.6,1
2020,7,1820.4799999999998,4
2020,8,1954.14,2
2020,9,1756.06,7
2020,10,1916.0600000000002,3
2020,1,1642.88,9
2020,2,1560.7200000000003,10
2020,3,1813.88,3
2020,4,1866.2000000000003,2
2020,5,1798.7599999999998,4
2020,6,1963.5000000000002,1
2020,7,1708.56,7
2020,8,1726.2799999999997,6
2020,9,1742.2200000000003,5
2020,10,1670.7200000000003,8
2020,1,1629.02,8
2020,2,1837.94,3
2020,3,1744.2399999999998,6
2020,4,1908.56,1
2020,5,1756.06,5
2020,6,1609.3799999999997,9
2020,7,1791.7799999999997,4
2020,8,1592.2399999999998,10
2020,9,1858.78,2
2020,10,1644.8,7
2020,1,1540.92,9
2020,2,2000.1599999999999,3
2020,3,1549.6200000000001,8
2020,4,1736.5800000000002,5
2020,5,2089.7799999999997,2
2020,6,2189.84,1
2020,7,1345.7,10
2020,8,1774.6399999999999,4
2020,9,1570.02,7
2020,10,1594.92,6
2020,1,1492.4999999999998,10
2020,2,1799.2199999999998,4
2020,3,1648.58,9
2020,4,1673.58,7
2020,5,1849.96,3
2020,6,1661.44,8
2020,7,1975.66,1
2020,8,1773.8200000000002,5
2020,9,1693.28,6
2020,10,1926.06,2
2020,1,1893.8,3
2020,2,1304.94,10
2020,3,1745.58,6
2020,4,1843.86,5
2020,5,1960.76,2
2020,6,1555.8799999999999,8
2020,7,1862.2999999999997,4
2020,8,1996.48,1
2020,9,1675.2800000000002,7
2020,10,1500.02,9
2020,1,1550.2,10
2020,2,1797.06,3
2020,3,1622.48,9
2020,4,1903.18,2
2020,5,1769.1200000000001,5
2020,6,1715.5600000000002,7
2020,7,1781.34,4
2020,8,1766.7,6
2020,9,1942.1,1
2020,10,1711.24,8
2020,1,1872.8799999999999,2
2020,2,1750.1999999999998,6
2020,3,1369.48,10
2020,4,1622.06,7
2020,5,1779.24,5
2020,6,1432.34,9
2020,7,1988.8199999999997,1
2020,8,1848.1200000000001,4
2020,9,1600.2999999999997,8
2020,10,1870.54,3
2020,1,2083.64,1
2020,2,2058.4,2
2020,3,1907.86,3
2020,4,1753.8200000000002,6
2020,5,1899.24,4
2020,6,1556.94,8
2020,7,1870.1999999999998,5
2020,8,1504.4599999999998,9
2020,9,1460.7399999999998,10
2020,10,1710.3999999999999,7
2020,1,1880.4600000000003,3
2020,2,1802.04,5
2020,3,1745.02,6
2020,4,1551.2599999999998,9
2020,5,1853.3000000000002,4
2020,6,1625.2,8
2020,7,1471.0,10
2020,8,1709.12,7
2020,9,2111.32,1
2020,10,1964.34,2
2020,1,1893.3000000000002,3
2020,2,1793.88,5
2020,3,2106.48,1
2020,4,1799.48,4
2020,5,1526.0400000000002,10
2020,6,1725.88,8
2020,7,1764.8400000000001,7
2020,8,1527.2799999999997,9
2020,9,1895.1599999999999,2
2020,10,1771.4,6
2020,1,1927.1599999999999,1
2020,2,1533.9599999999998,10
2020,3,1655.1799999999998,8
2020,4,1779.7800000000002,5
2020,5,1792.7200000000003,4
2020,6,1763.84,6
2020,7,1620.46,9
2020,8,1694.36,7
2020,9,1822.7,3
2020,10,1890.6999999999998,2
2020,1,1541.0600000000004,10
2020,2,1847.8,2
2020,3,1743.8600000000001,4
2020,4,1873.7799999999997,1
2020,5,1830.5200000000002,3
2020,6,1673.5,8
2020,7,1717.1,6
2020,8,1676.3,7
2020,9,1636.7800000000002,9
2020,10,1732.26,5
2020,1,1620.2800000000002,8
2020,2,1821.14,3
2020,3,1785.24,4
2020,4,1767.16,5
2020,5,1547.7600000000002,10
2020,6,1607.6799999999998,9
2020,7,1692.2399999999998,7
2020,8,1746.92,6
2020,9,1863.9000000000003,2
2020,10,1942.98,1
2020,1,1500.3,9
2020,2,1628.7600000000002,7
2020,3,1983.0,2
2020,4,2026.54,1
2020,5,1654.3000000000002,6
2020,6,1916.7800000000002,3
2020,7,1884.82,4
2020,8,1412.08,10
2020,9,1805.1200000000001,5
2020,10,1569.8200000000002,8
2020,1,1966.2400000000002,1
2020,2,1518.72,10
2020,3,1679.3599999999997,7
2020,4,1789.1999999999998,4
2020,5,1703.36,6
2020,6,1628.0400000000002,9
2020,7,1886.88,3
2020,8,1769.12,5
2020,9,1657.1,8
2020,10,1922.0599999999997,2
2020,1,1585.1599999999999,9
2020,2,1701.2599999999998,6
2020,3,1926.2799999999997,3
2020,4,1664.6000000000004,8
2020,5,1934.3200000000002,2
2020,6,1681.12,7
2020,7,1780.0,4
2020,8,1935.6599999999999,1
2020,9,1520.8399999999997,10
2020,10,1778.64,5
2020,1,1828.2000000000003,4
2020,2,1941.38,2
2020,3,1691.52,7
2020,4,1775.1,5
2020,5,1604.94,9
2020,6,1860.0200000000002,3
2020,7,1553.6999999999998,10
2020,8,2051.6400000000003,1
2020,9,1620.2599999999998,8
2020,10,1768.66,6
2020,1,1600.1799999999998,8
2020,2,1782.84,5
2020,3,1676.9600000000003,6
2020,4,2088.4,1
2020,5,1293.8400000000001,10
2020,6,1962.3799999999999,2
2020,7,1872.96,3
2020,8,1625.3200000000002,7
2020,9,1584.36,9
2020,10,1829.3200000000002,4
2020,1,1571.04,10
2020,2,1691.6200000000001,5
2020,3,1875.2000000000003,2
2020,4,1840.4,3
2020,5,1623.78,8
2020,6,1642.62,7
2020,7,2029.1800000000003,1
2020,8,1580.2800000000002,9
2020,9,1679.58,6
2020,10,1700.7600000000002,4
2021,1,1573.1,9
2021,2,1729.4399999999998,6
2021,3,1973.04,1
2021,4,1679.22,8
2021,5,1909.1399999999999,3
2021,6,1917.6799999999998,2
2021,7,1810.64,4
2021,8,1708.9,7
2021,9,1506.16,10
2021,10,1798.02,5
2021,1,2040.2599999999998,2
2021,2,1828.06,5
2021,3,1996.74,3
2021,4,1922.74,4
2021,5,2062.0,1
2021,6,1307.2800000000002,10
2021,7,1648.62,7
2021,8,1593.8999999999999,8
2021,9,1561.62,9
2021,10,1682.2400000000002,6
2021,1,2268.68,1
2021,2,1441.7,9
2021,3,2047.7200000000003,2
2021,4,1897.18,4
2021,5,1424.4,10
2021,6,1634.6999999999998,5
2021,7,1937.04,3
2021,8,1550.96,6
2021,9,1487.2,8
2021,10,1536.7,7
2021,1,1626.1,7
2021,2,1616.76,8
2021,3,1872.86,3
2021,4,1774.2600000000002,5
2021,5,1547.04,9
2021,6,1513.9,10
2021,7,2042.38,1
2021,8,1677.2800000000002,6
2021,9,1977.76,2
2021,10,1858.5,4
2021,1,2086.96,1
2021,2,1387.92,9
2021,3,2009.9600000000003,2
2021,4,1821.6,5
2021,5,1701.26,8
2021,6,1904.2400000000002,3
2021,7,1837.2,4
2021,8,1789.6399999999999,6
2021,9,1745.26,7
2021,10,1275.66,10
2021,1,2069.46,1
2021,2,1686.4399999999998,8
2021,3,1864.82,3
2021,4,1686.56,7
2021,5,1886.16,2
2021,6,1749.34,5
2021,7,1478.7,9
2021,8,1727.38,6
2021,9,1789.0800000000002,4
2021,10,1469.8400000000001,10
2021,1,1853.0,4
2021,2,1921.7800000000002,2
2021,3,1863.46,3
2021,4,1757.46,6
2021,5,1739.44,7
2021,6,2096.52,1
2021,7,1827.08,5
2021,8,1516.1800000000003,9
2021,9,1725.6799999999998,8
2021,10,1488.76,10
2021,1,2026.2,1
2021,2,1726.48,6
2021,3,1715.96,7
2021,4,1816.74,4
2021,5,1779.3400000000001,5
2021,6,1453.58,10
2021,7,1916.4399999999998,2
2021,8,1487.6,9
2021,9,1892.86,3
2021,10,1608.1600000000003,8
2021,1,1765.66,6
2021,2,1486.6599999999999,9
2021,3,1962.26,3
2021,4,1890.6,4
2021,5,2050.56,2
2021,6,2228.94,1
2021,7,1483.48,10
2021,8,1542.8799999999999,8
2021,9,1647.6,7
2021,10,1889.7200000000003,5
2021,1,1676.2799999999997,8
2021,2,1340.2199999999998,10
2021,3,1807.8400000000001,5
2021,4,1770.12,6
2021,5,1934.7,1
2021,6,1694.96,7
2021,7,1563.8399999999997,9
2021,8,1897.08,3
2021,9,1905.5600000000002,2
2021,10,1813.4399999999998,4
2021,1,1786.46,4
2021,2,1480.1399999999999,10
2021,3,2038.58,2
2021,4,1646.96,8
2021,5,1716.1399999999999,5
2021,6,1917.02,3
2021,7,1694.6599999999999,7
2021,8,2068.1800000000003,1
2021,9,1644.3600000000001,9
2021,10,1704.8000000000002,6
2021,1,1684.92,8
2021,2,1694.46,7
2021,3,2157.46,1
2021,4,1754.96,5
2021,5,1462.3200000000002,10
2021,6,1914.8400000000001,3
2021,7,1917.8000000000002,2
2021,8,1606.18,9
2021,9,1804.56,4
2021,10,1738.02,6
2021,1,1761.6799999999998,6
2021,2,1912.08,4
2021,3,1492.38,9
2021,4,1790.26,5
2021,5,1463.38,10
2021,6,1648.72,8
2021,7,2179.14,1
2021,8,1711.38,7
2021,9,1916.08,3
2021,10,2043.56,2
2021,1,1683.3200000000002,8
2021,2,1565.46,9
2021,3,1693.7,7
2021,4,1978.6000000000001,1
2021,5,1844.64,4
2021,6,1839.38,5
2021,7,1977.2,2
2021,8,1867.58,3
2021,9,1457.6399999999999,10
2021,10,1820.1399999999999,6
2021,1,1766.7399999999998,4
2021,2,1760.1399999999999,5
2021,3,1740.3799999999999,6
2021,4,1684.46,7
2021,5,2020.96,2
2021,6,1580.5000000000002,9
2021,7,1625.3600000000001,8
2021,8,1520.8400000000001,10
2021,9,1769.38,3
2021,10,2028.96,1
2021,1,1906.14,4
2021,2,1693.1599999999999,7
2021,3,1691.14,8
2021,4,1971.16,3
2021,5,1718.1200000000001,6
2021,6,1253.1599999999999,10
2021,7,2057.8399999999997,2
2021,8,1464.1200000000001,9
2021,9,1736.3199999999997,5
2021,10,2144.48,1
2021,1,1841.3999999999996,4
2021,2,1994.16,2
2021,3,1984.2799999999997,3
2021,4,1390.9,8
2021,5,1376.7,9
2021,6,1625.6,7
2021,7,1753.1799999999998,6
2021,8,2179.92,1
2021,9,1809.2600000000002,5
2021,10,1340.16,10
2021,1,1738.66,6
2021,2,1934.4600000000003,4
2021,3,1773.52,5
2021,4,2004.1999999999998,2
2021,5,1737.88,7
2021,6,1607.24,8
2021,7,1579.1,9
2021,8,1521.2599999999998,10
2021,9,1985.2999999999997,3
2021,10,2026.54,1
2021,1,1673.5,6
2021,2,1569.84,8
2021,3,1886.9399999999998,3
2021,4,1569.2400000000002,9
2021,5,1847.52,4
2021,6,1364.0,10
2021,7,1639.02,7
2021,8,1972.3599999999997,2
2021,9,2196.16,1
2021,10,1753.3799999999999,5
2021,1,1897.7800000000002,1
2021,2,1855.86,5
2021,3,1857.46,4
2021,4,1428.9599999999998,10
2021,5,1894.4,2
2021,6,1774.04,7
2021,7,1808.6399999999999,6
2021,8,1892.1399999999999,3
2021,9,1518.3600000000001,9
2021,10,1769.0199999999998,8
2021,1,1814.76,5
2021,2,1847.8600000000001,4
2021,3,1913.6599999999999,2
2021,4,1651.8600000000001,8
2021,5,1602.6399999999999,9
2021,6,2019.04,1
2021,7,1780.6999999999998,7
2021,8,1790.06,6
2021,9,1890.58,3
2021,10,1569.3000000000002,10
2021,1,1625.04,9
2021,2,1640.96,8
2021,3,1859.24,4
2021,4,2085.92,1
2021,5,2004.8000000000002,2
2021,6,1641.6,7
2021,7,1792.08,5
2021,8,1672.1,6
2021,9,1912.3399999999997,3
2021,10,1264.26,10
2021,1,2361.2799999999997,1
2021,2,1988.76,3
2021,3,1501.38,8
2021,4,1852.1999999999998,4
2021,5,2026.6399999999999,2
2021,6,1842.94,5
2021,7,1371.08,10
2021,8,1506.2000000000003,7
2021,9,1701.1,6
2021,10,1461.92,9
2021,1,1527.48,9
2021,2,1564.94,8
2021,3,1863.34,4
2021,4,1093.9,10
2021,5,1972.08,2
2021,6,2027.66,1
2021,7,1713.56,7
2021,8,1740.6999999999998,6
2021,9,1911.78,3
2021,10,1767.2800000000002,5
2021,1,1770.72,5
2021,2,1521.98,9
2021,3,1770.94,4
2021,4,2066.1,1
2021,5,1465.46,10
2021,6,2015.7400000000002,2
2021,7,1690.3,7
2021,8,1895.34,3
2021,9,1623.44,8
2021,10,1700.8999999999999,6
2021,1,1985.7399999999998,2
2021,2,1768.1599999999999,6
2021,3,1657.6599999999999,8
2021,4,1844.3200000000002,5
2021,5,1950.6599999999999,3
2021,6,2078.04,1
2021,7,1564.02,9
2021,8,1767.6,7
2021,9,1374.6,10
2021,10,1878.14,4
2021,1,1383.16,10
2021,2,2202.44,1
2021,3,1878.86,4
2021,4,1980.6799999999998,2
2021,5,1657.28,8
2021,6,1837.22,5
2021,7,1538.3400000000001,9
2021,8,1954.7800000000002,3
2021,9,1703.2,7
2021,10,1816.58,6
2021,1,1394.8600000000001,9
2021,2,1612.2399999999998,7
2021,3,1684.28,6
2021,4,1731.76,5
2021,5,1558.26,8
2021,6,1879.1400000000003,2
2021,7,1327.1999999999998,10
2021,8,1774.3,4
2021,9,2197.94,1
2021,10,1822.1799999999998,3
2021,1,1918.1200000000001,3
2021,2,1765.7,6
2021,3,1812.22,4
2021,4,1611.36,8
2021,5,1498.98,10
2021,6,1612.48,7
2021,7,2105.14,1
2021,8,2038.8,2
2021,9,1597.6599999999999,9
2021,10,1789.0,5
2021,1,1596.1,9
2021,2,2036.7599999999998,1
2021,3,1818.28,4
2021,4,1898.7400000000002,3
2021,5,1720.82,6
2021,6,1653.52,8
2021,7,1674.56,7
2021,8,1971.4,2
2021,9,1396.8600000000001,10
2021,10,1813.5,5
2021,1,1914.04,2
2021,2,1609.4,7
2021,3,1700.08,5
2021,4,1762.44,4
2021,5,2220.88,1
2021,6,1577.4799999999998,8
2021,7,1690.3000000000002,6
2021,8,1370.06,10
2021,9,1895.6599999999999,3
2021,10,1493.5,9
2021,1,1764.6399999999999,4
2021,2,1647.2,6
2021,3,1542.98,8
2021,4,1493.26,10
2021,5,1987.6599999999999,2
2021,6,1518.88,9
2021,7,1711.8999999999999,5
2021,8,2292.46,1
2021,9,1857.6,3
2021,10,1582.78,7
2021,1,2117.58,1
2021,2,1826.08,3
2021,3,1465.42,10
2021,4,1502.04,9
2021,5,1731.54,5
2021,6,1756.7,4
2021,7,1703.3600000000001,7
2021,8,1836.66,2
2021,9,1714.54,6
2021,10,1649.1000000000001,8
2021,1,2103.5400000000004,1
2021,2,1685.32,9
2021,3,1694.9599999999998,8
2021,4,1764.46,6
2021,5,1787.2399999999998,5
2021,6,1708.4,7
2021,7,1523.48,10
2021,8,1812.6200000000001,3
2021,9,1808.52,4
2021,10,1985.3600000000001,2
2021,1,1644.6000000000001,7
2021,2,2242.92,1
2021,3,1578.62,8
2021,4,1710.88,5
2021,5,1891.8,4
2021,6,1709.1599999999999,6
2021,7,1463.6399999999999,9
2021,8,1954.4,2
2021,9,1320.5,10
2021,10,1925.34,3
2021,1,1469.38,9
2021,2,1978.4,2
2021,3,1831.46,4
2021,4,1734.58,5
2021,5,1628.8799999999999,7
2021,6,1849.46,3
2021,7,1709.38,6
2021,8,1424.84,10
2021,9,2221.3199999999997,1
2021,10,1602.02,8
2021,1,2093.02,1
2021,2,1604.34,8
2021,3,1539.94,9
2021,4,1746.3600000000001,6
2021,5,1981.3400000000001,2
2021,6,1654.2600000000002,7
2021,7,1910.8400000000001,4
2021,8,1842.54,5
2021,9,1940.46,3
2021,10,1483.8999999999999,10
2021,1,1612.04,8
2021,2,1688.6799999999996,7
2021,3,2056.94,2
2021,4,1697.26,6
2021,5,1562.8000000000002,9
2021,6,1840.26,3
2021,7,1302.38,10
2021,8,2068.5,1
2021,9,1723.46,5
2021,10,1827.48,4
2021,1,1794.18,4
2021,2,1593.06,10
2021,3,1749.8799999999999,5
2021,4,1638.68,8
2021,5,2028.6,1
2021,6,1699.94,6
2021,7,1976.8,2
2021,8,1916.22,3
2021,9,1610.52,9
2021,10,1662.06,7
2021,1,1777.7600000000002,5
2021,2,1819.38,4
2021,3,1723.54,6
2021,4,1468.3600000000001,9
2021,5,1595.98,8
2021,6,2158.1,1
2021,7,1905.8000000000002,3
2021,8,1716.04,7
2021,9,2045.38,2
2021,10,1379.8999999999999,10
2021,1,1672.24,7
2021,2,1827.4999999999998,5
2021,3,1928.3200000000002,2
2021,4,1864.6999999999998,4
2021,5,1567.94,10
2021,6,1671.44,8
2021,7,2036.76,1
2021,8,1865.52,3
2021,9,1687.62,6
2021,10,1664.9,9
2021,1,1786.58,5
2021,2,1861.02,4
2021,3,1729.2599999999998,7
2021,4,1406.0,10
2021,5,1894.24,2
2021,6,1772.22,6
2021,7,1950.2799999999997,1
2021,8,1891.3,3
2021,9,1453.6,9
2021,10,1712.4799999999998,8
2021,1,1856.7399999999998,3
2021,2,1559.8799999999999,8
2021,3,1791.2,6
2021,4,1474.8,10
2021,5,1539.5,9
2021,6,1876.1799999999998,2
2021,7,1793.9399999999998,5
2021,8,1800.44,4
2021,9,1706.6599999999999,7
2021,10,1919.8200000000002,1
2021,1,1474.42,10
2021,2,1674.22,8
2021,3,1887.96,1
2021,4,1752.2000000000003,5
2021,5,1781.84,3
2021,6,1769.5400000000002,4
2021,7,1671.2400000000002,9
2021,8,1737.1399999999999,6
2021,9,1863.08,2
2021,10,1716.7800000000002,7
2021,1,1817.58,5
2021,2,1854.3600000000001,2
2021,3,2014.8200000000002,1
2021,4,1764.42,7
2021,5,1591.16,8
2021,6,1798.0400000000002,6
2021,7,1838.48,3
2021,8,1434.3000000000002,10
2021,9,1834.2399999999998,4
2021,10,1452.2600000000002,9
2021,1,1693.68,7
2021,2,1699.46,6
2021,3,2057.54,1
2021,4,1833.68,4
2021,5,1430.9199999999998,10
2021,6,1580.8,8
2021,7,1573.9599999999998,9
2021,8,1737.6599999999999,5
2021,9,1964.6799999999998,3
2021,10,1987.08,2
2021,1,1524.7,9
2021,2,2137.1,1
2021,3,1805.1799999999998,6
2021,4,1912.56,3
2021,5,1594.46,8
2021,6,2136.7000000000003,2
2021,7,1602.06,7
2021,8,1907.4,4
2021,9,1809.58,5
2021,10,1297.6999999999998,10
2021,1,1472.0800000000002,10
2021,2,1982.1,3
2021,3,2010.88,2
2021,4,1489.92,8
2021,5,1624.88,7
2021,6,1790.78,5
2021,7,1932.34,4
2021,8,2147.9199999999996,1
2021,9,1767.1800000000003,6
2021,10,1487.56,9
2021,1,1916.58,3
2021,2,1589.1399999999999,8
2021,3,1862.36,4
2021,4,1538.08,9
2021,5,2218.26,1
2021,6,1812.2800000000002,6
2021,7,1840.62,5
2021,8,1625.08,7
2021,9,1505.3000000000002,10
2021,10,1934.9599999999996,2
2021,1,1910.76,1
2021,2,1699.38,7
2021,3,1893.8000000000002,3
2021,4,1513.6799999999998,8
2021,5,1758.4,4
2021,6,1749.16,5
2021,7,1744.9,6
2021,8,1504.4599999999998,9
2021,9,1487.4,10
2021,10,1894.1999999999998,2
2021,1,1815.96,4
2021,2,1576.62,8
2021,3,1704.54,7
2021,4,2218.76,1
2021,5,1493.1,10
2021,6,1846.78,3
2021,7,1782.24,5
2021,8,1768.5,6
2021,9,1570.98,9
2021,10,1954.6600000000003,2
2021,1,1669.44,9
2021,2,1732.7399999999998,5
2021,3,1707.3799999999999,6
2021,4,1784.1200000000001,4
2021,5,1630.2,10
2021,6,1691.18,7
2021,7,2231.04,1
2021,8,1888.2600000000002,2
2021,9,1675.78,8
2021,10,1789.1599999999999,3
2021,1,1900.2399999999998,3
2021,2,1661.7600000000002,7
2021,3,1561.0800000000002,9
2021,4,1836.5,4
2021,5,1593.2400000000002,8
2021,6,1751.18,6
2021,7,1501.16,10
2021,8,1821.8,5
2021,9,1905.52,2
2021,10,2032.0600000000002,1
2021,1,1620.1399999999999,8
2021,2,2111.34,1
2021,3,1627.4,7
2021,4,1723.12,6
2021,5,1570.96,9
2021,6,1836.48,3
2021,7,1535.18,10
2021,8,1840.8999999999999,2
2021,9,1778.1,4
2021,10,1773.3799999999999,5
2021,1,1744.7800000000002,6
2021,2,1746.5,5
2021,3,1693.2800000000002,7
2021,4,1826.9799999999998,3
2021,5,1885.6000000000001,2
2021,6,1580.0,10
2021,7,1791.94,4
2021,8,1624.88,8
2021,9,1605.56,9
2021,10,2013.6999999999998,1
2021,1,1687.3,6
2021,2,1654.8,8
2021,3,1879.3200000000002,3
2021,4,2174.06,1
2021,5,1992.58,2
2021,6,1802.16,4
2021,7,1741.94,5
2021,8,1680.44,7
2021,9,1469.0,10
2021,10,1580.7,9
2021,1,1849.2399999999998,4
2021,2,1735.52,7
2021,3,1716.6599999999999,8
2021,4,1811.8600000000001,5
2021,5,1612.1,9
2021,6,1796.04,6
2021,7,2011.94,1
2021,8,1373.6,10
2021,9,1923.4599999999998,2
2021,10,1919.98,3
2021,1,1792.1399999999999,4
2021,2,1783.2400000000002,5
2021,3,1694.46,8
2021,4,1967.92,1
2021,5,1895.0,2
2021,6,1589.82,10
2021,7,1645.24,9
2021,8,1851.96,3
2021,9,1767.86,6
2021,10,1714.1000000000004,7
2021,1,1367.1399999999999,10
2021,2,2040.8600000000001,2
2021,3,1842.6,4
2021,4,1818.88,5
2021,5,1674.18,7
2021,6,1712.36,6
2021,7,1939.22,3
2021,8,1631.14,8
2021,9,1516.28,9
2021,10,2104.0,1
2021,1,1894.6799999999998,2
2021,2,1441.8000000000002,10
2021,3,1869.84,3
2021,4,1484.1599999999999,9
2021,5,1666.38,6
2021,6,1717.06,5
2021,7,1723.42,4
2021,8,1552.88,7
2021,9,1498.9,8
2021,10,2146.78,1
2021,1,1465.3199999999997,9
2021,2,1444.04,10
2021,3,1756.4,7
2021,4,1829.16,4
2021,5,1895.9399999999998,2
2021,6,1714.06,8
2021,7,2276.74,1
2021,8,1844.62,3
2021,9,1758.96,6
2021,10,1806.5,5
2021,1,1553.16,9
2021,2,1890.7200000000003,4
2021,3,1783.08,5
2021,4,2015.3799999999999,1
2021,5,1584.58,8
2021,6,1949.54,3
2021,7,1634.6200000000001,7
2021,8,1330.5,10
2021,9,1996.8199999999997,2
2021,10,1640.6399999999999,6
2021,1,1864.72,1
2021,2,1775.54,5
2021,3,1856.3799999999997,2
2021,4,1757.68,7
2021,5,1811.0800000000002,4
2021,6,1735.9199999999998,9
2021,7,1765.44,6
2021,8,1837.94,3
2021,9,1740.6000000000001,8
2021,10,1580.8600000000001,10
2021,1,1560.0,8
2021,2,1991.9,3
2021,3,1995.46,2
2021,4,1668.2999999999997,7
2021,5,2123.6800000000003,1
2021,6,1336.46,10
2021,7,1763.94,4
2021,8,1734.24,6
2021,9,1544.4,9
2021,10,1759.52,5
2021,1,1692.6599999999999,8
2021,2,1815.1,4
2021,3,1857.26,3
2021,4,1901.0,2
2021,5,1801.62,5
2021,6,1597.7200000000003,9
2021,7,1999.4599999999998,1
2021,8,1707.7800000000002,6
2021,9,1342.1,10
2021,10,1697.2,7
2021,1,1755.1,5
2021,2,1639.02,8
2021,3,1746.58,7
2021,4,1839.28,3
2021,5,1571.7600000000002,9
2021,6,1981.1799999999998,1
2021,7,1748.1599999999999,6
2021,8,1825.44,4
2021,9,1488.08,10
2021,10,1955.62,2
2021,1,1571.06,8
2021,2,1568.62,9
2021,3,1760.54,4
2021,4,1704.74,5
2021,5,1587.9,7
2021,6,1879.2799999999997,3
2021,7,2033.1599999999999,1
2021,8,1545.4599999999998,10
2021,9,1647.5400000000004,6
2021,10,2003.3200000000002,2
2021,1,2050.88,1
2021,2,1839.94,4
2021,3,1993.9599999999998,2
2021,4,1840.9399999999998,3
2021,5,1453.68,10
2021,6,1700.6399999999999,8
2021,7,1695.56,9
2021,8,1767.08,7
2021,9,1772.1799999999998,5
2021,10,1769.54,6
2021,1,1699.98,5
2021,2,2143.28,1
2021,3,1632.1399999999999,7
2021,4,1517.3600000000001,9
2021,5,1499.6,10
2021,6,1670.92,6
2021,7,1864.6399999999999,4
2021,8,1915.56,2
2021,9,1548.82,8
2021,10,1914.6399999999999,3
2021,1,1701.64,7
2021,2,1512.6799999999998,10
2021,3,1759.08,6
2021,4,1879.2200000000003,4
2021,5,2071.34,1
2021,6,1922.1599999999999,3
2021,7,1518.98,9
2021,8,1931.1000000000001,2
2021,9,1618.68,8
2021,10,1800.98,5
2021,1,1984.1000000000001,2
2021,2,1704.78,7
2021,3,1607.42,9
2021,4,1771.2599999999998,4
2021,5,1579.6599999999999,10
2021,6,2107.02,1
2021,7,1726.1,6
2021,8,1752.06,5
2021,9,1835.4,3
2021,10,1665.6000000000001,8
2021,1,1887.1399999999999,2
2021,2,1559.6399999999999,10
2021,3,1576.86,9
2021,4,1712.68,7
2021,5,1848.46,3
2021,6,1940.96,1
2021,7,1726.3199999999997,6
2021,8,1727.2,5
2021,9,1805.7,4
2021,10,1586.98,8
2021,1,1820.6399999999999,4
2021,2,1720.56,8
2021,3,1834.1000000000001,3
2021,4,1459.5,10
2021,5,1602.3600000000001,9
2021,6,1811.68,5
2021,7,1774.34,7
2021,8,1858.7200000000003,2
2021,9,1781.0600000000002,6
2021,10,1971.1799999999998,1
2021,1,1502.06,10
2021,2,1856.44,3
2021,3,1719.3000000000002,6
2021,4,2143.04,1
2021,5,1639.58,9
2021,6,1782.04,4
2021,7,1743.1799999999998,5
2021,8,1710.0,7
2021,9,1904.5199999999998,2
2021,10,1682.56,8
2021,1,1926.6599999999999,3
2021,2,1934.74,2
2021,3,1597.8600000000001,9
2021,4,1800.8999999999999,6
2021,5,1533.3000000000002,10
2021,6,1999.7999999999997,1
2021,7,1892.66,4
2021,8,1818.1399999999999,5
2021,9,1723.1799999999998,7
2021,10,1695.96,8
2021,1,1763.88,4
2021,2,1683.6200000000001,5
2021,3,1606.3600000000001,9
2021,4,1634.92,7
2021,5,1829.24,3
2021,6,1682.08,6
2021,7,1620.8999999999999,8
2021,8,1977.2,2
2021,9,2040.1999999999998,1
2021,10,1261.3799999999999,10
2021,1,1785.2399999999998,6
2021,2,1798.6200000000001,5
2021,3,2003.74,1
2021,4,1760.38,7
2021,5,1918.6799999999998,3
2021,6,1649.46,8
2021,7,1961.5,2
2021,8,1550.6799999999998,10
2021,9,1625.3999999999999,9
2021,10,1834.4399999999996,4
2021,1,1627.08,9
2021,2,1940.44,2
2021,3,1902.94,3
2021,4,2110.4,1
2021,5,1828.6200000000001,5
2021,6,1784.9199999999998,6
2021,7,1847.1599999999999,4
2021,8,1546.02,10
2021,9,1686.66,7
2021,10,1677.12,8
2021,1,1969.84,3
2021,2,1576.64,6
2021,3,1941.8599999999997,4
2021,4,1492.06,10
2021,5,1497.8799999999999,9
2021,6,2088.32,2
2021,7,1530.1800000000003,8
2021,8,2095.98,1
2021,9,1701.0,5
2021,10,1545.5,7
2021,1,1809.6599999999999,4
2021,2,1790.8400000000001,5
2021,3,1855.5,3
2021,4,1868.98,2
2021,5,1708.98,7
2021,6,1701.48,8
2021,7,1988.9,1
2021,8,1639.8400000000001,9
2021,9,1731.4599999999998,6
2021,10,1400.96,10
2021,1,1783.8999999999999,3
2021,2,1745.6599999999999,5
2021,3,1691.64,8
2021,4,1848.3199999999997,2
2021,5,2197.08,1
2021,6,1760.7399999999998,4
2021,7,1730.8200000000002,7
2021,8,1568.5,10
2021,9,1609.14,9
2021,10,1731.76,6
2021,1,1841.06,5
2021,2,1854.3600000000001,4
2021,3,1606.58,7
2021,4,1585.42,8
2021,5,1784.6799999999998,6
2021,6,1492.24,10
2021,7,1895.44,3
2021,8,1993.2,2
2021,9,2084.1200000000003,1
2021,10,1562.48,9
2021,1,2123.6600000000003,1
2021,2,1395.1,10
2021,3,1486.3400000000001,9
2021,4,1508.64,8
2021,5,1830.26,4
2021,6,1968.88,2
2021,7,1968.26,3
2021,8,1739.46,5
2021,9,1552.08,7
2021,10,1665.28,6
2021,1,1445.62,10
2021,2,1798.2200000000003,5
2021,3,1556.4399999999998,9
2021,4,1570.9799999999998,8
2021,5,1769.46,6
2021,6,1822.78,4
2021,7,1832.1799999999998,2
2021,8,2045.1799999999998,1
2021,9,1659.48,7
2021,10,1823.2000000000003,3
2021,1,1809.6399999999999,5
2021,2,1920.86,3
2021,3,1485.7599999999998,9
2021,4,1855.1800000000003,4
2021,5,1944.8600000000001,2
2021,6,1481.2,10
2021,7,1737.6999999999998,6
2021,8,1628.2599999999998,8
2021,9,2094.8,1
2021,10,1648.6,7
2021,1,1376.6599999999999,10
2021,2,2256.64,1
2021,3,1855.98,2
2021,4,1764.98,5
2021,5,1622.26,7
2021,6,1772.82,4
2021,7,1536.7399999999998,8
2021,8,1409.9,9
2021,9,1639.3400000000001,6
2021,10,1841.2799999999997,3
2021,1,2241.34,1
2021,2,1696.7800000000002,7
2021,3,2030.48,3
2021,4,1406.0,10
2021,5,1591.9399999999998,8
2021,6,1780.4799999999998,4
2021,7,1458.52,9
2021,8,2149.62,2
2021,9,1774.1600000000003,5
2021,10,1707.6399999999999,6
2021,1,1886.9399999999998,3
2021,2,1654.2,7
2021,3,2083.24,1
2021,4,1971.6799999999998,2
2021,5,1453.56,9
2021,6,1787.6,4
2021,7,1626.1799999999998,8
2021,8,1430.16,10
2021,9,1754.1600000000003,5
2021,10,1662.04,6
2021,1,1615.2,8
2021,2,1750.3200000000002,5
2021,3,1675.2599999999998,7
2021,4,1687.88,6
2021,5,2177.94,1
2021,6,1976.2799999999997,3
2021,7,2137.98,2
2021,8,1193.34,10
2021,9,1894.6399999999999,4
2021,10,1366.9,9
2021,1,1469.6999999999998,9
2021,2,1762.6799999999998,6
2021,3,1745.22,7
2021,4,2051.1800000000003,2
2021,5,1494.36,8
2021,6,1836.0800000000002,5
2021,7,2099.66,1
2021,8,1386.38,10
2021,9,1923.12,4
2021,10,2006.36,3
2021,1,1912.28,4
2021,2,1561.34,7
2021,3,1560.3,8
2021,4,2151.18,1
2021,5,1557.0800000000002,9
2021,6,2022.6599999999999,2
2021,7,1400.14,10
2021,8,1707.3000000000002,6
2021,9,1877.0000000000002,5
2021,10,1958.24,3
2021,1,1771.1399999999999,4
2021,2,2388.26,1
2021,3,1577.6200000000001,9
2021,4,1529.3,10
2021,5,1891.8600000000001,2
2021,6,1690.54,7
2021,7,1596.6799999999998,8
2021,8,1791.86,3
2021,9,1733.58,6
2021,10,1761.8999999999999,5
2021,1,1621.56,9
2021,2,1769.6999999999998,6
2021,3,1960.6599999999999,2
2021,4,1676.5,7
2021,5,2019.36,1
2021,6,1603.04,10
2021,7,1666.0,8
2021,8,1784.96,5
2021,9,1787.52,4
2021,10,1800.12,3
2021,1,1603.28,10
2021,2,1880.6,3
2021,3,1823.14,5
2021,4,1837.6,4
2021,5,1676.56,9
2021,6,1750.32,6
2021,7,1682.6400000000003,8
2021,8,1713.88,7
2021,9,1930.6799999999998,1
2021,10,1894.6200000000001,2
2021,1,1674.9399999999998,6
2021,2,1566.48,9
2021,3,1388.1200000000001,10
2021,4,1682.1200000000001,4
2021,5,1903.0000000000002,3
2021,6,1680.04,5
2021,7,1622.5,8
2021,8,2059.76,2
2021,9,1653.5,7
2021,10,2192.12,1
2021,1,1600.3,9
2021,2,1871.08,3
2021,3,1808.2400000000002,5
2021,4,1557.4,10
2021,5,1712.54,7
2021,6,1819.32,4
2021,7,1679.6799999999998,8
2021,8,1717.8799999999999,6
2021,9,2030.7599999999998,1
2021,10,1875.32,2
2021,1,1818.0600000000002,5
2021,2,1750.58,8
2021,3,1865.2399999999998,2
2021,4,1830.2400000000002,4
2021,5,1900.28,1
2021,6,1466.9,10
2021,7,1756.6000000000001,7
2021,8,1859.86,3
2021,9,1810.8,6
2021,10,1541.58,9
2021,1,1627.9,10
2021,2,2153.52,1
2021,3,1648.94,9
2021,4,1732.48,6
2021,5,1671.32,8
2021,6,1977.88,2
2021,7,1909.1599999999999,4
2021,8,1940.62,3
2021,9,1672.6999999999998,7
2021,10,1813.8400000000001,5
2021,1,1719.2800000000002,6
2021,2,1590.0600000000002,8
2021,3,1900.04,3
2021,4,1598.6,7
2021,5,2175.48,1
2021,6,1859.06,5
2021,7,1882.1799999999998,4
2021,8,1923.4,2
2021,9,1497.08,9
2021,10,1467.36,10
2021,1,1736.9,7
2021,2,1662.74,8
2021,3,1752.8600000000001,6
2021,4,1948.78,2
2021,5,1913.3399999999997,3
2021,6,1755.8799999999999,5
2021,7,1480.3799999999999,10
2021,8,2055.28,1
2021,9,1501.5,9
2021,10,1855.6599999999999,4
2021,1,1587.7800000000002,9
2021,2,1664.1599999999999,8
2021,3,1803.56,3
2021,4,1547.0800000000002,10
2021,5,1799.2599999999998,4
2021,6,1707.04,7
2021,7,1737.52,5
2021,8,1940.28,1
2021,9,1736.1,6
2021,10,1854.08,2
2021,1,1645.26,8
2021,2,1690.6,7
2021,3,1730.66,6
2021,4,1977.0,2
2021,5,1608.5,9
2021,6,1989.94,1
2021,7,1881.4399999999998,3
2021,8,1533.48,10
2021,9,1768.5199999999998,5
2021,10,1851.8400000000001,4
2021,1,1330.0,10
2021,2,1746.9599999999998,7
2021,3,1597.06,9
2021,4,2019.5800000000002,1
2021,5,1946.5,3
2021,6,1950.52,2
2021,7,1668.2600000000002,8
2021,8,1926.3399999999997,4
2021,9,1754.6599999999999,6
2021,10,1858.92,5
2021,1,1955.9399999999996,3
2021,2,1780.1599999999999,4
2021,3,2021.02,1
2021,4,1974.8400000000001,2
2021,5,1716.3200000000002,7
2021,6,1711.66,8
2021,7,1537.0,10
2021,8,1735.3799999999999,6
2021,9,1753.48,5
2021,10,1613.46,9
2021,1,1986.1599999999999,1
2021,2,1889.9,3
2021,3,1665.1399999999999,8
2021,4,1891.0599999999997,2
2021,5,1583.2400000000002,9
2021,6,1889.8400000000001,4
2021,7,1558.58,10
2021,8,1708.98,7
2021,9,1718.74,6
2021,10,1855.7599999999998,5
2021,1,1429.9,10
2021,2,1795.1999999999998,6
2021,3,1568.8799999999999,9
2021,4,1940.7199999999998,2
2021,5,1848.54,5
2021,6,1586.5600000000002,8
2021,7,1893.96,4
2021,8,1683.5,7
2021,9,1926.52,3
2021,10,2087.14,1
2021,1,1756.1200000000001,4
2021,2,1733.6599999999999,5
2021,3,1637.48,7
2021,4,2483.54,1
2021,5,1627.2399999999998,8
2021,6,1586.1399999999999,9
2021,7,1762.3799999999999,3
2021,8,1550.1599999999999,10
2021,9,1861.5,2
2021,10,1657.6599999999999,6
2021,1,1631.94,7
2021,2,1702.56,6
2021,3,1837.28,5
2021,4,1580.0,8
2021,5,2024.7799999999997,2
2021,6,1534.1000000000001,10
2021,7,1895.2400000000002,3
2021,8,1864.52,4
2021,9,1564.6000000000004,9
2021,10,2054.66,1
2021,1,1487.06,10
2021,2,1752.3600000000001,5
2021,3,1808.88,4
2021,4,2010.56,2
2021,5,1534.12,8
2021,6,2052.62,1
2021,7,1518.0,9
2021,8,1658.3000000000002,6
2021,9,1961.26,3
2021,10,1550.04,7
2021,1,1896.56,4
2021,2,1816.3400000000001,6
2021,3,1824.58,5
2021,4,1266.46,10
2021,5,1985.24,2
2021,6,1807.96,7
2021,7,1900.3,3
2021,8,1430.6,9
2021,9,1676.8,8
2021,10,2096.8,1
2021,1,2017.5,2
2021,2,1608.4999999999998,8
2021,3,1823.38,5
2021,4,1838.7,4
2021,5,1853.94,3
2021,6,1628.58,7
2021,7,2082.06,1
2021,8,1574.76,9
2021,9,1681.3600000000001,6
2021,10,1500.42,10
2021,1,2176.04,1
2021,2,1292.98,10
2021,3,1640.2,7
2021,4,1979.8600000000001,2
2021,5,1909.42,5
2021,6,1938.06,4
2021,7,1945.1,3
2021,8,1734.1399999999999,6
2021,9,1632.94,8
2021,10,1596.98,9
2021,1,1788.7199999999998,4
2021,2,1998.5600000000002,2
2021,3,1719.84,7
2021,4,1740.2000000000003,6
2021,5,1767.06,5
2021,6,2077.7000000000003,1
2021,7,1374.38,10
2021,8,1634.34,8
2021,9,1496.7200000000003,9
2021,10,1850.9,3
2021,1,1355.18,10
2021,2,1745.86,8
2021,3,1883.46,4
2021,4,2175.18,1
2021,5,1763.7199999999998,6
2021,6,1749.9,7
2021,7,1946.44,2
2021,8,1594.46,9
2021,9,1848.94,5
2021,10,1909.42,3
2021,1,1829.52,3
2021,2,1643.8600000000001,9
2021,3,1708.74,8
2021,4,1797.1799999999998,4
2021,5,1771.2199999999998,6
2021,6,1570.1999999999998,10
2021,7,1765.44,7
2021,8,1904.76,2
2021,9,1938.74,1
2021,10,1777.0,5
2021,1,1675.4199999999998,6
2021,2,1755.9799999999998,4
2021,3,1685.38,5
2021,4,1827.8,3
2021,5,1515.1799999999998,10
2021,6,1649.0200000000002,8
2021,7,1661.32,7
2021,8,1517.42,9
2021,9,1875.12,2
2021,10,2004.54,1
2021,1,1831.0000000000002,5
2021,2,1596.08,7
2021,3,2086.3599999999997,1
2021,4,1583.6599999999999,8
2021,5,1600.3,6
2021,6,1965.62,3
2021,7,1945.6399999999999,4
2021,8,2015.58,2
2021,9,1538.3000000000002,9
2021,10,1366.14,10
2021,1,1704.2,6
2021,2,1753.38,4
2021,3,1905.04,2
2021,4,1659.62,8
2021,5,1568.1599999999999,9
2021,6,1503.28,10
2021,7,1782.46,3
2021,8,1721.48,5
2021,9,1696.0400000000002,7
2021,10,1908.3799999999999,1
2021,1,1888.7599999999998,2
2021,2,1578.1599999999999,9
2021,3,1803.1599999999999,5
2021,4,1651.0800000000002,8
2021,5,1678.62,7
2021,6,1886.94,3
2021,7,1812.2599999999998,4
2021,8,1802.6599999999999,6
2021,9,1423.66,10
2021,10,1946.18,1
2021,1,1564.02,8
2021,2,1568.52,7
2021,3,2038.8799999999999,2
2021,4,1891.7999999999997,4
2021,5,1522.2400000000002,9
2021,6,1963.76,3
2021,7,1679.1599999999999,5
2021,8,1505.0,10
2021,9,1600.1000000000001,6
2021,10,2251.6800000000003,1
2021,1,1739.8600000000001,5
2021,2,1594.3400000000001,8
2021,3,1713.74,6
2021,4,1790.3200000000002,4
2021,5,1494.96,9
2021,6,1620.3200000000002,7
2021,7,1371.68,10
2021,8,1892.1799999999998,1
2021,9,1813.0,3
2021,10,1849.46,2
2021,1,1366.0,10
2021,2,1639.3600000000001,7
2021,3,1534.94,9
2021,4,1925.3799999999999,4
2021,5,1983.98,2
2021,6,1637.48,8
2021,7,1936.24,3
2021,8,2042.44,1
2021,9,1829.82,5
2021,10,1691.94,6
2021,1,1938.88,2
2021,2,1698.06,8
2021,3,1778.46,7
2021,4,1859.94,4
2021,5,1479.6799999999998,10
2021,6,1864.8999999999999,3
2021,7,1979.3600000000001,1
2021,8,1779.5,6
2021,9,1857.7,5
2021,10,1639.3600000000001,9
2021,1,1629.46,8
2021,2,1775.7399999999998,4
2021,3,1882.46,2
2021,4,1483.26,10
2021,5,1812.6400000000003,3
2021,6,1599.6399999999999,9
2021,7,1698.16,7
2021,8,1884.3400000000001,1
2021,9,1752.0,5
2021,10,1745.0,6
2021,1,1900.96,3
2021,2,1463.1799999999998,10
2021,3,2276.56,1
2021,4,1702.3400000000001,7
2021,5,1770.22,5
2021,6,1987.8400000000001,2
2021,7,1590.58,9
2021,8,1715.74,6
2021,9,1839.6,4
2021,10,1645.9599999999998,8
2021,1,1867.8400000000001,5
2021,2,1511.2399999999998,8
2021,3,1974.2800000000002,2
2021,4,1980.2199999999998,1
2021,5,1947.2,3
2021,6,1721.2,6
2021,7,1478.5,9
2021,8,1555.1999999999998,7
2021,9,1470.42,10
2021,10,1870.5600000000002,4
2021,1,1802.1599999999999,2
2021,2,1732.88,4
2021,3,1775.0400000000002,3
2021,4,1703.4,7
2021,5,1706.54,6
2021,6,1861.1800000000003,1
2021,7,1728.96,5
2021,8,1553.2600000000002,10
2021,9,1665.98,9
2021,10,1670.9,8
2021,1,1789.5200000000002,6
2021,2,1804.58,5
2021,3,1287.82,10
2021,4,1760.7,7
2021,5,1676.0000000000002,8
2021,6,1877.06,2
2021,7,1359.1999999999998,9
2021,8,2182.62,1
2021,9,1813.46,4
2021,10,1848.04,3
2021,1,1906.54,2
2021,2,1593.16,8
2021,3,1749.0600000000002,6
2021,4,1763.26,5
2021,5,1881.78,3
2021,6,1499.7400000000002,9
2021,7,1871.2200000000003,4
2021,8,2073.04,1
2021,9,1430.8,10
2021,10,1719.8600000000001,7
2021,1,1848.64,4
2021,2,1871.04,3
2021,3,1910.1399999999999,2
2021,4,1531.48,10
2021,5,1591.66,8
2021,6,1972.18,1
2021,7,1590.5000000000002,9
2021,8,1700.0800000000002,5
2021,9,1669.14,6
2021,10,1623.88,7
2021,1,1494.14,8
2021,2,2039.18,2
2021,3,2152.62,1
2021,4,1774.8999999999999,4
2021,5,1912.8799999999999,3
2021,6,1455.16,9
2021,7,1706.04,5
2021,8,1450.56,10
2021,9,1660.02,6
2021,10,1548.38,7
2021,1,1652.1799999999998,8
2021,2,1961.7000000000003,2
2021,3,1834.08,6
2021,4,1280.46,10
2021,5,1766.04,7
2021,6,1506.48,9
2021,7,1931.3400000000001,4
2021,8,1948.46,3
2021,9,2028.78,1
2021,10,1926.16,5
2021,1,1437.82,10
2021,2,1938.6200000000001,2
2021,3,1644.4999999999998,8
2021,4,1751.7600000000002,6
2021,5,1773.6,5
2021,6,1868.6399999999999,4
2021,7,1567.58,9
2021,8,2120.6400000000003,1
2021,9,1936.88,3
2021,10,1685.8600000000001,7
2021,1,1708.6200000000001,5
2021,2,1604.3400000000001,8
2021,3,2057.34,2
2021,4,2071.78,1
2021,5,1691.48,6
2021,6,1899.46,4
2021,7,1606.6999999999998,7
2021,8,2024.5199999999998,3
2021,9,1561.1999999999998,10
2021,10,1583.1399999999999,9
2021,1,2004.7,1
2021,2,1635.76,7
2021,3,1742.74,4
2021,4,1378.8600000000001,10
2021,5,1728.8999999999999,5
2021,6,1400.52,9
2021,7,1848.02,3
2021,8,1676.86,6
2021,9,1602.2,8
2021,10,1999.5,2
2021,1,2042.1599999999999,2
2021,2,1758.38,6
2021,3,1329.9,9
2021,4,2150.36,1
2021,5,1323.88,10
2021,6,1928.96,3
2021,7,1636.7800000000002,7
2021,8,1880.4,4
2021,9,1837.1,5
2021,10,1630.0,8
2021,1,1799.3,5
2021,2,1860.0,3
2021,3,1465.52,9
2021,4,1602.9199999999998,7
2021,5,2109.16,1
2021,6,1559.1800000000003,8
2021,7,1347.4,10
2021,8,1745.26,6
2021,9,2101.06,2
2021,10,1857.8799999999999,4
2021,1,2156.22,1
2021,2,1704.76,6
2021,3,1881.38,3
2021,4,1952.6599999999999,2
2021,5,1619.18,9
2021,6,1648.3999999999999,8
2021,7,1712.98,5
2021,8,1836.08,4
2021,9,1284.06,10
2021,10,1655.92,7
2021,1,1696.8600000000001,8
2021,2,1575.56,9
2021,3,2144.06,1
2021,4,1813.2,5
2021,5,1849.24,4
2021,6,1402.7,10
2021,7,1922.6,3
2021,8,1769.98,6
2021,9,1746.76,7
2021,10,1967.0600000000002,2
2021,1,1890.54,2
2021,2,1712.24,7
2021,3,1662.3799999999999,9
2021,4,1884.66,3
2021,5,1788.26,5
2021,6,1817.8400000000001,4
2021,7,1781.16,6
2021,8,1579.4,10
2021,9,1966.2599999999998,1
2021,10,1663.5600000000002,8
2021,1,1495.38,9
2021,2,1991.04,2
2021,3,1786.26,5
2021,4,1418.52,10
2021,5,1763.08,6
2021,6,1752.78,7
2021,7,1575.56,8
2021,8,1905.0,3
2021,9,1806.08,4
2021,10,2013.5799999999997,1
2021,1,1752.72,6
2021,2,1896.36,2
2021,3,1768.66,4
2021,4,1702.8799999999999,8
2021,5,1755.42,5
2021,6,1843.16,3
2021,7,1728.5400000000002,7
2021,8,1558.82,10
2021,9,1578.1799999999998,9
2021,10,2042.08,1
2021,1,1544.7200000000003,8
2021,2,2036.5200000000002,1
2021,3,1322.6200000000001,10
2021,4,1556.96,7
2021,5,1807.2,4
2021,6,1919.3399999999997,2
2021,7,1734.76,6
2021,8,1759.7799999999997,5
2021,9,1524.34,9
2021,10,1827.98,3
2021,1,1855.1599999999999,2
2021,2,1767.04,6
2021,3,1484.6999999999998,10
2021,4,1995.42,1
2021,5,1618.9399999999998,8
2021,6,1853.96,3
2021,7,1732.4199999999998,7
2021,8,1829.12,4
2021,9,1783.1,5
2021,10,1598.8000000000002,9
2021,1,1943.2399999999998,3
2021,2,1664.44,7
2021,3,1796.86,5
2021,4,1496.1,10
2021,5,1551.38,9
2021,6,1681.6800000000003,6
2021,7,1804.5,4
2021,8,1643.04,8
2021,9,1963.1799999999998,2
2021,10,1971.5800000000002,1
2021,1,1788.8000000000002,4
2021,2,1697.8000000000002,8
2021,3,1943.3400000000001,2
2021,4,1701.6000000000001,7
2021,5,1634.96,9
2021,6,1309.74,10
2021,7,1858.58,3
2021,8,2120.48,1
2021,9,1712.6800000000003,6
2021,10,1741.86,5
2021,1,1962.46,2
2021,2,1838.0800000000002,4
2021,3,2061.74,1
2021,4,1803.6,5
2021,5,1596.68,8
2021,6,1853.42,3
2021,7,1545.38,9
2021,8,1781.0400000000002,6
2021,9,1452.8000000000002,10
2021,10,1620.48,7
2021,1,1821.84,4
2021,2,1697.84,8
2021,3,1640.3400000000001,9
2021,4,2027.06,1
2021,5,1828.6200000000001,3
2021,6,1700.46,7
2021,7,1819.5,5
2021,8,1471.98,10
2021,9,1809.56,6
2021,10,1967.16,2
2021,1,1790.06,6
2021,2,1637.5,8
2021,3,1262.5000000000002,10
2021,4,1813.7400000000002,5
2021,5,1857.7,4
2021,6,1490.8200000000002,9
2021,7,1887.2399999999998,3
2021,8,1996.4599999999998,1
2021,9,1929.8799999999999,2
2021,10,1660.66,7
2021,1,1727.16,6
2021,2,1667.4,8
2021,3,1689.1599999999999,7
2021,4,1995.1599999999999,1
2021,5,1547.56,10
2021,6,1878.6799999999998,5
2021,7,1901.8600000000001,4
2021,8,1937.6,2
2021,9,1932.3599999999997,3
2021,10,1560.3400000000001,9
2022,1,1519.0,10
2022,2,1950.62,2
2022,3,1817.6000000000001,4
2022,4,1859.88,3
2022,5,2169.2,1
2022,6,1814.04,5
2022,7,1676.78,8
2022,8,1757.9999999999998,6
2022,9,1561.7000000000003,9
2022,10,1709.12,7
2022,1,1637.76,6
2022,2,1562.9,10
2022,3,2089.36,1
2022,4,1616.3799999999999,8
2022,5,1565.48,9
2022,6,1669.06,5
2022,7,1872.08,3
2022,8,2074.06,2
2022,9,1686.44,4
2022,10,1634.5,7
2022,1,1996.22,3
2022,2,1424.56,10
2022,3,1898.84,4
2022,4,1674.6799999999998,7
2022,5,1753.2,5
2022,6,2016.8600000000001,2
2022,7,1584.38,8
2022,8,2102.12,1
2022,9,1751.92,6
2022,10,1551.8000000000002,9
2022,1,1842.56,4
2022,2,1982.8999999999996,2
2022,3,1783.84,5
2022,4,1333.5,9
2022,5,1847.4,3
2022,6,1743.24,6
2022,7,1695.38,7
2022,8,1582.04,8
2022,9,2069.0,1
2022,10,1305.3,10
2022,1,1939.5200000000002,1
2022,2,1644.52,10
2022,3,1707.2199999999998,8
2022,4,1694.9,9
2022,5,1850.8000000000002,2
2022,6,1709.8600000000001,6
2022,7,1839.6999999999998,3
2022,8,1810.34,4
2022,9,1709.26,7
2022,10,1784.1399999999999,5
2022,1,1780.6400000000003,6
2022,2,1902.4,2
2022,3,1839.9399999999998,4
2022,4,1924.02,1
2022,5,1517.1999999999998,9
2022,6,1808.4,5
2022,7,1703.4,8
2022,8,1849.2000000000003,3
2022,9,1415.7599999999998,10
2022,10,1776.1399999999999,7
2022,1,1951.02,2
2022,2,1837.5,3
2022,3,1788.14,4
2022,4,1572.3600000000001,9
2022,5,1655.78,7
2022,6,1728.8,6
2022,7,1547.92,10
2022,8,1775.46,5
2022,9,1654.7600000000002,8
2022,10,1978.86,1
2022,1,1807.6,4
2022,2,1321.4,10
2022,3,1599.0,9
2022,4,2114.4399999999996,1
2022,5,1783.72,5
2022,6,1775.8000000000002,6
2022,7,1707.86,8
2022,8,1761.5,7
2022,9,2013.2800000000002,2
2022,10,1811.92,3
2022,1,1838.8000000000002,4
2022,2,1619.12,8
2022,3,1785.2599999999998,6
2022,4,1659.98,7
2022,5,1957.24,2
2022,6,1483.84,10
2022,7,1864.8999999999999,3
2022,8,1596.1200000000001,9
2022,9,2120.46,1
2022,10,1837.7599999999998,5
2022,1,1659.1999999999998,7
2022,2,1640.56,8
2022,3,1417.6,10
2022,4,1735.5400000000002,5
2022,5,2008.04,3
2022,6,1710.3999999999996,6
2022,7,2029.2000000000003,2
2022,8,1613.1,9
2022,9,2041.7600000000002,1
2022,10,1866.9799999999998,4
2022,1,1471.3600000000001,10
2022,2,1609.7,8
2022,3,1713.9,6
2022,4,1916.3799999999999,4
2022,5,1785.24,5
2022,6,2227.6800000000003,1
2022,7,1917.1,3
2022,8,1589.44,9
2022,9,1713.78,7
2022,10,1936.5,2
2022,1,1721.06,6
2022,2,1553.84,9
2022,3,1796.1599999999999,5
2022,4,1680.5,7
2022,5,1879.0,2
2022,6,2197.74,1
2022,7,1858.46,4
2022,8,1875.6599999999999,3
2022,9,1589.3,8
2022,10,1331.6,10
2022,1,1351.1999999999998,9
2022,2,1836.9,5
2022,3,1905.1,4
2022,4,1345.9,10
2022,5,1621.56,8
2022,6,2175.94,1
2022,7,1969.0200000000002,2
2022,8,1813.88,6
2022,9,1737.38,7
2022,10,1941.28,3
2022,1,1700.42,7
2022,2,1883.5000000000002,2
2022,3,1747.16,5
2022,4,1797.7600000000002,4
2022,5,1737.5,6
2022,6,1514.3999999999999,10
2022,7,1824.8200000000002,3
2022,8,1698.08,8
2022,9,1659.3000000000002,9
2022,10,2099.64,1
2022,1,1445.8999999999999,10
2022,2,1877.0800000000004,2
2022,3,1836.3400000000001,4
2022,4,1943.94,1
2022,5,1611.8600000000001,7
2022,6,1501.02,9
2022,7,1837.42,3
2022,8,1788.1800000000003,6
2022,9,1544.9600000000003,8
2022,10,1821.3,5
2022,1,1637.46,9
2022,2,1802.4,2
2022,3,1771.82,3
2022,4,1756.2600000000002,5
2022,5,1695.1,7
2022,6,1925.9799999999998,1
2022,7,1698.88,6
2022,8,1757.62,4
2022,9,1687.46,8
2022,10,1613.66,10
2022,1,1975.56,3
2022,2,1672.02,7
2022,3,2005.3200000000002,2
2022,4,1712.04,5
2022,5,1436.2000000000003,10
2022,6,1709.3,6
2022,7,2098.7,1
2022,8,1557.4399999999998,9
2022,9,1572.2800000000002,8
2022,10,1879.84,4
2022,1,1742.1000000000001,5
2022,2,1672.6599999999999,7
2022,3,1988.5800000000002,2
2022,4,1798.48,4
2022,5,1475.46,10
2022,6,1975.98,3
2022,7,1649.1,8
2022,8,1732.54,6
2022,9,1642.82,9
2022,10,2086.74,1
2022,1,1913.4,3
2022,2,1745.9,7
2022,3,1758.7800000000002,5
2022,4,1622.62,8
2022,5,1933.8600000000001,2
2022,6,1614.02,9
2022,7,1590.88,10
2022,8,1750.4,6
2022,9,1892.8600000000001,4
2022,10,2088.7999999999997,1
2022,1,1860.6,3
2022,2,2380.32,1
2022,3,1832.0600000000002,5
2022,4,1549.6,8
2022,5,1611.1200000000001,7
2022,6,1958.6,2
2022,7,1467.4,9
2022,8,1835.6799999999998,4
2022,9,1620.08,6
2022,10,1405.86,10
2022,1,1820.2999999999997,4
2022,2,1688.8,6
2022,3,1372.7600000000002,10
2022,4,1773.7400000000002,5
2022,5,1643.96,7
2022,6,1543.6,9
2022,7,2279.14,1
2022,8,1961.1599999999999,2
2022,9,1575.9,8
2022,10,1858.26,3
2022,1,1685.76,6
2022,2,1485.6000000000001,9
2022,3,2151.1,1
2022,4,1822.8000000000002,5
2022,5,1906.8,4
2022,6,2032.9,2
2022,7,1628.02,8
2022,8,1464.94,10
2022,9,1645.8600000000001,7
2022,10,1994.8200000000002,3
2022,1,1954.6999999999998,2
2022,2,1593.84,8
2022,3,1575.3999999999999,9
2022,4,1908.76,5
2022,5,2011.52,1
2022,6,1760.16,7
2022,7,1941.3399999999997,3
2022,8,1789.7,6
2022,9,1447.1,10
2022,10,1911.9,4
2022,1,1385.5,10
2022,2,1643.3400000000001,8
2022,3,2154.7,1
2022,4,1888.88,4
2022,5,1820.2399999999998,6
2022,6,1564.06,9
2022,7,1877.2999999999997,5
2022,8,1950.6,2
2022,9,1740.96,7
2022,10,1938.2199999999998,3
2022,1,1702.64,6
2022,2,1717.9,5
2022,3,1946.1000000000001,2
2022,4,1618.9799999999998,8
2022,5,1749.1599999999999,4
2022,6,1367.1399999999999,10
2022,7,1891.3999999999999,3
2022,8,1592.1999999999998,9
2022,9,1694.16,7
2022,10,2070.02,1
2022,1,1918.8799999999999,4
2022,2,1503.6000000000001,9
2022,3,1499.5,10
2022,4,2031.8199999999997,1
2022,5,1849.98,5
2022,6,1974.96,3
2022,7,1988.96,2
2022,8,1710.5,6
2022,9,1573.1399999999999,7
2022,10,1526.5199999999998,8
2022,1,1461.9799999999998,10
2022,2,1881.8799999999999,3
2022,3,1525.96,9
2022,4,1877.52,4
2022,5,1676.1,6
2022,6,1889.44,2
2022,7,1586.36,8
2022,8,1680.48,5
2022,9,2240.12,1
2022,10,1592.72,7
2022,1,1615.3,8
2022,2,1686.8200000000002,6
2022,3,2075.6,1
2022,4,1638.6399999999999,7
2022,5,1971.98,3
2022,6,1765.76,5
2022,7,1534.1,10
2022,8,1545.4,9
2022,9,1985.5199999999998,2
2022,10,1888.2600000000002,4
2022,1,1497.6799999999998,9
2022,2,2030.8000000000002,1
2022,3,1688.06,6
2022,4,1825.2000000000003,4
2022,5,1870.98,3
2022,6,1931.82,2
2022,7,1724.1399999999999,5
2022,8,1678.5800000000002,7
2022,9,1479.56,10
2022,10,1598.3,8
2022,1,1931.74,3
2022,2,1708.18,7
2022,3,1812.92,6
2022,4,1314.6799999999998,10
2022,5,1833.02,5
2022,6,2022.3400000000001,2
2022,7,2227.98,1
2022,8,1586.56,8
2022,9,1538.9,9
2022,10,1853.56,4
2022,1,1703.1000000000001,6
2022,2,1792.98,5
2022,3,1881.42,4
2022,4,2207.82,1
2022,5,1573.7,9
2022,6,1463.7600000000002,10
2022,7,1953.88,2
2022,8,1613.2000000000003,8
2022,9,1681.5,7
2022,10,1938.1200000000001,3
2022,1,1466.2,9
2022,2,1255.0,10
2022,3,1950.3400000000001,3
2022,4,2061.96,2
2022,5,1526.68,8
2022,6,1756.1000000000001,5
2022,7,1886.1599999999999,4
2022,8,1693.7800000000002,6
2022,9,1611.9,7
2022,10,2065.2799999999997,1
2022,1,1712.96,5
2022,2,1919.44,3
2022,3,1405.48,10
2022,4,1512.3400000000001,8
2022,5,2080.2599999999998,2
2022,6,1492.7199999999998,9
2022,7,2208.64,1
2022,8,1697.78,6
2022,9,1716.0600000000002,4
2022,10,1627.9,7
2022,1,1458.76,9
2022,2,2022.24,1
2022,3,1816.0,5
2022,4,1504.5,8
2022,5,1968.4599999999998,2
2022,6,1950.24,3
2022,7,1609.3999999999999,7
2022,8,1456.52,10
2022,9,1663.02,6
2022,10,1854.5400000000002,4
2022,1,1741.42,6
2022,2,1829.38,3
2022,3,1847.7,2
2022,4,1580.6,10
2022,5,1686.1399999999999,8
2022,6,2037.3999999999999,1
2022,7,1797.6399999999999,4
2022,8,1720.1599999999999,7
2022,9,1638.56,9
2022,10,1789.32,5
2022,1,1964.72,1
2022,2,1861.06,4
2022,3,1587.8200000000002,10
2022,4,1794.12,5
2022,5,1912.1,2
2022,6,1689.66,7
2022,7,1638.72,8
2022,8,1707.6599999999999,6
2022,9,1904.5800000000002,3
2022,10,1631.1,9
2022,1,1237.6399999999999,10
2022,2,2025.6000000000001,2
2022,3,2092.9,1
2022,4,1652.28,8
2022,5,1736.46,5
2022,6,1911.84,3
2022,7,1880.36,4
2022,8,1482.3600000000001,9
2022,9,1727.0800000000002,6
2022,10,1692.8200000000002,7
2022,1,1989.96,3
2022,2,1596.84,8
2022,3,1604.6,7
2022,4,1542.3600000000001,9
2022,5,2012.0200000000004,1
2022,6,1789.58,5
2022,7,1661.04,6
2022,8,1470.8600000000001,10
2022,9,2000.6800000000003,2
2022,10,1826.74,4
2022,1,1578.8600000000001,10
2022,2,1669.48,7
2022,3,1688.14,6
2022,4,1829.6599999999999,4
2022,5,2029.2600000000002,1
2022,6,1855.1000000000001,3
2022,7,1618.8000000000002,8
2022,8,1603.36,9
2022,9,1889.46,2
2022,10,1820.8600000000001,5
2022,1,1845.9,3
2022,2,1928.2599999999998,2
2022,3,1816.8600000000001,5
2022,4,1581.9199999999998,10
2022,5,1775.8000000000002,6
2022,6,1669.58,7
2022,7,1597.1200000000003,9
2022,8,1626.7600000000002,8
2022,9,1840.12,4
2022,10,1937.2,1
2022,1,1457.7,9
2022,2,2019.54,2
2022,3,1883.3400000000001,4
2022,4,1395.68,10
2022,5,1688.02,7
2022,6,1541.24,8
2022,7,2067.26,1
2022,8,1897.92,3
2022,9,1692.96,6
2022,10,1872.9999999999998,5
2022,1,1485.8,9
2022,2,2091.8,1
2022,3,1647.5,7
2022,4,1700.1,5
2022,5,1661.96,6
2022,6,1608.9,8
2022,7,2053.62,2
2022,8,1867.5,3
2022,9,1476.38,10
2022,10,1792.08,4
2022,1,1636.8000000000002,8
2022,2,1731.22,6
2022,3,1902.6599999999999,3
2022,4,1562.0800000000002,10
2022,5,1857.86,5
2022,6,1607.12,9
2022,7,1931.48,1
2022,8,1858.3600000000001,4
2022,9,1907.6400000000003,2
2022,10,1699.1999999999998,7
2022,1,1630.88,6
2022,2,2087.6400000000003,1
2022,3,2023.2999999999997,3
2022,4,1803.2000000000003,5
2022,5,1538.54,9
2022,6,1923.92,4
2022,7,2039.46,2
2022,8,1569.66,8
2022,9,1587.0000000000002,7
2022,10,1453.3600000000001,10
2022,1,1713.12,3
2022,2,1701.2,4
2022,3,2187.66,1
2022,4,1615.7600000000002,8
2022,5,1640.42,6
2022,6,1744.8,2
2022,7,1585.92,9
2022,8,1574.84,10
2022,9,1688.96,5
2022,10,1619.1200000000001,7
2022,1,1628.1800000000003,8
2022,2,1591.9,9
2022,3,1674.8,6
2022,4,1660.5,7
2022,5,1545.96,10
2022,6,2231.92,1
2022,7,1779.48,4
2022,8,1979.62,2
2022,9,1683.1,5
2022,10,1866.44,3
2022,1,1595.9,8
2022,2,1398.42,10
2022,3,2226.36,1
2022,4,1773.3,4
2022,5,1932.6,3
2022,6,1689.6,6
2022,7,1399.6000000000001,9
2022,8,2091.1,2
2022,9,1599.7,7
2022,10,1700.98,5
2022,1,1752.28,5
2022,2,1701.02,6
2022,3,1626.06,9
2022,4,2054.8999999999996,2
2022,5,1635.5800000000002,8
2022,6,1464.3600000000001,10
2022,7,1846.54,3
2022,8,2145.2400000000002,1
2022,9,1776.16,4
2022,10,1639.22,7
2022,1,1250.7600000000002,10
2022,2,1982.42,2
2022,3,1570.54,9
2022,4,1657.6000000000004,8
2022,5,1672.2,7
2022,6,1810.4,3
2022,7,2078.6,1
2022,8,1713.96,6
2022,9,1727.54,5
2022,10,1793.8400000000001,4
2022,1,1577.3400000000001,10
2022,2,1675.62,6
2022,3,2034.96,1
2022,4,1590.8400000000001,9
2022,5,1648.1000000000001,8
2022,6,2028.4999999999998,2
2022,7,1797.02,4
2022,8,1707.7600000000002,5
2022,9,1921.16,3
2022,10,1658.8999999999999,7
2022,1,1494.62,8
2022,2,1672.9,6
2022,3,1490.16,9
2022,4,1871.1,4
2022,5,1461.7999999999997,10
2022,6,1892.1799999999998,2
2022,7,2185.2,1
2022,8,1876.6999999999998,3
2022,9,1617.2400000000002,7
2022,10,1846.78,5
2022,1,2202.54,1
2022,2,2138.54,2
2022,3,1271.1,10
2022,4,2024.1600000000003,3
2022,5,1488.8600000000001,9
2022,6,1704.0,6
2022,7,1704.8,5
2022,8,1747.7799999999997,4
2022,9,1676.1999999999998,7
2022,10,1633.52,8
2022,1,1724.82,7
2022,2,1736.9,6
2022,3,1964.54,2
2022,4,1609.4999999999998,9
2022,5,1778.66,5
2022,6,1616.64,8
2022,7,1825.26,4
2022,8,2122.6,1
2022,9,1391.6999999999998,10
2022,10,1928.26,3
2022,1,1862.42,4
2022,2,1511.96,9
2022,3,1579.3799999999999,8
2022,4,1756.0199999999998,6
2022,5,1631.98,7
2022,6,1812.1399999999999,5
2022,7,1889.6999999999998,3
2022,8,2050.0,1
2022,9,1431.7,10
2022,10,1903.16,2
2022,1,1608.2,7
2022,2,2055.7799999999997,2
2022,3,1557.6999999999998,8
2022,4,1919.88,4
2022,5,2075.16,1
2022,6,1429.2200000000003,10
2022,7,2021.8400000000001,3
2022,8,1622.5000000000002,6
2022,9,1693.46,5
2022,10,1509.54,9
2022,1,1796.1200000000001,4
2022,2,1431.6799999999998,10
2022,3,1886.8000000000002,2
2022,4,1606.2399999999998,8
2022,5,1735.24,5
2022,6,2120.1,1
2022,7,1508.8000000000002,9
2022,8,1726.52,6
2022,9,1622.66,7
2022,10,1837.5400000000002,3
2022,1,1887.1399999999999,4
2022,2,1837.1,6
2022,3,2145.38,1
2022,4,1278.3,10
2022,5,1871.0800000000002,5
2022,6,1783.56,7
2022,7,1974.6999999999998,2
2022,8,1720.56,8
2022,9,1890.32,3
2022,10,1506.7000000000003,9
2022,1,1720.9,9
2022,2,1575.62,10
2022,3,2120.86,1
2022,4,1853.9,4
2022,5,1999.62,2
2022,6,1751.3,7
2022,7,1775.8999999999999,6
2022,8,1934.08,3
2022,9,1803.1999999999998,5
2022,10,1736.04,8
2022,1,2076.2,1
2022,2,2004.1399999999999,2
2022,3,1686.04,7
2022,4,1837.3600000000001,5
2022,5,1900.72,4
2022,6,1609.0,8
2022,7,1510.04,9
2022,8,1295.5,10
2022,9,1701.56,6
2022,10,1918.4399999999998,3
2022,1,1788.74,5
2022,2,1646.0399999999997,8
2022,3,1812.02,4
2022,4,1830.0,3
2022,5,1786.24,6
2022,6,2143.1600000000003,1
2022,7,2135.92,2
2022,8,1725.1599999999999,7
2022,9,1556.5,9
2022,10,1401.1599999999999,10
2022,1,1431.4,9
2022,2,2108.8199999999997,2
2022,3,1384.3400000000001,10
2022,4,2321.2599999999998,1
2022,5,1930.84,3
2022,6,1577.1,8
2022,7,1732.0600000000002,6
2022,8,1609.54,7
2022,9,1875.2,4
2022,10,1737.9,5
2022,1,1599.7600000000002,8
2022,2,1934.2600000000002,3
2022,3,1842.4599999999998,5
2022,4,2216.8,1
2022,5,1961.38,2
2022,6,1687.7,7
2022,7,1436.26,10
2022,8,1722.46,6
2022,9,1565.48,9
2022,10,1858.98,4
2022,1,1624.76,8
2022,2,1910.46,4
2022,3,1913.6999999999998,3
2022,4,1922.3,2
2022,5,1994.98,1
2022,6,1664.38,6
2022,7,1655.6200000000001,7
2022,8,1749.98,5
2022,9,1550.0,9
2022,10,1494.9,10
2022,1,1902.4599999999998,3
2022,2,1408.8000000000002,10
2022,3,1636.26,8
2022,4,2136.04,1
2022,5,1918.58,2
2022,6,1800.8,4
2022,7,1552.1999999999998,9
2022,8,1723.5800000000002,5
2022,9,1660.32,7
2022,10,1696.3600000000001,6
2022,1,1527.58,9
2022,2,1674.6,7
2022,3,1646.12,8
2022,4,1717.7,4
2022,5,1855.04,1
2022,6,1808.6599999999999,2
2022,7,1730.96,3
2022,8,1492.1599999999999,10
2022,9,1676.0200000000002,6
2022,10,1700.08,5
2022,1,1871.0,4
2022,2,2017.0,3
2022,3,1630.4,8
2022,4,2168.36,1
2022,5,2107.38,2
2022,6,1853.76,5
2022,7,1054.72,10
2022,8,1732.8600000000001,7
2022,9,1506.94,9
2022,10,1841.3400000000001,6
2022,1,1690.5200000000002,7
2022,2,1956.9399999999998,1
2022,3,1810.3,6
2022,4,1936.04,2
2022,5,1629.8799999999997,9
2022,6,1660.0800000000002,8
2022,7,1838.2600000000002,5
2022,8,1875.7,4
2022,9,1905.88,3
2022,10,1387.9,10
2022,1,1692.7999999999997,8
2022,2,1847.7,5
2022,3,1763.1,6
2022,4,2007.4,1
2022,5,1481.88,10
2022,6,1895.3,3
2022,7,1547.4,9
2022,8,1739.58,7
2022,9,1891.9199999999998,4
2022,10,1966.54,2
2022,1,1840.3200000000002,3
2022,2,1760.44,5
2022,3,1935.2,2
2022,4,1831.08,4
2022,5,1654.1600000000003,7
2022,6,1488.6000000000001,10
2022,7,1731.9,6
2022,8,1648.96,8
2022,9,2063.36,1
2022,10,1508.1,9
2022,1,1542.3,9
2022,2,2041.92,1
2022,3,1814.1,4
2022,4,1787.0,5
2022,5,1648.3200000000002,7
2022,6,1585.96,8
2022,7,1737.92,6
2022,8,1842.5400000000002,3
2022,9,1934.6000000000001,2
2022,10,1518.6799999999998,10
2022,1,1696.54,6
2022,2,1622.6799999999998,8
2022,3,1917.72,2
2022,4,1775.62,5
2022,5,2192.96,1
2022,6,1662.9,7
2022,7,1783.8400000000001,4
2022,8,1590.0600000000002,9
2022,9,1799.6399999999999,3
2022,10,1535.72,10
2022,1,1607.22,7
2022,2,1556.6799999999998,8
2022,3,1497.52,10
2022,4,1718.5,6
2022,5,1915.56,3
2022,6,1749.26,5
2022,7,1815.5600000000004,4
2022,8,1532.6,9
2022,9,2052.12,1
2022,10,2014.4400000000003,2
2022,1,1386.7199999999998,10
2022,2,1605.5,8
2022,3,2081.08,2
2022,4,2243.06,1
2022,5,1771.06,5
2022,6,1483.96,9
2022,7,1800.48,4
2022,8,1896.56,3
2022,9,1737.5600000000002,6
2022,10,1678.1,7
2022,1,1478.2200000000003,9
2022,2,1553.9,8
2022,3,2008.5799999999997,1
2022,4,1815.0,5
2022,5,1893.7,2
2022,6,1868.66,3
2022,7,1859.8200000000002,4
2022,8,1303.0,10
2022,9,1672.5,7
2022,10,1710.7000000000003,6
2022,1,1407.6999999999998,9
2022,2,1779.16,6
2022,3,1623.4,8
2022,4,1380.32,10
2022,5,2117.36,1
2022,6,1865.9,3
2022,7,1802.3999999999999,5
2022,8,1825.62,4
2022,9,1996.7800000000002,2
2022,10,1762.1399999999999,7
2022,1,1825.3000000000002,3
2022,2,1843.32,2
2022,3,1749.4,4
2022,4,1732.52,5
2022,5,1572.7200000000003,10
2022,6,1652.4,8
2022,7,2053.7,1
2022,8,1718.98,6
2022,9,1701.0,7
2022,10,1621.38,9
2022,1,1742.34,6
2022,2,1286.52,10
2022,3,1899.6200000000001,3
2022,4,2004.94,1
2022,5,1909.6399999999999,2
2022,6,1581.2199999999998,9
2022,7,1751.0800000000002,5
2022,8,1711.3400000000001,7
2022,9,1864.92,4
2022,10,1605.3600000000001,8
2022,1,1670.0599999999997,7
2022,2,1810.3600000000004,6
2022,3,1963.52,1
2022,4,1836.4,4
2022,5,1664.04,9
2022,6,1883.5999999999997,3
2022,7,1417.66,10
2022,8,1933.9199999999998,2
2022,9,1665.1799999999998,8
2022,10,1825.52,5
2022,1,1610.94,7
2022,2,1639.8000000000002,5
2022,3,1587.76,8
2022,4,1970.34,3
2022,5,1700.36,4
2022,6,2174.2999999999997,1
2022,7,1568.88,9
2022,8,2026.92,2
2022,9,1635.04,6
2022,10,1473.8400000000001,10
2022,1,1497.4,9
2022,2,1460.5,10
2022,3,1692.4,7
2022,4,2158.8,2
2022,5,1861.08,4
2022,6,1872.68,3
2022,7,2174.56,1
2022,8,1694.72,6
2022,9,1635.2399999999998,8
2022,10,1751.7399999999998,5
2022,1,1879.82,3
2022,2,1850.42,4
2022,3,1371.9,10
2022,4,1660.3,8
2022,5,1987.2600000000002,2
2022,6,1702.06,6
2022,7,1405.3000000000002,9
2022,8,2033.66,1
2022,9,1792.6399999999999,5
2022,10,1693.28,7
2022,1,1570.3600000000001,10
2022,2,1996.8200000000002,2
2022,3,2006.3600000000001,1
2022,4,1599.76,9
2022,5,1790.38,3
2022,6,1714.06,6
2022,7,1607.1,8
2022,8,1781.4,5
2022,9,1647.1,7
2022,10,1782.8200000000002,4
2022,1,1640.7400000000002,8
2022,2,1801.6599999999999,6
2022,3,1874.7,4
2022,4,1889.2399999999998,3
2022,5,1891.4199999999998,2
2022,6,1737.3400000000001,7
2022,7,1821.96,5
2022,8,2123.94,1
2022,9,1368.16,10
2022,10,1639.1999999999998,9
2022,1,1815.1,3
2022,2,1939.66,2
2022,3,2116.18,1
2022,4,1617.7,6
2022,5,1562.62,9
2022,6,1607.7799999999997,8
2022,7,1459.52,10
2022,8,1700.66,5
2022,9,1608.26,7
2022,10,1791.3600000000001,4
2022,1,1599.8000000000002,9
2022,2,1758.6599999999999,4
2022,3,1695.48,6
2022,4,1622.0800000000002,8
2022,5,1698.3799999999999,5
2022,6,1507.46,10
2022,7,1944.7799999999997,3
2022,8,2208.0,1
2022,9,1688.5,7
2022,10,2172.4,2
2022,1,1844.0600000000002,2
2022,2,1864.8600000000001,1
2022,3,1806.0,4
2022,4,1764.94,6
2022,5,1807.5,3
2022,6,1503.98,10
2022,7,1764.98,5
2022,8,1671.3000000000002,8
2022,9,1570.54,9
2022,10,1748.72,7
2022,1,1602.0,9
2022,2,1793.9,5
2022,3,1766.76,7
2022,4,1873.62,2
2022,5,1766.08,8
2022,6,1425.42,10
2022,7,1831.86,4
2022,8,1871.54,3
2022,9,1923.46,1
2022,10,1789.1,6
2022,1,1620.62,8
2022,2,1733.1000000000004,7
2022,3,2012.14,1
2022,4,1749.8799999999999,6
2022,5,1333.7,10
2022,6,1597.48,9
2022,7,1939.7999999999997,3
2022,8,1985.2800000000002,2
2022,9,1797.94,5
2022,10,1876.6000000000001,4
2022,1,1786.94,5
2022,2,1558.5,9
2022,3,1721.06,7
2022,4,1377.2,10
2022,5,1810.6000000000001,4
2022,6,1736.98,6
2022,7,2110.4,2
2022,8,1606.1600000000003,8
2022,9,1848.2200000000003,3
2022,10,2179.7,1
2022,1,1849.1,5
2022,2,1704.3999999999999,7
2022,3,2038.42,1
2022,4,1627.98,9
2022,5,1891.88,3
2022,6,1951.1599999999999,2
2022,7,1861.7200000000003,4
2022,8,1664.94,8
2022,9,1351.0,10
2022,10,1838.14,6
2022,1,1493.66,10
2022,2,1877.6399999999999,3
2022,3,2014.7,2
2022,4,1707.52,6
2022,5,1524.18,9
2022,6,1653.1799999999998,8
2022,7,1727.9600000000003,5
2022,8,1687.28,7
2022,9,2079.5,1
2022,10,1865.9,4
2022,1,2097.36,1
2022,2,1573.96,10
2022,3,1577.4,9
2022,4,1764.2199999999998,5
2022,5,1889.8,3
2022,6,1779.48,4
2022,7,2018.6,2
2022,8,1723.3000000000002,6
2022,9,1629.72,7
2022,10,1625.38,8
2022,1,1797.62,6
2022,2,1882.7999999999997,3
2022,3,1651.82,7
2022,4,1944.1200000000001,2
2022,5,2272.82,1
2022,6,1799.2000000000003,5
2022,7,1799.6599999999999,4
2022,8,1327.6599999999999,10
2022,9,1561.2800000000002,8
2022,10,1357.3000000000002,9
2022,1,1858.8200000000002,5
2022,2,1875.3199999999997,3
2022,3,1687.24,7
2022,4,2024.1599999999999,2
2022,5,1860.1000000000004,4
2022,6,1684.2200000000003,8
2022,7,1396.22,9
2022,8,1245.9,10
2022,9,1757.8400000000001,6
2022,10,2124.46,1
2022,1,1960.56,2
2022,2,1762.1,4
2022,3,1726.62,6
2022,4,1630.16,7
2022,5,1461.76,10
2022,6,1479.5,9
2022,7,1740.04,5
2022,8,1815.7999999999997,3
2022,9,1971.0,1
2022,10,1590.98,8
2022,1,1624.4199999999998,7
2022,2,1414.6200000000001,10
2022,3,1591.98,8
2022,4,1569.1999999999998,9
2022,5,1693.96,6
2022,6,1723.8600000000001,4
2022,7,2051.8,1
2022,8,1928.8600000000001,3
2022,9,2035.22,2
2022,10,1697.3000000000002,5
2022,1,1884.88,3
2022,2,1585.1000000000001,10
2022,3,1970.6,1
2022,4,1756.1799999999998,7
2022,5,1798.4,6
2022,6,1642.1399999999999,9
2022,7,1935.12,2
2022,8,1860.9,4
2022,9,1811.8,5
2022,10,1689.0400000000002,8
2022,1,1787.14,5
2022,2,1996.52,1
2022,3,1770.9799999999998,6
2022,4,1908.74,3
2022,5,1850.08,4
2022,6,1934.3,2
2022,7,1599.7400000000002,9
2022,8,1562.3600000000001,10
2022,9,1699.82,8
2022,10,1716.88,7
2022,1,2242.58,1
2022,2,1483.6200000000001,10
2022,3,1703.9,7
2022,4,1720.98,5
2022,5,1562.1399999999999,9
2022,6,1811.1399999999999,4
2022,7,1590.4,8
2022,8,1715.6799999999998,6
2022,9,1964.6999999999998,2
2022,10,1876.1200000000003,3
2022,1,1774.58,5
2022,2,1734.0,6
2022,3,1918.1000000000004,2
2022,4,1803.7999999999997,4
2022,5,1624.7,9
2022,6,1639.42,8
2022,7,1513.1000000000001,10
2022,8,2110.8599999999997,1
2022,9,1717.8,7
2022,10,1853.3200000000002,3
2022,1,1136.7799999999997,10
2022,2,1812.94,4
2022,3,1653.6799999999998,8
2022,4,1439.56,9
2022,5,2008.72,2
2022,6,1789.56,5
2022,7,1732.56,6
2022,8,1717.22,7
2022,9,1884.1999999999998,3
2022,10,2199.3,1
2022,1,1626.02,9
2022,2,1858.56,3
2022,3,1903.0800000000002,2
2022,4,1700.1600000000003,8
2022,5,1844.6599999999999,5
2022,6,1846.1599999999999,4
2022,7,1502.8000000000002,10
2022,8,1954.48,1
2022,9,1729.94,7
2022,10,1792.24,6
2022,1,2096.0,1
2022,2,1983.2400000000002,3
2022,3,1846.6799999999998,4
2022,4,1788.04,5
2022,5,2068.36,2
2022,6,1754.9,6
2022,7,1418.16,9
2022,8,1600.28,8
2022,9,1404.6000000000001,10
2022,10,1701.88,7
2022,1,1999.4,3
2022,2,1769.1799999999998,5
2022,3,1646.3600000000001,6
2022,4,1854.2800000000002,4
2022,5,1469.8600000000001,9
2022,6,1413.6,10
2022,7,1541.1000000000001,8
2022,8,2049.6000000000004,1
2022,9,2036.06,2
2022,10,1617.5,7
2022,1,1917.32,2
2022,2,1857.0800000000004,3
2022,3,1821.12,5
2022,4,1849.12,4
2022,5,1820.48,6
2022,6,1727.82,7
2022,7,1652.2,9
2022,8,1437.9199999999998,10
2022,9,2123.6,1
2022,10,1665.04,8
2022,1,1960.4,2
2022,2,1534.8600000000001,9
2022,3,1429.1999999999998,10
2022,4,2024.8400000000001,1
2022,5,1863.4399999999998,4
2022,6,1787.06,6
2022,7,1588.96,8
2022,8,1678.8600000000001,7
2022,9,1909.1999999999998,3
2022,10,1828.7400000000002,5
2022,1,1817.42,5
2022,2,1517.56,10
2022,3,1532.16,9
2022,4,1920.04,2
2022,5,1576.7000000000003,8
2022,6,1872.32,4
2022,7,1996.8000000000002,1
2022,8,1756.54,6
2022,9,1685.02,7
2022,10,1882.8600000000001,3
2022,1,1959.7399999999998,2
2022,2,1925.46,3
2022,3,1679.9,7
2022,4,1551.9,10
2022,5,1918.56,4
2022,6,1740.8400000000001,5
2022,7,1626.46,8
2022,8,2088.76,1
2022,9,1568.8600000000001,9
2022,10,1717.1,6
2022,1,1444.6000000000001,9
2022,2,1761.1800000000003,8
2022,3,1777.3600000000001,7
2022,4,1845.46,4
2022,5,1840.8,5
2022,6,1881.3400000000001,3
2022,7,1805.96,6
2022,8,2042.58,1
2022,9,1888.1200000000001,2
2022,10,1391.2,10
2022,1,1305.6,10
2022,2,2003.48,1
2022,3,1811.38,7
2022,4,1873.96,5
2022,5,1688.12,9
2022,6,1847.2799999999997,6
2022,7,1888.3000000000002,3
2022,8,1984.56,2
2022,9,1727.1,8
2022,10,1877.5600000000002,4
2022,1,1750.6599999999999,6
2022,2,1779.56,4
2022,3,1451.8999999999999,10
2022,4,1753.04,5
2022,5,1566.5800000000002,8
2022,6,2187.6400000000003,1
2022,7,2021.7600000000002,2
2022,8,1965.68,3
2022,9,1617.6000000000001,7
2022,10,1547.56,9
2022,1,1817.02,5
2022,2,1543.78,8
2022,3,1485.54,10
2022,4,1905.6,4
2022,5,1494.26,9
2022,6,2057.12,1
2022,7,2004.8,2
2022,8,1980.0600000000002,3
2022,9,1557.7600000000002,7
2022,10,1735.86,6
2022,1,1539.18,9
2022,2,1222.9,10
2022,3,1744.2399999999998,6
2022,4,1723.6599999999999,7
2022,5,1551.9,8
2022,6,2033.5200000000002,1
2022,7,2029.08,2
2022,8,1860.02,5
2022,9,1868.04,4
2022,10,1943.16,3
2022,1,1382.62,10
2022,2,1650.8999999999999,6
2022,3,2208.8,1
2022,4,1875.2400000000002,5
2022,5,1553.16,8
2022,6,1501.0000000000002,9
2022,7,1555.22,7
2022,8,1894.3,4
2022,9,1899.74,3
2022,10,2070.5,2
2022,1,1932.8000000000002,5
2022,2,1848.7799999999997,6
2022,3,1561.42,9
2022,4,1956.96,4
2022,5,1600.3200000000002,8
2022,6,1963.02,3
2022,7,1137.6,10
2022,8,2035.08,1
2022,9,1722.4,7
2022,10,1969.4,2
2022,1,1570.7800000000002,8
2022,2,1508.7600000000002,9
2022,3,1759.4,6
2022,4,1845.1200000000001,2
2022,5,1782.3999999999999,5
2022,6,1698.8600000000001,7
2022,7,2071.7000000000003,1
2022,8,1830.7200000000003,3
2022,9,1797.38,4
2022,10,1383.18,10
2022,1,1999.4,4
2022,2,1855.6000000000001,5
2022,3,1432.46,9
2022,4,1369.52,10
2022,5,2064.7999999999997,2
2022,6,1508.3,7
2022,7,2034.38,3
2022,8,2083.2,1
2022,9,1815.64,6
2022,10,1505.24,8
2022,1,1541.48,10
2022,2,2104.76,1
2022,3,1613.6399999999999,9
2022,4,1974.66,2
2022,5,1931.4199999999998,4
2022,6,1645.46,8
2022,7,1764.46,6
2022,8,1960.6000000000001,3
2022,9,1676.76,7
2022,10,1872.68,5
2022,1,1591.7,9
2022,2,1575.42,10
2022,3,1784.8600000000001,5
2022,4,1788.9599999999998,4
2022,5,1755.24,6
2022,6,1723.8600000000001,7
2022,7,1951.7800000000002,1
2022,8,1852.02,3
2022,9,1706.6599999999999,8
2022,10,1928.94,2
2022,1,1734.8999999999999,4
2022,2,1559.62,9
2022,3,2130.92,1
2022,4,1730.98,5
2022,5,1545.06,10
2022,6,1674.8400000000001,8
2022,7,1769.0800000000002,3
2022,8,1728.6600000000003,6
2022,9,2018.2399999999998,2
2022,10,1679.7999999999997,7
2022,1,1678.2400000000002,8
2022,2,1772.5,7
2022,3,1877.94,3
2022,4,1552.2199999999998,10
2022,5,1558.7800000000002,9
2022,6,1773.56,6
2022,7,1921.2,2
2022,8,1805.2600000000002,5
2022,9,1842.9399999999998,4
2022,10,1975.22,1
2022,1,2029.22,2
2022,2,1922.92,4
2022,3,1397.9,9
2022,4,2006.1600000000003,3
2022,5,2143.28,1
2022,6,1530.2,8
2022,7,1234.7,10
2022,8,1830.38,5
2022,9,1712.62,6
2022,10,1558.1999999999998,7
2022,1,1595.9800000000002,8
2022,2,2179.82,1
2022,3,1499.0,10
2022,4,1754.86,5
2022,5,1948.6,3
2022,6,1686.7799999999997,6
2022,7,1641.3,7
2022,8,1820.8200000000002,4
2022,9,1521.7199999999998,9
2022,10,2013.1000000000001,2
2022,1,1477.1999999999998,9
2022,2,2017.3200000000002,2
2022,3,1400.86,10
2022,4,1948.28,3
2022,5,2073.26,1
2022,6,1688.6599999999999,6
2022,7,1805.5800000000002,5
2022,8,1506.9,8
2022,9,1642.44,7
2022,10,1938.6599999999999,4
2022,1,1821.7,6
2022,2,1536.46,10
2022,3,1889.22,5
2022,4,1896.8600000000001,4
2022,5,1929.98,2
2022,6,2007.1599999999999,1
2022,7,1709.46,7
2022,8,1584.2400000000002,9
2022,9,1922.8799999999997,3
2022,10,1623.04,8
2022,1,1992.1,2
2022,2,1978.1400000000003,3
2022,3,1324.2000000000003,10
2022,4,1439.98,9
2022,5,1751.96,7
2022,6,1527.2400000000002,8
2022,7,1850.22,4
2022,8,1790.66,5
2022,9,1755.14,6
2022,10,2129.52,1
2022,1,1821.5,4
2022,2,1671.42,7
2022,3,1551.86,10
2022,4,1839.8999999999999,3
2022,5,1684.08,6
2022,6,1575.6000000000001,9
2022,7,1722.58,5
2022,8,1602.3600000000001,8
2022,9,1875.8000000000002,2
2022,10,1943.6399999999999,1
2022,1,1514.5600000000004,10
2022,2,2153.8999999999996,1
2022,3,1695.96,6
2022,4,1738.16,5
2022,5,1692.5,7
2022,6,1550.5600000000002,8
2022,7,1800.92,4
2022,8,2012.64,3
2022,9,1538.5,9
2022,10,2139.96,2
2022,1,1755.12,7
2022,2,1908.54,2
2022,3,1816.0400000000002,3
2022,4,2044.56,1
2022,5,1800.88,5
2022,6,1460.06,9
2022,7,1437.1799999999998,10
2022,8,1806.1999999999998,4
2022,9,1783.06,6
2022,10,1635.4,8
2022,1,1574.1,9
2022,2,1688.44,5
2022,3,2292.1,1
2022,4,1556.02,10
2022,5,1632.8600000000001,6
2022,6,1588.5,8
2022,7,1614.0,7
2022,8,1764.96,4
2022,9,2000.5200000000002,2
2022,10,1912.1000000000001,3
2022,1,1540.5,10
2022,2,2052.7,1
2022,3,1611.1399999999999,8
2022,4,1816.4,5
2022,5,1916.5,3
2022,6,1840.08,4
2022,7,1794.7,6
2022,8,1728.9,7
2022,9,2036.8400000000001,2
2022,10,1548.8600000000001,9
2022,1,1656.34,8
2022,2,1730.42,6
2022,3,1759.02,5
2022,4,1454.6,9
2022,5,1889.16,3
2022,6,1969.98,2
2022,7,2106.7999999999997,1
2022,8,1416.18,10
2022,9,1727.5,7
2022,10,1804.56,4
2022,1,1442.0600000000002,9
2022,2,1772.08,6
2022,3,1945.92,1
2022,4,1691.1,7
2022,5,1685.08,8
2022,6,1893.54,2
2022,7,1385.3999999999999,10
2022,8,1856.5400000000002,3
2022,9,1824.6999999999998,4
2022,10,1807.1200000000003,5
2022,1,2051.04,1
2022,2,1651.1,8
2022,3,1908.4,4
2022,4,1703.76,6
2022,5,1936.8600000000001,3
2022,6,1643.1200000000001,9
2022,7,1776.4399999999998,5
2022,8,1692.04,7
2022,9,1511.2800000000002,10
2022,10,2039.2599999999998,2
2022,1,1759.3999999999999,4
2022,2,1352.7,9
2022,3,1248.46,10
2022,4,1973.1399999999999,2
2022,5,1700.76,7
2022,6,1742.4199999999998,5
2022,7,1721.62,6
2022,8,2141.6000000000004,1
2022,9,1496.2,8
2022,10,1915.14,3
2022,1,1896.08,2
2022,2,1823.9,5
2022,3,1455.2,10
2022,4,1825.26,4
2022,5,2151.66,1
2022,6,1538.6399999999999,9
2022,7,1693.6199999999997,6
2022,8,1539.5,8
2022,9,1860.96,3
2022,10,1672.56,7
2022,1,1737.0,5
2022,2,1741.5,4
2022,3,1622.88,9
2022,4,1534.7,10
2022,5,1687.92,7
2022,6,1711.8000000000002,6
2022,7,1643.0800000000004,8
2022,8,2234.86,1
2022,9,2095.0,2
2022,10,2001.6200000000003,3
2022,1,1456.62,10
2022,2,1974.3600000000001,2
2022,3,1665.9,8
2022,4,1640.6,9
2022,5,1788.6399999999999,6
2022,6,1689.52,7
2022,7,1957.6999999999998,3
2022,8,1903.7399999999998,5
2022,9,2015.2800000000002,1
2022,10,1908.5800000000002,4
2022,1,1915.5,3
2022,2,1375.8200000000002,10
2022,3,1657.94,7
2022,4,1817.8599999999997,4
2022,5,1597.6399999999999,9
2022,6,1949.66,2
2022,7,1791.56,5
2022,8,2105.5200000000004,1
2022,9,1664.26,6
2022,10,1613.46,8
2022,1,1815.6799999999998,5
2022,2,1458.98,10
2022,3,1641.52,7
2022,4,1959.8000000000002,3
2022,5,1538.6999999999998,9
2022,6,1805.94,6
2022,7,1903.0800000000002,4
2022,8,2147.8,1
2022,9,2019.1000000000001,2
2022,10,1576.92,8
2022,1,1675.8,7
2022,2,1663.24,9
2022,3,1826.48,3
2022,4,1837.2799999999997,2
2022,5,1878.8600000000001,1
2022,6,1665.36,8
2022,7,1656.58,10
2022,8,1809.0,4
2022,9,1699.26,6
2022,10,1765.76,5
2022,1,1670.0200000000002,7
2022,2,1357.1999999999998,10
2022,3,2189.36,1
2022,4,1973.9199999999998,2
2022,5,1879.6599999999999,3
2022,6,1786.94,4
2022,7,1531.2599999999998,8
2022,8,1761.8199999999997,5
2022,9,1677.08,6
2022,10,1494.9,9
2022,1,1844.04,5
2022,2,1555.2999999999997,9
2022,3,1641.52,7
2022,4,1814.46,6
2022,5,1855.7800000000002,4
2022,6,1860.1,3
2022,7,2003.3200000000002,2
2022,8,1385.06,10
2022,9,1611.08,8
2022,10,2117.5,1
2022,1,1665.1200000000001,6
2022,2,2005.1,2
2022,3,1796.7200000000003,5
2022,4,1373.2200000000003,9
2022,5,1902.2600000000002,4
2022,6,1346.38,10
2022,7,1612.3000000000002,7
2022,8,1522.6999999999998,8
2022,9,2048.7200000000003,1
2022,10,1986.1399999999999,3
2022,1,1954.4400000000003,2
2022,2,1558.8,10
2022,3,1924.88,3
2022,4,2081.1600000000003,1
2022,5,1852.8600000000001,4
2022,6,1668.84,7
2022,7,1733.16,5
2022,8,1627.7,9
2022,9,1717.56,6
2022,10,1640.0,8
2022,1,1559.88,8
2022,2,1471.5,9
2022,3,1972.4199999999998,2
2022,4,1610.6999999999998,7
2022,5,2048.3,1
2022,6,1380.2599999999998,10
2022,7,1667.76,6
2022,8,1878.2600000000002,4
2022,9,1936.46,3
2022,10,1780.5199999999998,5
2022,1,1699.1399999999999,6
2022,2,1861.8200000000002,3
2022,3,1566.3,9
2022,4,2141.36,1
2022,5,1646.04,8
2022,6,1650.6200000000001,7
2022,7,1742.08,5
2022,8,2063.74,2
2022,9,1803.1,4
2022,10,1556.92,10
2022,1,1713.26,7
2022,2,1441.2,9
2022,3,1821.66,6
2022,4,1950.1799999999998,1
2022,5,1382.8999999999999,10
2022,6,1939.6399999999999,2
2022,7,1897.9599999999998,5
2022,8,1911.7200000000003,4
2022,9,1924.98,3
2022,10,1661.42,8
2022,1,1814.6399999999999,5
2022,2,1845.42,4
2022,3,2220.36,1
2022,4,1613.52,8
2022,5,1666.48,7
2022,6,1885.6399999999999,3
2022,7,1776.8,6
2022,8,1567.94,9
2022,9,1249.46,10
2022,10,2011.46,2
2022,1,1581.8999999999996,8
2022,2,2121.24,1
2022,3,1744.02,6
2022,4,1870.76,3
2022,5,1908.78,2
2022,6,1827.84,4
2022,7,1565.1,9
2022,8,1502.8999999999999,10
2022,9,1639.4,7
2022,10,1821.66,5
2023,1,1829.1800000000003,4
2023,2,1364.6799999999998,9
2023,3,1712.5,7
2023,4,1862.9400000000003,3
2023,5,1772.08,6
2023,6,1936.84,2
2023,7,1637.46,8
2023,8,1817.1,5
2023,9,1317.3999999999999,10
2023,10,1979.6800000000003,1
2023,1,1846.3999999999999,3
2023,2,1466.52,10
2023,3,1804.6200000000001,4
2023,4,2071.82,1
2023,5,1697.3000000000002,7
2023,6,1743.44,5
2023,7,1732.2400000000002,6
2023,8,1566.7,8
2023,9,1977.64,2
2023,10,1498.8200000000002,9
2023,1,1582.8799999999999,9
2023,2,1776.82,4
2023,3,1568.9199999999998,10
2023,4,1767.68,5
2023,5,1609.8199999999997,8
2023,6,1884.1000000000004,3
2023,7,1963.94,2
2023,8,1736.1000000000001,6
2023,9,1965.2199999999998,1
2023,10,1660.72,7
2023,1,1611.3600000000001,9
2023,2,1812.0200000000002,4
2023,3,1589.8000000000002,10
2023,4,1729.02,6
2023,5,1750.96,5
2023,6,1726.0,7
2023,7,1854.7399999999998,2
2023,8,2104.76,1
2023,9,1717.86,8
2023,10,1848.96,3
2023,1,1585.48,7
2023,2,1399.5800000000002,9
2023,3,1573.24,8
2023,4,1396.7199999999998,10
2023,5,1817.34,4
2023,6,1673.9199999999998,6
2023,7,1789.0600000000004,5
2023,8,1928.36,3
2023,9,2042.74,2
2023,10,2097.94,1
2023,1,1731.04,6
2023,2,1387.52,10
2023,3,1635.1,8
2023,4,1622.2599999999998,9
2023,5,1751.16,5
2023,6,1801.7,4
2023,7,1897.1800000000003,3
2023,8,1636.02,7
2023,9,1919.6000000000001,2
2023,10,1954.3600000000001,1
2023,1,1541.76,8
2023,2,1705.3600000000001,6
2023,3,1267.56,10
2023,4,1799.2799999999997,4
2023,5,1684.98,7
2023,6,1878.3000000000002,3
2023,7,1933.36,2
2023,8,1710.6799999999998,5
2023,9,1323.6799999999998,9
2023,10,1992.3399999999997,1
2023,1,1956.4599999999998,1
2023,2,1620.5,9
2023,3,1898.1999999999998,2
2023,4,1848.5,3
2023,5,1509.56,10
2023,6,1683.04,8
2023,7,1697.94,7
2023,8,1744.1,6
2023,9,1835.04,4
2023,10,1820.1999999999998,5
2023,1,1681.5400000000002,7
2023,2,1776.7,4
2023,3,1739.7199999999998,5
2023,4,1495.16,9
2023,5,1975.7400000000002,3
2023,6,2090.42,1
2023,7,1661.9999999999998,8
2023,8,1392.8600000000001,10
2023,9,2074.52,2
2023,10,1700.0,6
2023,1,1224.9,10
2023,2,1797.02,5
2023,3,1704.12,8
2023,4,2004.02,1
2023,5,1712.3199999999997,7
2023,6,1531.98,9
2023,7,1933.7999999999997,3
2023,8,1895.4599999999996,4
2023,9,1979.3000000000002,2
2023,10,1761.94,6
2023,1,1725.96,5
2023,2,1713.3600000000001,7
2023,3,1810.2399999999998,3
2023,4,1831.2800000000002,2
2023,5,1539.4,10
2023,6,1721.94,6
2023,7,1661.42,8
2023,8,1627.36,9
2023,9,1739.98,4
2023,10,2145.44,1
2023,1,1613.52,7
2023,2,1997.4399999999998,3
2023,3,1505.9,10
2023,4,1594.34,8
2023,5,1671.7199999999998,5
2023,6,1862.02,4
2023,7,1543.16,9
2023,8,1623.0,6
2023,9,2024.42,2
2023,10,2025.8,1
2023,1,1648.6399999999999,7
2023,2,1570.2,9
2023,3,1758.98,6
2023,4,2012.3199999999997,1
2023,5,1841.1799999999998,4
2023,6,1580.8,8
2023,7,1533.22,10
2023,8,1959.6599999999999,2
2023,9,1806.2200000000003,5
2023,10,1937.64,3
2023,1,1515.08,10
2023,2,1842.32,5
2023,3,1864.86,4
2023,4,1620.22,8
2023,5,1938.5,1
2023,6,1928.46,2
2023,7,1877.8400000000001,3
2023,8,1633.52,7
2023,9,1580.1,9
2023,10,1828.0800000000002,6
2023,1,1432.14,10
2023,2,1595.0,9
2023,3,1756.7800000000002,4
2023,4,1704.26,5
2023,5,1701.52,6
2023,6,1825.9799999999998,3
2023,7,1916.6399999999999,2
2023,8,1928.96,1
2023,9,1666.42,8
2023,10,1693.34,7
2023,1,1406.1,9
2023,2,1535.3400000000001,8
2023,3,1782.92,6
2023,4,1936.6399999999999,4
2023,5,1931.7,5
2023,6,1983.4999999999998,3
2023,7,1376.1599999999999,10
2023,8,1699.56,7
2023,9,2008.6799999999998,1
2023,10,2004.3200000000002,2
2023,1,1617.1399999999999,8
2023,2,1942.52,2
2023,3,1426.1999999999998,9
2023,4,1828.3,4
2023,5,1777.7799999999997,6
2023,6,1834.9799999999998,3
2023,7,1294.1200000000001,10
2023,8,1767.1,7
2023,9,2040.5000000000002,1
2023,10,1813.44,5
2023,1,1847.34,3
2023,2,1757.9800000000002,5
2023,3,1543.86,9
2023,4,1649.56,7
2023,5,1987.3400000000001,1
2023,6,1649.5,8
2023,7,1739.5600000000002,6
2023,8,1820.3400000000001,4
2023,9,1438.62,10
2023,10,1858.9399999999998,2
2023,1,1472.42,10
2023,2,1583.3400000000001,7
2023,3,2037.7799999999997,1
2023,4,1580.3200000000002,8
2023,5,1844.1000000000001,5
2023,6,1895.5,3
2023,7,1541.1999999999998,9
2023,8,1593.0,6
2023,9,1860.56,4
2023,10,2019.0,2
2023,1,1846.22,4
2023,2,1718.76,7
2023,3,1537.28,9
2023,4,1572.68,8
2023,5,1761.6599999999999,5
2023,6,2059.8199999999997,1
2023,7,1530.8200000000002,10
2023,8,1755.86,6
2023,9,1880.1999999999998,3
2023,10,1940.6999999999998,2
2023,1,1778.24,6
2023,2,1770.9999999999998,7
2023,3,1790.0,5
2023,4,1668.12,8
2023,5,1854.9000000000003,4
2023,6,1429.9,10
2023,7,1884.66,3
2023,8,1910.2000000000003,2
2023,9,2094.3599999999997,1
2023,10,1514.94,9
2023,1,1546.3999999999999,9
2023,2,1744.86,5
2023,3,1502.9600000000003,10
2023,4,2098.44,1
2023,5,1712.22,6
2023,6,1982.8400000000001,2
2023,7,1650.62,7
2023,8,1754.2000000000003,4
2023,9,1964.2,3
2023,10,1595.52,8
2023,1,1770.0,6
2023,2,1499.52,9
2023,3,1510.38,8
2023,4,1777.2599999999998,5
2023,5,2030.52,1
2023,6,1746.0,7
2023,7,1494.5600000000002,10
2023,8,1993.44,2
2023,9,1814.8000000000002,4
2023,10,1839.7800000000002,3
2023,1,1440.44,10
2023,2,1573.6799999999998,8
2023,3,1733.2800000000002,6
2023,4,1749.6999999999998,5
2023,5,1583.48,7
2023,6,1554.98,9
2023,7,1909.1,2
2023,8,1998.04,1
2023,9,1813.76,4
2023,10,1856.02,3
2023,1,1942.1999999999998,3
2023,2,1693.02,6
2023,3,2013.6599999999999,2
2023,4,2119.66,1
2023,5,1399.1999999999998,10
2023,6,1499.28,8
2023,7,1442.0,9
2023,8,1813.94,4
2023,9,1588.8200000000002,7
2023,10,1807.3600000000001,5
2023,1,1716.6000000000001,8
2023,2,1772.38,7
2023,3,1915.8600000000001,1
2023,4,1813.7799999999997,6
2023,5,1895.02,3
2023,6,1814.4399999999998,5
2023,7,1670.26,9
2023,8,1506.2799999999997,10
2023,9,1854.42,4
2023,10,1900.48,2
2023,1,1515.3,9
2023,2,1696.4,5
2023,3,1580.54,7
2023,4,1310.56,10
2023,5,1914.7000000000003,2
2023,6,2088.42,1
2023,7,1864.1800000000003,4
2023,8,1881.74,3
2023,9,1550.2399999999998,8
2023,10,1669.56,6
2023,1,1719.8400000000001,7
2023,2,1695.88,8
2023,3,1606.9199999999998,9
2023,4,1979.2399999999998,2
2023,5,2043.5400000000002,1
2023,6,1360.44,10
2023,7,1738.5600000000002,6
2023,8,1844.02,4
2023,9,1855.04,3
2023,10,1754.3999999999996,5
2023,1,1375.8600000000001,10
2023,2,1811.54,5
2023,3,1758.84,7
2023,4,1855.96,4
2023,5,1930.4199999999998,2
2023,6,1532.7999999999997,9
2023,7,1789.8600000000001,6
2023,8,1860.22,3
2023,9,2045.7400000000002,1
2023,10,1637.7400000000002,8
2023,1,1758.08,5
2023,2,1686.6200000000001,6
2023,3,1587.6000000000001,7
2023,4,1582.5,8
2023,5,2011.2199999999998,1
2023,6,1818.9800000000002,3
2023,7,1872.7400000000002,2
2023,8,1810.98,4
2023,9,1527.5,9
2023,10,1456.52,10
2023,1,1639.8799999999999,6
2023,2,1770.6200000000001,5
2023,3,1595.8200000000002,8
2023,4,1852.02,3
2023,5,1563.8000000000002,10
2023,6,2157.9000000000005,1
2023,7,1830.0,4
2023,8,1922.9,2
2023,9,1571.72,9
2023,10,1598.82,7
2023,1,1897.52,3
2023,2,2104.7200000000003,1
2023,3,1742.94,7
2023,4,1923.6599999999999,2
2023,5,1380.3999999999999,10
2023,6,1785.2399999999998,4
2023,7,1755.6200000000003,6
2023,8,1721.08,8
2023,9,1492.86,9
2023,10,1767.4,5
2023,1,1592.6200000000001,7
2023,2,1657.7600000000002,5
2023,3,2178.02,1
2023,4,1553.3799999999999,8
2023,5,1523.9,9
2023,6,1912.04,2
2023,7,1741.8,4
2023,8,1600.1999999999998,6
2023,9,1434.6599999999999,10
2023,10,1843.48,3
2023,1,1575.94,8
2023,2,1646.5,7
2023,3,1568.08,9
2023,4,1806.86,3
2023,5,2069.4599999999996,1
2023,6,1680.78,6
2023,7,1727.98,5
2023,8,1875.26,2
2023,9,1788.52,4
2023,10,1485.62,10
2023,1,1629.76,8
2023,2,1864.2399999999998,3
2023,3,1681.56,5
2023,4,1526.36,10
2023,5,1835.98,4
2023,6,1601.76,9
2023,7,1665.46,7
2023,8,1667.42,6
2023,9,1928.44,1
2023,10,1895.8400000000001,2
2023,1,1634.92,7
2023,2,1672.52,6
2023,3,1580.38,8
2023,4,2306.5,1
2023,5,1724.02,5
2023,6,1807.18,3
2023,7,1251.7,10
2023,8,2060.86,2
2023,9,1770.32,4
2023,10,1566.54,9
2023,1,1835.6,3
2023,2,1687.42,6
2023,3,1673.26,7
2023,4,1446.8,10
2023,5,1735.2599999999998,5
2023,6,1552.0,9
2023,7,1875.92,2
2023,8,1611.08,8
2023,9,1791.08,4
2023,10,2238.96,1
2023,1,1572.42,8
2023,2,1479.46,10
2023,3,1705.3000000000002,6
2023,4,1744.94,5
2023,5,1595.8,7
2023,6,1955.48,1
2023,7,1937.94,2
2023,8,1569.6,9
2023,9,1878.96,4
2023,10,1886.88,3
2023,1,1794.38,3
2023,2,1604.6799999999998,7
2023,3,1617.7400000000002,6
2023,4,1558.8200000000002,8
2023,5,1720.9,5
2023,6,1557.2,9
2023,7,1791.2599999999998,4
2023,8,2059.92,1
2023,9,1921.9399999999998,2
2023,10,1539.34,10
2023,1,1920.7399999999998,2
2023,2,1541.88,9
2023,3,1725.96,5
2023,4,1768.1,3
2023,5,1419.6599999999999,10
2023,6,1955.2999999999997,1
2023,7,1558.88,8
2023,8,1653.3200000000002,7
2023,9,1752.0,4
2023,10,1684.5200000000002,6
2023,1,1431.58,9
2023,2,1637.02,8
2023,3,1880.8400000000001,3
2023,4,1912.8200000000002,2
2023,5,1805.2599999999998,4
2023,6,1750.6200000000001,6
2023,7,1279.1,10
2023,8,1915.5600000000002,1
2023,9,1770.6999999999998,5
2023,10,1654.4,7
2023,1,1412.2,10
2023,2,1998.92,2
2023,3,1546.48,9
2023,4,1784.56,5
2023,5,1652.1200000000001,6
2023,6,2124.34,1
2023,7,1648.28,7
2023,8,1875.02,4
2023,9,1993.3999999999999,3
2023,10,1636.46,8
2023,1,1805.46,5
2023,2,1835.6200000000001,3
2023,3,1525.56,9
2023,4,2086.72,1
2023,5,1569.6,8
2023,6,1703.24,6
2023,7,1808.7600000000002,4
2023,8,1860.92,2
2023,9,1438.42,10
2023,10,1580.54,7
2023,1,1666.2599999999998,8
2023,2,1909.8599999999997,3
2023,3,1565.8799999999999,9
2023,4,1988.96,2
2023,5,1825.54,5
2023,6,2031.0000000000002,1
2023,7,1858.12,4
2023,8,1670.96,7
2023,9,1779.8000000000002,6
2023,10,1316.26,10
2023,1,1850.6399999999999,5
2023,2,1479.0400000000002,8
2023,3,1443.1999999999998,9
2023,4,1634.5200000000002,7
2023,5,1386.72,10
2023,6,1992.68,2
2023,7,2134.32,1
2023,8,1928.96,4
2023,9,1941.9199999999998,3
2023,10,1691.96,6
2023,1,1643.9,7
2023,2,1820.5400000000004,4
2023,3,1759.48,6
2023,4,2006.9599999999998,1
2023,5,1592.9,9
2023,6,1608.3,8
2023,7,1763.9199999999998,5
2023,8,1877.1200000000003,3
2023,9,1957.32,2
2023,10,1504.72,10
2023,1,1651.2599999999998,8
2023,2,1736.9600000000003,4
2023,3,1799.0,3
2023,4,1837.2000000000003,1
2023,5,1806.56,2
2023,6,1655.7199999999998,7
2023,7,1421.58,10
2023,8,1549.16,9
2023,9,1734.5600000000002,5
2023,10,1669.22,6
2023,1,1650.54,5
2023,2,2156.42,1
2023,3,1620.3400000000001,6
2023,4,1728.2800000000002,4
2023,5,1895.4399999999998,2
2023,6,1814.3000000000002,3
2023,7,1609.1000000000004,7
2023,8,1438.6599999999999,10
2023,9,1442.04,9
2023,10,1555.12,8
2023,1,1560.5,10
2023,2,1633.8400000000001,6
2023,3,1592.9,7
2023,4,1804.1200000000003,5
2023,5,1818.3599999999997,4
2023,6,2057.02,1
2023,7,1995.9,2
2023,8,1578.7000000000003,8
2023,9,1936.0199999999998,3
2023,10,1573.0,9
2023,1,1566.92,8
2023,2,1743.44,3
2023,3,1526.96,9
2023,4,1652.9399999999998,6
2023,5,1507.4199999999996,10
2023,6,1696.5800000000002,5
2023,7,2016.42,1
2023,8,1735.1,4
2023,9,1909.1399999999999,2
2023,10,1568.68,7
2023,1,1804.08,3
2023,2,1655.4399999999998,6
2023,3,1876.6599999999999,1
2023,4,1869.9600000000003,2
2023,5,1614.8799999999999,8
2023,6,1601.46,10
2023,7,1741.44,4
2023,8,1611.8400000000001,9
2023,9,1628.52,7
2023,10,1688.9,5
2023,1,1878.88,3
2023,2,1424.22,10
2023,3,1780.52,6
2023,4,1522.98,9
2023,5,1582.06,7
2023,6,1579.2799999999997,8
2023,7,2115.96,1
2023,8,1864.1799999999998,4
2023,9,1942.1599999999999,2
2023,10,1787.8799999999999,5
2023,1,1698.4,7
2023,2,1544.06,9
2023,3,1930.1399999999999,3
2023,4,1637.2800000000002,8
2023,5,1523.82,10
2023,6,1965.04,2
2023,7,1742.46,5
2023,8,1849.1400000000003,4
2023,9,1701.08,6
2023,10,1988.3,1
2023,1,1853.4199999999998,4
2023,2,1832.96,5
2023,3,1858.62,3
2023,4,1755.1399999999999,7
2023,5,1576.0,9
2023,6,1379.3600000000001,10
2023,7,1869.7199999999998,2
2023,8,1653.7599999999998,8
2023,9,1929.7600000000002,1
2023,10,1825.38,6
2023,1,1789.32,5
2023,2,1314.88,10
2023,3,1800.7199999999998,4
2023,4,1853.6200000000001,3
2023,5,1653.94,7
2023,6,2001.06,1
2023,7,1587.7600000000002,8
2023,8,1875.54,2
2023,9,1547.66,9
2023,10,1750.7199999999998,6
2023,1,1667.8000000000002,7
2023,2,1560.58,9
2023,3,1700.48,5
2023,4,1732.3000000000002,4
2023,5,2009.24,2
2023,6,1586.14,8
2023,7,1519.02,10
2023,8,1755.8200000000002,3
2023,9,1678.0,6
2023,10,2177.2200000000003,1
2023,1,1802.6600000000003,4
2023,2,1218.24,10
2023,3,1562.52,9
2023,4,1805.1799999999998,3
2023,5,2212.6,1
2023,6,1612.4599999999998,7
2023,7,2067.02,2
2023,8,1590.98,8
2023,9,1717.9800000000002,5
2023,10,1621.6,6
2023,1,1418.7,10
2023,2,1716.24,5
2023,3,1946.4,2
2023,4,1901.4,3
2023,5,1457.88,8
2023,6,1772.06,4
2023,7,2134.94,1
2023,8,1456.78,9
2023,9,1527.32,7
2023,10,1605.7,6
2023,1,1616.7799999999997,8
2023,2,1821.0600000000002,4
2023,3,2056.52,1
2023,4,2025.0600000000002,2
2023,5,1767.24,6
2023,6,1844.1399999999999,3
2023,7,1745.9599999999998,7
2023,8,1440.1200000000001,10
2023,9,1446.42,9
2023,10,1812.56,5
2023,1,1732.2,6
2023,2,1776.5,4
2023,3,1952.92,2
2023,4,1747.58,5
2023,5,1673.2000000000003,7
2023,6,1945.1,3
2023,7,2095.6400000000003,1
2023,8,1652.4,9
2023,9,1666.28,8
2023,10,1633.6799999999998,10
2023,1,1885.6,3
2023,2,1458.76,10
2023,3,1502.8000000000002,9
2023,4,1868.52,4
2023,5,1855.44,5
2023,6,1550.46,7
2023,7,2179.7200000000003,1
2023,8,2123.94,2
2023,9,1516.3999999999999,8
2023,10,1725.32,6
2023,1,1865.8199999999997,3
2023,2,1418.42,10
2023,3,1478.3,9
2023,4,1796.4,4
2023,5,1540.4,8
2023,6,1610.8,6
2023,7,2181.6000000000004,1
2023,8,1687.9,5
2023,9,1884.34,2
2023,10,1593.54,7
2023,1,1854.2400000000002,3
2023,2,1642.44,8
2023,3,1679.58,7
2023,4,1520.96,10
2023,5,1685.74,6
2023,6,1593.46,9
2023,7,2001.02,2
2023,8,1745.12,5
2023,9,2158.5,1
2023,10,1765.4199999999998,4
2023,1,1977.8400000000001,1
2023,2,1540.88,9
2023,3,1829.12,4
2023,4,1534.8600000000001,10
2023,5,1834.6599999999999,3
2023,6,1689.94,6
2023,7,1666.78,7
2023,8,1817.8000000000002,5
2023,9,1914.16,2
2023,10,1660.78,8
2023,1,1527.14,10
2023,2,1963.2199999999998,2
2023,3,1668.92,8
2023,4,1699.18,6
2023,5,2065.3,1
2023,6,1529.06,9
2023,7,1750.06,5
2023,8,1923.3,3
2023,9,1683.1600000000003,7
2023,10,1869.3400000000001,4
2023,1,1720.3399999999997,5
2023,2,1502.58,9
2023,3,1888.6,2
2023,4,1708.8400000000001,8
2023,5,1920.1799999999998,1
2023,6,1712.3200000000002,7
2023,7,1439.88,10
2023,8,1719.64,6
2023,9,1734.7599999999998,4
2023,10,1869.5,3
2023,1,1943.74,2
2023,2,1772.36,4
2023,3,1687.02,8
2023,4,1728.04,5
2023,5,1524.2399999999998,10
2023,6,1706.44,7
2023,7,2007.6,1
2023,8,1606.94,9
2023,9,1720.2200000000003,6
2023,10,1883.88,3
2023,1,1916.1999999999998,1
2023,2,1594.3400000000001,10
2023,3,1767.9399999999998,5
2023,4,1759.7199999999998,7
2023,5,1885.46,2
2023,6,1760.8600000000001,6
2023,7,1677.92,8
2023,8,1816.6399999999999,4
2023,9,1640.28,9
2023,10,1868.52,3
2023,1,1709.6800000000003,5
2023,2,1925.7400000000002,1
2023,3,1693.1000000000001,7
2023,4,1567.52,9
2023,5,1702.2199999999998,6
2023,6,1775.52,2
2023,7,1749.94,4
2023,8,1534.58,10
2023,9,1568.44,8
2023,10,1753.8199999999997,3
2023,1,2042.96,2
2023,2,1506.66,9
2023,3,1905.74,3
2023,4,1663.42,6
2023,5,2104.6800000000003,1
2023,6,1511.46,8
2023,7,1444.9,10
2023,8,1716.08,5
2023,9,1779.02,4
2023,10,1659.56,7
2023,1,1574.8799999999999,7
2023,2,1806.6000000000001,5
2023,3,1894.94,3
2023,4,2033.6399999999999,1
2023,5,1578.1000000000001,6
2023,6,1866.5,4
2023,7,1238.1999999999998,10
2023,8,2026.56,2
2023,9,1557.4199999999998,8
2023,10,1501.04,9
2023,1,1695.0199999999998,7
2023,2,1719.2999999999997,5
2023,3,1699.92,6
2023,4,1382.7799999999997,10
2023,5,2076.02,1
2023,6,1629.76,8
2023,7,2018.9,2
2023,8,1899.76,3
2023,9,1548.0,9
2023,10,1720.0,4
2023,1,1892.3999999999999,3
2023,2,1486.9,8
2023,3,2076.8199999999997,2
2023,4,1431.2199999999998,9
2023,5,1695.38,6
2023,6,1801.74,5
2023,7,1425.08,10
2023,8,1618.8799999999999,7
2023,9,1835.96,4
2023,10,2136.9799999999996,1
2023,1,1902.4199999999996,2
2023,2,1960.7,1
2023,3,1580.98,8
2023,4,1685.3,7
2023,5,1505.1599999999999,9
2023,6,1834.34,3
2023,7,1709.0000000000002,5
2023,8,1726.9600000000003,4
2023,9,1422.5199999999998,10
2023,10,1704.48,6
2023,1,1294.7,10
2023,2,1554.8999999999999,8
2023,3,2051.32,1
2023,4,1571.74,7
2023,5,1530.32,9
2023,6,1966.72,2
2023,7,1670.4399999999998,5
2023,8,1591.1599999999999,6
2023,9,1933.18,3
2023,10,1867.58,4
2023,1,2046.08,1
2023,2,1775.8,4
2023,3,1464.26,10
2023,4,1643.16,9
2023,5,1814.8600000000001,3
2023,6,1765.46,5
2023,7,1746.94,6
2023,8,1694.52,8
2023,9,1954.52,2
2023,10,1732.7199999999998,7
2023,1,1765.2999999999997,4
2023,2,1595.6399999999999,7
2023,3,1675.26,5
2023,4,1620.68,6
2023,5,1595.26,8
2023,6,1506.12,10
2023,7,1956.5200000000004,2
2023,8,1953.48,3
2023,9,1575.7199999999998,9
2023,10,1968.08,1
2023,1,2277.46,1
2023,2,1598.92,7
2023,3,1650.62,5
2023,4,1688.62,4
2023,5,1336.1,10
2023,6,1954.8600000000001,2
2023,7,1586.8600000000001,8
2023,8,1569.56,9
2023,9,1862.3400000000001,3
2023,10,1640.7,6
2023,1,2100.1800000000003,1
2023,2,1956.3600000000001,2
2023,3,1851.6200000000001,5
2023,4,1831.3600000000001,6
2023,5,1225.6,10
2023,6,1624.12,8
2023,7,1708.6599999999999,7
2023,8,1853.38,4
2023,9,1888.62,3
2023,10,1612.7199999999998,9
2023,1,1436.3799999999999,9
2023,2,1616.8,7
2023,3,1826.7399999999998,3
2023,4,1844.6599999999999,2
2023,5,1638.7,6
2023,6,1590.76,8
2023,7,1430.1799999999998,10
2023,8,1690.3799999999999,5
2023,9,1732.32,4
2023,10,1904.16,1
2023,1,1890.34,1
2023,2,1559.4799999999998,9
2023,3,1783.92,4
2023,4,1698.6399999999999,7
2023,5,1851.2599999999998,2
2023,6,1798.66,3
2023,7,1690.9,8
2023,8,1773.2800000000002,5
2023,9,1517.0800000000002,10
2023,10,1701.92,6
2023,1,1704.6200000000001,6
2023,2,2016.02,1
2023,3,1685.32,8
2023,4,1814.12,3
2023,5,1674.14,9
2023,6,1772.8200000000002,5
2023,7,1489.56,10
2023,8,1799.7199999999998,4
2023,9,1832.42,2
2023,10,1695.54,7
2023,1,1729.6399999999999,6
2023,2,1412.04,10
2023,3,2083.94,1
2023,4,1492.5000000000002,9
2023,5,1971.58,2
2023,6,1545.02,8
2023,7,1925.86,4
2023,8,1675.68,7
2023,9,1930.52,3
2023,10,1755.54,5
2023,1,1662.1999999999998,7
2023,2,1589.58,9
2023,3,1470.6599999999999,10
2023,4,1624.5,8
2023,5,1702.66,6
2023,6,1713.36,5
2023,7,1990.76,2
2023,8,2018.6800000000003,1
2023,9,1821.48,4
2023,10,1950.4199999999998,3
2023,1,1651.8200000000002,8
2023,2,1536.92,10
2023,3,1836.92,3
2023,4,2072.0,1
2023,5,1811.44,5
2023,6,1741.6599999999999,6
2023,7,1589.52,9
2023,8,1986.9800000000002,2
2023,9,1740.36,7
2023,10,1820.3599999999997,4
2023,1,1529.8600000000001,8
2023,2,1660.3000000000002,6
2023,3,2129.02,1
2023,4,1932.66,2
2023,5,1413.1799999999998,9
2023,6,1656.4,7
2023,7,1772.82,3
2023,8,1755.6999999999998,4
2023,9,1692.7200000000003,5
2023,10,1318.46,10
2023,1,1755.24,5
2023,2,1729.04,6
2023,3,1938.1399999999999,2
2023,4,1964.6399999999999,1
2023,5,1725.6799999999998,7
2023,6,1609.6200000000001,8
2023,7,1601.2600000000002,9
2023,8,1858.42,3
2023,9,1561.36,10
2023,10,1761.04,4
2023,1,1627.3,10
2023,2,1735.76,5
2023,3,1806.0,3
2023,4,1669.02,9
2023,5,1754.8200000000002,4
2023,6,1848.62,2
2023,7,1700.4,7
2023,8,1960.5600000000004,1
2023,9,1674.84,8
2023,10,1716.74,6
2023,1,1498.1000000000001,10
2023,2,1598.22,8
2023,3,1849.7200000000003,4
2023,4,1882.9,3
2023,5,1922.22,2
2023,6,2057.24,1
2023,7,1704.2799999999997,7
2023,8,1744.6,6
2023,9,1796.3600000000001,5
2023,10,1597.76,9
2023,1,1835.2999999999997,3
2023,2,1817.7200000000003,5
2023,3,1671.2,8
2023,4,2061.8,1
2023,5,1704.6599999999999,7
2023,6,1822.3999999999999,4
2023,7,1882.9,2
2023,8,1607.4199999999998,9
2023,9,1738.44,6
2023,10,1592.8199999999997,10
2023,1,1928.94,1
2023,2,1792.0,4
2023,3,1761.6599999999999,7
2023,4,1779.4599999999998,5
2023,5,1464.72,10
2023,6,1862.9,3
2023,7,1712.48,8
2023,8,1610.0,9
2023,9,1894.66,2
2023,10,1768.38,6
2023,1,1607.76,9
2023,2,1511.2399999999998,10
2023,3,1735.6,6
2023,4,1857.7599999999998,3
2023,5,1785.1599999999999,4
2023,6,1719.8200000000002,7
2023,7,1709.56,8
2023,8,2185.8599999999997,1
2023,9,1759.34,5
2023,10,1907.42,2
2023,1,1713.44,6
2023,2,1535.9399999999998,9
2023,3,1918.9399999999998,4
2023,4,1966.8799999999999,2
2023,5,1652.18,7
2023,6,1566.98,8
2023,7,1263.28,10
2023,8,2089.7200000000003,1
2023,9,1926.1400000000003,3
2023,10,1845.48,5
2023,1,1500.3600000000001,10
2023,2,1639.6999999999998,7
2023,3,2129.04,1
2023,4,1666.2,5
2023,5,1778.3400000000001,4
2023,6,1645.12,6
2023,7,1875.0599999999997,3
2023,8,1924.08,2
2023,9,1630.42,8
2023,10,1616.5400000000002,9
2023,1,1587.62,8
2023,2,1773.88,5
2023,3,1928.7200000000003,2
2023,4,1456.4600000000003,10
2023,5,1730.36,6
2023,6,1575.6000000000004,9
2023,7,1807.2199999999998,4
2023,8,1719.62,7
2023,9,1949.96,1
2023,10,1928.52,3
2023,1,1859.06,2
2023,2,1760.0600000000002,4
2023,3,1501.38,9
2023,4,1603.86,8
2023,5,1841.34,3
2023,6,1424.5,10
2023,7,1657.88,7
2023,8,1750.0,5
2023,9,1861.12,1
2023,10,1743.1,6
2023,1,1643.46,5
2023,2,2057.6200000000003,1
2023,3,1485.2799999999997,10
2023,4,1606.56,7
2023,5,2014.08,2
2023,6,1542.56,9
2023,7,1634.3,6
2023,8,1959.12,3
2023,9,1844.06,4
2023,10,1578.2599999999998,8
2023,1,1907.94,2
2023,2,1801.72,5
2023,3,1793.36,6
2023,4,1652.1799999999998,9
2023,5,1887.7000000000003,3
2023,6,1738.62,8
2023,7,1775.2999999999997,7
2023,8,1954.12,1
2023,9,1284.94,10
2023,10,1822.7999999999997,4
2023,1,1750.54,6
2023,2,1525.6999999999998,8
2023,3,1781.86,4
2023,4,1435.6799999999998,10
2023,5,1456.44,9
2023,6,1858.02,3
2023,7,1745.1799999999998,7
2023,8,1753.02,5
2023,9,2025.4999999999998,1
2023,10,1999.58,2
2023,1,1610.3999999999999,9
2023,2,1667.02,8
2023,3,1713.4199999999998,5
2023,4,1930.52,2
2023,5,1673.12,7
2023,6,1820.18,4
2023,7,1922.2599999999998,3
2023,8,1370.88,10
2023,9,1691.2999999999997,6
2023,10,1945.12,1
2023,1,1968.3400000000001,1
2023,2,1417.6,10
2023,3,1964.42,2
2023,4,1825.94,4
2023,5,1735.58,6
2023,6,1641.6000000000004,8
2023,7,1862.12,3
2023,8,1773.98,5
2023,9,1493.02,9
2023,10,1687.2000000000003,7
2023,1,1771.86,5
2023,2,1535.7,9
2023,3,1594.1399999999999,8
2023,4,1461.0,10
2023,5,1936.8400000000001,1
2023,6,1859.04,4
2023,7,1751.62,6
2023,8,1913.68,2
2023,9,1696.66,7
2023,10,1871.92,3
2023,1,1782.26,5
2023,2,1921.74,3
2023,3,1389.9,10
2023,4,1533.72,9
2023,5,2019.8799999999999,2
2023,6,1749.92,6
2023,7,1725.24,7
2023,8,1623.08,8
2023,9,2031.1599999999999,1
2023,10,1873.58,4
2023,1,1998.86,2
2023,2,1602.1399999999999,8
2023,3,1752.54,5
2023,4,1805.04,4
2023,5,1912.24,3
2023,6,1339.7599999999998,9
2023,7,1322.28,10
2023,8,1641.98,7
2023,9,1679.2599999999998,6
2023,10,2000.2800000000002,1
2023,1,1626.36,7
2023,2,1858.2800000000002,4
2023,3,1895.6599999999999,3
2023,4,1798.3000000000002,5
2023,5,1718.2400000000002,6
2023,6,1604.08,8
2023,7,1963.28,1
2023,8,1928.9999999999998,2
2023,9,1603.1200000000001,9
2023,10,1516.1999999999998,10
2023,1,1699.8200000000002,6
2023,2,1440.88,9
2023,3,1599.1,8
2023,4,1069.2,10
2023,5,1904.8200000000002,2
2023,6,1754.44,5
2023,7,1647.74,7
2023,8,2115.0200000000004,1
2023,9,1788.56,4
2023,10,1826.92,3
2023,1,1600.8,10
2023,2,1803.66,3
2023,3,1760.9,4
2023,4,1713.06,5
2023,5,1607.2400000000002,9
2023,6,1683.38,7
2023,7,1683.4,6
2023,8,1645.8400000000001,8
2023,9,1904.62,1
2023,10,1858.6400000000003,2
2023,1,1884.38,2
2023,2,1870.8,3
2023,3,1769.2200000000003,4
2023,4,1648.6200000000001,8
2023,5,1679.46,7
2023,6,1609.36,9
2023,7,1607.74,10
2023,8,1762.2599999999998,5
2023,9,2129.76,1
2023,10,1743.96,6
2023,1,1600.16,7
2023,2,1474.88,10
2023,3,1986.56,1
2023,4,1897.16,3
2023,5,1539.0,9
2023,6,1704.6199999999997,5
2023,7,1669.2200000000003,6
2023,8,1928.3600000000001,2
2023,9,1567.6,8
2023,10,1793.04,4
2023,1,2047.92,1
2023,2,1623.9399999999998,8
2023,3,1421.76,10
2023,4,1559.7600000000002,9
2023,5,1713.6999999999998,6
2023,6,1771.88,5
2023,7,1968.62,2
2023,8,1787.46,4
2023,9,1633.82,7
2023,10,1875.1000000000001,3
2023,1,1842.4999999999998,6
2023,2,1702.48,7
2023,3,1953.0,3
2023,4,1271.08,10
2023,5,2043.54,2
2023,6,1471.7,9
2023,7,1843.96,5
2023,8,1870.6200000000003,4
2023,9,2056.34,1
2023,10,1671.36,8
2023,1,1943.8600000000001,2
2023,2,1899.8600000000001,3
2023,3,2047.0,1
2023,4,1682.8000000000002,5
2023,5,1671.08,8
2023,6,1672.5800000000002,7
2023,7,1627.1000000000001,9
2023,8,1613.24,10
2023,9,1721.8400000000001,4
2023,10,1678.16,6
2023,1,1843.72,4
2023,2,1637.74,7
2023,3,1678.8200000000002,6
2023,4,1444.08,9
2023,5,1940.7000000000003,3
2023,6,1631.9,8
2023,7,1829.7600000000002,5
2023,8,1347.1,10
2023,9,1971.7199999999998,2
2023,10,1995.3600000000001,1
2023,1,1957.0800000000002,2
2023,2,1478.08,9
2023,3,1918.0,3
2023,4,1590.1999999999998,8
2023,5,1624.54,6
2023,6,1625.62,5
2023,7,1608.62,7
2023,8,1462.42,10
2023,9,1886.52,4
2023,10,2000.3,1
2023,1,1851.1,4
2023,2,1887.2200000000003,3
2023,3,1554.16,9
2023,4,1908.8200000000002,2
2023,5,1772.6799999999998,6
2023,6,1414.0,10
2023,7,1671.38,7
2023,8,1637.2,8
2023,9,2156.8599999999997,1
2023,10,1832.76,5
2023,1,2022.6599999999999,1
2023,2,1909.4599999999998,4
2023,3,1168.84,10
2023,4,1635.7400000000002,7
2023,5,1949.7199999999998,3
2023,6,1523.42,9
2023,7,2014.8799999999999,2
2023,8,1548.8600000000001,8
2023,9,1662.8599999999997,6
2023,10,1675.76,5
2023,1,1479.1200000000001,10
2023,2,1843.92,5
2023,3,1592.7599999999998,9
2023,4,1860.3999999999999,4
2023,5,1957.66,1
2023,6,1598.1200000000001,8
2023,7,1926.5000000000002,3
2023,8,1939.12,2
2023,9,1732.12,7
2023,10,1758.04,6
2023,1,1827.98,4
2023,2,2029.08,1
2023,3,1795.3200000000002,5
2023,4,1523.4999999999998,10
2023,5,1623.78,9
2023,6,1752.86,6
2023,7,1896.2600000000002,2
2023,8,1698.8600000000001,8
2023,9,1725.16,7
2023,10,1852.8,3
2023,1,1500.2600000000002,9
2023,2,1471.2400000000002,10
2023,3,1728.52,5
2023,4,1620.12,8
2023,5,1731.6,4
2023,6,1665.4,7
2023,7,2078.44,1
2023,8,1698.7,6
2023,9,1884.56,3
2023,10,1910.7599999999998,2
2023,1,2121.34,1
2023,2,1467.6,9
2023,3,1563.42,8
2023,4,1786.06,4
2023,5,1440.1,10
2023,6,1647.82,7
2023,7,1651.72,6
2023,8,1898.7,2
2023,9,1752.1000000000001,5
2023,10,1842.62,3
2023,1,1929.6200000000001,2
2023,2,1483.8600000000001,8
2023,3,1686.5399999999997,7
2023,4,1454.8,10
2023,5,1914.8000000000002,3
2023,6,1860.6600000000003,5
2023,7,1740.92,6
2023,8,1937.86,1
2023,9,1480.8600000000001,9
2023,10,1878.8200000000002,4
2023,1,1461.3,8
2023,2,1804.48,4
2023,3,1737.7800000000002,6
2023,4,1630.9,7
2023,5,1373.3,10
2023,6,2039.5600000000002,1
2023,7,1760.36,5
2023,8,1432.3,9
2023,9,1805.38,3
2023,10,1937.08,2
2023,1,1566.04,8
2023,2,1586.6,7
2023,3,1687.8000000000002,6
2023,4,1824.02,3
2023,5,1785.6399999999999,4
2023,6,1726.9,5
2023,7,1473.1599999999999,9
2023,8,2122.0,1
2023,9,1459.9,10
2023,10,1886.2,2
2023,1,1547.8,10
2023,2,2044.8200000000002,1
2023,3,1783.78,4
2023,4,1581.46,9
2023,5,1896.48,2
2023,6,1634.56,7
2023,7,1633.7200000000003,8
2023,8,1690.92,6
2023,9,1787.2399999999998,3
2023,10,1706.02,5
2023,1,1602.6,10
2023,2,1751.08,6
2023,3,1681.16,8
2023,4,1903.16,1
2023,5,1765.0,5
2023,6,1650.4399999999998,9
2023,7,1738.3000000000002,7
2023,8,1777.3799999999999,4
2023,9,1815.6599999999999,3
2023,10,1849.62,2
2023,1,1889.3400000000001,3
2023,2,2065.8,1
2023,3,1801.34,5
2023,4,1680.26,6
2023,5,1552.9200000000003,8
2023,6,1594.3400000000001,7
2023,7,1868.8400000000001,4
2023,8,1456.04,10
2023,9,1889.7,2
2023,10,1522.8,9
2023,1,1725.0400000000002,6
2023,2,2149.9,1
2023,3,1446.0,10
2023,4,1833.7599999999998,4
2023,5,1489.1,9
2023,6,1800.4,5
2023,7,2101.62,2
2023,8,1505.26,7
2023,9,1500.02,8
2023,10,1848.7400000000002,3
2023,1,1681.42,6
2023,2,1643.48,7
2023,3,1629.5,8
2023,4,1986.8200000000002,2
2023,5,1711.8200000000002,4
2023,6,1717.52,3
2023,7,2001.0,1
2023,8,1570.86,9
2023,9,1710.0199999999998,5
2023,10,1535.8200000000002,10
2023,1,1557.5200000000002,8
2023,2,1979.5,1
2023,3,1800.94,3
2023,4,1545.4,9
2023,5,1644.5000000000002,7
2023,6,1792.2000000000003,5
2023,7,1766.46,6
2023,8,1819.4599999999998,2
2023,9,1796.8600000000001,4
2023,10,1442.2599999999998,10
2023,1,1870.2200000000003,1
2023,2,1862.2400000000002,2
2023,3,1574.1799999999998,10
2023,4,1760.0,7
2023,5,1832.9,4
2023,6,1815.3399999999997,6
2023,7,1831.1999999999998,5
2023,8,1658.8199999999997,8
2023,9,1837.6599999999999,3
2023,10,1602.26,9
2023,1,1783.62,5
2023,2,1817.0200000000002,3
2023,3,1799.82,4
2023,4,1439.3,10
2023,5,1780.38,6
2023,6,1633.6999999999998,8
2023,7,1856.32,2
2023,8,1691.7399999999998,7
2023,9,1881.98,1
2023,10,1593.8000000000002,9
2023,1,1830.94,6
2023,2,1660.0400000000002,9
2023,3,1732.94,7
2023,4,1706.12,8
2023,5,1834.92,5
2023,6,2037.9600000000003,1
2023,7,2032.56,2
2023,8,1837.72,4
2023,9,1948.54,3
2023,10,1201.9,10
2023,1,1767.0400000000002,5
2023,2,1698.5200000000002,7
2023,3,1810.62,4
2023,4,1413.1,9
2023,5,1537.46,8
2023,6,1895.7,2
2023,7,1825.58,3
2023,8,1321.0,10
2023,9,1960.82,1
2023,10,1711.0,6
2023,1,1783.8600000000001,3
2023,2,1417.7,10
2023,3,1912.52,1
2023,4,1726.6,5
2023,5,1844.3000000000002,2
2023,6,1725.56,6
2023,7,1720.68,7
2023,8,1700.7000000000003,8
2023,9,1770.3,4
2023,10,1459.98,9
2023,1,1452.34,10
2023,2,1459.58,9
2023,3,1981.84,1
2023,4,1653.38,8
2023,5,1804.06,6
2023,6,1801.1599999999999,7
2023,7,1917.8399999999997,2
2023,8,1816.42,4
2023,9,1809.3799999999999,5
2023,10,1834.02,3
2023,1,1469.2599999999998,9
2023,2,1652.56,7
2023,3,2117.34,1
2023,4,1302.44,10
2023,5,1696.58,6
2023,6,1815.6999999999998,5
2023,7,1879.46,3
2023,8,1528.0,8
2023,9,1855.2,4
2023,10,2002.52,2
2023,1,1860.92,2
2023,2,1106.1,10
2023,3,1773.08,6
2023,4,1799.2399999999998,5
2023,5,1507.7,8
2023,6,1807.8200000000002,4
2023,7,1741.92,7
2023,8,1855.96,3
2023,9,1420.4,9
2023,10,2113.14,1
2023,1,1427.98,9
2023,2,2012.8200000000002,2
2023,3,1580.06,8
2023,4,1376.0,10
2023,5,1943.1399999999999,4
2023,6,1993.78,3
2023,7,2065.58,1
2023,8,1769.04,5
2023,9,1623.0,7
2023,10,1717.98,6
2023,1,1734.18,5
2023,2,1315.8600000000001,10
2023,3,1957.46,1
2023,4,1752.52,4
2023,5,1658.7199999999998,8
2023,6,1921.08,2
2023,7,1672.1399999999999,7
2023,8,1817.1799999999998,3
2023,9,1719.0,6
2023,10,1554.2200000000003,9
2023,1,1546.4,10
2023,2,1613.8,9
2023,3,1907.96,1
2023,4,1616.2,8
2023,5,1879.2399999999998,2
2023,6,1618.0,7
2023,7,1811.2400000000002,4
2023,8,1683.5,5
2023,9,1825.38,3
2023,10,1640.04,6
2023,1,1832.86,2
2023,2,1805.2199999999998,5
2023,3,1472.2799999999997,9
2023,4,1727.76,7
2023,5,1737.08,6
2023,6,1830.7199999999998,3
2023,7,1401.3600000000001,10
2023,8,1812.8599999999997,4
2023,9,1924.72,1
2023,10,1683.2199999999998,8
2023,1,1373.5600000000002,10
2023,2,1846.1599999999999,3
2023,3,1846.3799999999999,2
2023,4,1816.24,6
2023,5,1677.04,8
2023,6,1487.56,9
2023,7,1773.04,7
2023,8,1821.1,5
2023,9,1845.3399999999997,4
2023,10,1930.46,1
2023,1,1833.52,4
2023,2,1505.0,8
2023,3,1991.1,1
2023,4,1890.8600000000001,3
2023,5,1780.46,5
2023,6,1711.6599999999999,6
2023,7,1694.46,7
2023,8,1445.7199999999998,9
2023,9,1987.76,2
2023,10,1277.5600000000002,10
2023,1,1820.6,4
2023,2,1695.7199999999998,7
2023,3,1867.96,2
2023,4,1626.0,9
2023,5,1826.68,3
2023,6,1699.78,6
2023,7,1781.3400000000001,5
2023,8,1647.54,8
2023,9,1959.8400000000001,1
2023,10,1609.1599999999999,10
2023,1,1994.3200000000002,1
2023,2,1687.3600000000001,6
2023,3,1512.28,10
2023,4,1952.5,3
2023,5,1565.9,9
2023,6,1775.2999999999997,4
2023,7,1682.84,7
2023,8,1727.06,5
2023,9,1600.36,8
2023,10,1970.8199999999997,2
2023,1,1376.1,10
2023,2,1883.74,3
2023,3,2121.42,1
2023,4,1709.46,6
2023,5,1888.6399999999999,2
2023,6,1771.44,4
2023,7,1650.1,7
2023,8,1609.7000000000003,8
2023,9,1602.42,9
2023,10,1742.1999999999998,5
2023,1,1564.7800000000002,8
2023,2,1628.82,7
2023,3,1523.3600000000001,9
2023,4,1782.3000000000002,5
2023,5,1483.2,10
2023,6,1728.8,6
2023,7,2089.84,1
2023,8,1985.74,2
2023,9,1879.1599999999999,3
2023,10,1852.62,4
2023,1,1797.44,6
2023,2,1937.6,1
2023,3,1813.6200000000003,5
2023,4,1764.9199999999996,7
2023,5,1599.88,9
2023,6,1760.1000000000001,8
2023,7,1880.6400000000003,3
2023,8,1930.6599999999999,2
2023,9,1831.38,4
2023,10,1527.24,10
2023,1,2004.26,3
2023,2,1502.32,8
2023,3,1548.3200000000002,7
2023,4,2116.2200000000003,1
2023,5,1181.02,10
2023,6,2043.78,2
2023,7,1841.36,4
2023,8,1766.56,5
2023,9,1462.6599999999999,9
2023,10,1702.64,6
2023,1,1523.5,9
2023,2,1808.7000000000003,4
2023,3,1741.48,5
2023,4,1664.28,6
2023,5,1952.92,1
2023,6,1927.0000000000002,2
2023,7,1620.9,7
2023,8,1587.8199999999997,8
2023,9,1438.0800000000002,10
2023,10,1853.7399999999998,3
2024,1,1954.38,4
2024,2,1937.98,5
2024,3,2003.62,3
2024,4,1565.48,9
2024,5,2091.38,1
2024,6,1820.0,6
2024,7,1681.46,7
2024,8,1361.08,10
2024,9,1581.2999999999997,8
2024,10,2069.2400000000002,2
2024,1,1533.7600000000002,10
2024,2,2020.22,2
2024,3,1800.6399999999999,6
2024,4,1812.98,4
2024,5,1796.54,7
2024,6,1803.2199999999998,5
2024,7,1565.8,9
2024,8,1701.1999999999998,8
2024,9,2204.88,1
2024,10,1834.08,3
2024,1,1745.96,8
2024,2,1805.6000000000001,6
2024,3,1855.06,4
2024,4,1832.2199999999998,5
2024,5,2074.72,1
2024,6,1914.7799999999997,3
2024,7,1804.9800000000002,7
2024,8,1663.0,9
2024,9,2062.0,2
2024,10,1378.7599999999998,10
2024,1,2190.5,1
2024,2,1875.34,4
2024,3,1725.78,8
2024,4,1878.62,3
2024,5,1663.58,9
2024,6,1813.4799999999998,5
2024,7,2019.3600000000001,2
2024,8,1616.3,10
2024,9,1787.6599999999999,7
2024,10,1802.4600000000003,6
2024,1,1534.7599999999998,8
2024,2,1580.0400000000002,7
2024,3,1936.3999999999999,4
2024,4,2002.0,2
2024,5,2157.6800000000003,1
2024,6,1513.3799999999999,9
2024,7,1828.98,6
2024,8,1952.6399999999999,3
2024,9,1471.1200000000001,10
2024,10,1836.6399999999999,5
2024,1,1936.28,2
2024,2,1776.3999999999996,8
2024,3,1404.0600000000002,10
2024,4,1815.5,6
2024,5,1932.26,3
2024,6,2089.16,1
2024,7,1830.08,5
2024,8,1788.6999999999998,7
2024,9,1859.58,4
2024,10,1652.48,9
2024,1,1984.2800000000002,1
2024,2,1972.16,2
2024,3,1705.8400000000001,6
2024,4,1791.1,5
2024,5,1541.42,9
2024,6,1955.3,4
2024,7,1680.22,7
2024,8,1659.7800000000002,8
2024,9,1962.56,3
2024,10,1479.1000000000001,10
2024,1,1919.62,4
2024,2,1473.46,9
2024,3,2148.92,1
2024,4,1705.3000000000002,7
2024,5,2067.56,3
2024,6,1896.6999999999998,5
2024,7,1285.68,10
2024,8,1865.6000000000001,6
2024,9,1594.0,8
2024,10,2138.54,2
2024,1,1564.52,9
2024,2,1735.2,8
2024,3,1964.94,1
2024,4,1839.7400000000002,5
2024,5,1783.7999999999997,7
2024,6,1916.0,4
2024,7,1940.18,2
2024,8,1556.8799999999999,10
2024,9,1926.6,3
2024,10,1803.5,6
2024,1,1528.7600000000002,10
2024,2,1741.9,6
2024,3,2169.7799999999997,1
2024,4,1566.72,9
2024,5,1684.0,7
2024,6,1902.04,4
2024,7,2071.2,2
2024,8,1948.9599999999998,3
2024,9,1762.9199999999998,5
2024,10,1663.3000000000002,8
2024,1,2041.6599999999999,2
2024,2,1590.7199999999998,9
2024,3,1710.0,6
2024,4,1553.2,10
2024,5,2031.78,3
2024,6,1815.76,5
2024,7,1675.3000000000002,7
2024,8,2227.2799999999997,1
2024,9,1891.12,4
2024,10,1653.9800000000002,8
2024,1,1748.34,6
2024,2,1699.76,8
2024,3,1705.98,7
2024,4,1763.46,5
2024,5,1549.44,9
2024,6,1547.7000000000003,10
2024,7,1926.0600000000002,4
2024,8,1976.98,2
2024,9,2083.26,1
2024,10,1958.74,3
2024,1,1764.12,6
2024,2,1641.6799999999998,7
2024,3,1845.3800000000003,4
2024,4,1813.6000000000001,5
2024,5,1609.3200000000002,8
2024,6,2003.2800000000002,1
2024,7,1952.66,3
2024,8,1560.48,10
2024,9,1601.5,9
2024,10,1966.2999999999997,2
2024,1,1782.9,6
2024,2,1722.42,7
2024,3,1789.78,5
2024,4,1407.4,10
2024,5,1658.6800000000003,8
2024,6,1860.6599999999999,4
2024,7,1949.46,2
2024,8,1652.56,9
2024,9,1981.5399999999997,1
2024,10,1899.92,3
2024,1,1696.5800000000002,8
2024,2,1708.94,7
2024,3,2210.18,1
2024,4,1726.1599999999999,6
2024,5,1839.42,4
2024,6,1810.8200000000002,5
2024,7,1622.1999999999998,9
2024,8,2000.42,2
2024,9,1613.7399999999998,10
2024,10,1908.0,3
2024,1,1868.4599999999998,3
2024,2,1765.3999999999999,7
2024,3,1594.88,10
2024,4,1795.02,6
2024,5,1664.96,9
2024,6,2118.48,2
2024,7,1860.8,4
2024,8,1839.3799999999997,5
2024,9,1709.38,8
2024,10,2129.0,1
2024,1,2013.5,2
2024,2,1804.62,6
2024,3,2045.56,1
2024,4,1807.38,5
2024,5,1795.1000000000001,7
2024,6,1643.9,9
2024,7,1925.0800000000002,4
2024,8,1602.98,10
2024,9,1656.8799999999999,8
2024,10,2000.1399999999999,3
2024,1,1761.14,6
2024,2,1862.54,4
2024,3,1893.3000000000002,3
2024,4,1504.9,10
2024,5,1829.6000000000004,5
2024,6,1697.4,7
2024,7,1909.68,2
2024,8,2143.0,1
2024,9,1568.1599999999999,9
2024,10,1629.38,8
2024,1,1374.78,10
2024,2,1946.04,3
2024,3,2020.74,1
2024,4,1806.6399999999999,7
2024,5,1963.3600000000001,2
2024,6,1942.8,4
2024,7,1834.6000000000001,6
2024,8,1644.7200000000003,8
2024,9,1865.08,5
2024,10,1598.2,9
2024,1,1820.3600000000001,5
2024,2,1969.6599999999999,3
2024,3,1962.96,4
2024,4,1691.56,7
2024,5,1714.56,6
2024,6,1390.12,10
2024,7,1663.78,8
2024,8,2066.2000000000003,2
2024,9,1579.8400000000001,9
2024,10,2152.2,1
2024,1,1937.84,4
2024,2,1926.18,5
2024,3,1677.3,7
2024,4,1952.1799999999998,3
2024,5,1784.7199999999998,6
2024,6,1645.34,8
2024,7,2046.6,1
2024,8,2009.4399999999998,2
2024,9,1470.72,10
2024,10,1640.0400000000002,9
2024,1,1529.74,10
2024,2,2063.98,2
2024,3,1917.9800000000002,3
2024,4,1751.46,6
2024,5,1684.24,7
2024,6,1785.16,5
2024,7,1661.3200000000002,8
2024,8,2157.18,1
2024,9,1869.92,4
2024,10,1659.26,9
2024,1,1929.2600000000002,4
2024,2,1802.3600000000001,5
2024,3,1544.7800000000002,10
2024,4,1938.4200000000003,2
2024,5,1552.5,9
2024,6,2115.16,1
2024,7,1718.92,7
2024,8,1771.4,6
2024,9,1670.6,8
2024,10,1936.6,3
2024,1,1726.3600000000001,8
2024,2,1946.1999999999998,3
2024,3,2017.5000000000002,1
2024,4,1459.5800000000002,10
2024,5,1980.3,2
2024,6,1899.44,4
2024,7,1890.06,5
2024,8,1887.68,6
2024,9,1663.32,9
2024,10,1857.52,7
2024,1,2144.38,1
2024,2,1707.7000000000003,7
2024,3,1681.68,8
2024,4,1807.42,3
2024,5,1595.72,9
2024,6,1718.3799999999999,6
2024,7,1801.86,4
2024,8,1534.5799999999997,10
2024,9,1769.3600000000001,5
2024,10,2144.24,2
2024,1,1545.6,10
2024,2,1828.7799999999997,5
2024,3,1936.74,3
2024,4,1911.2399999999998,4
2024,5,1990.06,2
2024,6,1759.18,7
2024,7,2151.0,1
2024,8,1821.88,6
2024,9,1600.8600000000001,9
2024,10,1633.12,8
2024,1,1652.8600000000001,8
2024,2,1574.0,9
2024,3,2259.7,1
2024,4,1778.16,5
2024,5,1670.7399999999998,7
2024,6,2060.06,2
2024,7,1896.28,3
2024,8,1411.1,10
2024,9,1873.7199999999998,4
2024,10,1701.2199999999998,6
2024,1,1564.34,9
2024,2,1753.1000000000001,8
2024,3,1340.8,10
2024,4,1777.02,6
2024,5,2215.82,1
2024,6,2067.6400000000003,2
2024,7,1934.72,4
2024,8,1758.66,7
2024,9,1856.98,5
2024,10,1948.28,3
2024,1,1755.78,5
2024,2,2053.06,2
2024,3,1902.14,4
2024,4,1990.94,3
2024,5,1467.8600000000001,10
2024,6,1552.7600000000002,8
2024,7,1503.5,9
2024,8,1713.3000000000002,6
2024,9,2347.6,1
2024,10,1567.7799999999997,7
2024,1,1997.4,2
2024,2,1615.4399999999996,8
2024,3,1572.3799999999997,9
2024,4,1806.3600000000001,4
2024,5,1682.8199999999997,7
2024,6,1698.64,6
2024,7,1952.94,3
2024,8,2060.0,1
2024,9,1402.48,10
2024,10,1722.9,5
2024,1,1773.6400000000003,6
2024,2,1631.7000000000003,8
2024,3,1500.8,10
2024,4,1579.1399999999999,9
2024,5,1910.08,2
2024,6,1883.3999999999999,3
2024,7,2176.7,1
2024,8,1828.52,4
2024,9,1727.42,7
2024,10,1800.8799999999999,5
2024,1,1829.3999999999999,4
2024,2,1779.78,6
2024,3,2122.18,1
2024,4,2015.0400000000002,2
2024,5,1715.88,8
2024,6,1776.8600000000001,7
2024,7,1786.3000000000002,5
2024,8,1607.4999999999998,9
2024,9,1585.7200000000003,10
2024,10,1947.48,3
2024,1,1738.62,7
2024,2,1478.58,10
2024,3,1955.1,3
2024,4,1688.04,9
2024,5,1824.66,6
2024,6,1702.7199999999998,8
2024,7,1893.42,5
2024,8,2144.7,1
2024,9,1968.34,2
2024,10,1919.3600000000001,4
2024,1,1775.9,7
2024,2,2032.44,1
2024,3,1728.98,8
2024,4,1726.86,9
2024,5,1833.1,6
2024,6,1890.12,5
2024,7,2011.7399999999998,2
2024,8,1614.8000000000002,10
2024,9,1963.08,3
2024,10,1952.58,4
2024,1,1465.2800000000002,10
2024,2,1752.2800000000002,8
2024,3,2084.02,1
2024,4,1591.8000000000002,9
2024,5,1866.0600000000002,6
2024,6,1754.4400000000003,7
2024,7,1944.1,4
2024,8,2009.96,2
2024,9,1910.62,5
2024,10,2003.78,3
2024,1,1756.72,8
2024,2,1778.54,6
2024,3,1819.96,5
2024,4,1765.04,7
2024,5,1994.4,1
2024,6,1950.7599999999998,2
2024,7,1644.18,10
2024,8,1870.22,4
2024,9,1649.4,9
2024,10,1907.58,3
2024,1,1618.7200000000003,9
2024,2,1714.64,7
2024,3,1904.58,3
2024,4,1687.64,8
2024,5,1767.62,6
2024,6,1515.14,10
2024,7,1894.4799999999998,4
2024,8,1953.3799999999999,2
2024,9,1829.8999999999999,5
2024,10,2179.04,1
2024,1,1806.3400000000001,5
2024,2,1688.1200000000001,8
2024,3,1774.7599999999998,6
2024,4,1856.1399999999999,4
2024,5,2017.8000000000002,3
2024,6,1517.22,10
2024,7,2147.2,1
2024,8,2060.98,2
2024,9,1559.32,9
2024,10,1693.7800000000002,7
2024,1,1582.9,9
2024,2,1629.18,7
2024,3,1873.42,4
2024,4,1618.46,8
2024,5,2078.1,1
2024,6,1947.16,2
2024,7,1435.1200000000003,10
2024,8,1938.6600000000003,3
2024,9,1745.8000000000002,6
2024,10,1831.14,5
2024,1,1557.6,10
2024,2,1724.2800000000002,7
2024,3,1793.98,4
2024,4,1677.02,8
2024,5,1787.4,5
2024,6,2057.48,2
2024,7,1857.56,3
2024,8,1757.7999999999997,6
2024,9,1632.76,9
2024,10,2115.86,1
2024,1,1996.0600000000002,1
2024,2,1685.46,8
2024,3,1664.26,9
2024,4,1856.3000000000002,6
2024,5,1832.6399999999999,7
2024,6,1652.2799999999997,10
2024,7,1982.82,2
2024,8,1868.0,4
2024,9,1856.6799999999998,5
2024,10,1893.4,3
2024,1,1641.02,8
2024,2,1764.3000000000002,5
2024,3,1542.78,10
2024,4,1671.6000000000001,7
2024,5,1755.0799999999997,6
2024,6,1952.8600000000001,3
2024,7,2072.1,2
2024,8,1576.5600000000002,9
2024,9,1772.1000000000001,4
2024,10,2215.14,1
2024,1,1864.2599999999998,4
2024,2,1983.6600000000003,3
2024,3,1645.1799999999998,7
2024,4,1557.4,9
2024,5,1775.1999999999998,6
2024,6,1832.42,5
2024,7,2137.9399999999996,1
2024,8,1438.7200000000003,10
2024,9,1645.1599999999999,8
2024,10,2074.3199999999997,2
2024,1,1899.4,3
2024,2,1629.28,9
2024,3,1847.2400000000002,5
2024,4,1808.98,6
2024,5,2076.04,2
2024,6,1513.8999999999999,10
2024,7,1728.08,8
2024,8,2088.6800000000003,1
2024,9,1784.52,7
2024,10,1865.6799999999998,4
2024,1,2098.0,2
2024,2,1948.46,3
2024,3,1637.2600000000002,8
2024,4,1579.3400000000001,10
2024,5,1623.6,9
2024,6,1793.9800000000002,5
2024,7,2106.7,1
2024,8,1640.8999999999999,7
2024,9,1917.38,4
2024,10,1787.7399999999998,6
2024,1,1459.4,9
2024,2,1607.58,8
2024,3,2015.16,3
2024,4,1756.12,5
2024,5,1987.9399999999998,4
2024,6,2085.1800000000003,2
2024,7,2200.32,1
2024,8,1715.96,7
2024,9,1429.3400000000001,10
2024,10,1738.98,6
2024,1,1609.48,10
2024,2,1772.46,7
2024,3,1935.1599999999999,3
2024,4,1941.1,2
2024,5,2058.34,1
2024,6,1828.0800000000002,5
2024,7,1612.8,9
2024,8,1775.56,6
2024,9,1897.9199999999996,4
2024,10,1757.86,8
2024,1,2197.94,1
2024,2,1569.04,9
2024,3,1732.98,6
2024,4,1785.3,5
2024,5,1879.52,4
2024,6,1491.3199999999997,10
2024,7,1599.1000000000004,8
2024,8,1606.96,7
2024,9,1920.6,2
2024,10,1891.4799999999998,3
2024,1,1794.0,6
2024,2,1757.0600000000004,9
2024,3,1844.04,5
2024,4,1925.0399999999997,4
2024,5,1937.56,2
2024,6,1767.6399999999999,7
2024,7,1364.0,10
2024,8,2033.0,1
2024,9,1766.08,8
2024,10,1931.38,3
2024,1,1952.2399999999998,2
2024,2,1752.3999999999999,7
2024,3,1874.0,4
2024,4,1931.2800000000002,3
2024,5,1766.5,6
2024,6,1527.0,9
2024,7,1518.26,10
2024,8,1974.4,1
2024,9,1586.6599999999999,8
2024,10,1776.9999999999998,5
2024,1,2126.2599999999998,1
2024,2,1782.26,6
2024,3,1949.46,3
2024,4,1880.14,4
2024,5,1598.8999999999999,9
2024,6,1733.2999999999997,7
2024,7,1818.7599999999998,5
2024,8,1341.82,10
2024,9,1619.5000000000002,8
2024,10,2045.98,2
2024,1,1985.1599999999999,2
2024,2,1784.3600000000001,6
2024,3,1800.42,5
2024,4,1662.2600000000002,10
2024,5,1737.38,7
2024,6,1875.34,3
2024,7,1817.7200000000003,4
2024,8,1706.1000000000001,9
2024,9,1707.3,8
2024,10,2148.5,1
2024,1,1551.22,9
2024,2,2109.88,2
2024,3,1983.52,3
2024,4,1801.44,5
2024,5,1827.8600000000001,4
2024,6,1668.44,8
2024,7,1721.9599999999998,7
2024,8,1727.1999999999998,6
2024,9,1451.5,10
2024,10,2238.38,1
2024,1,1530.2199999999998,10
2024,2,1547.04,9
2024,3,1826.7400000000002,5
2024,4,1609.5800000000002,8
2024,5,2010.96,2
2024,6,1968.1399999999999,3
2024,7,1872.0,4
2024,8,1760.6,6
2024,9,2050.98,1
2024,10,1703.6799999999998,7
2024,1,1789.58,5
2024,2,1722.1599999999999,7
2024,3,2003.58,1
2024,4,1650.56,8
2024,5,1793.46,4
2024,6,1756.78,6
2024,7,1984.9,3
2024,8,1628.06,9
2024,9,1585.6,10
2024,10,2001.1599999999999,2
2024,1,1875.66,3
2024,2,1882.32,2
2024,3,1796.26,7
2024,4,1871.58,4
2024,5,1834.78,5
2024,6,1884.96,1
2024,7,1823.02,6
2024,8,1624.8999999999999,9
2024,9,1614.6000000000001,10
2024,10,1700.1599999999999,8
2024,1,1634.2600000000002,7
2024,2,1647.36,6
2024,3,1489.5200000000002,9
2024,4,2174.86,2
2024,5,2053.68,3
2024,6,1825.2600000000002,4
2024,7,1790.8,5
2024,8,2191.7,1
2024,9,1478.7,10
2024,10,1535.68,8
2024,1,1865.68,6
2024,2,1839.72,7
2024,3,1816.5,8
2024,4,1876.5,4
2024,5,1346.5,10
2024,6,1868.6999999999998,5
2024,7,1679.96,9
2024,8,2081.94,1
2024,9,1890.72,2
2024,10,1885.1600000000003,3
2024,1,1933.4,4
2024,2,1719.62,8
2024,3,1966.4399999999998,2
2024,4,1897.2799999999997,5
2024,5,1774.8799999999999,7
2024,6,1958.6399999999999,3
2024,7,1886.5800000000002,6
2024,8,1355.1999999999998,10
2024,9,2001.1599999999999,1
2024,10,1655.1200000000001,9
2024,1,1931.1999999999998,3
2024,2,1795.78,5
2024,3,1503.58,9
2024,4,1501.4,10
2024,5,1750.7999999999997,7
2024,6,1660.5,8
2024,7,2061.14,1
2024,8,1794.16,6
2024,9,2029.78,2
2024,10,1852.06,4
2024,1,1698.1,9
2024,2,1862.0600000000002,3
2024,3,2051.06,1
2024,4,1824.76,4
2024,5,1967.2799999999997,2
2024,6,1802.7,5
2024,7,1782.0200000000002,7
2024,8,1692.4,10
2024,9,1799.4,6
2024,10,1705.5200000000002,8
2024,1,1568.66,9
2024,2,1932.1,2
2024,3,1918.2799999999997,3
2024,4,1803.78,6
2024,5,1952.3600000000001,1
2024,6,1886.5600000000002,5
2024,7,1472.6999999999998,10
2024,8,1738.9199999999998,7
2024,9,1912.0800000000002,4
2024,10,1660.3400000000001,8
2024,1,1805.58,7
2024,2,1988.14,2
2024,3,2068.2799999999997,1
2024,4,1932.42,4
2024,5,1481.04,10
2024,6,1670.6799999999998,9
2024,7,1757.88,8
2024,8,1876.12,5
2024,9,1805.8000000000002,6
2024,10,1942.8999999999999,3
2024,1,2044.1,3
2024,2,2076.38,1
2024,3,1784.92,5
2024,4,1556.38,10
2024,5,1757.36,6
2024,6,2048.2200000000003,2
2024,7,1816.1799999999998,4
2024,8,1611.38,9
2024,9,1756.4,7
2024,10,1628.36,8
2024,1,1714.04,7
2024,2,1783.3999999999999,5
2024,3,2094.48,1
2024,4,1704.64,8
2024,5,1683.12,9
2024,6,1576.6799999999998,10
2024,7,1983.8000000000002,2
2024,8,1744.62,6
2024,9,1937.9,3
2024,10,1897.2,4
2024,1,1648.0400000000002,8
2024,2,1778.68,7
2024,3,1825.6999999999998,6
2024,4,1930.8600000000001,4
2024,5,1943.26,2
2024,6,2103.98,1
2024,7,1941.48,3
2024,8,1854.6000000000001,5
2024,9,1602.46,9
2024,10,1523.3400000000001,10
2024,1,1515.8000000000002,10
2024,2,1640.0800000000002,9
2024,3,2005.82,1
2024,4,1879.8199999999997,4
2024,5,1660.94,8
2024,6,1924.7799999999997,3
2024,7,1694.08,7
2024,8,1935.1,2
2024,9,1856.0,6
2024,10,1865.68,5
2024,1,1586.12,8
2024,2,2006.6000000000001,2
2024,3,1483.3,10
2024,4,1539.18,9
2024,5,1985.04,4
2024,6,1787.6799999999998,5
2024,7,1986.36,3
2024,8,1774.3800000000003,6
2024,9,2109.06,1
2024,10,1750.1,7
2024,1,1615.34,9
2024,2,1846.58,3
2024,3,1619.8000000000002,8
2024,4,1768.98,6
2024,5,1596.8600000000001,10
2024,6,1810.06,4
2024,7,1668.2600000000002,7
2024,8,2022.4,2
2024,9,2308.44,1
2024,10,1802.22,5
2024,1,1596.3600000000001,9
2024,2,1698.02,6
2024,3,1619.3600000000001,8
2024,4,1903.64,2
2024,5,1706.8200000000002,5
2024,6,1900.0,3
2024,7,1692.0,7
2024,8,2170.48,1
2024,9,1512.42,10
2024,10,1787.1799999999998,4
2024,1,1764.6,8
2024,2,1319.0,10
2024,3,1825.1399999999999,5
2024,4,1895.8600000000001,3
2024,5,2084.02,1
2024,6,1782.1,7
2024,7,1906.8200000000002,2
2024,8,1706.96,9
2024,9,1890.3799999999999,4
2024,10,1813.36,6
2024,1,1579.2800000000002,10
2024,2,1835.9999999999998,4
2024,3,1908.52,2
2024,4,1627.46,9
2024,5,1797.42,6
2024,6,1754.7600000000002,7
2024,7,1799.58,5
2024,8,1899.7799999999997,3
2024,9,2019.6600000000003,1
2024,10,1741.28,8
2024,1,1723.8600000000001,7
2024,2,1768.0600000000004,5
2024,3,1805.3600000000001,3
2024,4,1743.06,6
2024,5,1928.2600000000002,2
2024,6,1653.22,9
2024,7,2107.2799999999997,1
2024,8,1716.9600000000003,8
2024,9,1784.92,4
2024,10,1648.8999999999996,10
2024,1,2090.2400000000002,2
2024,2,1598.2800000000002,9
2024,3,1606.3999999999999,8
2024,4,1677.1599999999999,7
2024,5,1880.8799999999999,4
2024,6,1950.0800000000002,3
2024,7,1589.62,10
2024,8,1779.8200000000002,6
2024,9,2143.4,1
2024,10,1861.78,5
2024,1,1683.76,9
2024,2,1635.56,10
2024,3,2079.6,2
2024,4,1695.3600000000001,8
2024,5,1791.3399999999997,7
2024,6,1802.0,6
2024,7,1805.2999999999997,5
2024,8,1859.4,4
2024,9,2173.28,1
2024,10,1899.3399999999997,3
2024,1,1793.22,4
2024,2,1503.1999999999998,10
2024,3,1788.96,5
2024,4,1650.34,7
2024,5,1744.3,6
2024,6,1840.52,3
2024,7,2131.0600000000004,1
2024,8,1607.1999999999998,8
2024,9,1517.78,9
2024,10,1894.68,2
2024,1,1783.24,6
2024,2,1762.52,7
2024,3,1920.6200000000001,4
2024,4,1926.98,3
2024,5,1611.96,9
2024,6,2223.26,1
2024,7,1718.54,8
2024,8,1598.62,10
2024,9,1958.1799999999998,2
2024,10,1803.06,5
2024,1,2104.4,1
2024,2,1889.8399999999997,5
2024,3,1890.9,4
2024,4,1700.1399999999999,10
2024,5,1701.6600000000003,9
2024,6,1780.6799999999998,6
2024,7,1903.6000000000001,3
2024,8,1936.12,2
2024,9,1709.1799999999998,8
2024,10,1765.0600000000002,7
2024,1,1841.0200000000002,5
2024,2,1738.3400000000001,8
2024,3,1847.94,4
2024,4,1884.88,3
2024,5,1889.8400000000001,2
2024,6,1744.92,7
2024,7,2140.88,1
2024,8,1710.8999999999999,10
2024,9,1793.12,6
2024,10,1734.1,9
2024,1,1302.48,10
2024,2,2058.1,2
2024,3,1677.1,8
2024,4,1900.1400000000003,4
2024,5,2138.68,1
2024,6,1737.52,7
2024,7,1395.0,9
2024,8,1948.06,3
2024,9,1851.0999999999997,5
2024,10,1848.24,6
2024,1,1970.6,3
2024,2,1882.18,5
2024,3,1929.46,4
2024,4,1456.6599999999999,10
2024,5,1754.02,7
2024,6,2135.66,1
2024,7,1842.6800000000003,6
2024,8,1500.08,9
2024,9,1630.7799999999997,8
2024,10,2013.26,2
2024,1,1846.2600000000002,6
2024,2,1796.7400000000002,7
2024,3,1317.62,10
2024,4,1887.3999999999999,5
2024,5,2075.2,2
2024,6,1555.08,8
2024,7,1944.96,4
2024,8,2260.2,1
2024,9,2033.98,3
2024,10,1532.0800000000002,9
2024,1,1773.38,5
2024,2,1778.9799999999998,4
2024,3,1726.56,6
2024,4,1437.16,9
2024,5,1404.8200000000002,10
2024,6,2115.2,1
2024,7,1650.6999999999998,8
2024,8,1963.1,3
2024,9,2102.44,2
2024,10,1705.14,7
2024,1,1741.78,5
2024,2,2316.7200000000003,2
2024,3,1771.8,4
2024,4,1737.3999999999999,6
2024,5,1612.06,8
2024,6,1562.1799999999998,10
2024,7,1902.28,3
2024,8,1644.5000000000002,7
2024,9,1569.8200000000002,9
2024,10,2340.38,1
2024,1,1694.8200000000002,7
2024,2,1830.5,5
2024,3,1946.62,3
2024,4,2182.16,1
2024,5,1615.7,9
2024,6,1913.38,4
2024,7,1718.4399999999998,6
2024,8,1687.02,8
2024,9,1471.7199999999998,10
2024,10,1960.3400000000001,2
2024,1,1622.7400000000002,8
2024,2,2035.86,2
2024,3,1792.42,5
2024,4,1618.3999999999999,9
2024,5,1877.08,3
2024,6,2242.78,1
2024,7,1572.88,10
2024,8,1874.4799999999998,4
2024,9,1694.1399999999999,7
2024,10,1761.58,6
2024,1,1972.94,4
2024,2,1798.3999999999999,6
2024,3,1987.3600000000001,3
2024,4,1857.1999999999998,5
2024,5,1992.6999999999998,2
2024,6,1431.3400000000001,10
2024,7,2139.66,1
2024,8,1613.88,9
2024,9,1771.8000000000002,7
2024,10,1637.8799999999999,8
2024,1,1677.8799999999999,8
2024,2,1651.3,9
2024,3,2059.96,1
2024,4,1888.9,5
2024,5,1554.92,10
2024,6,1948.3200000000002,4
2024,7,1680.9600000000003,7
2024,8,1733.5,6
2024,9,2049.8799999999997,2
2024,10,2015.58,3
2024,1,1662.0400000000002,8
2024,2,1358.2999999999997,10
2024,3,2148.46,2
2024,4,1493.34,9
2024,5,1848.78,4
2024,6,2240.96,1
2024,7,1822.3400000000001,5
2024,8,1788.5,6
2024,9,1965.6399999999999,3
2024,10,1707.0,7
2024,1,1720.02,6
2024,2,1779.2199999999998,4
2024,3,1655.26,10
2024,4,2245.34,1
2024,5,1686.9,8
2024,6,1695.58,7
2024,7,1967.5399999999997,3
2024,8,1686.6999999999998,9
2024,9,2062.62,2
2024,10,1730.32,5
2024,1,1779.2,6
2024,2,1644.6399999999999,9
2024,3,1753.2599999999998,8
2024,4,2187.32,1
2024,5,1817.2800000000002,5
2024,6,1868.0,3
2024,7,1923.98,2
2024,8,1835.78,4
2024,9,1770.48,7
2024,10,1625.46,10
2024,1,1910.6,2
2024,2,1753.8200000000002,8
2024,3,1715.88,9
2024,4,1977.3199999999997,1
2024,5,1816.54,5
2024,6,1905.7399999999998,4
2024,7,1909.8400000000001,3
2024,8,1767.1999999999998,7
2024,9,1415.56,10
2024,10,1769.0,6
2024,1,1682.5,9
2024,2,1816.7999999999997,7
2024,3,2158.5,1
2024,4,1846.58,4
2024,5,2088.46,2
2024,6,1824.7,6
2024,7,1921.26,3
2024,8,1736.3999999999999,8
2024,9,1417.08,10
2024,10,1833.98,5
2024,1,2167.4799999999996,1
2024,2,2060.34,2
2024,3,1660.8200000000002,8
2024,4,1948.88,3
2024,5,1448.38,10
2024,6,1517.6000000000001,9
2024,7,1731.2600000000002,7
2024,8,1840.68,5
2024,9,1879.8400000000001,4
2024,10,1769.6,6
2024,1,2270.2,1
2024,2,1786.5,5
2024,3,1437.2800000000002,10
2024,4,1653.18,6
2024,5,1485.8000000000002,8
2024,6,1921.74,4
2024,7,1647.8400000000001,7
2024,8,2044.8799999999999,3
2024,9,2131.08,2
2024,10,1444.5400000000002,9
2024,1,1529.38,10
2024,2,1867.08,4
2024,3,1731.6200000000001,8
2024,4,1889.6799999999998,3
2024,5,1807.3799999999997,6
2024,6,1792.3,7
2024,7,2059.22,1
2024,8,1936.2999999999997,2
2024,9,1819.84,5
2024,10,1562.3200000000002,9
2024,1,2002.3600000000001,3
2024,2,1974.62,4
2024,3,1441.38,10
2024,4,1704.92,7
2024,5,1909.68,5
2024,6,2110.16,1
2024,7,1732.58,6
2024,8,2071.8399999999997,2
2024,9,1621.7,8
2024,10,1610.82,9
2024,1,2194.7000000000003,1
2024,2,1745.8400000000001,6
2024,3,1633.3799999999999,8
2024,4,1776.2600000000002,5
2024,5,1907.08,2
2024,6,1590.04,9
2024,7,1524.56,10
2024,8,1745.22,7
2024,9,1804.6800000000003,4
2024,10,1873.58,3
2024,1,1957.26,3
2024,2,1304.0,10
2024,3,1543.6599999999999,8
2024,4,1764.6,7
2024,5,2174.38,1
2024,6,2112.98,2
2024,7,1518.8,9
2024,8,1920.4200000000003,4
2024,9,1770.8400000000001,6
2024,10,1886.9999999999998,5
2024,1,2003.2600000000002,3
2024,2,1631.9,7
2024,3,1554.8600000000001,10
2024,4,1986.1000000000001,4
2024,5,1561.6999999999998,9
2024,6,1721.86,6
2024,7,2025.34,2
2024,8,2050.98,1
2024,9,1911.44,5
2024,10,1597.5,8
2024,1,1453.38,9
2024,2,1864.6599999999999,6
2024,3,1276.3,10
2024,4,1919.06,5
2024,5,1997.48,1
2024,6,1494.1799999999998,8
2024,7,1993.8,2
2024,8,1674.64,7
2024,9,1947.94,3
2024,10,1930.92,4
2024,1,1993.3000000000002,2
2024,2,1903.3,4
2024,3,1805.8000000000002,6
2024,4,1448.2399999999998,10
2024,5,1855.7,5
2024,6,1619.42,9
2024,7,1693.54,7
2024,8,1619.8600000000001,8
2024,9,1923.3199999999997,3
2024,10,2068.7999999999997,1
2024,1,1498.5200000000002,9
2024,2,2066.14,2
2024,3,2064.94,3
2024,4,1838.06,6
2024,5,1890.3799999999999,5
2024,6,1443.18,10
2024,7,2080.88,1
2024,8,1573.8,8
2024,9,1928.5399999999997,4
2024,10,1781.0800000000002,7
2024,1,1706.6200000000001,9
2024,2,1594.3000000000002,10
2024,3,2142.4399999999996,1
2024,4,1758.46,8
2024,5,1807.8200000000002,6
2024,6,1832.2,5
2024,7,1967.2599999999998,3
2024,8,1876.14,4
2024,9,1772.26,7
2024,10,2007.12,2
2024,1,1641.62,9
2024,2,1777.82,6
2024,3,2025.2399999999998,3
2024,4,1555.1999999999998,10
2024,5,1682.8000000000002,8
2024,6,2080.2,2
2024,7,2236.24,1
2024,8,1819.7799999999997,5
2024,9,1918.96,4
2024,10,1702.98,7
2024,1,1645.1,7
2024,2,1594.5600000000002,9
2024,3,1636.2400000000002,8
2024,4,1901.88,4
2024,5,1382.6799999999998,10
2024,6,2092.7,2
2024,7,1898.5800000000002,5
2024,8,2098.02,1
2024,9,1946.84,3
2024,10,1737.8000000000002,6
2024,1,1774.64,7
2024,2,1757.2600000000002,8
2024,3,1931.92,2
2024,4,1814.2800000000002,5
2024,5,1871.16,4
2024,6,1680.8599999999997,10
2024,7,1710.4,9
2024,8,1914.62,3
2024,9,1801.1999999999998,6
2024,10,1939.08,1
2024,1,1931.1999999999998,3
2024,2,1757.6,6
2024,3,1957.26,2
2024,4,1691.6,9
2024,5,1998.56,1
2024,6,1541.5800000000002,10
2024,7,1746.1599999999999,7
2024,8,1866.7800000000002,5
2024,9,1732.5600000000002,8
2024,10,1892.6,4
2024,1,1566.9,8
2024,2,1490.6599999999999,9
2024,3,1777.1399999999996,6
2024,4,1479.98,10
2024,5,1831.6799999999998,5
2024,6,1846.4800000000002,4
2024,7,2122.66,1
2024,8,1954.6999999999998,2
2024,9,1661.7,7
2024,10,1920.8,3
2024,1,1575.0,10
2024,2,2079.46,2
2024,3,1727.2800000000002,6
2024,4,1963.62,3
2024,5,2242.72,1
2024,6,1617.62,9
2024,7,1625.6799999999998,8
2024,8,1826.48,5
2024,9,1831.3999999999996,4
2024,10,1698.7,7
2024,1,2139.2999999999997,1
2024,2,1943.7799999999997,3
2024,3,1607.24,9
2024,4,2120.54,2
2024,5,1679.4,8
2024,6,1524.5,10
2024,7,1697.78,7
2024,8,1931.6799999999998,4
2024,9,1816.6,6
2024,10,1826.3600000000001,5
2024,1,1698.6800000000003,8
2024,2,1731.2199999999998,7
2024,3,1644.6,9
2024,4,1913.76,3
2024,5,2034.3999999999999,1
2024,6,1985.46,2
2024,7,1636.4199999999998,10
2024,8,1818.6999999999998,5
2024,9,1907.04,4
2024,10,1760.1,6
2024,1,1573.1399999999999,9
2024,2,1830.06,4
2024,3,1638.66,8
2024,4,1774.8000000000002,6
2024,5,1485.08,10
2024,6,1805.8,5
2024,7,2013.5600000000002,2
2024,8,1668.6,7
2024,9,1983.88,3
2024,10,2077.48,1
2024,1,1919.2000000000003,2
2024,2,1666.76,9
2024,3,1844.84,6
2024,4,2014.14,1
2024,5,1870.6799999999998,4
2024,6,1687.2400000000002,8
2024,7,1840.5,7
2024,8,1521.1999999999998,10
2024,9,1866.24,5
2024,10,1889.4000000000003,3
2024,1,1815.98,5
2024,2,1597.36,10
2024,3,1635.5799999999997,9
2024,4,1913.44,4
2024,5,1697.4,6
2024,6,1646.8,8
2024,7,2007.62,3
2024,8,2114.98,2
2024,9,1663.0199999999998,7
2024,10,2125.94,1
2024,1,1354.26,10
2024,2,1621.1200000000001,8
2024,3,1928.5,2
2024,4,1891.0,5
2024,5,1922.7200000000003,3
2024,6,1899.7800000000002,4
2024,7,2169.04,1
2024,8,1547.7799999999997,9
2024,9,1865.1799999999998,6
2024,10,1762.0600000000002,7
2024,1,1840.7799999999997,4
2024,2,1642.7800000000002,9
2024,3,1689.02,7
2024,4,1781.3,5
2024,5,1553.2,10
2024,6,2055.7599999999998,1
2024,7,1770.38,6
2024,8,2016.7400000000002,2
2024,9,1657.82,8
2024,10,1991.6399999999999,3
2024,1,1656.2199999999998,8
2024,2,1960.8400000000001,4
2024,3,1722.3600000000001,7
2024,4,1590.82,9
2024,5,2056.0,2
2024,6,2169.6000000000004,1
2024,7,1455.58,10
2024,8,1745.96,6
2024,9,1961.18,3
2024,10,1906.44,5
2024,1,1663.02,7
2024,2,1956.5600000000002,4
2024,3,1709.2599999999998,6
2024,4,2249.8599999999997,1
2024,5,1931.7,5
2024,6,1442.98,10
2024,7,1956.8600000000001,3
2024,8,1513.44,9
2024,9,1587.6999999999998,8
2024,10,2073.7200000000003,2
2024,1,2006.6000000000001,3
2024,2,1990.74,4
2024,3,1292.6399999999999,10
2024,4,1678.84,8
2024,5,1541.7799999999997,9
2024,6,1780.58,7
2024,7,1948.22,5
2024,8,1937.08,6
2024,9,2134.46,1
2024,10,2129.6,2
2024,1,1869.52,5
2024,2,1494.3400000000001,10
2024,3,1795.1,6
2024,4,1903.2600000000002,4
2024,5,2038.6,1
2024,6,1607.6799999999998,9
2024,7,1990.6000000000001,2
2024,8,1723.4800000000002,7
2024,9,1917.6,3
2024,10,1669.46,8
2024,1,1637.28,8
2024,2,2215.56,1
2024,3,2080.54,2
2024,4,1645.02,7
2024,5,1905.02,5
2024,6,1958.8000000000002,3
2024,7,1613.2800000000002,10
2024,8,1661.88,6
2024,9,1954.7,4
2024,10,1623.1,9
2024,1,1669.3600000000001,9
2024,2,1801.1799999999998,5
2024,3,2013.8799999999999,1
2024,4,1718.04,7
2024,5,1847.6,4
2024,6,1731.38,6
2024,7,1865.2199999999998,3
2024,8,1618.06,10
2024,9,1892.2800000000002,2
2024,10,1677.64,8
2024,1,2072.92,1
2024,2,1766.06,6
2024,3,1506.4199999999998,10
2024,4,1958.2799999999997,3
2024,5,1735.6,7
2024,6,1965.96,2
2024,7,1947.6999999999998,4
2024,8,1551.7,9
2024,9,1701.2599999999998,8
2024,10,1819.8999999999999,5
2024,1,2074.6400000000003,2
2024,2,1539.52,9
2024,3,1978.1,3
2024,4,2183.7999999999997,1
2024,5,1410.3999999999999,10
2024,6,1654.54,8
2024,7,1877.1000000000001,5
2024,8,1817.98,7
2024,9,1848.2799999999997,6
2024,10,1895.6,4
2024,1,1713.7400000000002,6
2024,2,1577.0,10
2024,3,1731.08,5
2024,4,1616.76,9
2024,5,1618.12,8
2024,6,1924.1000000000001,3
2024,7,2151.2200000000003,1
2024,8,1696.98,7
2024,9,1801.0,4
2024,10,2122.8,2
2024,1,1960.7800000000002,3
2024,2,1559.2600000000002,9
2024,3,1683.16,7
2024,4,1787.72,6
2024,5,1857.42,4
2024,6,1556.2,10
2024,7,2133.94,2
2024,8,1849.3000000000002,5
2024,9,1677.38,8
2024,10,2149.28,1
2024,1,1718.9599999999998,6
2024,2,1529.1,10
2024,3,1628.6,8
2024,4,2182.2,2
2024,5,1828.2400000000002,4
2024,6,1619.8,9
2024,7,1792.96,5
2024,8,2233.36,1
2024,9,1665.52,7
2024,10,1898.5,3
2024,1,1495.58,10
2024,2,1834.58,4
2024,3,1785.74,5
2024,4,1965.54,3
2024,5,1539.3600000000001,8
2024,6,2247.6,1
2024,7,1514.94,9
2024,8,1785.2999999999997,6
2024,9,2077.2799999999997,2
2024,10,1741.0,7
2024,1,1489.54,9
2024,2,1997.32,2
2024,3,1859.7400000000002,5
2024,4,1774.6,7
2024,5,1804.8,6
2024,6,1968.2599999999998,3
2024,7,1917.2399999999998,4
2024,8,2229.44,1
2024,9,1741.48,8
2024,10,1363.12,10
2024,1,1621.1599999999999,9
2024,2,1530.5,10
2024,3,1920.6599999999999,3
2024,4,1753.7000000000003,4
2024,5,1748.6999999999998,5
2024,6,1977.9599999999998,2
2024,7,1715.0,7
2024,8,2039.78,1
2024,9,1708.52,8
2024,10,1735.2,6
2024,1,1742.8600000000001,6
2024,2,1896.48,4
2024,3,1573.7200000000003,9
2024,4,1598.78,8
2024,5,1662.8400000000001,7
2024,6,2026.64,2
2024,7,1336.2,10
2024,8,1743.08,5
2024,9,2021.4600000000003,3
2024,10,2206.5,1
2024,1,1648.7800000000002,7
2024,2,1634.1799999999998,8
2024,3,1841.48,5
2024,4,2013.28,2
2024,5,1922.4,3
2024,6,2190.9399999999996,1
2024,7,1498.3600000000001,10
2024,8,1840.2799999999997,6
2024,9,1571.3799999999999,9
2024,10,1911.4800000000002,4
2024,1,2011.8999999999996,3
2024,2,1615.3799999999997,7
2024,3,1601.86,8
2024,4,1524.24,9
2024,5,2078.4,2
2024,6,1423.86,10
2024,7,1677.18,6
2024,8,2305.7000000000003,1
2024,9,1942.1599999999999,4
2024,10,1756.2,5
2024,1,1924.8999999999999,4
2024,2,2053.74,1
2024,3,1713.96,7
2024,4,1558.98,9
2024,5,1664.2399999999998,8
2024,6,1826.14,5
2024,7,1983.7,3
2024,8,2016.2799999999997,2
2024,9,1533.82,10
2024,10,1767.3799999999999,6
2024,1,2019.1799999999998,2
2024,2,1719.1599999999999,8
2024,3,2066.34,1
2024,4,1770.88,7
2024,5,1716.52,9
2024,6,1662.3,10
2024,7,1876.8199999999997,4
2024,8,1871.2399999999998,5
2024,9,1840.3400000000001,6
2024,10,1938.08,3
2024,1,1741.6800000000003,6
2024,2,1391.8200000000002,10
2024,3,1926.58,2
2024,4,1719.7199999999998,7
2024,5,2175.26,1
2024,6,1548.06,9
2024,7,1655.9399999999998,8
2024,8,1799.38,4
2024,9,1913.12,3
2024,10,1772.96,5
2024,1,1647.24,6
2024,2,1406.3999999999999,10
2024,3,1845.94,4
2024,4,1630.0,8
2024,5,1971.4399999999998,3
2024,6,1823.78,5
2024,7,1554.22,9
2024,8,1641.2,7
2024,9,2126.2799999999997,1
2024,10,2123.98,2
2024,1,1830.58,6
2024,2,1808.5200000000002,7
2024,3,1690.12,9
2024,4,2165.8999999999996,1
2024,5,1863.18,5
2024,6,1985.2799999999997,3
2024,7,1658.1599999999999,10
2024,8,1718.1399999999999,8
2024,9,1985.4599999999998,2
2024,10,1927.1000000000001,4
2024,1,1551.26,10
2024,2,1596.32,9
2024,3,1781.66,6
2024,4,1742.86,7
2024,5,1839.8000000000002,5
2024,6,2013.3400000000001,2
2024,7,1719.78,8
2024,8,1947.02,3
2024,9,2189.8599999999997,1
2024,10,1854.56,4
2024,1,1991.5,2
2024,2,1470.58,10
2024,3,1723.8399999999997,8
2024,4,1765.6000000000001,7
2024,5,1806.8400000000001,5
2024,6,1797.3200000000002,6
2024,7,1826.76,4
2024,8,2041.6799999999998,1
2024,9,1990.92,3
2024,10,1617.6799999999998,9
2024,1,2007.2399999999998,2
2024,2,1852.4199999999998,6
2024,3,2002.48,4
2024,4,1516.58,8
2024,5,1749.84,7
2024,6,2005.0400000000002,3
2024,7,1436.8,9
2024,8,1875.2599999999998,5
2024,9,2043.7800000000002,1
2024,10,1231.4,10
2024,1,1800.6599999999999,4
2024,2,1785.6399999999999,6
2024,3,1761.98,7
2024,4,1722.74,8
2024,5,1790.5,5
2024,6,1888.8999999999999,2
2024,7,1813.2600000000002,3
2024,8,1626.1200000000001,10
2024,9,1722.16,9
2024,10,1974.8799999999999,1
2024,1,1939.96,3
2024,2,1955.7799999999997,2
2024,3,1819.9199999999998,5
2024,4,1652.7400000000002,10
2024,5,1784.0,6
2024,6,1653.6,9
2024,7,2037.7800000000002,1
2024,8,1829.2200000000003,4
2024,9,1716.7400000000002,8
2024,10,1717.6599999999999,7
2024,1,1746.6000000000001,6
2024,2,1570.58,10
2024,3,1576.6399999999999,9
2024,4,2040.0,2
2024,5,1832.7399999999998,5
2024,6,1714.6999999999998,7
2024,7,1857.06,4
2024,8,1699.0800000000002,8
2024,9,2222.64,1
2024,10,1997.3600000000001,3
2024,1,2031.9,1
2024,2,1889.9,2
2024,3,1704.08,10
2024,4,1876.5,3
2024,5,1775.2199999999998,8
2024,6,1854.34,4
2024,7,1823.3600000000001,6
2024,8,1819.26,7
2024,9,1723.88,9
2024,10,1824.06,5
2024,1,1849.7800000000002,3
2024,2,1509.6,10
2024,3,1791.08,6
2024,4,1818.3000000000002,5
2024,5,1895.74,2
2024,6,1731.4,8
2024,7,1725.5,9
2024,8,1832.12,4
2024,9,1735.7600000000002,7
2024,10,2355.14,1
2024,1,1982.08,2
2024,2,1977.98,3
2024,3,1997.6,1
2024,4,1637.8400000000001,8
2024,5,1567.3600000000001,9
2024,6,1796.3999999999996,6
2024,7,1783.32,7
2024,8,1872.86,5
2024,9,1516.16,10
2024,10,1886.2999999999997,4
2024,1,1949.88,5
2024,2,2003.42,3
2024,3,1879.46,7
2024,4,2016.02,2
2024,5,1234.3,10
2024,6,1617.8,9
2024,7,1882.48,6
2024,8,1952.7,4
2024,9,1793.5400000000002,8
2024,10,2036.04,1
2024,1,1878.1000000000001,3
2024,2,1629.0399999999997,10
2024,3,1894.66,2
2024,4,1793.42,5
2024,5,1660.5,9
2024,6,1784.28,6
2024,7,1863.0,4
2024,8,1695.4,8
2024,9,1718.5,7
2024,10,2004.56,1
2025,1,1763.3000000000002,7
2025,2,1766.2800000000002,6
2025,3,1917.26,1
2025,4,1632.38,9
2025,5,1825.3200000000002,3
2025,6,1885.2600000000002,2
2025,7,1694.68,8
2025,8,1775.6400000000003,5
2025,9,1795.76,4
2025,10,1349.04,10
2025,1,1931.9400000000003,3
2025,2,1913.38,4
2025,3,1994.5600000000004,1
2025,4,1583.5,8
2025,5,1476.1,9
2025,6,1674.7800000000002,7
2025,7,1308.6999999999998,10
2025,8,1945.28,2
2025,9,1701.6799999999998,6
2025,10,1839.02,5
2025,1,1726.9,4
2025,2,1610.86,7
2025,3,1643.94,6
2025,4,1831.0200000000002,3
2025,5,2049.6000000000004,1
2025,6,1609.54,8
2025,7,1551.1200000000001,9
2025,8,1683.5600000000002,5
2025,9,1523.8000000000002,10
2025,10,1859.46,2
2025,1,1561.8600000000001,9
2025,2,1958.18,2
2025,3,1705.94,6
2025,4,1801.7800000000002,4
2025,5,1948.2800000000002,3
2025,6,2009.48,1
2025,7,1565.72,8
2025,8,1651.54,7
2025,9,1776.5200000000002,5
2025,10,1363.6000000000001,10
2025,1,1619.5800000000002,7
2025,2,1719.8600000000001,4
2025,3,1709.98,5
2025,4,1881.54,3
2025,5,1688.4399999999998,6
2025,6,2128.56,1
2025,7,1480.6,10
2025,8,1555.8200000000002,8
2025,9,1496.5,9
2025,10,1937.16,2
2025,1,2016.4200000000003,1
2025,2,1594.9,8
2025,3,1866.2800000000002,3
2025,4,1666.52,7
2025,5,1768.6399999999999,4
2025,6,1742.7799999999997,5
2025,7,1725.74,6
2025,8,1990.6800000000003,2
2025,9,1558.3600000000001,9
2025,10,1393.7600000000002,10
2025,1,1742.22,5
2025,2,1700.5800000000004,6
2025,3,1901.78,1
2025,4,1678.6599999999999,8
2025,5,1512.22,10
2025,6,1818.26,4
2025,7,1691.32,7
2025,8,1608.6599999999999,9
2025,9,1821.4600000000003,3
2025,10,1850.3600000000001,2
2025,1,1450.6200000000001,9
2025,2,1998.6399999999999,2
2025,3,1431.7800000000002,10
2025,4,1796.1599999999999,5
2025,5,1616.82,7
2025,6,1997.42,3
2025,7,1536.4,8
2025,8,1696.38,6
2025,9,1947.6599999999999,4
2025,10,2003.3399999999997,1
2025,1,1777.48,4
2025,2,1930.6,2
2025,3,1694.46,5
2025,4,1531.66,9
2025,5,2109.3599999999997,1
2025,6,1694.42,6
2025,7,1530.0000000000002,10
2025,8,1658.7200000000003,7
2025,9,1875.8,3
2025,10,1631.48,8
2025,1,1772.68,4
2025,2,1930.04,2
2025,3,1919.12,3
2025,4,1746.5000000000002,5
2025,5,1596.52,7
2025,6,1423.38,10
2025,7,1480.64,9
2025,8,1659.2800000000002,6
2025,9,1526.8799999999999,8
2025,10,2063.02,1
2025,1,2018.24,1
2025,2,1961.72,2
2025,3,1812.76,3
2025,4,1765.6799999999998,4
2025,5,1359.78,10
2025,6,1536.2199999999998,9
2025,7,1597.2400000000002,7
2025,8,1748.6799999999998,5
2025,9,1721.94,6
2025,10,1588.0800000000002,8
2025,1,1627.12,8
2025,2,1926.34,2
2025,3,1617.7799999999997,9
2025,4,1930.36,1
2025,5,1894.0199999999998,3
2025,6,1890.58,4
2025,7,1309.8600000000001,10
2025,8,1794.96,5
2025,9,1722.52,6
2025,10,1706.3600000000001,7
2025,1,1901.6,5
2025,2,2008.0000000000002,1
2025,3,1784.12,6
2025,4,1778.34,7
2025,5,1467.28,9
2025,6,1947.3799999999999,4
2025,7,1013.26,10
2025,8,1578.78,8
2025,9,1967.38,2
2025,10,1956.96,3
2025,1,1664.76,7
2025,2,1595.3400000000001,8
2025,3,1665.86,6
2025,4,1726.02,4
2025,5,1684.3400000000001,5
2025,6,1930.04,3
2025,7,1335.58,10
2025,8,1413.0600000000002,9
2025,9,1992.08,2
2025,10,2044.0800000000002,1
2025,1,1799.3400000000001,4
2025,2,2034.02,1
2025,3,1663.04,6
2025,4,1782.38,5
2025,5,1424.3000000000002,10
2025,6,1497.8600000000001,9
2025,7,1549.8200000000002,7
2025,8,1812.0599999999997,2
2025,9,1520.6999999999998,8
2025,10,1802.4600000000003,3
2025,1,2016.6399999999999,1
2025,2,1694.62,7
2025,3,1879.6,3
2025,4,1668.8,9
2025,5,1715.52,6
2025,6,2013.8599999999997,2
2025,7,1740.6200000000001,4
2025,8,1675.3999999999999,8
2025,9,1363.88,10
2025,10,1727.7600000000002,5
2025,1,2060.1800000000003,1
2025,2,1729.74,5
2025,3,1962.74,2
2025,4,1595.1599999999999,7
2025,5,1422.52,10
2025,6,1797.48,4
2025,7,1466.06,9
2025,8,1529.42,8
2025,9,1916.84,3
2025,10,1720.98,6
2025,1,1521.4200000000003,9
2025,2,1325.54,10
2025,3,1664.48,6
2025,4,1704.5600000000002,5
2025,5,2056.92,1
2025,6,1959.5,2
2025,7,1746.18,4
2025,8,1606.8200000000002,8
2025,9,1660.74,7
2025,10,1940.96,3
2025,1,1842.74,4
2025,2,1919.34,3
2025,3,2008.04,2
2025,4,1556.18,8
2025,5,1525.98,10
2025,6,1737.06,5
2025,7,1563.8200000000002,7
2025,8,1615.58,6
2025,9,2083.38,1
2025,10,1541.08,9
2025,1,1572.86,8
2025,2,1734.7200000000003,6
2025,3,1534.02,9
2025,4,1623.58,7
2025,5,1884.2800000000002,3
2025,6,1780.5600000000002,5
2025,7,1848.0,4
2025,8,1497.1400000000003,10
2025,9,1961.4199999999998,1
2025,10,1934.28,2
2025,1,1596.94,8
2025,2,1600.84,7
2025,3,2222.66,1
2025,4,1849.82,2
2025,5,1758.9,5
2025,6,1817.7599999999998,4
2025,7,1685.96,6
2025,8,1831.5399999999997,3
2025,9,1335.58,10
2025,10,1497.78,9
2025,1,1864.6800000000003,4
2025,2,1889.98,3
2025,3,1658.6200000000001,7
2025,4,1397.8,10
2025,5,1592.2599999999998,9
2025,6,1642.9,8
2025,7,1903.6399999999999,2
2025,8,1666.46,6
2025,9,1834.6800000000003,5
2025,10,1907.96,1
2025,1,1419.86,10
2025,2,1755.6799999999998,5
2025,3,1688.2800000000002,7
2025,4,1467.48,8
2025,5,1919.44,3
2025,6,1898.7199999999998,4
2025,7,1725.24,6
2025,8,2037.06,1
2025,9,1431.6399999999999,9
2025,10,1929.56,2
2025,1,1717.28,6
2025,2,1269.98,10
2025,3,1809.22,4
2025,4,1967.56,2
2025,5,1423.2600000000002,9
2025,6,2192.46,1
2025,7,1831.7200000000003,3
2025,8,1443.02,8
2025,9,1787.38,5
2025,10,1686.54,7
2025,1,1673.1,6
2025,2,1788.6,3
2025,3,1544.7,8
2025,4,1745.26,4
2025,5,1941.7800000000002,1
2025,6,1807.6599999999999,2
2025,7,1469.88,10
2025,8,1729.38,5
2025,9,1529.66,9
2025,10,1624.3999999999999,7
2025,1,1954.0200000000004,2
2025,2,1270.62,10
2025,3,1610.02,8
2025,4,1616.3200000000002,6
2025,5,2154.6800000000003,1
2025,6,1535.42,9
2025,7,1910.8400000000001,3
2025,8,1745.9600000000003,4
2025,9,1660.3400000000001,5
2025,10,1610.3799999999999,7
2025,1,1869.2400000000002,3
2025,2,1841.0,4
2025,3,1519.1399999999999,9
2025,4,1556.68,8
2025,5,1973.1,2
2025,6,1718.6799999999998,6
2025,7,1429.6600000000003,10
2025,8,1667.5600000000002,7
2025,9,2095.12,1
2025,10,1781.2600000000002,5
2025,1,1622.3400000000001,7
2025,2,1555.96,9
2025,3,1592.9,8
2025,4,1738.58,5
2025,5,1504.04,10
2025,6,1998.98,1
2025,7,1731.46,6
2025,8,1836.94,2
2025,9,1772.9,4
2025,10,1812.88,3
2025,1,1452.58,9
2025,2,1852.2600000000002,4
2025,3,2116.6,2
2025,4,1883.52,3
2025,5,1595.48,7
2025,6,2127.52,1
2025,7,1690.1599999999999,5
2025,8,1512.42,8
2025,9,1364.8999999999999,10
2025,10,1639.94,6
2025,1,1819.44,5
2025,2,1944.9199999999998,3
2025,3,1626.3000000000002,7
2025,4,1629.42,6
2025,5,1877.48,4
2025,6,2157.84,1
2025,7,1440.06,9
2025,8,1979.38,2
2025,9,1121.2600000000002,10
2025,10,1536.94,8
2025,1,1565.66,9
2025,2,1195.34,10
2025,3,1702.68,5
2025,4,2022.24,2
2025,5,1640.2400000000002,6
2025,6,1624.0,7
2025,7,1575.86,8
2025,8,1797.86,4
2025,9,2081.02,1
2025,10,1919.68,3
2025,1,2157.36,1
2025,2,1711.5400000000002,7
2025,3,1776.68,5
2025,4,1759.7600000000002,6
2025,5,1813.7799999999997,2
2025,6,1310.2600000000002,10
2025,7,1807.3799999999999,3
2025,8,1700.7,8
2025,9,1562.5200000000002,9
2025,10,1795.8599999999997,4
2025,1,1899.8600000000004,3
2025,2,1883.2800000000002,4
2025,3,1861.3600000000001,5
2025,4,1608.82,8
2025,5,1642.8000000000002,7
2025,6,1509.8400000000001,10
2025,7,1563.64,9
2025,8,2126.8,1
2025,9,1664.08,6
2025,10,1922.86,2
2025,1,1680.8799999999999,6
2025,2,1956.8799999999999,2
2025,3,1440.88,10
2025,4,1673.8200000000002,8
2025,5,1674.14,7
2025,6,1817.42,4
2025,7,1760.28,5
2025,8,2115.2,1
2025,9,1852.12,3
2025,10,1502.8799999999999,9
2025,1,1765.7399999999998,4
2025,2,2209.98,1
2025,3,1317.0,10
2025,4,1574.7400000000002,8
2025,5,1993.7199999999998,3
2025,6,1643.1800000000003,5
2025,7,1613.6599999999999,7
2025,8,1570.4599999999998,9
2025,9,2068.58,2
2025,10,1614.32,6
2025,1,1533.2400000000002,10
2025,2,1819.02,4
2025,3,1739.8200000000002,5
2025,4,1977.88,1
2025,5,1834.8600000000001,2
2025,6,1678.46,8
2025,7,1820.8799999999999,3
2025,8,1693.16,7
2025,9,1639.4,9
2025,10,1697.08,6
2025,1,1562.6,9
2025,2,1657.68,7
2025,3,1719.8799999999999,5
2025,4,1915.22,2
2025,5,1526.7600000000002,10
2025,6,1740.36,4
2025,7,2069.14,1
2025,8,1630.38,8
2025,9,1901.1799999999998,3
2025,10,1693.2800000000002,6
2025,1,1673.02,7
2025,2,1851.58,3
2025,3,1140.84,10
2025,4,1628.5,9
2025,5,1813.3400000000001,4
2025,6,1776.78,5
2025,7,2050.56,1
2025,8,2016.1800000000003,2
2025,9,1655.18,8
2025,10,1753.1799999999998,6
2025,1,1705.74,6
2025,2,2088.78,1
2025,3,1694.8799999999999,7
2025,4,1441.7599999999998,10
2025,5,1873.52,4
2025,6,1581.78,8
2025,7,1931.82,3
2025,8,1493.6200000000001,9
2025,9,1768.0800000000002,5
2025,10,1951.6399999999999,2
2025,1,1869.88,3
2025,2,1920.34,2
2025,3,1599.96,8
2025,4,1832.92,4
2025,5,1994.24,1
2025,6,1825.6200000000003,5
2025,7,1436.16,10
2025,8,1477.02,9
2025,9,1686.1600000000003,6
2025,10,1612.1000000000001,7
2025,1,1793.34,5
2025,2,1460.32,9
2025,3,1805.6399999999999,4
2025,4,1826.6599999999999,2
2025,5,1675.18,6
2025,6,1505.7199999999998,8
2025,7,1815.3200000000002,3
2025,8,1299.3,10
2025,9,2114.46,1
2025,10,1633.78,7
2025,1,1803.86,3
2025,2,1733.6800000000003,5
2025,3,1518.6599999999999,9
2025,4,1689.06,6
2025,5,1399.6200000000001,10
2025,6,1570.7,8
2025,7,1883.0200000000002,1
2025,8,1755.06,4
2025,9,1804.98,2
2025,10,1689.02,7
2025,1,1803.2800000000002,3
2025,2,1712.8200000000002,6
2025,3,1589.64,7
2025,4,1719.4799999999998,5
2025,5,1390.16,9
2025,6,1587.1399999999999,8
2025,7,1326.1,10
2025,8,2176.48,1
2025,9,1856.52,2
2025,10,1778.08,4
2025,1,1467.84,10
2025,2,1906.22,2
2025,3,2120.2799999999997,1
2025,4,1571.44,8
2025,5,1730.98,5
2025,6,1774.68,4
2025,7,1534.7800000000002,9
2025,8,1714.6599999999999,7
2025,9,1783.6800000000003,3
2025,10,1726.3600000000004,6
2025,1,1807.5800000000002,3
2025,2,1862.04,2
2025,3,1729.6000000000001,6
2025,4,1739.42,5
2025,5,2148.58,1
2025,6,1236.46,10
2025,7,1706.9199999999998,7
2025,8,1424.8200000000002,9
2025,9,1570.7999999999997,8
2025,10,1774.46,4
2025,1,1750.9600000000003,5
2025,2,1791.3000000000002,4
2025,3,1822.7199999999998,3
2025,4,1452.48,10
2025,5,1635.92,8
2025,6,1729.98,6
2025,7,2040.8600000000001,1
2025,8,1582.3199999999997,9
2025,9,1850.84,2
2025,10,1709.3600000000001,7
2025,1,1222.8600000000001,10
2025,2,1837.8200000000002,4
2025,3,1879.7199999999998,3
2025,4,1906.62,2
2025,5,1997.58,1
2025,6,1695.3400000000001,7
2025,7,1508.12,8
2025,8,1794.2800000000002,5
2025,9,1450.6200000000001,9
2025,10,1783.6399999999999,6
2025,1,1613.8,8
2025,2,1818.7400000000002,3
2025,3,1801.98,4
2025,4,1799.42,5
2025,5,1715.98,7
2025,6,1899.4199999999998,1
2025,7,1795.36,6
2025,8,1503.46,9
2025,9,1490.6200000000001,10
2025,10,1828.1799999999998,2
2025,1,1587.92,8
2025,2,1695.3,5
2025,3,1916.88,2
2025,4,1651.48,7
2025,5,1873.96,3
2025,6,1200.54,10
2025,7,1673.2399999999998,6
2025,8,1735.86,4
2025,9,1556.6000000000001,9
2025,10,1934.74,1
2025,1,1962.2800000000002,2
2025,2,1767.76,5
2025,3,1846.0800000000002,3
2025,4,1505.7600000000002,10
2025,5,1779.6400000000003,4
2025,6,1620.94,8
2025,7,1607.3000000000002,9
2025,8,1974.94,1
2025,9,1716.4400000000003,6
2025,10,1633.76,7
2025,1,1635.3999999999999,9
2025,2,1361.68,10
2025,3,1874.3600000000001,3
2025,4,1824.54,4
2025,5,1901.44,2
2025,6,1636.9399999999998,8
2025,7,1758.2200000000003,5
2025,8,1659.6800000000003,7
2025,9,1711.7599999999998,6
2025,10,2012.32,1
2025,1,2010.62,1
2025,2,1845.0000000000002,3
2025,3,1522.3200000000002,8
2025,4,1755.86,6
2025,5,1674.32,7
2025,6,1293.1,10
2025,7,1872.7,2
2025,8,1762.6200000000003,5
2025,9,1444.28,9
2025,10,1775.44,4
2025,1,1739.3999999999999,4
2025,2,2066.24,1
2025,3,1678.06,6
2025,4,1283.42,10
2025,5,1561.6600000000003,9
2025,6,2008.62,2
2025,7,1733.3799999999999,5
2025,8,1669.3,7
2025,9,1567.28,8
2025,10,1861.46,3
2025,1,1869.86,3
2025,2,1955.9199999999996,1
2025,3,1381.7600000000002,10
2025,4,1799.46,6
2025,5,1641.06,8
2025,6,1825.7199999999998,5
2025,7,1913.28,2
2025,8,1764.7400000000002,7
2025,9,1826.52,4
2025,10,1502.72,9
2025,1,1533.02,10
2025,2,1608.5,9
2025,3,1720.6599999999999,5
2025,4,1941.44,1
2025,5,1756.4199999999998,4
2025,6,1669.8200000000002,7
2025,7,1663.56,8
2025,8,1683.3600000000001,6
2025,9,1784.1599999999999,3
2025,10,1817.2800000000002,2
2025,1,1864.06,3
2025,2,1818.12,4
2025,3,1763.0,5
2025,4,1689.54,8
2025,5,1943.2399999999998,1
2025,6,1703.0600000000002,7
2025,7,1942.9800000000002,2
2025,8,1423.04,9
2025,9,1711.9599999999998,6
2025,10,1391.66,10
2025,1,1780.38,6
2025,2,1824.5399999999997,4
2025,3,1709.6599999999999,7
2025,4,1596.56,9
2025,5,1804.6400000000003,5
2025,6,1927.6,2
2025,7,1657.06,8
2025,8,1865.58,3
2025,9,1928.44,1
2025,10,1542.92,10
2025,1,1928.6000000000004,1
2025,2,1631.2,7
2025,3,1847.64,3
2025,4,1721.1200000000001,5
2025,5,1919.38,2
2025,6,1503.8600000000001,8
2025,7,1338.36,10
2025,8,1494.5800000000002,9
2025,9,1658.96,6
2025,10,1798.48,4
2025,1,1853.4999999999998,3
2025,2,1536.0600000000002,9
2025,3,1815.48,6
2025,4,1995.3600000000004,1
2025,5,1867.3800000000003,2
2025,6,1837.4200000000003,5
2025,7,1541.96,8
2025,8,1713.4199999999998,7
2025,9,1508.7400000000002,10
2025,10,1845.84,4
2025,1,1880.68,3
2025,2,1350.12,10
2025,3,1952.1000000000001,2
2025,4,1957.7800000000002,1
2025,5,1788.46,6
2025,6,1525.14,9
2025,7,1850.44,4
2025,8,1751.1,7
2025,9,1842.6399999999999,5
2025,10,1737.56,8
2025,1,1651.4599999999998,8
2025,2,1311.56,10
2025,3,1801.38,5
2025,4,1986.7399999999998,2
2025,5,2103.4800000000005,1
2025,6,1534.46,9
2025,7,1811.5600000000004,4
2025,8,1798.88,6
2025,9,1900.02,3
2025,10,1750.02,7
2025,1,1495.0200000000002,9
2025,2,1861.48,3
2025,3,1403.5,10
2025,4,1848.94,4
2025,5,1781.94,5
2025,6,2000.1599999999999,1
2025,7,1542.34,8
2025,8,1976.94,2
2025,9,1604.76,7
2025,10,1713.8799999999999,6
2025,1,1785.8200000000002,3
2025,2,1737.14,4
2025,3,1618.68,8
2025,4,1697.8600000000001,5
2025,5,1507.4999999999998,10
2025,6,1654.8600000000001,6
2025,7,1887.2200000000003,2
2025,8,1592.8,9
2025,9,2148.2,1
2025,10,1649.6800000000003,7
2025,1,1675.3600000000001,7
2025,2,1500.3200000000002,9
2025,3,1893.04,3
2025,4,1752.96,6
2025,5,1767.08,4
2025,6,1497.4399999999998,10
2025,7,1583.6000000000004,8
2025,8,1956.9999999999998,1
2025,9,1894.52,2
2025,10,1753.7400000000002,5
2025,1,1983.0600000000002,1
2025,2,1549.96,8
2025,3,1877.06,4
2025,4,1879.3600000000001,3
2025,5,1910.98,2
2025,6,1790.6000000000001,6
2025,7,1851.6200000000003,5
2025,8,1185.76,10
2025,9,1440.54,9
2025,10,1699.58,7
2025,1,1920.44,3
2025,2,1469.66,10
2025,3,1609.72,6
2025,4,1561.66,9
2025,5,1770.92,4
2025,6,1585.72,8
2025,7,1983.3200000000002,2
2025,8,1671.74,5
2025,9,2029.38,1
2025,10,1600.6399999999999,7
2025,1,1496.46,10
2025,2,1640.1200000000001,8
2025,3,2127.38,1
2025,4,1703.68,4
2025,5,1682.82,6
2025,6,1711.26,3
2025,7,1930.88,2
2025,8,1683.58,5
2025,9,1557.0,9
2025,10,1655.28,7
2025,1,1397.56,10
2025,2,1898.54,1
2025,3,1848.2600000000002,4
2025,4,1759.06,6
2025,5,1822.24,5
2025,6,1748.76,7
2025,7,1650.6200000000001,8
2025,8,1851.08,3
2025,9,1852.72,2
2025,10,1586.1800000000003,9
2025,1,1616.1599999999999,9
2025,2,1630.9399999999998,8
2025,3,1678.72,6
2025,4,1590.5,10
2025,5,1669.34,7
2025,6,1740.3000000000002,4
2025,7,1903.88,2
2025,8,1916.8199999999997,1
2025,9,1748.5200000000002,3
2025,10,1728.48,5
2025,1,1536.42,10
2025,2,1830.1,2
2025,3,1802.34,5
2025,4,1737.4600000000003,6
2025,5,1815.2399999999998,3
2025,6,1899.3799999999999,1
2025,7,1563.04,8
2025,8,1539.18,9
2025,9,1718.1800000000003,7
2025,10,1812.8999999999999,4
2025,1,1505.26,9
2025,2,1880.8400000000001,4
2025,3,1941.52,3
2025,4,1597.1399999999999,8
2025,5,1665.1799999999998,6
2025,6,1179.18,10
2025,7,1601.04,7
2025,8,2054.58,1
2025,9,1982.0,2
2025,10,1770.8600000000001,5
2025,1,1679.98,8
2025,2,1865.5400000000002,3
2025,3,1820.4,4
2025,4,1868.54,2
2025,5,1672.6599999999999,9
2025,6,1590.6200000000001,10
2025,7,1787.7600000000002,5
2025,8,1761.98,7
2025,9,1950.5800000000002,1
2025,10,1768.04,6
2025,1,1353.48,10
2025,2,1961.48,3
2025,3,1434.52,9
2025,4,2070.78,1
2025,5,1712.58,8
2025,6,2016.2199999999998,2
2025,7,1743.3200000000002,7
2025,8,1780.82,5
2025,9,1890.8400000000001,4
2025,10,1747.48,6
2025,1,1841.1,3
2025,2,1736.2800000000002,5
2025,3,1644.82,8
2025,4,1911.98,2
2025,5,1551.8400000000001,10
2025,6,1758.6599999999999,4
2025,7,1978.52,1
2025,8,1612.78,9
2025,9,1647.76,7
2025,10,1667.74,6
2025,1,1869.4,3
2025,2,1816.8399999999997,4
2025,3,1678.82,7
2025,4,1749.16,6
2025,5,1593.3799999999997,8
2025,6,1430.94,10
2025,7,1785.6399999999999,5
2025,8,1944.42,2
2025,9,1583.04,9
2025,10,2001.2800000000002,1
2025,1,1998.06,2
2025,2,2087.1400000000003,1
2025,3,1444.88,9
2025,4,1657.3200000000002,7
2025,5,1857.24,4
2025,6,1853.1799999999998,5
2025,7,1513.48,8
2025,8,1715.6599999999999,6
2025,9,1940.02,3
2025,10,1443.2400000000002,10
2025,1,2017.2600000000002,1
2025,2,1387.14,10
2025,3,1543.0200000000002,7
2025,4,1478.1400000000003,8
2025,5,1800.48,5
2025,6,1707.6599999999999,6
2025,7,1877.6599999999999,4
2025,8,1455.12,9
2025,9,1920.98,3
2025,10,1933.1000000000001,2
2025,1,1542.28,9
2025,2,2222.84,1
2025,3,1834.2800000000002,3
2025,4,1344.6200000000001,10
2025,5,1947.96,2
2025,6,1710.3200000000002,5
2025,7,1567.8799999999999,8
2025,8,1689.96,6
2025,9,1820.7199999999998,4
2025,10,1666.8600000000001,7
2025,1,2009.52,1
2025,2,1955.28,2
2025,3,1721.32,4
2025,4,1703.9,6
2025,5,1485.66,9
2025,6,1495.02,8
2025,7,1481.58,10
2025,8,1725.38,3
2025,9,1712.04,5
2025,10,1702.56,7
2025,1,1670.56,7
2025,2,1850.4,4
2025,3,1909.4599999999998,2
2025,4,2070.74,1
2025,5,1551.88,8
2025,6,1760.04,6
2025,7,1415.9,10
2025,8,1805.22,5
2025,9,1869.66,3
2025,10,1545.9199999999998,9
2025,1,1617.1600000000003,7
2025,2,1578.2800000000002,10
2025,3,1787.56,5
2025,4,1600.1599999999999,9
2025,5,1829.4399999999998,4
2025,6,1758.6,6
2025,7,1942.8799999999999,2
2025,8,1838.22,3
2025,9,1603.3600000000001,8
2025,10,2001.18,1
2025,1,1766.9,4
2025,2,1593.1000000000001,7
2025,3,1581.88,8
2025,4,1904.14,2
2025,5,1840.18,3
2025,6,1531.5,9
2025,7,1711.7,5
2025,8,1653.88,6
2025,9,1511.08,10
2025,10,1912.34,1
2025,1,1819.8200000000002,4
2025,2,1670.9399999999998,7
2025,3,1971.3799999999999,1
2025,4,1594.62,8
2025,5,1770.24,5
2025,6,1401.5800000000002,10
2025,7,1504.8200000000002,9
2025,8,1898.88,2
2025,9,1740.1599999999999,6
2025,10,1868.58,3
2025,1,1847.54,3
2025,2,2030.28,1
2025,3,1486.1000000000001,10
2025,4,1790.06,4
2025,5,1620.74,6
2025,6,1552.2400000000002,8
2025,7,1942.1400000000003,2
2025,8,1783.68,5
2025,9,1515.6200000000003,9
2025,10,1568.66,7
2025,1,1735.08,5
2025,2,2011.7200000000003,1
2025,3,1320.0,10
2025,4,1710.2599999999998,6
2025,5,1598.6800000000003,7
2025,6,1868.94,3
2025,7,1591.8799999999999,8
2025,8,1482.96,9
2025,9,1923.48,2
2025,10,1853.82,4
2025,1,1851.2599999999998,4
2025,2,1426.1200000000001,9
2025,3,1644.42,6
2025,4,1920.84,3
2025,5,1418.88,10
2025,6,1961.58,2
2025,7,2165.48,1
2025,8,1624.96,7
2025,9,1801.6399999999999,5
2025,10,1450.7199999999998,8
2025,1,1970.7200000000003,2
2025,2,1777.6800000000003,4
2025,3,2038.7199999999998,1
2025,4,1434.38,10
2025,5,1450.58,9
2025,6,1649.76,7
2025,7,1952.3799999999999,3
2025,8,1768.18,6
2025,9,1616.32,8
2025,10,1768.2200000000003,5
2025,1,1675.0800000000002,6
2025,2,2206.7,1
2025,3,1571.3600000000001,8
2025,4,1878.5,2
2025,5,1595.46,7
2025,6,1721.18,5
2025,7,1515.42,9
2025,8,1866.7200000000003,3
2025,9,1395.4,10
2025,10,1843.34,4
2025,1,1435.9,10
2025,2,1715.2200000000003,5
2025,3,1698.32,6
2025,4,1677.8000000000002,7
2025,5,1737.44,4
2025,6,1956.7199999999998,2
2025,7,1557.1799999999998,8
2025,8,2264.2799999999997,1
2025,9,1458.1599999999999,9
2025,10,1782.38,3
2025,1,1842.1399999999999,4
2025,2,1570.76,8
2025,3,1624.4600000000003,7
2025,4,1670.02,6
2025,5,1991.06,3
2025,6,1997.8200000000002,2
2025,7,1711.58,5
2025,8,2080.04,1
2025,9,1506.98,9
2025,10,1466.1,10
2025,1,1522.52,7
2025,2,1437.4,10
2025,3,1590.16,6
2025,4,1969.58,3
2025,5,1439.92,9
2025,6,1991.38,2
2025,7,1962.56,4
2025,8,2004.14,1
2025,9,1457.8200000000002,8
2025,10,1635.98,5
2025,1,1597.5400000000002,8
2025,2,1788.3,5
2025,3,1874.1599999999999,2
2025,4,1853.98,3
2025,5,1638.3600000000001,7
2025,6,1877.52,1
2025,7,1714.08,6
2025,8,1801.24,4
2025,9,1566.24,9
2025,10,1527.34,10
2025,1,1404.52,10
2025,2,1603.56,8
2025,3,1926.3400000000001,2
2025,4,1821.82,3
2025,5,1811.98,4
2025,6,1774.8,5
2025,7,1507.2800000000002,9
2025,8,1717.3400000000001,6
2025,9,1937.6400000000003,1
2025,10,1660.44,7
2025,1,1863.2799999999997,4
2025,2,1790.48,5
2025,3,1970.8400000000001,2
2025,4,1391.3000000000002,9
2025,5,1886.38,3
2025,6,1677.3400000000001,8
2025,7,2035.8400000000001,1
2025,8,1696.3600000000001,7
2025,9,1747.3600000000001,6
2025,10,1267.68,10
2025,1,1819.82,4
2025,2,1831.4600000000003,3
2025,3,1630.38,9
2025,4,1644.3400000000001,8
2025,5,1703.2,6
2025,6,1880.24,2
2025,7,1746.36,5
2025,8,1669.1,7
2025,9,1291.6399999999999,10
2025,10,1919.8600000000001,1
2025,1,1473.0199999999998,9
2025,2,1773.76,5
2025,3,1860.2400000000002,4
2025,4,1372.3400000000001,10
2025,5,1720.8200000000002,6
2025,6,1632.22,8
2025,7,1899.0200000000002,3
2025,8,1973.2400000000002,2
2025,9,1984.16,1
2025,10,1649.34,7
2025,1,1586.06,7
2025,2,1473.8999999999996,10
2025,3,1614.98,6
2025,4,1684.96,4
2025,5,2006.2,3
2025,6,1636.48,5
2025,7,1487.54,9
2025,8,2054.76,1
2025,9,2009.1799999999998,2
2025,10,1560.46,8
2025,1,2001.96,1
2025,2,1858.46,4
2025,3,1668.78,8
2025,4,1545.6600000000003,9
2025,5,1352.6800000000003,10
2025,6,1985.64,2
2025,7,1874.2800000000002,3
2025,8,1682.8199999999997,7
2025,9,1696.94,6
2025,10,1826.8400000000001,5
2025,1,1560.18,9
2025,2,1836.08,4
2025,3,1841.7400000000002,3
2025,4,1932.1200000000001,2
2025,5,1604.7,7
2025,6,1488.3200000000002,10
2025,7,2205.04,1
2025,8,1822.1800000000003,5
2025,9,1580.2000000000003,8
2025,10,1605.76,6
2025,1,1924.22,2
2025,2,1544.7,9
2025,3,1817.62,4
2025,4,1846.6,3
2025,5,1782.96,5
2025,6,1658.5200000000002,6
2025,7,1428.06,10
2025,8,1644.48,7
2025,9,1585.4,8
2025,10,2048.96,1
2025,1,1652.74,5
2025,2,1650.54,6
2025,3,1429.2600000000002,10
2025,4,1915.98,1
2025,5,1884.84,3
2025,6,1639.4800000000002,8
2025,7,1908.02,2
2025,8,1884.1799999999998,4
2025,9,1536.5400000000002,9
2025,10,1648.46,7
2025,1,1716.5800000000002,5
2025,2,1702.98,6
2025,3,1770.3400000000001,2
2025,4,1513.3000000000002,9
2025,5,1496.3600000000001,10
2025,6,1606.76,7
2025,7,1770.12,3
2025,8,2162.88,1
2025,9,1602.82,8
2025,10,1748.9199999999998,4
2025,1,1719.1799999999998,4
2025,2,1691.58,5
2025,3,2036.52,2
2025,4,1541.54,10
2025,5,2134.28,1
2025,6,1640.94,8
2025,7,1767.2799999999997,3
2025,8,1651.1399999999999,7
2025,9,1631.56,9
2025,10,1683.72,6
2025,1,1622.68,9
2025,2,1805.3600000000001,3
2025,3,1753.96,5
2025,4,1636.48,8
2025,5,1655.6000000000001,7
2025,6,1844.92,2
2025,7,1441.84,10
2025,8,2082.6800000000003,1
2025,9,1735.0800000000002,6
2025,10,1776.8400000000001,4
2025,1,1913.2399999999998,2
2025,2,1577.52,10
2025,3,1721.48,3
2025,4,1966.8799999999999,1
2025,5,1704.4800000000002,4
2025,6,1636.7400000000002,8
2025,7,1666.52,6
2025,8,1659.38,7
2025,9,1616.7600000000002,9
2025,10,1694.08,5
2025,1,1813.9799999999998,4
2025,2,1824.5,3
2025,3,1545.0200000000002,8
2025,4,1525.2999999999997,9
2025,5,1623.2,7
2025,6,1872.62,2
2025,7,1785.7599999999998,5
2025,8,1716.96,6
2025,9,1941.26,1
2025,10,1462.3400000000001,10
2025,1,1711.6799999999998,7
2025,2,1551.96,8
2025,3,1722.24,6
2025,4,1531.2800000000002,10
2025,5,1932.4600000000003,1
2025,6,1723.1399999999999,5
2025,7,1930.52,2
2025,8,1551.68,9
2025,9,1838.68,3
2025,10,1761.3199999999997,4
2025,1,1891.3400000000001,2
2025,2,1723.8799999999999,8
2025,3,1810.92,3
2025,4,1786.4600000000003,4
2025,5,1749.8600000000001,7
2025,6,1464.8000000000002,10
2025,7,1486.54,9
2025,8,1774.68,5
2025,9,1956.32,1
2025,10,1767.06,6
2025,1,2279.08,1
2025,2,1403.98,9
2025,3,1784.6000000000001,4
2025,4,1485.54,8
2025,5,1911.78,2
2025,6,1812.1599999999999,3
2025,7,1681.74,6
2025,8,1349.04,10
2025,9,1643.6599999999999,7
2025,10,1709.02,5
2025,1,1743.6200000000001,5
2025,2,1650.5600000000004,9
2025,3,2052.9799999999996,1
2025,4,1928.38,2
2025,5,1564.8200000000002,10
2025,6,1717.52,6
2025,7,1802.44,3
2025,8,1710.1,7
2025,9,1698.2600000000002,8
2025,10,1760.42,4
2025,1,1729.78,5
2025,2,1227.5600000000002,10
2025,3,1590.6400000000003,9
2025,4,1974.7800000000002,1
2025,5,1940.08,3
2025,6,1966.5600000000002,2
2025,7,1709.26,7
2025,8,1609.1000000000001,8
2025,9,1750.62,4
2025,10,1726.96,6
2025,1,1741.28,7
2025,2,1903.2600000000002,1
2025,3,1806.74,6
2025,4,1465.54,10
2025,5,1494.5800000000002,9
2025,6,1896.1800000000003,2
2025,7,1856.28,5
2025,8,1875.66,3
2025,9,1655.9600000000003,8
2025,10,1858.1999999999998,4
2025,1,1908.52,3
2025,2,1967.3799999999999,2
2025,3,2009.8600000000001,1
2025,4,1383.6,10
2025,5,1665.04,7
2025,6,1553.48,9
2025,7,1830.02,4
2025,8,1687.1,6
2025,9,1652.94,8
2025,10,1711.96,5
2025,1,1924.8400000000001,3
2025,2,1790.3000000000002,5
2025,3,1405.18,9
2025,4,1826.3400000000001,4
2025,5,2015.26,1
2025,6,1524.5600000000002,8
2025,7,1958.1599999999999,2
2025,8,1765.48,7
2025,9,1312.92,10
2025,10,1783.14,6
2025,1,1928.7199999999998,2
2025,2,1471.7800000000002,9
2025,3,1602.72,8
2025,4,1356.1399999999999,10
2025,5,1839.26,4
2025,6,2138.4,1
2025,7,1668.8999999999999,5
2025,8,1609.92,6
2025,9,1845.26,3
2025,10,1605.1800000000003,7
2025,1,1920.38,4
2025,2,1930.1,3
2025,3,1776.0800000000002,5
2025,4,1721.68,7
2025,5,1732.44,6
2025,6,1538.06,9
2025,7,1294.04,10
2025,8,1959.5800000000002,2
2025,9,2045.38,1
2025,10,1605.8400000000001,8
2025,1,1677.2199999999998,8
2025,2,1945.0600000000002,2
2025,3,1740.98,5
2025,4,1953.6800000000003,1
2025,5,1600.22,10
2025,6,1693.04,7
2025,7,1614.12,9
2025,8,1755.66,4
2025,9,1868.3400000000001,3
2025,10,1721.34,6
2025,1,1378.3600000000001,10
2025,2,1906.06,2
2025,3,1897.5200000000002,3
2025,4,1797.04,5
2025,5,2021.2399999999998,1
2025,6,1729.7599999999998,6
2025,7,1394.12,9
2025,8,1514.1200000000001,8
2025,9,1822.04,4
2025,10,1530.7,7
2025,1,1701.62,7
2025,2,1767.6800000000003,6
2025,3,1394.62,9
2025,4,1924.68,2
2025,5,1323.8600000000001,10
2025,6,1913.08,3
2025,7,1803.9600000000003,5
2025,8,1866.66,4
2025,9,1575.0,8
2025,10,1969.44,1
2025,1,1634.72,8
2025,2,1771.7200000000003,5
2025,3,1802.6399999999999,4
2025,4,1813.44,3
2025,5,1951.6399999999999,2
2025,6,1754.3600000000001,6
2025,7,1430.58,9
2025,8,1672.96,7
2025,9,2038.48,1
2025,10,1333.6600000000003,10
2025,1,1916.5800000000002,3
2025,2,1819.62,5
2025,3,1964.7200000000003,1
2025,4,1649.44,8
2025,5,1666.56,7
2025,6,1825.88,4
2025,7,1529.3999999999999,9
2025,8,1953.6799999999998,2
2025,9,1289.64,10
2025,10,1795.7200000000003,6
2025,1,1700.1399999999999,6
2025,2,1611.06,8
2025,3,1652.4399999999998,7
2025,4,1748.3600000000001,5
2025,5,1317.76,10
2025,6,1872.52,2
2025,7,1532.3,9
2025,8,1786.3,4
2025,9,1792.6,3
2025,10,2204.96,1
2025,1,1904.9199999999998,4
2025,2,2001.8400000000001,2
2025,3,1616.5,8
2025,4,1720.56,6
2025,5,1352.72,9
2025,6,1760.46,5
2025,7,1304.2800000000002,10
2025,8,2029.7800000000002,1
2025,9,1619.0400000000002,7
2025,10,1910.1599999999999,3
2025,1,1647.0400000000002,6
2025,2,1618.8399999999997,8
2025,3,1469.2,10
2025,4,1728.72,5
2025,5,1893.1200000000001,3
2025,6,2092.6400000000003,1
2025,7,1503.6599999999999,9
2025,8,1622.48,7
2025,9,1756.02,4
2025,10,1961.6000000000001,2
2025,1,1744.5400000000002,5
2025,2,1692.3799999999999,7
2025,3,1541.6600000000003,9
2025,4,1796.4,3
2025,5,1533.1,10
2025,6,1787.0,4
2025,7,1638.46,8
2025,8,2034.08,1
2025,9,1806.1200000000001,2
2025,10,1719.28,6
2025,1,1512.18,9
2025,2,1634.4,7
2025,3,1893.94,3
2025,4,1696.4199999999998,4
2025,5,1936.7399999999998,1
2025,6,1637.8600000000001,6
2025,7,1321.96,10
2025,8,1544.1999999999998,8
2025,9,1665.0,5
2025,10,1922.2800000000002,2
2025,1,2162.86,1
2025,2,1621.1200000000001,8
2025,3,1821.5800000000002,2
2025,4,1624.3,7
2025,5,1723.1000000000004,5
2025,6,1401.2600000000002,10
2025,7,1794.52,3
2025,8,1775.58,4
2025,9,1444.6000000000001,9
2025,10,1629.94,6
2025,1,1559.2600000000002,9
2025,2,1891.4,2
2025,3,1645.08,7
2025,4,1731.32,6
2025,5,1871.32,3
2025,6,1638.1600000000003,8
2025,7,1765.66,5
2025,8,1799.6400000000003,4
2025,9,1940.14,1
2025,10,1438.1999999999998,10
2025,1,1791.8799999999999,4
2025,2,1893.68,1
2025,3,1530.5800000000002,9
2025,4,1516.1599999999999,10
2025,5,1695.4,6
2025,6,1587.2399999999998,8
2025,7,1726.64,5
2025,8,1822.56,3
2025,9,1667.6599999999999,7
2025,10,1867.5800000000002,2
2025,1,1601.08,9
2025,2,1923.74,1
2025,3,1886.12,3
2025,4,1620.8000000000002,8
2025,5,1390.3,10
2025,6,1797.6399999999999,6
2025,7,1869.7399999999998,4
2025,8,1859.22,5
2025,9,1891.3600000000001,2
2025,10,1649.34,7
2025,1,1865.6599999999999,3
2025,2,1713.0,6
2025,3,1772.82,5
2025,4,1541.0600000000002,7
2025,5,1818.26,4
2025,6,1925.48,2
2025,7,1945.5,1
2025,8,1486.6200000000001,8
2025,9,1359.8600000000001,9
2025,10,1255.76,10
2025,1,1770.76,4
2025,2,1683.42,7
2025,3,2002.76,1
2025,4,1977.16,2
2025,5,1942.62,3
2025,6,1756.2399999999998,5
2025,7,1661.38,8
2025,8,1741.86,6
2025,9,1574.1599999999999,9
2025,10,1446.88,10
2025,1,1638.1799999999998,8
2025,2,1898.3,2
2025,3,1789.8799999999999,5
2025,4,1668.06,6
2025,5,1954.58,1
2025,6,1889.9999999999998,3
2025,7,1366.1,10
2025,8,1492.76,9
2025,9,1887.42,4
2025,10,1645.0,7
2025,1,1929.46,3
2025,2,1451.98,9
2025,3,1828.2800000000002,4
2025,4,1550.8400000000001,7
2025,5,1442.16,10
2025,6,1935.3999999999999,2
2025,7,1800.62,5
2025,8,2049.0,1
2025,9,1510.68,8
2025,10,1719.5,6
2025,1,1846.9,3
2025,2,1817.62,4
2025,3,1855.52,2
2025,4,1578.78,8
2025,5,1729.7,7
2025,6,1518.6799999999998,10
2025,7,1543.8000000000002,9
2025,8,1766.5199999999998,5
2025,9,1871.26,1
2025,10,1738.84,6
2025,1,1791.1399999999999,5
2025,2,1696.7400000000002,6
2025,3,1963.98,2
2025,4,1859.76,4
2025,5,1576.48,8
2025,6,2057.94,1
2025,7,1412.98,10
2025,8,1492.46,9
2025,9,1603.64,7
2025,10,1932.2600000000002,3
2025,1,1714.04,6
2025,2,1402.7799999999997,10
2025,3,1923.44,1
2025,4,1832.84,3
2025,5,1560.1399999999999,8
2025,6,1820.1399999999999,5
2025,7,1557.48,9
2025,8,1857.48,2
2025,9,1830.6200000000001,4
2025,10,1686.48,7
2025,1,1660.3400000000001,8
2025,2,1543.18,10
2025,3,1796.0400000000002,3
2025,4,1750.0,4
2025,5,1738.0,5
2025,6,1602.44,9
2025,7,1673.42,7
2025,8,1678.98,6
2025,9,1993.5200000000002,1
2025,10,1879.16,2
2025,1,1867.7800000000002,2
2025,2,1814.58,3
2025,3,1567.58,8
2025,4,1642.0200000000002,7
2025,5,1726.94,4
2025,6,1699.42,5
2025,7,1422.1599999999999,10
2025,8,1674.64,6
2025,9,1495.5600000000002,9
2025,10,2240.44,1
2025,1,1471.8600000000001,10
2025,2,1937.4,1
2025,3,1814.6200000000001,4
2025,4,1650.06,9
2025,5,1724.28,7
2025,6,1820.04,3
2025,7,1895.7800000000002,2
2025,8,1738.5400000000002,6
2025,9,1755.8600000000001,5
2025,10,1686.88,8
2025,1,1829.04,2
2025,2,1565.46,9
2025,3,1827.3399999999997,3
2025,4,1624.58,6
2025,5,1571.52,8
2025,6,1563.58,10
2025,7,1757.6000000000001,5
2025,8,1618.1,7
2025,9,1888.68,1
2025,10,1775.8400000000001,4
2025,1,1667.04,7
2025,2,1920.98,2
2025,3,1903.98,3
2025,4,1628.64,8
2025,5,1466.4199999999998,9
2025,6,1283.5,10
2025,7,1841.1599999999999,4
2025,8,1797.68,5
2025,9,1957.3799999999999,1
2025,10,1757.0600000000002,6
2025,1,1936.4,2
2025,2,1619.78,8
2025,3,1958.62,1
2025,4,1453.98,10
2025,5,1582.6999999999998,9
2025,6,1647.96,7
2025,7,1919.42,3
2025,8,1797.7800000000002,4
2025,9,1700.12,6
2025,10,1704.54,5
2025,1,1824.7600000000002,2
2025,2,1507.66,9
2025,3,1710.6799999999998,6
2025,4,1524.56,8
2025,5,1744.82,4
2025,6,1772.2399999999998,3
2025,7,1695.98,7
2025,8,2086.74,1
2025,9,1724.2799999999997,5
2025,10,1456.7000000000003,10
2025,1,1524.44,8
2025,2,2300.26,1
2025,3,1651.1,5
2025,4,1606.3200000000002,6
2025,5,1982.88,3
2025,6,1421.8799999999999,10
2025,7,2060.4599999999996,2
2025,8,1517.7599999999998,9
2025,9,1690.38,4
2025,10,1591.8600000000001,7
2025,1,1810.8000000000002,3
2025,2,1562.5,7
2025,3,1481.2199999999998,9
2025,4,1474.3400000000001,10
2025,5,1717.8600000000001,5
2025,6,1561.74,8
2025,7,1663.58,6
2025,8,1871.96,1
2025,9,1853.88,2
2025,10,1784.2800000000002,4
2025,1,2034.3400000000001,1
2025,2,1783.2800000000002,4
2025,3,1987.6799999999998,2
2025,4,1770.14,5
2025,5,1514.46,10
2025,6,1583.72,9
2025,7,1669.66,7
2025,8,1633.8600000000001,8
2025,9,1906.2600000000002,3
2025,10,1692.3000000000002,6
2025,1,1953.3400000000001,1
2025,2,1530.3200000000002,10
2025,3,1909.92,3
2025,4,1940.0800000000002,2
2025,5,1601.48,9
2025,6,1640.5800000000002,8
2025,7,1888.98,4
2025,8,1659.3400000000001,7
2025,9,1833.3600000000001,5
2025,10,1736.8400000000001,6
2025,1,1993.5,1
2025,2,1885.3800000000003,3
2025,3,1600.86,7
2025,4,1797.88,6
2025,5,1416.1000000000001,10
2025,6,1467.6399999999999,9
2025,7,1914.18,2
2025,8,1568.22,8
2025,9,1802.8600000000001,5
2025,10,1850.6200000000001,4
2025,1,1904.7399999999998,2
2025,2,1664.1399999999999,6
2025,3,1439.9400000000003,10
2025,4,1541.48,9
2025,5,1611.74,7
2025,6,1870.88,4
2025,7,1862.5200000000002,5
2025,8,1609.2400000000002,8
2025,9,1901.2600000000002,3
2025,10,1963.06,1
