season,seat,points,place
2016,1,1849.8199999999997,5
2016,2,1874.16,3
2016,3,1921.0599999999997,1
2016,4,1846.5,6
2016,5,1878.38,2
2016,6,1728.3799999999999,10
2016,7,1855.74,4
2016,8,1807.5800000000002,8
2016,9,1826.08,7
2016,10,1763.8,9
2016,1,1829.8600000000001,7
2016,2,1782.76,8
2016,3,1852.1200000000001,4
2016,4,1893.4,2
2016,5,1761.1200000000001,10
2016,6,1766.62,9
2016,7,1870.52,3
2016,8,1836.44,6
2016,9,1846.8799999999999,5
2016,10,1898.6,1
2016,1,1815.08,8
2016,2,1837.72,6
2016,3,1753.1599999999999,9
2016,4,1886.1200000000001,2
2016,5,1843.18,5
2016,6,1828.3600000000001,7
2016,7,1873.04,3
2016,8,1740.2599999999998,10
2016,9,1854.38,4
2016,10,2021.74,1
2016,1,1811.6799999999998,6
2016,2,1935.3000000000002,1
2016,3,1801.44,7
2016,4,1880.54,2
2016,5,1837.96,5
2016,6,1788.8600000000001,8
2016,7,1850.6800000000003,4
2016,8,1737.58,10
2016,9,1853.04,3
2016,10,1755.62,9
2016,1,1881.28,2
2016,2,1800.58,9
2016,3,1975.44,1
2016,4,1810.7600000000002,8
2016,5,1833.56,6
2016,6,1836.16,5
2016,7,1829.46,7
2016,8,1879.58,3
2016,9,1751.3199999999997,10
2016,10,1845.02,4
2016,1,1946.54,2
2016,2,1958.8200000000002,1
2016,3,1810.98,7
2016,4,1851.1599999999999,3
2016,5,1848.3600000000001,4
2016,6,1816.6199999999997,6
2016,7,1682.0,10
2016,8,1843.4599999999998,5
2016,9,1789.62,9
2016,10,1798.1599999999999,8
2016,1,1899.7199999999998,2
2016,2,1821.62,6
2016,3,1841.78,4
2016,4,1795.8400000000001,8
2016,5,1963.4,1
2016,6,1775.6399999999999,10
2016,7,1800.98,7
2016,8,1785.8600000000001,9
2016,9,1883.86,3
2016,10,1822.54,5
2016,1,1803.3999999999999,6
2016,2,1857.6799999999998,2
2016,3,1849.54,4
2016,4,1994.8200000000002,1
2016,5,1747.6599999999999,10
2016,6,1748.0,9
2016,7,1853.42,3
2016,8,1799.0,7
2016,9,1820.92,5
2016,10,1759.76,8
2016,1,1852.4,4
2016,2,1797.24,8
2016,3,1875.2400000000002,2
2016,4,1838.6999999999998,5
2016,5,1823.3600000000001,6
2016,6,1803.22,7
2016,7,1786.92,9
2016,8,1758.28,10
2016,9,1988.36,1
2016,10,1857.2199999999998,3
2016,1,1813.6800000000003,6
2016,2,1800.7000000000003,9
2016,3,1780.7599999999998,10
2016,4,1835.52,5
2016,5,1852.1000000000001,4
2016,6,1802.1599999999999,8
2016,7,1886.56,2
2016,8,1810.02,7
2016,9,1874.6799999999998,3
2016,10,1919.0800000000002,1
2016,1,1896.1999999999998,2
2016,2,1894.5000000000002,3
2016,3,1797.86,7
2016,4,1796.6799999999998,8
2016,5,1744.56,10
2016,6,1860.2000000000003,4
2016,7,1838.32,5
2016,8,1769.6599999999999,9
2016,9,1930.8200000000002,1
2016,10,1837.08,6
2016,1,1962.7600000000002,1
2016,2,1850.2,4
2016,3,1677.6399999999999,10
2016,4,1872.02,2
2016,5,1854.7399999999998,3
2016,6,1819.4799999999998,8
2016,7,1822.8600000000001,7
2016,8,1837.9800000000002,6
2016,9,1771.1599999999999,9
2016,10,1839.8199999999997,5
2016,1,1896.0,3
2016,2,1906.58,2
2016,3,1823.1399999999999,6
2016,4,1924.46,1
2016,5,1768.56,10
2016,6,1788.46,8
2016,7,1857.52,4
2016,8,1824.1200000000001,5
2016,9,1808.9199999999998,7
2016,10,1782.0,9
2016,1,1831.58,6
2016,2,1892.2800000000002,1
2016,3,1770.6199999999997,9
2016,4,1847.52,3
2016,5,1847.06,4
2016,6,1873.48,2
2016,7,1845.26,5
2016,8,1796.42,8
2016,9,1757.9,10
2016,10,1814.04,7
2016,1,1823.3400000000001,7
2016,2,1822.8,8
2016,3,1946.2399999999998,1
2016,4,1824.3799999999999,6
2016,5,1855.96,3
2016,6,1792.6999999999998,9
2016,7,1835.02,5
2016,8,1851.62,4
2016,9,1875.06,2
2016,10,1773.28,10
2016,1,1948.44,1
2016,2,1849.32,5
2016,3,1770.02,10
2016,4,1821.98,6
2016,5,1797.7200000000003,8
2016,6,1882.22,3
2016,7,1883.3,2
2016,8,1820.1800000000003,7
2016,9,1854.5000000000002,4
2016,10,1784.0600000000002,9
2016,1,1854.2800000000002,3
2016,2,1855.28,2
2016,3,1830.3200000000002,6
2016,4,1805.5600000000002,7
2016,5,1925.12,1
2016,6,1719.6999999999998,9
2016,7,1677.26,10
2016,8,1786.98,8
2016,9,1842.2,5
2016,10,1846.46,4
2016,1,1722.3399999999997,10
2016,2,1858.38,5
2016,3,1837.46,7
2016,4,1899.1,1
2016,5,1871.2199999999998,3
2016,6,1783.1599999999999,9
2016,7,1800.04,8
2016,8,1847.48,6
2016,9,1865.46,4
2016,10,1880.92,2
2016,1,1819.7800000000002,8
2016,2,1807.86,9
2016,3,1845.12,5
2016,4,1758.6000000000001,10
2016,5,1915.34,1
2016,6,1889.06,2
2016,7,1862.66,4
2016,8,1821.76,7
2016,9,1829.42,6
2016,10,1870.8799999999999,3
2016,1,1890.22,3
2016,2,1809.7199999999998,7
2016,3,1910.8400000000001,2
2016,4,1768.0800000000002,8
2016,5,1857.9,5
2016,6,1748.3600000000001,10
2016,7,1890.08,4
2016,8,1812.8000000000002,6
2016,9,1921.7399999999998,1
2016,10,1750.6799999999998,9
2016,1,1812.82,5
2016,2,1903.82,2
2016,3,1754.44,10
2016,4,1859.58,3
2016,5,1788.44,8
2016,6,1946.1,1
2016,7,1799.3200000000002,6
2016,8,1760.1799999999998,9
2016,9,1798.22,7
2016,10,1833.3600000000001,4
2016,1,1821.2199999999998,6
2016,2,1807.64,8
2016,3,1804.38,9
2016,4,1856.3600000000001,4
2016,5,1811.3000000000002,7
2016,6,1785.32,10
2016,7,1875.42,2
2016,8,1977.56,1
2016,9,1862.58,3
2016,10,1845.4,5
2016,1,1886.58,2
2016,2,1863.3600000000001,3
2016,3,1768.6,10
2016,4,1863.32,4
2016,5,1801.1800000000003,7
2016,6,1802.4,6
2016,7,1800.24,8
2016,8,1794.6799999999998,9
2016,9,1953.6599999999999,1
2016,10,1818.6399999999999,5
2016,1,1940.4399999999998,1
2016,2,1800.3,8
2016,3,1878.0600000000004,2
2016,4,1832.66,6
2016,5,1841.46,5
2016,6,1824.3999999999996,7
2016,7,1791.42,9
2016,8,1713.92,10
2016,9,1860.04,4
2016,10,1862.5800000000002,3
2016,1,1951.8,1
2016,2,1881.36,4
2016,3,1897.3000000000002,2
2016,4,1812.08,7
2016,5,1778.9999999999998,8
2016,6,1840.88,6
2016,7,1889.92,3
2016,8,1869.5400000000002,5
2016,9,1717.8000000000002,10
2016,10,1764.62,9
2016,1,1843.88,5
2016,2,1750.5000000000002,10
2016,3,1957.0000000000002,1
2016,4,1760.1599999999999,8
2016,5,1891.2200000000003,3
2016,6,1761.62,7
2016,7,1882.2,4
2016,8,1759.1200000000001,9
2016,9,1894.4599999999998,2
2016,10,1801.5800000000002,6
2016,1,1884.8000000000002,2
2016,2,1956.1999999999998,1
2016,3,1746.6799999999998,9
2016,4,1867.62,3
2016,5,1836.46,6
2016,6,1827.0,7
2016,7,1819.48,8
2016,8,1846.3600000000001,5
2016,9,1743.2400000000002,10
2016,10,1853.1200000000001,4
2016,1,1873.6000000000001,2
2016,2,1843.4199999999996,5
2016,3,1965.24,1
2016,4,1798.8799999999999,10
2016,5,1833.3799999999999,6
2016,6,1809.28,9
2016,7,1810.0,8
2016,8,1861.7600000000002,4
2016,9,1831.12,7
2016,10,1866.6,3
2016,1,1830.5,6
2016,2,1957.14,1
2016,3,1836.84,5
2016,4,1851.6799999999998,4
2016,5,1908.96,2
2016,6,1870.62,3
2016,7,1781.2199999999998,9
2016,8,1719.1799999999998,10
2016,9,1809.1,7
2016,10,1792.82,8
2016,1,1813.1999999999998,7
2016,2,1865.8400000000001,3
2016,3,2013.12,1
2016,4,1790.68,9
2016,5,1878.6999999999998,2
2016,6,1849.82,4
2016,7,1793.14,8
2016,8,1836.42,6
2016,9,1839.12,5
2016,10,1777.54,10
2016,1,1772.88,10
2016,2,1878.5399999999997,3
2016,3,1780.02,9
2016,4,1904.6,1
2016,5,1854.6,4
2016,6,1811.8600000000001,8
2016,7,1852.36,5
2016,8,1840.3200000000002,6
2016,9,1821.02,7
2016,10,1900.7400000000002,2
2016,1,1839.28,5
2016,2,1860.7800000000002,3
2016,3,1972.8,1
2016,4,1789.3200000000002,9
2016,5,1793.1599999999999,7
2016,6,1790.2,8
2016,7,1922.3200000000002,2
2016,8,1846.36,4
2016,9,1818.5800000000002,6
2016,10,1719.22,10
2016,1,1861.6799999999998,3
2016,2,1840.08,5
2016,3,1781.7399999999998,10
2016,4,2012.12,1
2016,5,1796.3200000000002,7
2016,6,1901.6000000000001,2
2016,7,1818.6200000000001,6
2016,8,1791.0,8
2016,9,1786.2199999999998,9
2016,10,1854.2600000000002,4
2016,1,1955.2000000000003,1
2016,2,1858.7199999999998,5
2016,3,1816.28,7
2016,4,1781.46,9
2016,5,1741.8200000000002,10
2016,6,1848.02,6
2016,7,1871.78,3
2016,8,1863.54,4
2016,9,1903.1599999999999,2
2016,10,1804.66,8
2016,1,1765.8200000000002,10
2016,2,1819.0600000000002,6
2016,3,1879.3999999999999,2
2016,4,1834.96,4
2016,5,1785.5600000000002,7
2016,6,1849.28,3
2016,7,1781.36,9
2016,8,1929.6399999999999,1
2016,9,1783.54,8
2016,10,1827.72,5
2016,1,1985.46,1
2016,2,1770.2200000000003,9
2016,3,1879.9399999999998,3
2016,4,1858.68,4
2016,5,1891.3000000000002,2
2016,6,1800.1999999999998,5
2016,7,1799.3600000000001,6
2016,8,1755.44,10
2016,9,1778.46,7
2016,10,1778.2799999999997,8
2016,1,1836.3,8
2016,2,1816.1799999999998,9
2016,3,1895.78,2
2016,4,1905.54,1
2016,5,1838.78,7
2016,6,1887.68,3
2016,7,1764.22,10
2016,8,1851.02,5
2016,9,1845.12,6
2016,10,1855.2999999999997,4
2016,1,1897.92,3
2016,2,1804.0800000000002,8
2016,3,1832.3400000000001,4
2016,4,1831.1799999999998,5
2016,5,1825.7600000000002,6
2016,6,1792.9199999999998,9
2016,7,1805.4399999999998,7
2016,8,1910.5,2
2016,9,1994.4,1
2016,10,1725.2199999999998,10
2016,1,1872.0199999999998,2
2016,2,1972.8600000000001,1
2016,3,1849.7999999999997,5
2016,4,1703.7999999999997,10
2016,5,1803.1799999999998,7
2016,6,1841.52,6
2016,7,1862.52,3
2016,8,1801.12,8
2016,9,1794.06,9
2016,10,1859.6799999999998,4
2016,1,1847.08,5
2016,2,1829.84,6
2016,3,1856.94,4
2016,4,1799.8,8
2016,5,1864.1000000000001,3
2016,6,1878.34,2
2016,7,1951.7599999999998,1
2016,8,1746.02,10
2016,9,1785.8799999999999,9
2016,10,1823.42,7
2016,1,1745.2400000000002,9
2016,2,2039.6599999999999,1
2016,3,1805.8400000000001,7
2016,4,1889.48,2
2016,5,1878.3199999999997,3
2016,6,1863.0199999999998,4
2016,7,1708.8600000000001,10
2016,8,1760.68,8
2016,9,1809.08,5
2016,10,1806.9600000000003,6
2016,1,1903.9199999999998,2
2016,2,1882.58,3
2016,3,1871.06,4
2016,4,2011.0800000000002,1
2016,5,1769.26,8
2016,6,1702.6599999999999,10
2016,7,1757.0,9
2016,8,1809.52,7
2016,9,1829.8199999999997,6
2016,10,1862.6799999999998,5
2016,1,1754.3000000000002,9
2016,2,1998.2200000000003,1
2016,3,1848.2600000000002,3
2016,4,1838.1400000000003,5
2016,5,1776.92,8
2016,6,1838.5800000000002,4
2016,7,1823.98,6
2016,8,1896.78,2
2016,9,1779.6200000000001,7
2016,10,1735.04,10
2016,1,1854.04,6
2016,2,1791.2399999999998,8
2016,3,1905.88,1
2016,4,1753.96,10
2016,5,1874.0,3
2016,6,1866.6200000000001,5
2016,7,1775.36,9
2016,8,1866.72,4
2016,9,1877.02,2
2016,10,1808.06,7
2016,1,1854.7400000000002,3
2016,2,1833.9799999999998,6
2016,3,1892.62,2
2016,4,1764.04,9
2016,5,1794.3999999999996,8
2016,6,1850.3199999999997,4
2016,7,2025.1799999999998,1
2016,8,1801.2800000000002,7
2016,9,1841.6599999999999,5
2016,10,1724.88,10
2016,1,1976.86,1
2016,2,1863.7800000000002,3
2016,3,1803.9,8
2016,4,1805.12,6
2016,5,1741.7199999999998,10
2016,6,1804.58,7
2016,7,1846.6,4
2016,8,1753.48,9
2016,9,1883.5,2
2016,10,1827.92,5
2016,1,1928.88,2
2016,2,1852.56,4
2016,3,1825.84,5
2016,4,1933.04,1
2016,5,1791.8199999999997,7
2016,6,1874.3200000000002,3
2016,7,1783.14,8
2016,8,1776.04,9
2016,9,1773.08,10
2016,10,1825.6000000000001,6
2016,1,1884.2199999999998,1
2016,2,1845.58,6
2016,3,1835.7800000000002,7
2016,4,1863.1800000000003,4
2016,5,1801.3200000000002,8
2016,6,1853.0,5
2016,7,1864.1,3
2016,8,1881.7199999999998,2
2016,9,1768.04,10
2016,10,1770.6600000000003,9
2016,1,1933.22,1
2016,2,1802.9399999999998,7
2016,3,1871.58,4
2016,4,1735.3399999999997,9
2016,5,1812.2200000000003,6
2016,6,1747.06,8
2016,7,1709.56,10
2016,8,1880.48,3
2016,9,1900.98,2
2016,10,1841.52,5
2016,1,1850.86,4
2016,2,1831.66,5
2016,3,1946.6799999999998,1
2016,4,1808.5800000000002,7
2016,5,1779.88,10
2016,6,1925.82,2
2016,7,1782.9199999999998,9
2016,8,1784.2,8
2016,9,1888.3400000000001,3
2016,10,1811.8000000000002,6
2016,1,1886.0800000000002,3
2016,2,1737.2,10
2016,3,1796.3600000000001,8
2016,4,1805.1000000000001,6
2016,5,1944.1599999999999,1
2016,6,1827.22,4
2016,7,1912.52,2
2016,8,1781.92,9
2016,9,1818.96,5
2016,10,1800.0,7
2016,1,1705.6000000000001,10
2016,2,1883.96,3
2016,3,1808.08,6
2016,4,1972.9,1
2016,5,1793.5600000000002,7
2016,6,1883.58,4
2016,7,1723.42,9
2016,8,1741.22,8
2016,9,1936.8200000000002,2
2016,10,1831.42,5
2016,1,1894.56,2
2016,2,1868.86,4
2016,3,1754.9399999999998,8
2016,4,1759.0,7
2016,5,1752.58,9
2016,6,1740.4,10
2016,7,1956.6,1
2016,8,1803.42,6
2016,9,1888.6800000000003,3
2016,10,1853.94,5
2016,1,1766.6999999999998,8
2016,2,1941.58,1
2016,3,1921.0599999999997,2
2016,4,1893.5600000000002,3
2016,5,1729.0,10
2016,6,1835.96,6
2016,7,1866.2800000000002,4
2016,8,1822.44,7
2016,9,1837.7199999999998,5
2016,10,1754.38,9
2016,1,1798.92,10
2016,2,1803.78,9
2016,3,1837.92,4
2016,4,1866.02,2
2016,5,1807.1799999999998,8
2016,6,1820.26,6
2016,7,1954.1,1
2016,8,1840.38,3
2016,9,1829.0600000000002,5
2016,10,1820.0599999999997,7
2016,1,1752.84,10
2016,2,1848.6999999999998,3
2016,3,1845.9,4
2016,4,1843.3600000000001,5
2016,5,1860.98,2
2016,6,1941.38,1
2016,7,1827.1,6
2016,8,1815.96,7
2016,9,1777.02,9
2016,10,1788.22,8
2016,1,1792.94,8
2016,2,1861.92,4
2016,3,1816.88,6
2016,4,1839.6999999999998,5
2016,5,1798.7800000000002,7
2016,6,1961.26,2
2016,7,1728.3200000000002,10
2016,8,1874.6200000000001,3
2016,9,1983.08,1
2016,10,1751.9,9
2016,1,1836.86,4
2016,2,1807.7599999999998,8
2016,3,1844.32,3
2016,4,1803.4199999999998,9
2016,5,1812.5800000000002,7
2016,6,1823.84,6
2016,7,1831.16,5
2016,8,1989.18,1
2016,9,1759.36,10
2016,10,1879.1000000000001,2
2016,1,1778.54,9
2016,2,1815.28,8
2016,3,1863.1,5
2016,4,1880.3200000000002,3
2016,5,1867.2800000000002,4
2016,6,1775.9799999999998,10
2016,7,1847.56,6
2016,8,1891.92,2
2016,9,1932.46,1
2016,10,1830.5199999999998,7
2016,1,1982.88,1
2016,2,1846.1,3
2016,3,1832.12,6
2016,4,1869.56,2
2016,5,1837.36,4
2016,6,1825.7,8
2016,7,1804.52,9
2016,8,1830.3400000000001,7
2016,9,1746.66,10
2016,10,1836.7800000000002,5
2016,1,1806.3799999999999,7
2016,2,1975.02,1
2016,3,1832.64,6
2016,4,1845.02,4
2016,5,1849.8600000000001,3
2016,6,1654.6799999999998,10
2016,7,1776.88,9
2016,8,1926.1600000000003,2
2016,9,1787.22,8
2016,10,1842.8,5
2016,1,1930.66,1
2016,2,1819.54,7
2016,3,1801.7399999999998,9
2016,4,1806.28,8
2016,5,1832.6200000000001,5
2016,6,1849.8200000000002,4
2016,7,1904.6000000000001,2
2016,8,1820.98,6
2016,9,1781.12,10
2016,10,1865.2200000000003,3
2016,1,1886.62,2
2016,2,1797.98,9
2016,3,1971.3199999999997,1
2016,4,1874.8600000000001,4
2016,5,1833.1,7
2016,6,1757.2,10
2016,7,1881.98,3
2016,8,1872.8600000000001,5
2016,9,1865.8999999999999,6
2016,10,1821.62,8
2016,1,1785.9,7
2016,2,1806.98,6
2016,3,1934.9,2
2016,4,1935.48,1
2016,5,1768.56,8
2016,6,1861.8600000000001,4
2016,7,1887.1599999999999,3
2016,8,1732.6,10
2016,9,1733.82,9
2016,10,1848.84,5
2016,1,1873.28,4
2016,2,1882.26,3
2016,3,1792.48,8
2016,4,1845.4,6
2016,5,1762.92,9
2016,6,1865.1,5
2016,7,1694.52,10
2016,8,1919.48,1
2016,9,1796.88,7
2016,10,1907.6599999999999,2
2016,1,1838.1799999999998,6
2016,2,1791.3,9
2016,3,1830.72,7
2016,4,1754.8600000000001,10
2016,5,1879.76,2
2016,6,1803.2600000000002,8
2016,7,1865.6599999999999,3
2016,8,2001.3,1
2016,9,1841.1799999999998,5
2016,10,1841.6,4
2016,1,1741.72,10
2016,2,1885.9599999999998,1
2016,3,1870.7799999999997,4
2016,4,1857.02,5
2016,5,1838.94,8
2016,6,1875.7800000000002,3
2016,7,1833.96,9
2016,8,1856.2,6
2016,9,1883.3000000000002,2
2016,10,1856.1000000000001,7
2016,1,1868.92,1
2016,2,1852.6,3
2016,3,1850.42,4
2016,4,1821.2399999999998,6
2016,5,1803.98,8
2016,6,1805.3000000000002,7
2016,7,1838.26,5
2016,8,1854.1200000000001,2
2016,9,1738.62,10
2016,10,1772.8600000000001,9
2016,1,1782.7999999999997,8
2016,2,1827.08,6
2016,3,1794.8200000000002,7
2016,4,1769.7599999999998,9
2016,5,1851.8400000000001,5
2016,6,1767.2799999999997,10
2016,7,1993.48,1
2016,8,1854.96,4
2016,9,1871.5,3
2016,10,1930.6200000000003,2
2016,1,1963.42,1
2016,2,1696.7199999999998,10
2016,3,1822.06,8
2016,4,1828.26,7
2016,5,1829.68,6
2016,6,1713.28,9
2016,7,1882.08,2
2016,8,1837.04,4
2016,9,1853.98,3
2016,10,1836.0000000000002,5
2016,1,1748.76,10
2016,2,1931.58,1
2016,3,1829.2800000000002,5
2016,4,1861.08,4
2016,5,1765.26,8
2016,6,1811.6800000000003,6
2016,7,1912.9,3
2016,8,1922.7199999999998,2
2016,9,1810.5200000000002,7
2016,10,1758.06,9
2016,1,1756.1200000000003,9
2016,2,1863.1599999999999,4
2016,3,1844.9199999999996,5
2016,4,1789.8000000000002,7
2016,5,1709.88,10
2016,6,1841.2,6
2016,7,1928.56,1
2016,8,1872.56,3
2016,9,1900.24,2
2016,10,1768.6200000000001,8
2016,1,1892.66,3
2016,2,1774.7199999999998,9
2016,3,1840.36,5
2016,4,1924.94,1
2016,5,1825.48,6
2016,6,1781.6999999999998,8
2016,7,1879.58,4
2016,8,1764.0,10
2016,9,1906.6399999999999,2
2016,10,1792.72,7
2016,1,1851.6599999999999,4
2016,2,1753.56,9
2016,3,1817.52,6
2016,4,1719.04,10
2016,5,1823.1399999999999,5
2016,6,2017.24,1
2016,7,1864.26,2
2016,8,1783.3599999999997,8
2016,9,1862.38,3
2016,10,1787.22,7
2016,1,1831.48,4
2016,2,1821.3400000000001,5
2016,3,1922.8799999999999,1
2016,4,1779.44,8
2016,5,1769.6599999999999,9
2016,6,1808.7999999999997,6
2016,7,1856.5,2
2016,8,1852.0600000000002,3
2016,9,1695.22,10
2016,10,1787.26,7
2016,1,1851.2400000000002,5
2016,2,1797.0400000000002,7
2016,3,1961.2799999999997,1
2016,4,1924.56,2
2016,5,1796.76,8
2016,6,1898.6000000000004,3
2016,7,1716.9,10
2016,8,1799.92,6
2016,9,1792.06,9
2016,10,1875.4199999999998,4
2016,1,1846.72,4
2016,2,1916.8999999999999,1
2016,3,1840.82,5
2016,4,1893.44,2
2016,5,1824.22,7
2016,6,1757.6999999999998,9
2016,7,1832.96,6
2016,8,1783.02,8
2016,9,1854.1399999999999,3
2016,10,1735.08,10
2016,1,1879.7200000000003,3
2016,2,1804.98,8
2016,3,1957.16,1
2016,4,1813.8400000000001,7
2016,5,1791.82,9
2016,6,1866.6799999999998,4
2016,7,1816.0,6
2016,8,1824.02,5
2016,9,1883.2799999999997,2
2016,10,1743.6999999999998,10
2016,1,1829.6799999999998,6
2016,2,1774.1999999999998,10
2016,3,1919.7600000000002,1
2016,4,1889.78,2
2016,5,1835.08,5
2016,6,1811.12,7
2016,7,1866.9,3
2016,8,1806.9199999999998,8
2016,9,1797.7399999999998,9
2016,10,1859.46,4
2016,1,1945.2799999999997,1
2016,2,1857.02,4
2016,3,1903.2800000000002,2
2016,4,1803.9199999999996,8
2016,5,1728.4399999999998,10
2016,6,1834.7999999999997,6
2016,7,1849.3,5
2016,8,1788.46,9
2016,9,1873.42,3
2016,10,1815.76,7
2016,1,1831.6399999999999,7
2016,2,1832.2799999999997,6
2016,3,1854.02,3
2016,4,1850.3199999999997,4
2016,5,1834.2199999999998,5
2016,6,1910.88,2
2016,7,1787.44,9
2016,8,1772.52,10
2016,9,1821.26,8
2016,10,1971.44,1
2016,1,1943.08,1
2016,2,1836.8200000000002,6
2016,3,1769.18,8
2016,4,1872.88,4
2016,5,1847.16,5
2016,6,1877.6999999999998,3
2016,7,1788.98,7
2016,8,1744.7199999999998,9
2016,9,1881.6000000000001,2
2016,10,1696.3399999999997,10
2016,1,1897.16,1
2016,2,1856.68,2
2016,3,1834.62,5
2016,4,1777.96,8
2016,5,1838.94,4
2016,6,1730.6200000000003,10
2016,7,1826.8400000000001,6
2016,8,1847.4199999999998,3
2016,9,1759.62,9
2016,10,1819.8799999999999,7
2016,1,1822.7799999999997,6
2016,2,1942.78,1
2016,3,1860.3599999999997,3
2016,4,1845.92,5
2016,5,1857.98,4
2016,6,1800.9,8
2016,7,1736.1,10
2016,8,1881.94,2
2016,9,1820.0000000000002,7
2016,10,1798.12,9
2016,1,1866.38,3
2016,2,1710.4999999999998,10
2016,3,1795.6799999999998,8
2016,4,1838.04,7
2016,5,1782.3799999999999,9
2016,6,1930.42,2
2016,7,1861.3200000000002,4
2016,8,1844.0,6
2016,9,1946.06,1
2016,10,1849.02,5
2016,1,1773.22,9
2016,2,1881.18,2
2016,3,1865.4199999999998,4
2016,4,1910.1799999999998,1
2016,5,1792.08,8
2016,6,1865.74,3
2016,7,1734.92,10
2016,8,1863.46,5
2016,9,1825.62,7
2016,10,1860.8,6
2016,1,1725.02,10
2016,2,1893.62,1
2016,3,1782.1599999999999,9
2016,4,1860.56,3
2016,5,1830.0,6
2016,6,1890.1,2
2016,7,1825.26,7
2016,8,1846.7200000000003,4
2016,9,1830.88,5
2016,10,1818.84,8
2016,1,1938.92,2
2016,2,1962.8799999999999,1
2016,3,1843.1599999999999,5
2016,4,1797.2,8
2016,5,1773.8000000000002,9
2016,6,1830.3200000000002,7
2016,7,1728.84,10
2016,8,1875.24,4
2016,9,1831.0200000000002,6
2016,10,1884.36,3
2016,1,1909.3400000000001,2
2016,2,1766.7199999999998,8
2016,3,1911.74,1
2016,4,1832.4399999999998,4
2016,5,1748.2199999999998,9
2016,6,1846.7799999999997,3
2016,7,1770.6000000000001,7
2016,8,1777.02,6
2016,9,1785.2400000000002,5
2016,10,1740.6799999999998,10
2016,1,1864.8600000000001,4
2016,2,1778.1399999999999,8
2016,3,1903.2599999999998,2
2016,4,1827.14,6
2016,5,1873.7199999999998,3
2016,6,1742.3000000000002,9
2016,7,1833.24,5
2016,8,1817.98,7
2016,9,1904.48,1
2016,10,1742.2200000000003,10
2016,1,1858.52,5
2016,2,1753.08,10
2016,3,1799.04,9
2016,4,1828.3200000000002,6
2016,5,1858.5800000000002,4
2016,6,2001.1799999999998,1
2016,7,1826.56,7
2016,8,1861.96,3
2016,9,1807.72,8
2016,10,1877.7600000000002,2
2016,1,1802.42,9
2016,2,1875.16,2
2016,3,1863.1999999999998,4
2016,4,1851.58,6
2016,5,1832.58,7
2016,6,1745.54,10
2016,7,1860.22,5
2016,8,1985.42,1
2016,9,1873.28,3
2016,10,1814.3,8
2016,1,1767.98,10
2016,2,1838.7600000000002,5
2016,3,1849.0,3
2016,4,1829.22,6
2016,5,1897.5400000000002,2
2016,6,1780.52,9
2016,7,1845.7399999999998,4
2016,8,2012.3600000000001,1
2016,9,1789.88,8
2016,10,1802.22,7
2016,1,1844.76,4
2016,2,1843.7400000000002,5
2016,3,1964.92,2
2016,4,1821.1599999999999,6
2016,5,1792.6799999999998,7
2016,6,1771.3000000000002,9
2016,7,1993.08,1
2016,8,1759.8200000000002,10
2016,9,1885.6599999999999,3
2016,10,1773.0400000000004,8
2016,1,1817.46,8
2016,2,1920.0200000000002,2
2016,3,1936.82,1
2016,4,1699.3000000000002,10
2016,5,1819.3799999999997,7
2016,6,1820.08,6
2016,7,1785.76,9
2016,8,1830.3400000000001,5
2016,9,1832.3600000000001,4
2016,10,1864.1,3
2016,1,1773.88,9
2016,2,1804.48,8
2016,3,1816.1599999999999,7
2016,4,1855.08,3
2016,5,1872.86,2
2016,6,1846.82,4
2016,7,1836.2,6
2016,8,1972.7,1
2016,9,1756.56,10
2016,10,1846.04,5
2016,1,1853.0,4
2016,2,1779.7399999999998,8
2016,3,1804.0,7
2016,4,1777.7799999999997,9
2016,5,1776.42,10
2016,6,1848.52,5
2016,7,1877.6999999999998,2
2016,8,1871.74,3
2016,9,1959.7200000000003,1
2016,10,1844.7600000000002,6
2016,1,1821.72,7
2016,2,1931.7199999999998,1
2016,3,1824.1000000000001,4
2016,4,1823.8000000000002,5
2016,5,1839.86,3
2016,6,1919.1599999999999,2
2016,7,1814.1399999999999,8
2016,8,1822.6599999999999,6
2016,9,1797.1599999999999,9
2016,10,1789.2,10
2016,1,1790.12,9
2016,2,1795.4199999999998,8
2016,3,1886.7199999999998,3
2016,4,1860.5600000000002,4
2016,5,1945.28,1
2016,6,1842.4200000000003,6
2016,7,1846.54,5
2016,8,1737.66,10
2016,9,1841.2,7
2016,10,1903.8799999999997,2
2016,1,1768.1599999999999,9
2016,2,1758.6200000000001,10
2016,3,1797.92,7
2016,4,1817.48,6
2016,5,1875.8000000000002,3
2016,6,1838.96,4
2016,7,1884.6200000000001,2
2016,8,1823.1799999999998,5
2016,9,1973.6,1
2016,10,1777.24,8
2016,1,1817.6599999999999,6
2016,2,1892.6799999999998,2
2016,3,1939.1399999999999,1
2016,4,1869.1799999999998,4
2016,5,1874.1600000000003,3
2016,6,1767.94,8
2016,7,1640.96,10
2016,8,1868.12,5
2016,9,1730.4,9
2016,10,1776.56,7
2016,1,1833.1799999999998,5
2016,2,1954.3799999999999,1
2016,3,1801.8000000000002,8
2016,4,1802.66,7
2016,5,1851.3399999999997,3
2016,6,1804.92,6
2016,7,1785.02,10
2016,8,1903.4,2
2016,9,1796.8200000000002,9
2016,10,1848.4,4
2016,1,1827.66,7
2016,2,1811.98,9
2016,3,1832.52,6
2016,4,1907.96,2
2016,5,1840.94,4
2016,6,1871.58,3
2016,7,1826.08,8
2016,8,1930.12,1
2016,9,1839.3799999999999,5
2016,10,1804.9999999999998,10
2016,1,1916.88,1
2016,2,1890.0,4
2016,3,1906.18,2
2016,4,1811.8799999999999,6
2016,5,1706.86,10
2016,6,1798.1000000000001,9
2016,7,1810.9199999999998,7
2016,8,1810.56,8
2016,9,1896.44,3
2016,10,1880.7199999999998,5
2016,1,1896.3399999999997,3
2016,2,1736.6999999999998,10
2016,3,1936.3000000000002,1
2016,4,1839.36,5
2016,5,1829.4,6
2016,6,1845.1599999999999,4
2016,7,1788.7800000000002,7
2016,8,1745.1399999999999,9
2016,9,1756.6599999999999,8
2016,10,1901.12,2
2016,1,1891.1000000000001,1
2016,2,1885.78,2
2016,3,1785.5,9
2016,4,1839.94,6
2016,5,1861.3200000000002,4
2016,6,1821.58,7
2016,7,1883.04,3
2016,8,1817.98,8
2016,9,1845.2000000000003,5
2016,10,1725.46,10
2016,1,1813.6399999999999,7
2016,2,1897.6800000000003,2
2016,3,1780.1600000000003,10
2016,4,1792.98,9
2016,5,1856.3999999999999,3
2016,6,1840.8600000000001,4
2016,7,1996.1000000000001,1
2016,8,1814.92,6
2016,9,1808.28,8
2016,10,1823.46,5
2016,1,1923.48,2
2016,2,1872.06,5
2016,3,1919.3600000000001,3
2016,4,1709.2199999999998,9
2016,5,1835.7599999999998,6
2016,6,1686.44,10
2016,7,1798.5,8
2016,8,1874.46,4
2016,9,1929.2200000000003,1
2016,10,1821.6799999999998,7
2016,1,1793.82,7
2016,2,1937.98,2
2016,3,1874.4199999999998,3
2016,4,1804.0,6
2016,5,1857.58,4
2016,6,1978.3400000000001,1
2016,7,1731.88,10
2016,8,1760.04,9
2016,9,1812.6200000000003,5
2016,10,1766.12,8
2016,1,1832.74,6
2016,2,1796.7599999999998,8
2016,3,1855.7799999999997,3
2016,4,1924.42,1
2016,5,1827.1400000000003,7
2016,6,1842.24,5
2016,7,1867.4,2
2016,8,1786.82,9
2016,9,1848.62,4
2016,10,1729.54,10
2016,1,1790.6599999999999,9
2016,2,1875.9199999999998,2
2016,3,1823.58,8
2016,4,1898.6599999999999,1
2016,5,1860.3000000000002,4
2016,6,1862.8999999999999,3
2016,7,1834.7800000000002,6
2016,8,1768.1399999999999,10
2016,9,1841.12,5
2016,10,1830.7000000000003,7
2016,1,1832.98,5
2016,2,1855.2,3
2016,3,1808.64,9
2016,4,1849.82,4
2016,5,1978.76,1
2016,6,1824.6800000000003,6
2016,7,1792.6999999999998,10
2016,8,1821.3600000000001,7
2016,9,1818.78,8
2016,10,1902.32,2
2016,1,1894.98,1
2016,2,1876.8799999999999,2
2016,3,1815.8200000000002,7
2016,4,1872.96,3
2016,5,1862.22,4
2016,6,1856.1399999999999,5
2016,7,1795.76,10
2016,8,1806.2,8
2016,9,1805.7600000000002,9
2016,10,1845.34,6
2016,1,1957.5600000000002,1
2016,2,1785.2199999999998,9
2016,3,1849.8200000000002,3
2016,4,1828.94,4
2016,5,1880.08,2
2016,6,1799.3399999999997,6
2016,7,1795.96,7
2016,8,1813.7199999999998,5
2016,9,1778.42,10
2016,10,1786.92,8
2016,1,1777.5799999999997,9
2016,2,1855.7599999999998,5
2016,3,1719.3600000000001,10
2016,4,1860.88,4
2016,5,1833.7,7
2016,6,1952.06,1
2016,7,1909.2799999999997,2
2016,8,1902.3000000000002,3
2016,9,1842.2200000000003,6
2016,10,1796.92,8
2016,1,1858.12,3
2016,2,1924.1799999999998,1
2016,3,1856.46,4
2016,4,1797.3599999999997,9
2016,5,1793.66,10
2016,6,1899.3600000000001,2
2016,7,1847.2799999999997,5
2016,8,1797.3600000000001,8
2016,9,1830.48,6
2016,10,1830.0,7
2016,1,1814.9599999999998,7
2016,2,1885.0600000000002,2
2016,3,1763.6399999999999,10
2016,4,1833.48,5
2016,5,1857.74,4
2016,6,1870.6799999999998,3
2016,7,1901.32,1
2016,8,1810.74,8
2016,9,1768.96,9
2016,10,1818.46,6
2016,1,1935.2,1
2016,2,1931.6200000000001,2
2016,3,1757.3800000000003,7
2016,4,1665.22,10
2016,5,1696.46,9
2016,6,1842.38,4
2016,7,1749.18,8
2016,8,1851.5,3
2016,9,1840.8,5
2016,10,1831.2399999999998,6
2016,1,1955.98,1
2016,2,1848.8999999999999,4
2016,3,1825.46,6
2016,4,1790.94,7
2016,5,1844.3400000000001,5
2016,6,1783.18,8
2016,7,1851.7199999999998,3
2016,8,1782.96,9
2016,9,1757.6599999999999,10
2016,10,1885.76,2
2016,1,1791.2799999999997,8
2016,2,1906.8199999999997,2
2016,3,1958.46,1
2016,4,1792.02,7
2016,5,1762.1799999999998,10
2016,6,1809.7200000000003,5
2016,7,1855.06,4
2016,8,1807.3199999999997,6
2016,9,1878.78,3
2016,10,1775.94,9
2016,1,1826.9,6
2016,2,1779.8799999999997,8
2016,3,1887.62,2
2016,4,1855.44,3
2016,5,1755.12,10
2016,6,1767.74,9
2016,7,1827.6199999999997,5
2016,8,1828.8799999999999,4
2016,9,1815.0399999999997,7
2016,10,2004.98,1
2016,1,1831.2000000000003,8
2016,2,1848.1799999999998,3
2016,3,1956.8799999999999,1
2016,4,1842.3000000000002,4
2016,5,1836.06,6
2016,6,1760.3200000000002,9
2016,7,1904.74,2
2016,8,1835.96,7
2016,9,1841.72,5
2016,10,1705.5200000000002,10
2016,1,1825.3600000000001,7
2016,2,1902.1799999999998,1
2016,3,1847.98,4
2016,4,1864.02,3
2016,5,1873.34,2
2016,6,1743.6599999999999,9
2016,7,1846.48,5
2016,8,1809.1399999999999,8
2016,9,1703.22,10
2016,10,1844.06,6
2016,1,1743.38,10
2016,2,1837.52,5
2016,3,1854.8200000000002,3
2016,4,1835.34,6
2016,5,1915.8400000000001,2
2016,6,1945.98,1
2016,7,1802.96,8
2016,8,1796.5,9
2016,9,1840.12,4
2016,10,1823.2799999999997,7
2016,1,1861.7199999999998,2
2016,2,1896.98,1
2016,3,1782.8600000000001,10
2016,4,1825.1,6
2016,5,1820.12,7
2016,6,1844.8199999999997,4
2016,7,1837.08,5
2016,8,1790.56,9
2016,9,1807.34,8
2016,10,1857.34,3
2016,1,1812.1000000000001,8
2016,2,1844.3,5
2016,3,1830.18,7
2016,4,1842.54,6
2016,5,1920.7199999999998,2
2016,6,1920.8200000000002,1
2016,7,1729.0600000000002,9
2016,8,1884.36,3
2016,9,1663.58,10
2016,10,1882.42,4
2016,1,1813.32,7
2016,2,1958.5,2
2016,3,1776.6,8
2016,4,1858.86,4
2016,5,1738.8400000000001,10
2016,6,1865.8999999999999,3
2016,7,1856.74,6
2016,8,1857.6799999999998,5
2016,9,1760.26,9
2016,10,1963.92,1
2016,1,1819.52,5
2016,2,1872.4600000000003,2
2016,3,1858.1999999999998,3
2016,4,1849.7999999999997,4
2016,5,1968.98,1
2016,6,1797.18,7
2016,7,1794.2000000000003,8
2016,8,1790.08,9
2016,9,1807.1599999999999,6
2016,10,1778.2199999999998,10
2016,1,1917.7599999999998,3
2016,2,1928.2199999999998,2
2016,3,1816.3799999999999,6
2016,4,1799.6,8
2016,5,1955.38,1
2016,6,1767.08,9
2016,7,1820.2199999999998,5
2016,8,1806.9,7
2016,9,1873.8999999999999,4
2016,10,1754.1399999999999,10
2016,1,1891.26,2
2016,2,1876.98,3
2016,3,1943.18,1
2016,4,1736.54,10
2016,5,1797.52,7
2016,6,1795.58,8
2016,7,1872.1000000000001,4
2016,8,1799.52,6
2016,9,1762.54,9
2016,10,1871.9,5
2016,1,1926.6999999999998,1
2016,2,1868.74,4
2016,3,1772.12,10
2016,4,1880.1599999999999,2
2016,5,1786.48,9
2016,6,1875.96,3
2016,7,1841.94,5
2016,8,1830.1,6
2016,9,1820.2199999999998,7
2016,10,1795.7199999999998,8
2016,1,1893.7,3
2016,2,1704.96,9
2016,3,1854.88,5
2016,4,1905.0400000000002,2
2016,5,1826.7200000000003,6
2016,6,1909.3799999999999,1
2016,7,1754.1799999999998,8
2016,8,1792.48,7
2016,9,1889.8599999999997,4
2016,10,1650.5600000000002,10
2016,1,1856.7399999999998,5
2016,2,1786.4599999999998,8
2016,3,1805.16,7
2016,4,1781.2999999999997,9
2016,5,1922.46,1
2016,6,1886.96,3
2016,7,1910.08,2
2016,8,1821.32,6
2016,9,1756.6,10
2016,10,1880.58,4
2016,1,1933.02,1
2016,2,1907.8000000000002,2
2016,3,1823.52,8
2016,4,1838.62,6
2016,5,1837.6599999999999,7
2016,6,1871.0,4
2016,7,1724.58,10
2016,8,1864.9399999999998,5
2016,9,1768.42,9
2016,10,1879.1599999999999,3
2016,1,1951.54,1
2016,2,1859.68,4
2016,3,1826.9,7
2016,4,1807.96,9
2016,5,1841.88,5
2016,6,1832.56,6
2016,7,1822.4199999999996,8
2016,8,1861.12,3
2016,9,1923.36,2
2016,10,1748.84,10
2016,1,1942.3799999999999,1
2016,2,1894.7800000000002,2
2016,3,1891.48,3
2016,4,1827.3600000000001,7
2016,5,1800.4199999999998,8
2016,6,1830.1599999999999,6
2016,7,1843.48,5
2016,8,1869.3199999999997,4
2016,9,1798.1999999999998,9
2016,10,1717.98,10
2016,1,2012.2999999999997,1
2016,2,1790.68,8
2016,3,1805.92,7
2016,4,1856.26,3
2016,5,1853.9799999999998,4
2016,6,1832.24,5
2016,7,1614.1000000000001,10
2016,8,1892.2399999999998,2
2016,9,1830.9,6
2016,10,1748.1200000000003,9
2016,1,1729.08,9
2016,2,1929.6,1
2016,3,1856.56,5
2016,4,1864.2600000000002,4
2016,5,1891.52,2
2016,6,1804.14,8
2016,7,1819.7999999999997,7
2016,8,1847.84,6
2016,9,1723.56,10
2016,10,1867.6799999999998,3
2016,1,1842.6599999999999,6
2016,2,1853.6,4
2016,3,1772.5800000000002,9
2016,4,1832.48,7
2016,5,1928.96,1
2016,6,1799.3600000000001,8
2016,7,1731.2000000000003,10
2016,8,1843.48,5
2016,9,1854.62,3
2016,10,1858.52,2
2016,1,1849.4199999999996,4
2016,2,1843.0,5
2016,3,1858.8799999999999,3
2016,4,1838.26,6
2016,5,1836.0399999999997,7
2016,6,1794.56,8
2016,7,1793.7000000000003,9
2016,8,1736.76,10
2016,9,1998.44,1
2016,10,1929.82,2
2016,1,1946.68,1
2016,2,1734.42,9
2016,3,1933.04,2
2016,4,1848.0,4
2016,5,1788.0799999999997,8
2016,6,1818.1799999999998,6
2016,7,1799.22,7
2016,8,1708.02,10
2016,9,1829.18,5
2016,10,1863.7,3
2016,1,1819.22,8
2016,2,1823.6599999999999,6
2016,3,1792.82,10
2016,4,1846.7000000000003,3
2016,5,1845.6,4
2016,6,1810.7800000000002,9
2016,7,1988.1599999999999,1
2016,8,1831.2799999999997,5
2016,9,1896.02,2
2016,10,1819.5600000000002,7
2016,1,1835.58,6
2016,2,1936.2999999999997,1
2016,3,1860.3000000000002,4
2016,4,1852.58,5
2016,5,1926.6799999999998,2
2016,6,1767.6999999999998,10
2016,7,1805.44,7
2016,8,1773.3199999999997,9
2016,9,1784.42,8
2016,10,1864.7599999999998,3
2016,1,1810.28,7
2016,2,1906.8600000000001,1
2016,3,1853.5200000000002,3
2016,4,1836.46,4
2016,5,1797.7200000000003,8
2016,6,1880.8600000000001,2
2016,7,1812.6199999999997,6
2016,8,1830.88,5
2016,9,1777.6399999999999,9
2016,10,1772.3999999999999,10
2016,1,1821.72,7
2016,2,1933.0,2
2016,3,1806.3399999999997,10
2016,4,1850.9199999999998,3
2016,5,1824.7799999999997,5
2016,6,1954.3,1
2016,7,1806.7599999999998,9
2016,8,1833.96,4
2016,9,1823.62,6
2016,10,1813.62,8
2016,1,1978.24,1
2016,2,1887.58,2
2016,3,1770.2200000000003,9
2016,4,1850.5800000000002,3
2016,5,1741.56,10
2016,6,1809.2200000000003,6
2016,7,1801.62,8
2016,8,1802.66,7
2016,9,1838.1599999999999,4
2016,10,1825.9799999999998,5
2016,1,1882.48,2
2016,2,1830.6000000000001,6
2016,3,1854.6,5
2016,4,1901.8200000000002,1
2016,5,1783.3600000000001,10
2016,6,1812.3199999999997,9
2016,7,1865.18,4
2016,8,1812.7200000000003,8
2016,9,1821.2400000000002,7
2016,10,1873.12,3
2016,1,1924.8399999999997,1
2016,2,1806.5400000000002,7
2016,3,1774.4799999999998,9
2016,4,1845.3,5
2016,5,1865.52,3
2016,6,1910.4800000000002,2
2016,7,1804.1000000000001,8
2016,8,1827.06,6
2016,9,1771.6799999999998,10
2016,10,1864.2199999999998,4
2016,1,1846.88,3
2016,2,1801.02,8
2016,3,1816.8199999999997,7
2016,4,1922.4399999999998,2
2016,5,1839.44,4
2016,6,1837.26,5
2016,7,1962.9599999999998,1
2016,8,1740.3,9
2016,9,1730.7000000000003,10
2016,10,1823.1399999999999,6
2016,1,1819.3799999999999,8
2016,2,1805.3000000000002,9
2016,3,1831.4199999999998,7
2016,4,1743.3600000000001,10
2016,5,1871.74,1
2016,6,1835.92,6
2016,7,1861.06,3
2016,8,1864.9600000000003,2
2016,9,1852.2599999999998,5
2016,10,1857.88,4
2017,1,1601.88,9
2017,2,1776.82,3
2017,3,1766.68,5
2017,4,1834.7600000000002,1
2017,5,1688.06,8
2017,6,1770.32,4
2017,7,1798.7599999999998,2
2017,8,1495.14,10
2017,9,1735.3400000000001,6
2017,10,1702.2999999999997,7
2017,1,1810.2,1
2017,2,1663.38,7
2017,3,1662.7000000000003,8
2017,4,1780.12,2
2017,5,1731.3000000000002,4
2017,6,1716.6799999999998,6
2017,7,1657.02,9
2017,8,1773.6200000000001,3
2017,9,1716.88,5
2017,10,1550.3,10
2017,1,1562.4,10
2017,2,1721.08,6
2017,3,1805.8799999999999,1
2017,4,1698.02,7
2017,5,1743.88,4
2017,6,1630.8000000000002,9
2017,7,1676.06,8
2017,8,1747.14,3
2017,9,1730.6799999999998,5
2017,10,1751.8999999999999,2
2017,1,1866.44,1
2017,2,1658.82,9
2017,3,1730.2000000000003,4
2017,4,1749.1799999999998,3
2017,5,1699.4199999999998,6
2017,6,1690.46,7
2017,7,1491.34,10
2017,8,1725.8600000000001,5
2017,9,1686.7600000000002,8
2017,10,1751.06,2
2017,1,1783.56,2
2017,2,1729.18,3
2017,3,1849.44,1
2017,4,1723.7200000000003,4
2017,5,1708.92,6
2017,6,1515.74,10
2017,7,1704.4,8
2017,8,1711.18,5
2017,9,1705.64,7
2017,10,1682.4399999999998,9
2017,1,1894.02,1
2017,2,1764.3400000000001,4
2017,3,1772.2599999999998,3
2017,4,1637.08,10
2017,5,1719.74,7
2017,6,1790.5,2
2017,7,1700.2799999999997,8
2017,8,1726.62,6
2017,9,1754.08,5
2017,10,1693.7200000000003,9
2017,1,1759.7800000000002,4
2017,2,1712.2,6
2017,3,1778.1000000000001,3
2017,4,1802.8,2
2017,5,1635.1200000000001,9
2017,6,1715.88,5
2017,7,1681.44,8
2017,8,1862.7600000000002,1
2017,9,1540.1,10
2017,10,1699.62,7
2017,1,1830.06,1
2017,2,1764.42,3
2017,3,1730.38,6
2017,4,1752.02,4
2017,5,1682.9799999999998,9
2017,6,1685.3200000000002,8
2017,7,1812.98,2
2017,8,1682.64,10
2017,9,1747.38,5
2017,10,1725.1599999999999,7
2017,1,1754.08,4
2017,2,1844.7800000000002,1
2017,3,1701.2799999999997,7
2017,4,1741.5,5
2017,5,1677.04,9
2017,6,1691.8600000000001,8
2017,7,1760.9599999999998,3
2017,8,1805.98,2
2017,9,1429.4,10
2017,10,1711.4399999999998,6
2017,1,1860.8400000000001,1
2017,2,1817.2,2
2017,3,1408.8,10
2017,4,1700.56,8
2017,5,1675.8600000000001,9
2017,6,1704.3600000000001,6
2017,7,1708.6400000000003,5
2017,8,1729.28,4
2017,9,1700.76,7
2017,10,1785.3799999999999,3
2017,1,1796.74,1
2017,2,1653.4199999999998,9
2017,3,1693.08,8
2017,4,1700.0,7
2017,5,1716.82,6
2017,6,1739.8400000000001,5
2017,7,1602.58,10
2017,8,1792.22,2
2017,9,1776.0800000000002,3
2017,10,1755.62,4
2017,1,1827.9600000000003,1
2017,2,1764.7199999999998,2
2017,3,1701.1800000000003,6
2017,4,1750.1799999999998,3
2017,5,1676.48,8
2017,6,1494.9,10
2017,7,1699.16,7
2017,8,1525.0,9
2017,9,1707.7400000000002,5
2017,10,1713.82,4
2017,1,1657.28,9
2017,2,1805.96,2
2017,3,1830.6399999999999,1
2017,4,1759.8600000000001,3
2017,5,1755.38,4
2017,6,1722.02,5
2017,7,1470.3999999999999,10
2017,8,1698.8799999999999,8
2017,9,1715.42,6
2017,10,1710.54,7
2017,1,1713.5,7
2017,2,1759.8400000000001,5
2017,3,1834.92,1
2017,4,1691.1799999999998,8
2017,5,1714.38,6
2017,6,1793.28,3
2017,7,1796.08,2
2017,8,1680.26,9
2017,9,1601.62,10
2017,10,1766.72,4
2017,1,1732.6799999999998,6
2017,2,1778.98,2
2017,3,1829.36,1
2017,4,1705.7800000000002,8
2017,5,1653.9600000000003,9
2017,6,1774.96,3
2017,7,1449.7,10
2017,8,1756.58,4
2017,9,1707.24,7
2017,10,1749.52,5
2017,1,1842.42,1
2017,2,1772.84,4
2017,3,1702.86,9
2017,4,1702.72,10
2017,5,1724.2,6
2017,6,1722.6,7
2017,7,1832.8799999999999,2
2017,8,1735.52,5
2017,9,1719.14,8
2017,10,1797.18,3
2017,1,1704.42,8
2017,2,1808.22,1
2017,3,1783.9799999999998,2
2017,4,1714.12,7
2017,5,1749.0800000000002,3
2017,6,1502.5,10
2017,7,1746.6599999999999,4
2017,8,1699.66,9
2017,9,1743.6399999999999,5
2017,10,1716.0400000000002,6
2017,1,1694.58,7
2017,2,1819.8200000000002,1
2017,3,1739.28,4
2017,4,1662.7000000000003,9
2017,5,1785.4399999999996,3
2017,6,1661.2600000000002,10
2017,7,1818.1400000000003,2
2017,8,1698.6,6
2017,9,1672.5800000000002,8
2017,10,1700.52,5
2017,1,1549.1399999999999,10
2017,2,1820.7200000000003,2
2017,3,1719.8599999999997,5
2017,4,1766.12,4
2017,5,1778.78,3
2017,6,1831.88,1
2017,7,1684.02,8
2017,8,1707.98,6
2017,9,1698.04,7
2017,10,1596.1000000000001,9
2017,1,1591.3999999999999,10
2017,2,1722.8600000000001,5
2017,3,1843.6599999999999,1
2017,4,1706.54,7
2017,5,1710.62,6
2017,6,1765.58,3
2017,7,1670.68,9
2017,8,1727.0,4
2017,9,1683.6200000000001,8
2017,10,1828.46,2
2017,1,1739.86,5
2017,2,1747.1799999999998,3
2017,3,1744.1999999999998,4
2017,4,1813.8200000000002,2
2017,5,1867.54,1
2017,6,1697.04,7
2017,7,1715.8799999999999,6
2017,8,1662.7600000000002,9
2017,9,1606.3999999999999,10
2017,10,1671.12,8
2017,1,1754.92,3
2017,2,1728.8000000000002,6
2017,3,1744.7400000000002,4
2017,4,1671.6600000000003,8
2017,5,1766.1799999999998,2
2017,6,1855.38,1
2017,7,1474.1999999999998,9
2017,8,1672.2800000000002,7
2017,9,1732.6,5
2017,10,1470.2000000000003,10
2017,1,1802.16,2
2017,2,1778.96,3
2017,3,1709.48,7
2017,4,1426.2,10
2017,5,1517.7,9
2017,6,1826.7200000000003,1
2017,7,1741.02,5
2017,8,1711.94,6
2017,9,1742.6,4
2017,10,1701.48,8
2017,1,1665.2199999999998,8
2017,2,1748.4399999999998,5
2017,3,1770.72,3
2017,4,1799.02,1
2017,5,1731.08,7
2017,6,1473.8000000000002,9
2017,7,1751.6999999999998,4
2017,8,1773.0,2
2017,9,1734.88,6
2017,10,1466.3799999999999,10
2017,1,1771.1000000000001,3
2017,2,1735.86,7
2017,3,1752.96,4
2017,4,1787.8200000000002,1
2017,5,1697.2199999999998,9
2017,6,1740.1799999999998,6
2017,7,1773.1399999999999,2
2017,8,1743.2800000000002,5
2017,9,1428.6,10
2017,10,1715.98,8
2017,1,1777.18,3
2017,2,1680.46,9
2017,3,1753.06,4
2017,4,1734.86,6
2017,5,1817.1999999999998,1
2017,6,1793.8400000000001,2
2017,7,1743.62,5
2017,8,1727.02,7
2017,9,1704.7799999999997,8
2017,10,1675.22,10
2017,1,1783.28,2
2017,2,1730.8200000000002,5
2017,3,1697.26,7
2017,4,1763.58,3
2017,5,1846.06,1
2017,6,1741.3200000000002,4
2017,7,1659.1399999999999,9
2017,8,1452.0,10
2017,9,1721.1200000000001,6
2017,10,1688.5,8
2017,1,1829.06,1
2017,2,1818.1999999999998,2
2017,3,1668.88,8
2017,4,1599.76,9
2017,5,1741.54,4
2017,6,1712.62,5
2017,7,1785.64,3
2017,8,1711.9200000000003,6
2017,9,1699.6599999999999,7
2017,10,1511.2,10
2017,1,1723.28,5
2017,2,1765.12,2
2017,3,1713.8200000000002,6
2017,4,1855.48,1
2017,5,1669.28,8
2017,6,1610.8400000000001,9
2017,7,1737.4,4
2017,8,1594.44,10
2017,9,1755.6599999999999,3
2017,10,1685.18,7
2017,1,1724.06,6
2017,2,1831.62,1
2017,3,1723.56,7
2017,4,1771.8799999999997,4
2017,5,1616.9,10
2017,6,1797.48,3
2017,7,1811.2800000000002,2
2017,8,1683.1399999999999,8
2017,9,1673.6799999999998,9
2017,10,1741.1399999999999,5
2017,1,1794.44,3
2017,2,1709.26,7
2017,3,1729.42,6
2017,4,1415.7,10
2017,5,1888.3,1
2017,6,1743.0,5
2017,7,1796.6799999999998,2
2017,8,1688.16,8
2017,9,1756.6,4
2017,10,1642.22,9
2017,1,1741.78,6
2017,2,1749.44,5
2017,3,1784.08,3
2017,4,1716.96,8
2017,5,1831.3200000000002,1
2017,6,1688.7600000000002,9
2017,7,1762.8600000000001,4
2017,8,1683.62,10
2017,9,1786.7,2
2017,10,1731.76,7
2017,1,1706.08,7
2017,2,1703.2000000000003,8
2017,3,1542.1,10
2017,4,1833.88,1
2017,5,1771.9800000000002,3
2017,6,1718.7800000000002,5
2017,7,1797.5,2
2017,8,1708.92,6
2017,9,1747.74,4
2017,10,1652.1,9
2017,1,1835.76,1
2017,2,1430.0,10
2017,3,1744.58,5
2017,4,1728.2800000000002,7
2017,5,1756.1799999999998,4
2017,6,1718.6399999999999,8
2017,7,1799.34,2
2017,8,1735.76,6
2017,9,1709.6599999999999,9
2017,10,1769.3999999999999,3
2017,1,1804.8600000000001,2
2017,2,1743.88,4
2017,3,1795.2799999999997,3
2017,4,1856.42,1
2017,5,1695.52,9
2017,6,1588.08,10
2017,7,1740.8799999999999,5
2017,8,1710.1200000000003,7
2017,9,1737.28,6
2017,10,1702.76,8
2017,1,1804.0600000000002,1
2017,2,1727.2800000000002,4
2017,3,1796.06,2
2017,4,1725.6799999999998,5
2017,5,1699.9,6
2017,6,1760.6200000000001,3
2017,7,1567.6,10
2017,8,1673.46,9
2017,9,1677.4800000000002,8
2017,10,1681.38,7
2017,1,1753.62,4
2017,2,1800.1200000000003,2
2017,3,1731.88,6
2017,4,1757.7000000000003,3
2017,5,1666.72,10
2017,6,1726.38,7
2017,7,1670.2400000000002,9
2017,8,1680.18,8
2017,9,1833.0800000000002,1
2017,10,1747.4,5
2017,1,1858.42,1
2017,2,1818.7200000000003,2
2017,3,1729.3,6
2017,4,1685.74,7
2017,5,1636.6799999999998,10
2017,6,1678.88,9
2017,7,1755.52,5
2017,8,1807.6,3
2017,9,1682.06,8
2017,10,1776.1799999999998,4
2017,1,1772.16,2
2017,2,1668.48,10
2017,3,1756.06,3
2017,4,1683.8799999999999,8
2017,5,1711.6800000000003,5
2017,6,1753.1399999999999,4
2017,7,1701.1599999999999,6
2017,8,1684.08,7
2017,9,1876.7200000000003,1
2017,10,1679.06,9
2017,1,1773.82,4
2017,2,1753.9600000000003,5
2017,3,1783.46,3
2017,4,1428.5,10
2017,5,1737.56,7
2017,6,1717.8400000000001,8
2017,7,1788.42,2
2017,8,1749.5800000000004,6
2017,9,1843.8200000000002,1
2017,10,1696.78,9
2017,1,1773.48,3
2017,2,1711.16,6
2017,3,1650.0,10
2017,4,1746.0,5
2017,5,1666.44,9
2017,6,1746.12,4
2017,7,1702.4599999999998,7
2017,8,1693.38,8
2017,9,1850.78,1
2017,10,1779.98,2
2017,1,1725.1399999999999,5
2017,2,1791.96,1
2017,3,1617.5,9
2017,4,1493.9,10
2017,5,1640.76,8
2017,6,1679.7800000000002,7
2017,7,1758.0800000000002,2
2017,8,1688.08,6
2017,9,1752.88,3
2017,10,1741.8600000000001,4
2017,1,1565.3,9
2017,2,1453.8999999999999,10
2017,3,1762.58,3
2017,4,1677.6200000000003,5
2017,5,1645.7,7
2017,6,1774.4799999999998,2
2017,7,1674.42,6
2017,8,1713.52,4
2017,9,1638.08,8
2017,10,1846.7600000000002,1
2017,1,1698.62,7
2017,2,1763.92,3
2017,3,1751.78,4
2017,4,1474.6,10
2017,5,1662.6799999999998,9
2017,6,1698.88,6
2017,7,1730.12,5
2017,8,1849.2600000000002,1
2017,9,1673.54,8
2017,10,1824.4800000000002,2
2017,1,1667.58,9
2017,2,1748.48,3
2017,3,1763.12,2
2017,4,1470.3000000000002,10
2017,5,1707.78,7
2017,6,1863.08,1
2017,7,1683.6200000000001,8
2017,8,1729.06,5
2017,9,1729.1999999999998,4
2017,10,1723.1599999999999,6
2017,1,1707.06,8
2017,2,1694.0200000000002,9
2017,3,1861.6200000000001,1
2017,4,1722.5400000000002,6
2017,5,1792.1599999999999,3
2017,6,1756.7599999999998,4
2017,7,1713.3799999999999,7
2017,8,1406.44,10
2017,9,1792.9,2
2017,10,1740.24,5
2017,1,1807.7999999999997,1
2017,2,1776.62,2
2017,3,1776.58,3
2017,4,1685.3200000000002,9
2017,5,1757.0400000000002,6
2017,6,1776.1999999999998,4
2017,7,1701.58,8
2017,8,1757.54,5
2017,9,1714.0,7
2017,10,1675.6999999999998,10
2017,1,1764.2799999999997,2
2017,2,1737.64,5
2017,3,1740.0,4
2017,4,1730.0,7
2017,5,1720.62,8
2017,6,1734.5199999999998,6
2017,7,1486.1,10
2017,8,1686.6200000000001,9
2017,9,1743.5200000000002,3
2017,10,1796.3200000000002,1
2017,1,1733.58,6
2017,2,1799.1200000000001,3
2017,3,1815.74,1
2017,4,1457.7,10
2017,5,1811.8799999999999,2
2017,6,1756.58,4
2017,7,1687.6399999999999,8
2017,8,1665.68,9
2017,9,1727.14,7
2017,10,1743.8600000000004,5
2017,1,1780.32,3
2017,2,1692.76,7
2017,3,1413.2,10
2017,4,1886.8799999999999,1
2017,5,1773.2799999999997,4
2017,6,1675.16,9
2017,7,1693.6399999999999,6
2017,8,1797.0800000000002,2
2017,9,1684.9399999999998,8
2017,10,1704.92,5
2017,1,1788.92,3
2017,2,1783.36,4
2017,3,1793.1200000000001,1
2017,4,1789.6000000000001,2
2017,5,1673.7800000000002,8
2017,6,1726.0800000000002,6
2017,7,1685.2199999999998,7
2017,8,1479.9,10
2017,9,1644.52,9
2017,10,1757.7800000000002,5
2017,1,1789.48,2
2017,2,1702.06,7
2017,3,1798.3999999999999,1
2017,4,1762.8,3
2017,5,1578.8600000000001,8
2017,6,1512.2,10
2017,7,1538.04,9
2017,8,1721.04,4
2017,9,1713.28,6
2017,10,1717.8799999999999,5
2017,1,1690.9,9
2017,2,1731.3600000000001,7
2017,3,1627.7800000000002,10
2017,4,1809.7199999999998,2
2017,5,1775.3600000000001,3
2017,6,1736.6399999999999,5
2017,7,1735.6599999999999,6
2017,8,1817.8200000000002,1
2017,9,1713.96,8
2017,10,1772.4399999999998,4
2017,1,1780.7399999999998,3
2017,2,1734.6399999999999,5
2017,3,1733.54,6
2017,4,1794.46,1
2017,5,1762.5,4
2017,6,1725.72,7
2017,7,1724.18,8
2017,8,1661.48,10
2017,9,1688.0,9
2017,10,1790.08,2
2017,1,1803.28,2
2017,2,1730.5,5
2017,3,1645.1400000000003,9
2017,4,1651.8799999999999,8
2017,5,1894.92,1
2017,6,1699.26,7
2017,7,1360.0,10
2017,8,1791.0800000000002,3
2017,9,1752.12,4
2017,10,1722.88,6
2017,1,1722.2200000000003,6
2017,2,1760.4199999999998,3
2017,3,1650.2800000000002,8
2017,4,1718.6799999999998,7
2017,5,1806.2400000000002,2
2017,6,1847.1000000000001,1
2017,7,1749.6599999999999,4
2017,8,1637.7200000000003,9
2017,9,1439.5,10
2017,10,1724.54,5
2017,1,1773.54,3
2017,2,1728.9799999999998,7
2017,3,1838.8999999999999,1
2017,4,1759.42,4
2017,5,1740.6799999999998,5
2017,6,1659.56,10
2017,7,1738.26,6
2017,8,1675.2399999999998,9
2017,9,1773.6799999999998,2
2017,10,1691.56,8
2017,1,1709.66,8
2017,2,1792.98,4
2017,3,1823.08,1
2017,4,1760.6799999999998,6
2017,5,1774.04,5
2017,6,1801.02,3
2017,7,1753.6799999999998,7
2017,8,1814.24,2
2017,9,1662.66,10
2017,10,1663.02,9
2017,1,1759.4799999999998,4
2017,2,1752.62,6
2017,3,1764.36,3
2017,4,1765.3000000000002,2
2017,5,1714.08,7
2017,6,1757.02,5
2017,7,1664.8799999999999,10
2017,8,1771.24,1
2017,9,1690.8400000000001,9
2017,10,1703.06,8
2017,1,1499.3999999999999,10
2017,2,1757.48,3
2017,3,1752.6200000000001,4
2017,4,1720.7799999999997,6
2017,5,1725.24,5
2017,6,1795.42,2
2017,7,1812.46,1
2017,8,1663.46,9
2017,9,1670.8200000000002,8
2017,10,1715.2399999999998,7
2017,1,1805.34,1
2017,2,1664.2599999999998,10
2017,3,1692.4800000000002,9
2017,4,1776.08,2
2017,5,1755.7,3
2017,6,1706.8200000000002,7
2017,7,1742.48,4
2017,8,1729.18,6
2017,9,1731.96,5
2017,10,1701.92,8
2017,1,1757.7599999999998,4
2017,2,1871.44,1
2017,3,1704.98,6
2017,4,1862.58,2
2017,5,1685.16,8
2017,6,1693.3600000000001,7
2017,7,1664.1999999999998,9
2017,8,1724.18,5
2017,9,1760.8200000000002,3
2017,10,1650.9799999999998,10
2017,1,1897.08,1
2017,2,1697.5,6
2017,3,1759.46,3
2017,4,1681.88,7
2017,5,1675.98,9
2017,6,1678.8600000000001,8
2017,7,1850.42,2
2017,8,1646.32,10
2017,9,1730.38,4
2017,10,1710.4,5
2017,1,1967.6200000000003,1
2017,2,1756.6399999999999,3
2017,3,1712.9,5
2017,4,1687.88,7
2017,5,1687.0600000000002,8
2017,6,1697.06,6
2017,7,1747.38,4
2017,8,1681.18,9
2017,9,1777.5,2
2017,10,1635.18,10
2017,1,1843.3199999999997,2
2017,2,1720.8799999999999,5
2017,3,1680.76,9
2017,4,1862.1599999999999,1
2017,5,1721.1599999999999,4
2017,6,1696.48,8
2017,7,1698.7600000000002,7
2017,8,1765.6800000000003,3
2017,9,1570.02,10
2017,10,1714.6,6
2017,1,1724.5,5
2017,2,1711.6399999999999,7
2017,3,1723.56,6
2017,4,1752.08,3
2017,5,1730.2800000000002,4
2017,6,1641.74,10
2017,7,1680.0600000000002,9
2017,8,1754.6800000000003,2
2017,9,1700.38,8
2017,10,1861.9399999999998,1
2017,1,1792.3200000000002,2
2017,2,1794.8600000000001,1
2017,3,1748.2599999999998,5
2017,4,1735.58,6
2017,5,1658.46,8
2017,6,1410.54,10
2017,7,1471.1,9
2017,8,1684.2399999999998,7
2017,9,1755.2799999999997,3
2017,10,1750.7200000000003,4
2017,1,1742.1799999999998,4
2017,2,1486.04,9
2017,3,1797.6799999999998,2
2017,4,1727.02,5
2017,5,1680.2800000000002,8
2017,6,1682.08,7
2017,7,1811.1799999999998,1
2017,8,1457.6,10
2017,9,1754.7600000000002,3
2017,10,1699.5200000000002,6
2017,1,1857.2200000000003,1
2017,2,1692.92,7
2017,3,1718.0,4
2017,4,1695.28,6
2017,5,1717.64,5
2017,6,1482.6,10
2017,7,1766.08,2
2017,8,1691.86,8
2017,9,1606.5600000000002,9
2017,10,1753.64,3
2017,1,1692.48,7
2017,2,1830.3200000000002,1
2017,3,1754.9199999999998,4
2017,4,1824.56,2
2017,5,1704.3600000000001,6
2017,6,1777.88,3
2017,7,1748.88,5
2017,8,1674.92,10
2017,9,1675.0800000000002,9
2017,10,1680.06,8
2017,1,1830.92,2
2017,2,1799.9800000000002,3
2017,3,1736.6799999999998,4
2017,4,1688.74,7
2017,5,1688.8600000000001,6
2017,6,1714.22,5
2017,7,1851.64,1
2017,8,1416.6999999999998,10
2017,9,1682.84,9
2017,10,1686.76,8
2017,1,1451.7000000000003,10
2017,2,1667.8600000000001,7
2017,3,1871.3600000000001,1
2017,4,1730.02,6
2017,5,1738.7399999999998,5
2017,6,1655.88,8
2017,7,1755.58,3
2017,8,1750.2600000000002,4
2017,9,1636.46,9
2017,10,1800.82,2
2017,1,1806.1599999999999,1
2017,2,1751.8799999999999,5
2017,3,1746.44,6
2017,4,1737.88,7
2017,5,1715.6600000000003,8
2017,6,1767.1,3
2017,7,1775.82,2
2017,8,1755.16,4
2017,9,1648.0800000000002,9
2017,10,1518.1999999999998,10
2017,1,1752.08,4
2017,2,1634.96,10
2017,3,1708.1000000000001,8
2017,4,1777.6599999999999,2
2017,5,1770.1200000000001,3
2017,6,1740.68,5
2017,7,1852.38,1
2017,8,1712.6399999999999,7
2017,9,1730.6799999999998,6
2017,10,1672.1400000000003,9
2017,1,1581.1999999999998,10
2017,2,1715.6,7
2017,3,1750.12,4
2017,4,1838.42,1
2017,5,1779.36,2
2017,6,1728.9,5
2017,7,1616.42,9
2017,8,1697.1,8
2017,9,1762.2800000000002,3
2017,10,1719.9800000000002,6
2017,1,1746.92,4
2017,2,1770.7800000000002,2
2017,3,1767.42,3
2017,4,1832.18,1
2017,5,1432.9,10
2017,6,1697.46,8
2017,7,1722.0600000000002,7
2017,8,1739.4,5
2017,9,1730.7399999999998,6
2017,10,1669.72,9
2017,1,1676.42,8
2017,2,1606.88,9
2017,3,1804.96,1
2017,4,1440.2,10
2017,5,1778.88,3
2017,6,1746.32,6
2017,7,1777.24,4
2017,8,1696.26,7
2017,9,1757.2,5
2017,10,1796.5,2
2017,1,1778.2,2
2017,2,1707.1,5
2017,3,1744.12,4
2017,4,1704.1599999999999,6
2017,5,1561.3999999999999,10
2017,6,1821.6800000000003,1
2017,7,1698.3200000000002,8
2017,8,1672.24,9
2017,9,1777.08,3
2017,10,1699.1200000000001,7
2017,1,1862.74,1
2017,2,1761.88,5
2017,3,1775.3600000000001,4
2017,4,1723.08,6
2017,5,1819.42,2
2017,6,1490.4,10
2017,7,1652.0600000000002,9
2017,8,1681.8999999999996,7
2017,9,1783.64,3
2017,10,1672.86,8
2017,1,1813.3600000000001,1
2017,2,1769.12,3
2017,3,1775.52,2
2017,4,1454.6,10
2017,5,1682.7999999999997,7
2017,6,1720.34,5
2017,7,1737.58,4
2017,8,1696.28,6
2017,9,1682.6000000000001,8
2017,10,1660.82,9
2017,1,1717.6,6
2017,2,1716.5800000000002,7
2017,3,1801.66,2
2017,4,1688.7400000000002,8
2017,5,1805.1600000000003,1
2017,6,1778.8200000000002,4
2017,7,1784.96,3
2017,8,1771.3399999999997,5
2017,9,1621.88,10
2017,10,1662.68,9
2017,1,1731.28,4
2017,2,1827.44,1
2017,3,1814.62,2
2017,4,1717.72,5
2017,5,1788.38,3
2017,6,1680.92,8
2017,7,1698.98,6
2017,8,1645.3600000000001,9
2017,9,1686.7600000000002,7
2017,10,1388.84,10
2017,1,1721.0400000000002,7
2017,2,1827.56,1
2017,3,1768.0600000000002,2
2017,4,1749.32,3
2017,5,1455.8,10
2017,6,1736.78,4
2017,7,1715.7600000000002,8
2017,8,1692.9,9
2017,9,1725.98,6
2017,10,1727.6399999999999,5
2017,1,1802.7800000000002,2
2017,2,1756.02,4
2017,3,1711.76,6
2017,4,1838.3400000000001,1
2017,5,1699.66,8
2017,6,1677.3400000000001,10
2017,7,1692.7199999999998,9
2017,8,1709.88,7
2017,9,1725.0,5
2017,10,1765.2599999999998,3
2017,1,1744.4199999999998,5
2017,2,1666.2800000000002,7
2017,3,1607.4799999999998,9
2017,4,1856.34,2
2017,5,1474.2,10
2017,6,1767.82,4
2017,7,1694.66,6
2017,8,1834.98,3
2017,9,1640.8799999999999,8
2017,10,1874.06,1
2017,1,1748.58,5
2017,2,1700.2800000000002,9
2017,3,1785.36,1
2017,4,1733.6799999999998,6
2017,5,1748.82,4
2017,6,1674.3600000000001,10
2017,7,1781.54,2
2017,8,1723.12,7
2017,9,1717.72,8
2017,10,1765.0,3
2017,1,1720.0200000000002,9
2017,2,1763.6799999999998,3
2017,3,1798.6800000000003,2
2017,4,1739.42,6
2017,5,1720.78,8
2017,6,1674.08,10
2017,7,1725.46,7
2017,8,1818.4999999999998,1
2017,9,1748.8600000000001,4
2017,10,1740.6200000000001,5
2017,1,1854.6200000000001,1
2017,2,1740.7600000000002,4
2017,3,1759.84,3
2017,4,1496.3,10
2017,5,1695.7199999999998,9
2017,6,1801.48,2
2017,7,1729.3200000000002,5
2017,8,1721.2200000000003,6
2017,9,1719.46,7
2017,10,1712.58,8
2017,1,1742.4999999999998,5
2017,2,1725.8,6
2017,3,1719.4599999999998,8
2017,4,1757.88,2
2017,5,1748.1999999999998,3
2017,6,1714.5600000000002,9
2017,7,1861.1799999999998,1
2017,8,1724.02,7
2017,9,1743.2800000000002,4
2017,10,1704.12,10
2017,1,1787.48,3
2017,2,1741.6,5
2017,3,1710.96,7
2017,4,1725.62,6
2017,5,1670.38,10
2017,6,1870.1599999999999,1
2017,7,1684.9,8
2017,8,1761.52,4
2017,9,1841.84,2
2017,10,1678.8200000000002,9
2017,1,1768.3599999999997,3
2017,2,1703.42,6
2017,3,1794.38,2
2017,4,1820.04,1
2017,5,1721.2400000000002,4
2017,6,1718.1400000000003,5
2017,7,1534.0000000000002,10
2017,8,1665.1599999999999,9
2017,9,1668.7800000000002,8
2017,10,1697.1,7
2017,1,1739.74,5
2017,2,1791.3,3
2017,3,1816.06,1
2017,4,1792.96,2
2017,5,1752.28,4
2017,6,1647.92,10
2017,7,1702.52,9
2017,8,1737.8400000000001,6
2017,9,1722.4599999999998,7
2017,10,1705.38,8
2017,1,1769.3600000000001,3
2017,2,1773.18,2
2017,3,1458.9,9
2017,4,1738.8200000000002,5
2017,5,1654.7800000000002,8
2017,6,1741.7,4
2017,7,1734.68,6
2017,8,1418.1999999999998,10
2017,9,1780.46,1
2017,10,1668.94,7
2017,1,1800.3199999999997,3
2017,2,1830.74,1
2017,3,1691.36,8
2017,4,1749.88,4
2017,5,1573.6,10
2017,6,1710.8,7
2017,7,1713.8200000000002,6
2017,8,1802.7599999999998,2
2017,9,1721.8799999999997,5
2017,10,1641.8199999999997,9
2017,1,1794.6599999999999,2
2017,2,1700.6800000000003,8
2017,3,1827.28,1
2017,4,1757.2199999999998,4
2017,5,1692.7800000000002,9
2017,6,1732.38,7
2017,7,1775.04,3
2017,8,1733.16,6
2017,9,1385.5,10
2017,10,1736.1,5
2017,1,1612.0400000000002,9
2017,2,1677.48,6
2017,3,1809.2799999999997,1
2017,4,1443.3999999999999,10
2017,5,1729.0999999999997,4
2017,6,1721.2400000000002,5
2017,7,1790.94,3
2017,8,1663.7599999999998,8
2017,9,1664.02,7
2017,10,1793.86,2
2017,1,1798.6599999999999,2
2017,2,1821.72,1
2017,3,1767.96,3
2017,4,1663.52,8
2017,5,1749.92,4
2017,6,1675.8799999999999,7
2017,7,1661.1399999999999,9
2017,8,1697.8799999999999,5
2017,9,1684.3000000000002,6
2017,10,1516.6399999999999,10
2017,1,1637.4199999999998,10
2017,2,1880.2800000000002,1
2017,3,1730.6,4
2017,4,1653.1599999999999,9
2017,5,1676.2600000000002,8
2017,6,1740.36,3
2017,7,1804.98,2
2017,8,1702.58,6
2017,9,1718.3200000000002,5
2017,10,1701.2400000000002,7
2017,1,1791.2199999999998,2
2017,2,1658.9599999999998,10
2017,3,1776.6200000000001,3
2017,4,1873.8600000000001,1
2017,5,1738.3200000000002,6
2017,6,1744.74,5
2017,7,1681.48,9
2017,8,1711.36,8
2017,9,1716.5,7
2017,10,1749.1200000000003,4
2017,1,1813.58,1
2017,2,1483.3000000000002,10
2017,3,1785.9,4
2017,4,1786.6799999999998,3
2017,5,1611.2800000000002,9
2017,6,1717.08,7
2017,7,1799.74,2
2017,8,1721.0,6
2017,9,1730.2199999999998,5
2017,10,1636.9199999999998,8
2017,1,1744.6,4
2017,2,1647.3200000000002,9
2017,3,1740.2800000000002,5
2017,4,1703.1799999999998,8
2017,5,1763.26,3
2017,6,1703.5400000000002,7
2017,7,1839.3799999999997,2
2017,8,1846.3200000000002,1
2017,9,1722.34,6
2017,10,1478.5,10
2017,1,1813.56,1
2017,2,1769.32,3
2017,3,1717.6,8
2017,4,1754.1400000000003,4
2017,5,1770.48,2
2017,6,1688.78,10
2017,7,1728.08,6
2017,8,1714.44,9
2017,9,1746.02,5
2017,10,1725.2200000000003,7
2017,1,1653.6799999999998,9
2017,2,1762.1599999999999,3
2017,3,1689.04,7
2017,4,1553.3,10
2017,5,1721.88,5
2017,6,1671.7200000000003,8
2017,7,1716.7600000000002,6
2017,8,1840.98,1
2017,9,1751.5600000000002,4
2017,10,1765.9799999999998,2
2017,1,1782.54,2
2017,2,1850.78,1
2017,3,1710.0,8
2017,4,1654.6799999999998,9
2017,5,1762.32,3
2017,6,1739.38,5
2017,7,1729.5,6
2017,8,1713.96,7
2017,9,1420.3000000000002,10
2017,10,1746.78,4
2017,1,1705.12,8
2017,2,1788.38,3
2017,3,1807.7599999999998,1
2017,4,1802.78,2
2017,5,1580.1600000000003,10
2017,6,1707.08,7
2017,7,1744.16,5
2017,8,1721.54,6
2017,9,1692.48,9
2017,10,1787.94,4
2017,1,1807.78,2
2017,2,1749.8199999999997,6
2017,3,1789.3400000000001,3
2017,4,1770.3799999999999,5
2017,5,1813.88,1
2017,6,1722.06,7
2017,7,1782.48,4
2017,8,1701.56,9
2017,9,1715.82,8
2017,10,1386.14,10
2017,1,1795.54,1
2017,2,1773.2200000000003,4
2017,3,1752.8,5
2017,4,1495.2,9
2017,5,1643.88,7
2017,6,1789.8199999999997,2
2017,7,1484.9,10
2017,8,1784.7600000000002,3
2017,9,1697.86,6
2017,10,1639.7399999999998,8
2017,1,1788.5,2
2017,2,1508.8,10
2017,3,1715.3200000000002,6
2017,4,1654.22,9
2017,5,1687.8000000000002,7
2017,6,1814.7599999999998,1
2017,7,1686.98,8
2017,8,1781.96,3
2017,9,1760.7399999999998,4
2017,10,1716.8799999999999,5
2017,1,1612.58,7
2017,2,1612.5000000000002,8
2017,3,1802.96,3
2017,4,1719.02,6
2017,5,1377.54,9
2017,6,1964.02,1
2017,7,1839.0599999999997,2
2017,8,1360.7,10
2017,9,1729.3200000000002,5
2017,10,1770.88,4
2017,1,1472.8000000000002,10
2017,2,1790.04,2
2017,3,1735.6200000000003,5
2017,4,1842.96,1
2017,5,1739.0800000000002,4
2017,6,1699.3999999999999,6
2017,7,1505.3,9
2017,8,1765.18,3
2017,9,1688.7,7
2017,10,1688.46,8
2017,1,1778.96,1
2017,2,1753.56,3
2017,3,1561.16,10
2017,4,1699.82,7
2017,5,1758.94,2
2017,6,1741.7800000000002,5
2017,7,1611.7000000000003,9
2017,8,1736.66,6
2017,9,1673.2399999999998,8
2017,10,1749.8200000000002,4
2017,1,1797.7400000000002,2
2017,2,1762.96,4
2017,3,1736.1599999999999,7
2017,4,1771.18,3
2017,5,1821.3799999999999,1
2017,6,1754.16,5
2017,7,1740.6400000000003,6
2017,8,1634.9,8
2017,9,1590.96,10
2017,10,1633.8799999999997,9
2017,1,1792.4199999999998,1
2017,2,1763.5200000000002,3
2017,3,1702.48,8
2017,4,1711.9599999999998,7
2017,5,1737.88,5
2017,6,1741.74,4
2017,7,1734.5,6
2017,8,1780.3200000000002,2
2017,9,1456.4,10
2017,10,1654.8,9
2017,1,1681.8,9
2017,2,1472.8,10
2017,3,1727.14,5
2017,4,1809.08,2
2017,5,1753.68,4
2017,6,1700.42,8
2017,7,1867.48,1
2017,8,1725.3200000000002,6
2017,9,1709.7399999999998,7
2017,10,1764.06,3
2017,1,1833.8600000000001,2
2017,2,1791.18,3
2017,3,1676.1399999999999,9
2017,4,1840.48,1
2017,5,1763.7200000000003,5
2017,6,1691.1,8
2017,7,1735.9,6
2017,8,1765.32,4
2017,9,1643.6399999999999,10
2017,10,1695.7599999999998,7
2017,1,1765.98,3
2017,2,1858.12,1
2017,3,1701.4,8
2017,4,1759.46,5
2017,5,1760.6799999999998,4
2017,6,1792.56,2
2017,7,1702.8200000000002,7
2017,8,1685.0800000000002,9
2017,9,1710.2399999999998,6
2017,10,1647.48,10
2017,1,1862.1799999999998,1
2017,2,1774.52,4
2017,3,1654.6599999999999,8
2017,4,1796.54,3
2017,5,1458.94,10
2017,6,1670.58,6
2017,7,1822.9,2
2017,8,1669.0800000000002,7
2017,9,1643.8200000000002,9
2017,10,1700.4799999999998,5
2017,1,1789.0600000000002,2
2017,2,1689.86,8
2017,3,1739.68,5
2017,4,1776.8200000000002,4
2017,5,1555.9,10
2017,6,1785.44,3
2017,7,1712.92,6
2017,8,1685.58,9
2017,9,1691.04,7
2017,10,1910.4,1
2017,1,1685.68,6
2017,2,1745.98,3
2017,3,1745.1399999999996,4
2017,4,1679.12,8
2017,5,1681.8400000000001,7
2017,6,1952.1600000000003,1
2017,7,1628.3600000000001,9
2017,8,1549.8000000000002,10
2017,9,1711.74,5
2017,10,1754.36,2
2017,1,1651.0199999999998,9
2017,2,1562.4,10
2017,3,1802.5600000000002,2
2017,4,1774.62,3
2017,5,1718.3600000000001,6
2017,6,1681.66,7
2017,7,1844.8999999999999,1
2017,8,1752.2199999999998,4
2017,9,1666.7199999999998,8
2017,10,1731.38,5
2017,1,1776.84,5
2017,2,1785.5200000000002,3
2017,3,1463.6,10
2017,4,1717.0199999999998,6
2017,5,1677.66,8
2017,6,1792.8200000000002,2
2017,7,1608.56,9
2017,8,1683.0000000000002,7
2017,9,1783.38,4
2017,10,1808.3599999999997,1
2017,1,1669.6399999999999,9
2017,2,1771.6999999999998,2
2017,3,1753.52,4
2017,4,1786.02,1
2017,5,1735.0,6
2017,6,1725.4199999999998,7
2017,7,1634.46,10
2017,8,1744.4199999999998,5
2017,9,1758.2800000000002,3
2017,10,1698.8600000000001,8
2017,1,1764.52,3
2017,2,1682.6800000000003,9
2017,3,1800.28,2
2017,4,1704.7600000000002,8
2017,5,1727.6599999999999,7
2017,6,1808.94,1
2017,7,1651.3,10
2017,8,1735.98,6
2017,9,1749.2,5
2017,10,1750.2599999999998,4
2017,1,1655.06,9
2017,2,1512.3400000000001,10
2017,3,1762.9800000000002,3
2017,4,1746.1200000000003,5
2017,5,1724.16,8
2017,6,1767.02,2
2017,7,1751.96,4
2017,8,1742.38,6
2017,9,1787.68,1
2017,10,1734.34,7
2017,1,1778.5,2
2017,2,1479.1,10
2017,3,1791.34,1
2017,4,1765.7199999999998,3
2017,5,1752.18,6
2017,6,1689.88,7
2017,7,1758.52,4
2017,8,1670.96,8
2017,9,1755.8799999999997,5
2017,10,1634.8600000000001,9
2017,1,1774.1799999999998,3
2017,2,1729.8200000000002,6
2017,3,1702.9,9
2017,4,1728.8400000000001,7
2017,5,1711.1,8
2017,6,1766.7199999999998,4
2017,7,1734.24,5
2017,8,1866.6600000000003,1
2017,9,1790.14,2
2017,10,1639.38,10
2017,1,1560.1000000000001,10
2017,2,1900.4,1
2017,3,1725.5,5
2017,4,1755.1200000000001,3
2017,5,1728.86,4
2017,6,1722.8600000000001,6
2017,7,1663.92,9
2017,8,1774.7799999999997,2
2017,9,1680.78,8
2017,10,1722.6399999999999,7
2017,1,1670.38,9
2017,2,1742.18,4
2017,3,1767.5200000000002,3
2017,4,1960.7800000000002,1
2017,5,1709.7399999999998,7
2017,6,1675.48,8
2017,7,1778.32,2
2017,8,1727.38,5
2017,9,1723.1000000000001,6
2017,10,1664.6599999999999,10
2017,1,1772.0800000000002,2
2017,2,1722.6599999999999,6
2017,3,1592.6,10
2017,4,1735.18,3
2017,5,1787.44,1
2017,6,1701.06,7
2017,7,1727.2200000000003,4
2017,8,1667.3,8
2017,9,1662.6000000000001,9
2017,10,1725.2,5
2017,1,1818.18,2
2017,2,1693.92,8
2017,3,1714.38,6
2017,4,1831.7399999999998,1
2017,5,1697.8200000000002,7
2017,6,1667.94,9
2017,7,1781.1000000000001,4
2017,8,1620.1200000000001,10
2017,9,1760.8600000000001,5
2017,10,1801.9800000000002,3
2017,1,1834.08,1
2017,2,1766.2,5
2017,3,1705.2800000000002,7
2017,4,1670.52,8
2017,5,1746.46,6
2017,6,1780.24,4
2017,7,1382.8,10
2017,8,1809.7600000000002,3
2017,9,1669.2199999999998,9
2017,10,1825.88,2
2017,1,1789.6599999999999,2
2017,2,1751.38,5
2017,3,1681.98,10
2017,4,1701.02,8
2017,5,1837.1200000000001,1
2017,6,1682.46,9
2017,7,1788.44,3
2017,8,1715.6799999999998,6
2017,9,1712.48,7
2017,10,1783.08,4
2017,1,1524.1999999999998,9
2017,2,1479.8000000000002,10
2017,3,1898.3600000000001,1
2017,4,1740.18,4
2017,5,1659.8600000000001,7
2017,6,1839.0600000000002,2
2017,7,1624.6799999999998,8
2017,8,1663.0,6
2017,9,1689.1599999999999,5
2017,10,1744.08,3
2017,1,1708.88,7
2017,2,1652.42,8
2017,3,1710.3600000000001,6
2017,4,1559.54,10
2017,5,1753.3999999999999,5
2017,6,1799.18,2
2017,7,1794.56,3
2017,8,1760.2600000000002,4
2017,9,1617.64,9
2017,10,1843.7399999999998,1
2017,1,1775.44,2
2017,2,1864.58,1
2017,3,1716.5200000000002,8
2017,4,1480.5,10
2017,5,1741.1399999999999,5
2017,6,1716.52,9
2017,7,1745.7200000000003,4
2017,8,1759.4,3
2017,9,1728.52,7
2017,10,1736.08,6
2017,1,1809.8199999999997,2
2017,2,1712.72,9
2017,3,1719.86,8
2017,4,1771.9,4
2017,5,1765.72,5
2017,6,1731.48,6
2017,7,1775.1399999999999,3
2017,8,1811.38,1
2017,9,1730.76,7
2017,10,1650.8,10
2017,1,1656.7200000000003,8
2017,2,1811.96,1
2017,3,1512.0,10
2017,4,1718.2800000000002,5
2017,5,1786.6599999999999,2
2017,6,1652.6200000000001,9
2017,7,1660.02,7
2017,8,1748.8400000000001,4
2017,9,1694.1800000000003,6
2017,10,1762.88,3
2017,1,1820.8000000000002,1
2017,2,1774.0600000000002,4
2017,3,1504.0,10
2017,4,1695.22,7
2017,5,1736.84,5
2017,6,1644.58,9
2017,7,1780.18,3
2017,8,1693.48,8
2017,9,1697.36,6
2017,10,1780.62,2
2017,1,1855.98,1
2017,2,1538.8999999999999,10
2017,3,1666.3599999999997,7
2017,4,1638.34,8
2017,5,1749.3400000000001,3
2017,6,1627.76,9
2017,7,1703.2599999999998,6
2017,8,1726.7200000000003,5
2017,9,1730.7799999999997,4
2017,10,1785.2000000000003,2
2017,1,1771.76,3
2017,2,1714.6200000000001,5
2017,3,1904.38,1
2017,4,1722.78,4
2017,5,1703.68,6
2017,6,1772.74,2
2017,7,1405.34,10
2017,8,1668.46,8
2017,9,1681.1200000000001,7
2017,10,1520.1999999999998,9
2017,1,1774.18,3
2017,2,1729.9799999999998,8
2017,3,1745.8600000000001,5
2017,4,1708.38,9
2017,5,1797.24,2
2017,6,1742.2400000000002,6
2017,7,1756.58,4
2017,8,1733.2600000000002,7
2017,9,1802.26,1
2017,10,1690.12,10
2017,1,1804.18,2
2017,2,1758.62,5
2017,3,1767.16,4
2017,4,1820.8600000000001,1
2017,5,1733.3999999999999,6
2017,6,1723.06,8
2017,7,1728.2800000000002,7
2017,8,1802.18,3
2017,9,1706.02,9
2017,10,1666.06,10
2017,1,1833.5000000000002,1
2017,2,1649.62,9
2017,3,1670.78,8
2017,4,1732.06,5
2017,5,1754.24,4
2017,6,1807.7599999999998,3
2017,7,1689.6799999999998,7
2017,8,1708.7199999999998,6
2017,9,1825.22,2
2017,10,1565.5,10
2017,1,1701.22,7
2017,2,1726.78,5
2017,3,1747.0600000000002,3
2017,4,1740.18,4
2017,5,1752.06,2
2017,6,1759.68,1
2017,7,1627.5,10
2017,8,1640.8000000000002,9
2017,9,1659.7800000000002,8
2017,10,1725.38,6
2017,1,1760.1599999999999,3
2017,2,1651.0800000000002,9
2017,3,1767.3,2
2017,4,1702.38,6
2017,5,1805.62,1
2017,6,1741.48,4
2017,7,1740.0600000000002,5
2017,8,1687.24,8
2017,9,1559.0,10
2017,10,1692.0,7
2017,1,1649.46,7
2017,2,1570.1,9
2017,3,1661.36,6
2017,4,1724.98,4
2017,5,1710.62,5
2017,6,1779.7800000000002,2
2017,7,1729.54,3
2017,8,1472.4,10
2017,9,1791.38,1
2017,10,1646.8200000000002,8
2017,1,1792.7199999999998,1
2017,2,1763.48,4
2017,3,1785.66,2
2017,4,1776.0800000000002,3
2017,5,1707.58,8
2017,6,1697.94,9
2017,7,1742.3199999999997,6
2017,8,1671.5600000000004,10
2017,9,1756.18,5
2017,10,1724.7999999999997,7
2017,1,1727.26,7
2017,2,1744.0600000000002,5
2017,3,1673.7800000000002,9
2017,4,1813.3799999999999,1
2017,5,1795.02,2
2017,6,1730.2,6
2017,7,1783.5,4
2017,8,1792.58,3
2017,9,1715.7800000000002,8
2017,10,1648.8799999999999,10
2017,1,1740.26,4
2017,2,1710.96,6
2017,3,1722.88,5
2017,4,1694.7199999999998,8
2017,5,1762.28,2
2017,6,1677.56,9
2017,7,1705.34,7
2017,8,1610.9,10
2017,9,1941.58,1
2017,10,1750.8600000000004,3
2017,1,1809.32,1
2017,2,1721.2600000000002,6
2017,3,1716.2800000000002,7
2017,4,1752.48,3
2017,5,1775.38,2
2017,6,1634.0600000000002,10
2017,7,1707.1999999999998,8
2017,8,1674.8799999999999,9
2017,9,1728.58,5
2017,10,1736.14,4
2018,1,1927.9,6
2018,2,1965.1000000000001,4
2018,3,1976.8999999999999,2
2018,4,1967.2000000000003,3
2018,5,1979.5,1
2018,6,1930.3,5
2018,7,1855.0,8
2018,8,1666.7199999999998,10
2018,9,1866.8199999999997,7
2018,10,1668.46,9
2018,1,1960.56,1
2018,2,1942.3400000000001,4
2018,3,1888.72,5
2018,4,1943.3799999999999,3
2018,5,1885.26,6
2018,6,1873.8600000000001,8
2018,7,1951.9199999999998,2
2018,8,1885.1599999999999,7
2018,9,1694.6,9
2018,10,1608.8400000000001,10
2018,1,1927.6999999999998,4
2018,2,1948.7600000000002,3
2018,3,1862.46,8
2018,4,1954.68,2
2018,5,1921.5199999999998,5
2018,6,1878.16,7
2018,7,2026.02,1
2018,8,1731.68,9
2018,9,1632.4,10
2018,10,1912.6999999999998,6
2018,1,1995.1999999999998,2
2018,2,1908.9399999999998,4
2018,3,1962.94,3
2018,4,1873.6999999999998,6
2018,5,1616.24,9
2018,6,1898.7399999999998,5
2018,7,2028.68,1
2018,8,1585.6200000000001,10
2018,9,1832.2200000000003,8
2018,10,1860.48,7
2018,1,1950.4,5
2018,2,1923.2800000000002,7
2018,3,1953.2600000000002,4
2018,4,1978.1399999999999,2
2018,5,2025.8200000000002,1
2018,6,1897.1800000000003,8
2018,7,1830.8600000000001,9
2018,8,1605.3400000000001,10
2018,9,1954.9199999999998,3
2018,10,1936.3799999999999,6
2018,1,1959.66,5
2018,2,1803.3000000000002,8
2018,3,2020.2600000000002,1
2018,4,2001.9,2
2018,5,1654.6999999999998,9
2018,6,1975.12,3
2018,7,1965.5200000000002,4
2018,8,1549.5,10
2018,9,1887.42,6
2018,10,1856.0600000000002,7
2018,1,2036.1599999999999,1
2018,2,1892.7800000000002,8
2018,3,1933.4000000000003,4
2018,4,2016.52,2
2018,5,1861.94,9
2018,6,1907.9600000000003,7
2018,7,1828.62,10
2018,8,1908.8,6
2018,9,1919.1,5
2018,10,2000.2999999999997,3
2018,1,1929.5800000000002,4
2018,2,1899.92,7
2018,3,1981.92,2
2018,4,1949.06,3
2018,5,2014.8600000000001,1
2018,6,1929.1999999999998,5
2018,7,1906.38,6
2018,8,1847.66,8
2018,9,1617.84,10
2018,10,1828.08,9
2018,1,1854.56,8
2018,2,1983.18,4
2018,3,1874.62,7
2018,4,1985.08,3
2018,5,2025.12,1
2018,6,1987.74,2
2018,7,1605.54,10
2018,8,1928.44,6
2018,9,1969.6,5
2018,10,1848.3000000000002,9
2018,1,1864.0800000000002,9
2018,2,2049.5,1
2018,3,1890.3599999999997,7
2018,4,1946.1599999999999,3
2018,5,1863.58,10
2018,6,1917.7800000000002,6
2018,7,1957.94,2
2018,8,1919.1999999999998,5
2018,9,1939.52,4
2018,10,1876.72,8
2018,1,2007.3799999999999,1
2018,2,1846.2000000000003,9
2018,3,1953.3000000000002,4
2018,4,1885.06,7
2018,5,1937.3199999999997,5
2018,6,1860.6599999999999,8
2018,7,1960.8799999999999,3
2018,8,1833.64,10
2018,9,1924.1599999999999,6
2018,10,1998.18,2
2018,1,1928.0,5
2018,2,1941.86,4
2018,3,2106.0,1
2018,4,1888.0200000000002,7
2018,5,2034.22,2
2018,6,1836.48,8
2018,7,1589.0,10
2018,8,1916.6,6
2018,9,1793.2199999999998,9
2018,10,1971.12,3
2018,1,1916.92,7
2018,2,1933.22,4
2018,3,1866.46,8
2018,4,1968.56,3
2018,5,1671.0600000000002,9
2018,6,1978.7200000000003,1
2018,7,1601.1599999999999,10
2018,8,1971.82,2
2018,9,1921.3,5
2018,10,1917.9199999999998,6
2018,1,1856.98,8
2018,2,1965.3,2
2018,3,1922.48,3
2018,4,2067.66,1
2018,5,1632.1799999999998,10
2018,6,1792.7,9
2018,7,1902.5,4
2018,8,1899.3,5
2018,9,1882.6200000000001,6
2018,10,1859.22,7
2018,1,1910.3000000000002,4
2018,2,1949.02,3
2018,3,1677.62,10
2018,4,1898.98,7
2018,5,1909.8000000000002,5
2018,6,1894.2200000000003,8
2018,7,1909.0,6
2018,8,2025.5600000000002,1
2018,9,1800.28,9
2018,10,2012.2800000000002,2
2018,1,1843.2599999999998,9
2018,2,2005.18,1
2018,3,1908.4199999999998,6
2018,4,1998.62,2
2018,5,1911.52,5
2018,6,1866.7200000000003,8
2018,7,1957.3200000000002,3
2018,8,1925.48,4
2018,9,1580.74,10
2018,10,1902.3400000000001,7
2018,1,1988.9,1
2018,2,1840.94,10
2018,3,1921.32,6
2018,4,1930.6,5
2018,5,1855.7599999999998,9
2018,6,1933.7399999999998,4
2018,7,1869.8199999999997,8
2018,8,1971.72,2
2018,9,1899.8,7
2018,10,1947.94,3
2018,1,1973.62,2
2018,2,1870.6799999999998,8
2018,3,1908.16,7
2018,4,1669.8200000000002,10
2018,5,1927.5,5
2018,6,2021.4,1
2018,7,1859.76,9
2018,8,1924.7199999999998,6
2018,9,1944.6,3
2018,10,1935.1,4
2018,1,1946.5,3
2018,2,1736.3000000000002,9
2018,3,1902.88,6
2018,4,1986.3999999999996,1
2018,5,1910.2,5
2018,6,1643.2200000000003,10
2018,7,1885.6000000000001,7
2018,8,1852.8600000000001,8
2018,9,1954.3200000000002,2
2018,10,1929.52,4
2018,1,1962.38,1
2018,2,1932.68,4
2018,3,1948.86,2
2018,4,1900.0,8
2018,5,1932.3600000000001,5
2018,6,1877.5,9
2018,7,1920.1,6
2018,8,1693.54,10
2018,9,1941.2199999999998,3
2018,10,1914.1,7
2018,1,1839.94,8
2018,2,1814.22,9
2018,3,1941.88,5
2018,4,1885.48,7
2018,5,1564.3600000000001,10
2018,6,1946.46,3
2018,7,1932.8999999999999,6
2018,8,1976.3199999999997,1
2018,9,1943.5800000000002,4
2018,10,1976.02,2
2018,1,1910.42,8
2018,2,1926.42,6
2018,3,1918.5200000000002,7
2018,4,1949.58,2
2018,5,1894.02,9
2018,6,1938.0400000000002,4
2018,7,1933.3600000000001,5
2018,8,1616.76,10
2018,9,1938.3799999999997,3
2018,10,2000.54,1
2018,1,1844.18,8
2018,2,2028.3799999999999,2
2018,3,1955.5,3
2018,4,2044.5199999999998,1
2018,5,1843.42,9
2018,6,1916.2599999999998,5
2018,7,1927.38,4
2018,8,1742.6800000000003,10
2018,9,1913.8200000000002,6
2018,10,1905.38,7
2018,1,1637.58,10
2018,2,1910.7,6
2018,3,2006.7800000000002,1
2018,4,1887.7,8
2018,5,1966.78,3
2018,6,1959.7800000000002,4
2018,7,1879.8200000000002,9
2018,8,1974.4599999999998,2
2018,9,1945.2999999999997,5
2018,10,1898.78,7
2018,1,1875.44,7
2018,2,1892.4199999999998,6
2018,3,1979.1399999999999,1
2018,4,1972.04,2
2018,5,1842.1999999999998,9
2018,6,1686.26,10
2018,7,1950.02,4
2018,8,1926.3,5
2018,9,1874.02,8
2018,10,1956.46,3
2018,1,1874.1,6
2018,2,1863.7999999999997,7
2018,3,1831.94,9
2018,4,1900.2199999999998,5
2018,5,1933.62,2
2018,6,2015.9799999999998,1
2018,7,1857.7400000000002,8
2018,8,1925.8000000000002,3
2018,9,1649.44,10
2018,10,1920.88,4
2018,1,1869.4599999999998,7
2018,2,1908.7600000000002,5
2018,3,1831.2,8
2018,4,1948.1399999999999,3
2018,5,1527.52,10
2018,6,1976.0,2
2018,7,1629.6000000000001,9
2018,8,2047.2600000000002,1
2018,9,1933.2599999999998,4
2018,10,1893.4199999999998,6
2018,1,1967.1,3
2018,2,1997.98,1
2018,3,1924.42,6
2018,4,1953.6799999999998,5
2018,5,1962.38,4
2018,6,1884.3600000000001,8
2018,7,1989.36,2
2018,8,1820.9,9
2018,9,1661.5600000000002,10
2018,10,1888.44,7
2018,1,1845.7600000000002,10
2018,2,1866.6799999999998,8
2018,3,2029.36,1
2018,4,1964.2800000000002,3
2018,5,1909.1000000000001,5
2018,6,1883.4000000000003,7
2018,7,1886.6000000000001,6
2018,8,1980.6799999999998,2
2018,9,1937.0000000000002,4
2018,10,1861.2800000000002,9
2018,1,2019.1,1
2018,2,1958.52,5
2018,3,1972.9400000000003,3
2018,4,1894.36,6
2018,5,1962.46,4
2018,6,1789.98,9
2018,7,1876.0,7
2018,8,1975.6200000000001,2
2018,9,1821.62,8
2018,10,1622.0,10
2018,1,1875.96,8
2018,2,1941.3799999999999,3
2018,3,1951.4,2
2018,4,1919.3200000000002,6
2018,5,1991.3000000000002,1
2018,6,1928.3199999999997,4
2018,7,1882.6799999999998,7
2018,8,1602.92,10
2018,9,1846.52,9
2018,10,1925.2,5
2018,1,1925.8000000000002,4
2018,2,2029.22,1
2018,3,1870.18,7
2018,4,1897.8400000000001,6
2018,5,1685.3400000000001,10
2018,6,1952.48,2
2018,7,1814.1,9
2018,8,1864.42,8
2018,9,1919.5,5
2018,10,1946.52,3
2018,1,1783.3200000000002,9
2018,2,1930.3000000000002,5
2018,3,1947.88,4
2018,4,1617.9,10
2018,5,1965.36,2
2018,6,1920.7600000000002,6
2018,7,1958.84,3
2018,8,1897.82,8
2018,9,1910.58,7
2018,10,1969.6000000000001,1
2018,1,2064.66,1
2018,2,1920.8599999999997,6
2018,3,1947.46,3
2018,4,1876.6,9
2018,5,1901.54,7
2018,6,1892.98,8
2018,7,1921.7199999999998,5
2018,8,1859.76,10
2018,9,2018.08,2
2018,10,1931.1799999999998,4
2018,1,1865.0,8
2018,2,1984.56,2
2018,3,1688.88,10
2018,4,1738.54,9
2018,5,1952.06,4
2018,6,1908.7799999999997,6
2018,7,1925.2,5
2018,8,1976.2800000000002,3
2018,9,1904.62,7
2018,10,2012.48,1
2018,1,1880.94,8
2018,2,2010.9,1
2018,3,1935.9399999999998,4
2018,4,1854.38,10
2018,5,1955.42,3
2018,6,1968.32,2
2018,7,1877.16,9
2018,8,1923.8000000000002,5
2018,9,1883.26,6
2018,10,1881.4,7
2018,1,1766.4,9
2018,2,1955.3799999999999,5
2018,3,1990.04,2
2018,4,1928.94,7
2018,5,1546.64,10
2018,6,1970.32,4
2018,7,1992.4,1
2018,8,1886.5599999999997,8
2018,9,1972.08,3
2018,10,1934.2600000000002,6
2018,1,1966.02,2
2018,2,1963.6,3
2018,3,1978.48,1
2018,4,1907.7999999999997,7
2018,5,1928.8799999999999,6
2018,6,1881.74,8
2018,7,1942.28,5
2018,8,1876.2199999999998,9
2018,9,1949.3999999999999,4
2018,10,1694.06,10
2018,1,1923.74,3
2018,2,1674.38,10
2018,3,1894.1,5
2018,4,1903.4,4
2018,5,1840.2800000000002,9
2018,6,2034.8200000000002,1
2018,7,1866.96,8
2018,8,2000.1399999999999,2
2018,9,1879.8,7
2018,10,1893.9,6
2018,1,1922.0,4
2018,2,1674.02,10
2018,3,1858.22,7
2018,4,1987.7999999999997,2
2018,5,1814.08,9
2018,6,1847.88,8
2018,7,1908.9,5
2018,8,2064.1000000000004,1
2018,9,1962.2400000000002,3
2018,10,1901.1599999999999,6
2018,1,1707.72,10
2018,2,1932.44,4
2018,3,1953.7400000000002,3
2018,4,1876.2,8
2018,5,1900.9,7
2018,6,1997.24,1
2018,7,1964.7200000000003,2
2018,8,1931.06,5
2018,9,1909.38,6
2018,10,1856.2799999999997,9
2018,1,1892.1400000000003,7
2018,2,2029.02,1
2018,3,1844.6,9
2018,4,2026.3600000000001,2
2018,5,1922.98,4
2018,6,1892.56,6
2018,7,1896.7600000000002,5
2018,8,1938.88,3
2018,9,1592.04,10
2018,10,1879.86,8
2018,1,1900.18,6
2018,2,1848.32,8
2018,3,1919.88,4
2018,4,1982.6599999999999,1
2018,5,1826.3400000000001,9
2018,6,1679.6,10
2018,7,1867.12,7
2018,8,1936.7399999999998,2
2018,9,1927.24,3
2018,10,1907.6,5
2018,1,1885.7199999999998,8
2018,2,1560.2,10
2018,3,1975.04,2
2018,4,2042.9,1
2018,5,1934.2,4
2018,6,1863.5000000000002,9
2018,7,1925.1399999999999,5
2018,8,1909.1599999999999,7
2018,9,1972.4199999999998,3
2018,10,1920.6,6
2018,1,1951.2599999999998,3
2018,2,1894.2,9
2018,3,1929.3999999999999,5
2018,4,1926.44,6
2018,5,1948.26,4
2018,6,1896.2200000000003,8
2018,7,1900.2200000000003,7
2018,8,2008.86,1
2018,9,1989.8,2
2018,10,1800.6399999999999,10
2018,1,1891.82,6
2018,2,2085.02,1
2018,3,1871.12,8
2018,4,1843.06,10
2018,5,1921.42,4
2018,6,1945.4799999999998,3
2018,7,1973.6600000000003,2
2018,8,1889.1,7
2018,9,1867.2800000000002,9
2018,10,1908.22,5
2018,1,1486.1999999999998,10
2018,2,1950.2600000000002,5
2018,3,1877.04,8
2018,4,2011.92,2
2018,5,2034.6599999999999,1
2018,6,1854.0600000000002,9
2018,7,1900.32,7
2018,8,1910.84,6
2018,9,1975.98,3
2018,10,1962.44,4
2018,1,1974.24,4
2018,2,1977.56,3
2018,3,1997.7800000000002,1
2018,4,1987.4799999999998,2
2018,5,1899.96,7
2018,6,1901.4999999999998,6
2018,7,1671.96,10
2018,8,1829.08,8
2018,9,1952.7200000000003,5
2018,10,1821.82,9
2018,1,2032.4999999999998,1
2018,2,1870.1799999999998,9
2018,3,1895.9600000000003,5
2018,4,1931.1399999999999,3
2018,5,1713.2199999999998,10
2018,6,1901.52,4
2018,7,1875.32,8
2018,8,1885.28,6
2018,9,1882.6200000000001,7
2018,10,2000.6799999999998,2
2018,1,2066.98,1
2018,2,1995.3200000000002,2
2018,3,1860.02,10
2018,4,1872.06,9
2018,5,1900.9,6
2018,6,1928.06,5
2018,7,1885.2199999999998,8
2018,8,1887.4999999999998,7
2018,9,1936.3600000000001,4
2018,10,1941.88,3
2018,1,1689.52,10
2018,2,1838.38,7
2018,3,1798.56,8
2018,4,1969.72,3
2018,5,1918.82,5
2018,6,1752.9800000000005,9
2018,7,1972.66,2
2018,8,1908.2399999999998,6
2018,9,1973.66,1
2018,10,1923.6800000000003,4
2018,1,1939.4200000000003,4
2018,2,1939.06,5
2018,3,2026.3799999999999,2
2018,4,2063.3,1
2018,5,1782.44,10
2018,6,1918.6200000000001,7
2018,7,1872.3,8
2018,8,1871.44,9
2018,9,1966.2800000000002,3
2018,10,1925.24,6
2018,1,1869.0199999999998,7
2018,2,1902.46,5
2018,3,1776.4800000000002,9
2018,4,1678.6999999999998,10
2018,5,1886.02,6
2018,6,1990.3999999999999,2
2018,7,1934.7999999999997,4
2018,8,1861.64,8
2018,9,2010.14,1
2018,10,1973.16,3
2018,1,1935.2999999999997,4
2018,2,2012.26,1
2018,3,1900.8,6
2018,4,1671.9,10
2018,5,1869.12,9
2018,6,1951.04,3
2018,7,1971.6599999999999,2
2018,8,1872.8200000000002,8
2018,9,1888.52,7
2018,10,1929.9999999999998,5
2018,1,1991.2,2
2018,2,2100.66,1
2018,3,1951.52,5
2018,4,1882.98,8
2018,5,1887.0,7
2018,6,1781.96,9
2018,7,1637.3999999999999,10
2018,8,1892.8999999999999,6
2018,9,1969.0600000000002,3
2018,10,1969.0200000000004,4
2018,1,1937.3999999999999,4
2018,2,1941.46,3
2018,3,1915.6,6
2018,4,1931.62,5
2018,5,2020.52,1
2018,6,1649.44,10
2018,7,1873.8600000000001,8
2018,8,1772.1799999999998,9
2018,9,1955.46,2
2018,10,1893.6599999999999,7
2018,1,1943.12,2
2018,2,1879.1799999999998,4
2018,3,1839.1999999999998,7
2018,4,1866.6600000000003,5
2018,5,1797.98,8
2018,6,2080.12,1
2018,7,1701.22,9
2018,8,1904.12,3
2018,9,1849.98,6
2018,10,1680.4,10
2018,1,1958.22,1
2018,2,1898.78,7
2018,3,1881.66,9
2018,4,1898.6000000000001,8
2018,5,1912.08,5
2018,6,1949.0,2
2018,7,1881.6399999999999,10
2018,8,1922.1799999999998,3
2018,9,1908.74,6
2018,10,1921.6,4
2018,1,1907.8200000000002,6
2018,2,2041.58,2
2018,3,1800.16,10
2018,4,1927.44,5
2018,5,1976.9799999999998,4
2018,6,1831.68,8
2018,7,1816.82,9
2018,8,2052.42,1
2018,9,1977.6999999999998,3
2018,10,1886.22,7
2018,1,2081.96,1
2018,2,1978.78,2
2018,3,1760.9400000000003,10
2018,4,1923.7399999999998,5
2018,5,1956.86,3
2018,6,1916.3,6
2018,7,1892.76,7
2018,8,1850.76,8
2018,9,1813.0800000000002,9
2018,10,1947.8000000000002,4
2018,1,1682.94,10
2018,2,1944.9,3
2018,3,1915.2799999999997,4
2018,4,1844.0,9
2018,5,1951.26,2
2018,6,1903.3600000000001,5
2018,7,1989.48,1
2018,8,1847.3400000000001,7
2018,9,1887.92,6
2018,10,1845.6599999999999,8
2018,1,2069.96,1
2018,2,1834.92,9
2018,3,1875.7600000000002,6
2018,4,1874.54,7
2018,5,1935.62,3
2018,6,1881.66,5
2018,7,1951.7199999999998,2
2018,8,1698.6599999999999,10
2018,9,1863.8400000000001,8
2018,10,1915.08,4
2018,1,2002.3199999999997,1
2018,2,1988.2200000000003,3
2018,3,1808.88,8
2018,4,1933.38,5
2018,5,1808.3,9
2018,6,1843.52,7
2018,7,1949.7600000000002,4
2018,8,1991.1600000000003,2
2018,9,1924.1000000000001,6
2018,10,1746.6,10
2018,1,1995.12,2
2018,2,1947.1200000000001,4
2018,3,1886.02,7
2018,4,1568.78,10
2018,5,1873.98,8
2018,6,1995.76,1
2018,7,1894.8600000000001,6
2018,8,1907.08,5
2018,9,1949.6800000000003,3
2018,10,1867.1599999999999,9
2018,1,1693.3999999999999,10
2018,2,1971.68,1
2018,3,1872.94,8
2018,4,1922.12,5
2018,5,1884.2600000000002,6
2018,6,1950.04,2
2018,7,1931.42,3
2018,8,1877.7999999999997,7
2018,9,1924.5199999999998,4
2018,10,1868.9199999999998,9
2018,1,1920.8999999999999,7
2018,2,1929.0,5
2018,3,1988.5,1
2018,4,1959.1,2
2018,5,1946.0199999999998,4
2018,6,1927.98,6
2018,7,1867.6999999999998,9
2018,8,1801.1,10
2018,9,1949.7200000000003,3
2018,10,1900.4,8
2018,1,1588.6799999999998,10
2018,2,1685.1,9
2018,3,2052.08,1
2018,4,1850.4,7
2018,5,1886.8000000000002,4
2018,6,1905.3000000000002,3
2018,7,1943.62,2
2018,8,1855.6200000000001,6
2018,9,1843.6799999999998,8
2018,10,1870.2199999999998,5
2018,1,1911.3199999999997,8
2018,2,1926.18,5
2018,3,1942.2000000000003,3
2018,4,1669.42,10
2018,5,1921.6799999999998,6
2018,6,1859.9599999999998,9
2018,7,1953.6999999999998,2
2018,8,1928.7600000000002,4
2018,9,1968.64,1
2018,10,1921.12,7
2018,1,1846.5199999999998,5
2018,2,1638.5,10
2018,3,1923.8200000000002,3
2018,4,1837.02,7
2018,5,1783.58,8
2018,6,1994.5,1
2018,7,1719.02,9
2018,8,1978.1400000000003,2
2018,9,1841.26,6
2018,10,1872.8000000000002,4
2018,1,1972.88,2
2018,2,2001.64,1
2018,3,1910.1599999999999,6
2018,4,1947.46,5
2018,5,1965.6399999999999,3
2018,6,1880.16,8
2018,7,1903.94,7
2018,8,1804.12,9
2018,9,1960.1200000000001,4
2018,10,1791.56,10
2018,1,1840.28,9
2018,2,1935.28,5
2018,3,1911.7599999999998,8
2018,4,1962.54,3
2018,5,1932.4800000000002,6
2018,6,1950.2000000000003,4
2018,7,1969.1000000000001,2
2018,8,1970.04,1
2018,9,1593.0,10
2018,10,1915.5200000000002,7
2018,1,2026.2000000000003,2
2018,2,1496.02,10
2018,3,1942.76,5
2018,4,1917.9799999999998,6
2018,5,1824.4399999999998,8
2018,6,2019.1799999999998,3
2018,7,1882.42,7
2018,8,2039.7,1
2018,9,2004.82,4
2018,10,1790.24,9
2018,1,1909.44,6
2018,2,2014.7600000000002,2
2018,3,1931.1800000000003,4
2018,4,1968.38,3
2018,5,1849.3600000000001,9
2018,6,2045.18,1
2018,7,1912.42,5
2018,8,1864.1399999999999,8
2018,9,1828.56,10
2018,10,1873.96,7
2018,1,1912.9,5
2018,2,2007.98,1
2018,3,1986.2999999999997,2
2018,4,1908.2000000000003,6
2018,5,1890.4599999999998,7
2018,6,1855.9,8
2018,7,1924.96,4
2018,8,1935.3200000000002,3
2018,9,1707.76,10
2018,10,1750.88,9
2018,1,1962.32,2
2018,2,1971.28,1
2018,3,1706.6999999999998,9
2018,4,1850.3600000000001,8
2018,5,1874.88,7
2018,6,1627.8400000000001,10
2018,7,1925.4199999999998,4
2018,8,1918.6,5
2018,9,1948.38,3
2018,10,1899.58,6
2018,1,1950.06,3
2018,2,1948.3999999999999,4
2018,3,1989.52,2
2018,4,1846.86,8
2018,5,1927.8400000000001,5
2018,6,1925.04,6
2018,7,1912.5,7
2018,8,1824.8200000000002,9
2018,9,1599.6,10
2018,10,2013.6799999999998,1
2018,1,1982.32,3
2018,2,2055.96,1
2018,3,1902.72,6
2018,4,1932.8200000000002,5
2018,5,1982.3600000000001,2
2018,6,1868.58,8
2018,7,1587.8,10
2018,8,1950.58,4
2018,9,1772.64,9
2018,10,1878.9199999999998,7
2018,1,1878.5200000000002,7
2018,2,1940.66,2
2018,3,1831.3999999999999,10
2018,4,1932.7999999999997,3
2018,5,2027.6399999999999,1
2018,6,1919.6599999999999,4
2018,7,1891.6999999999998,6
2018,8,1914.1000000000001,5
2018,9,1849.38,9
2018,10,1856.1799999999998,8
2018,1,1876.2800000000002,7
2018,2,1674.64,10
2018,3,1927.8600000000001,5
2018,4,1966.34,2
2018,5,1814.68,9
2018,6,1883.98,6
2018,7,1928.54,4
2018,8,1940.3000000000002,3
2018,9,1873.18,8
2018,10,1973.1200000000001,1
2018,1,1939.8999999999999,5
2018,2,1871.42,8
2018,3,1916.4,6
2018,4,1849.4800000000002,10
2018,5,1915.88,7
2018,6,1948.1200000000001,4
2018,7,1954.2799999999997,3
2018,8,1862.56,9
2018,9,2027.9,2
2018,10,2031.96,1
2018,1,1926.14,4
2018,2,1883.52,7
2018,3,1871.38,8
2018,4,1919.98,5
2018,5,1940.62,2
2018,6,1854.6599999999999,9
2018,7,1937.8600000000001,3
2018,8,2056.52,1
2018,9,1916.1799999999998,6
2018,10,1660.4,10
2018,1,1838.5199999999998,8
2018,2,1730.8600000000001,10
2018,3,1852.08,7
2018,4,1808.52,9
2018,5,1980.1800000000003,3
2018,6,2014.3600000000001,1
2018,7,1924.1200000000001,5
2018,8,1870.0,6
2018,9,1970.2800000000002,4
2018,10,2011.58,2
2018,1,1960.3200000000002,2
2018,2,2031.7999999999997,1
2018,3,1955.48,3
2018,4,1902.62,7
2018,5,1925.38,5
2018,6,1904.76,6
2018,7,1841.5600000000002,9
2018,8,1932.56,4
2018,9,1847.66,8
2018,10,1827.8,10
2018,1,1934.3600000000001,5
2018,2,1608.9,10
2018,3,1795.18,9
2018,4,1927.62,6
2018,5,1884.7799999999997,8
2018,6,1924.6200000000001,7
2018,7,1947.9,4
2018,8,1968.34,2
2018,9,1948.6,3
2018,10,1976.24,1
2018,1,2009.2000000000003,1
2018,2,2001.5199999999998,3
2018,3,2005.0,2
2018,4,1893.12,7
2018,5,1794.7600000000002,9
2018,6,1913.66,6
2018,7,1662.2,10
2018,8,1931.8600000000001,5
2018,9,1888.2200000000003,8
2018,10,1933.1200000000001,4
2018,1,1940.44,3
2018,2,1894.18,7
2018,3,1854.32,9
2018,4,1759.0,10
2018,5,1979.04,1
2018,6,1938.6200000000001,4
2018,7,1959.1000000000004,2
2018,8,1855.2800000000002,8
2018,9,1896.7800000000002,6
2018,10,1919.8200000000002,5
2018,1,1879.3,8
2018,2,1824.6599999999999,9
2018,3,1979.1000000000001,1
2018,4,1533.9,10
2018,5,1921.5,6
2018,6,1958.02,5
2018,7,1890.08,7
2018,8,1964.0999999999997,4
2018,9,1964.1200000000003,3
2018,10,1968.6599999999999,2
2018,1,1911.58,4
2018,2,1950.7200000000003,3
2018,3,2004.5,1
2018,4,1987.52,2
2018,5,1904.94,5
2018,6,1891.2600000000002,6
2018,7,1701.08,10
2018,8,1864.8799999999997,8
2018,9,1865.5199999999998,7
2018,10,1804.78,9
2018,1,1989.96,2
2018,2,1932.48,4
2018,3,1899.2,8
2018,4,1886.08,9
2018,5,1974.1399999999999,3
2018,6,1920.98,5
2018,7,2010.0400000000002,1
2018,8,1778.82,10
2018,9,1906.06,7
2018,10,1920.52,6
2018,1,1969.4399999999998,3
2018,2,2016.04,1
2018,3,1826.8,9
2018,4,1881.7999999999997,6
2018,5,1682.1000000000001,10
2018,6,1956.7799999999997,5
2018,7,1960.2400000000002,4
2018,8,1857.48,8
2018,9,1973.82,2
2018,10,1858.8200000000002,7
2018,1,1925.9199999999996,6
2018,2,1991.6200000000001,2
2018,3,1985.96,4
2018,4,1965.52,5
2018,5,1900.32,7
2018,6,1817.22,10
2018,7,1847.4,9
2018,8,1863.64,8
2018,9,2009.2,1
2018,10,1991.06,3
2018,1,1889.7999999999997,7
2018,2,1914.2,4
2018,3,1767.46,10
2018,4,1921.1399999999999,3
2018,5,1865.1,9
2018,6,1903.1000000000004,5
2018,7,2030.5800000000002,1
2018,8,1893.32,6
2018,9,1951.3399999999997,2
2018,10,1878.4,8
2018,1,1759.8400000000001,9
2018,2,1640.14,10
2018,3,1917.48,3
2018,4,1905.02,5
2018,5,1853.06,6
2018,6,1910.6200000000001,4
2018,7,1985.68,1
2018,8,1978.9,2
2018,9,1847.9,7
2018,10,1821.06,8
2018,1,1934.46,3
2018,2,1859.3799999999999,10
2018,3,1861.4799999999998,9
2018,4,1970.22,2
2018,5,1914.8000000000002,5
2018,6,1920.6599999999999,4
2018,7,1901.2200000000003,7
2018,8,1863.6999999999998,8
2018,9,2038.1,1
2018,10,1908.38,6
2018,1,1906.02,8
2018,2,2057.98,1
2018,3,1904.9,9
2018,4,1930.56,4
2018,5,1910.28,6
2018,6,1915.52,5
2018,7,1969.84,3
2018,8,1910.08,7
2018,9,1829.5,10
2018,10,2035.54,2
2018,1,1932.3599999999997,5
2018,2,1828.66,9
2018,3,1942.2799999999997,4
2018,4,1896.4,7
2018,5,2018.7399999999998,1
2018,6,2004.3799999999999,2
2018,7,1968.7600000000002,3
2018,8,1921.54,6
2018,9,1834.36,8
2018,10,1556.92,10
2018,1,1925.9199999999998,7
2018,2,2060.26,1
2018,3,1994.82,2
2018,4,1931.8999999999999,5
2018,5,1881.2599999999998,8
2018,6,1608.42,10
2018,7,1928.62,6
2018,8,1951.3799999999999,4
2018,9,1958.82,3
2018,10,1780.54,9
2018,1,2064.06,1
2018,2,1944.1200000000003,5
2018,3,1964.2,4
2018,4,1789.36,9
2018,5,1975.54,2
2018,6,1893.08,7
2018,7,1705.36,10
2018,8,1943.2600000000002,6
2018,9,1968.8200000000002,3
2018,10,1860.92,8
2018,1,1929.62,5
2018,2,1891.08,8
2018,3,1913.6399999999999,6
2018,4,1984.2000000000003,1
2018,5,1878.04,9
2018,6,1864.3,10
2018,7,1954.8600000000001,2
2018,8,1950.8199999999997,3
2018,9,1895.6599999999999,7
2018,10,1932.34,4
2018,1,1601.76,10
2018,2,1927.92,4
2018,3,1960.7800000000002,2
2018,4,1953.52,3
2018,5,1844.7200000000003,8
2018,6,2006.56,1
2018,7,1909.7200000000003,5
2018,8,1839.5600000000002,9
2018,9,1903.92,6
2018,10,1878.7199999999998,7
2018,1,1951.0200000000002,5
2018,2,1871.2000000000003,9
2018,3,1970.7999999999997,3
2018,4,1904.52,6
2018,5,1973.0000000000002,2
2018,6,1955.3600000000001,4
2018,7,1607.24,10
2018,8,1898.8399999999997,7
2018,9,1880.54,8
2018,10,2013.82,1
2018,1,1981.5,3
2018,2,1929.7399999999998,4
2018,3,1639.2000000000003,10
2018,4,2004.02,1
2018,5,1893.96,7
2018,6,1873.6000000000001,8
2018,7,1991.1200000000003,2
2018,8,1894.18,6
2018,9,1924.1399999999999,5
2018,10,1858.02,9
2018,1,1928.3600000000001,4
2018,2,1962.2,2
2018,3,1897.24,8
2018,4,1909.48,6
2018,5,1889.36,9
2018,6,1953.1799999999998,3
2018,7,1886.96,10
2018,8,1984.52,1
2018,9,1926.4200000000003,5
2018,10,1899.92,7
2018,1,1893.34,7
2018,2,2063.8799999999997,2
2018,3,1861.4600000000003,8
2018,4,1945.88,4
2018,5,1940.1,5
2018,6,1851.7000000000003,9
2018,7,2090.22,1
2018,8,1949.94,3
2018,9,1846.3400000000001,10
2018,10,1919.78,6
2018,1,1892.7,5
2018,2,1865.4,9
2018,3,2007.3000000000002,1
2018,4,1924.62,3
2018,5,1898.7799999999997,4
2018,6,1888.3600000000001,6
2018,7,1963.2600000000002,2
2018,8,1805.3600000000001,10
2018,9,1873.98,8
2018,10,1877.6599999999999,7
2018,1,1963.62,2
2018,2,1886.5,8
2018,3,1934.3,5
2018,4,1961.6,3
2018,5,1891.74,7
2018,6,1879.3600000000001,9
2018,7,1864.02,10
2018,8,1894.5800000000002,6
2018,9,2001.6200000000001,1
2018,10,1958.46,4
2018,1,1910.18,5
2018,2,1975.0,2
2018,3,1685.02,10
2018,4,1915.2,4
2018,5,1716.8999999999999,9
2018,6,2080.6800000000003,1
2018,7,1919.3999999999999,3
2018,8,1809.94,8
2018,9,1909.5,6
2018,10,1895.8799999999999,7
2018,1,1940.0,5
2018,2,1946.6200000000001,4
2018,3,1969.0,3
2018,4,1828.6200000000001,6
2018,5,1825.0800000000002,8
2018,6,1791.52,9
2018,7,1590.3400000000001,10
2018,8,1974.62,2
2018,9,2033.48,1
2018,10,1826.62,7
2018,1,1898.3199999999997,8
2018,2,1957.42,4
2018,3,1961.1399999999999,3
2018,4,1861.8200000000002,9
2018,5,1839.8200000000002,10
2018,6,1988.46,2
2018,7,1912.02,5
2018,8,1998.1399999999999,1
2018,9,1902.98,7
2018,10,1910.46,6
2018,1,1763.94,10
2018,2,1918.4200000000003,5
2018,3,1913.5400000000002,6
2018,4,1856.1200000000001,9
2018,5,1957.56,2
2018,6,1887.7600000000002,8
2018,7,1960.2599999999998,1
2018,8,1897.5599999999997,7
2018,9,1924.92,4
2018,10,1934.54,3
2018,1,1984.02,2
2018,2,1826.7199999999998,10
2018,3,1949.5400000000002,5
2018,4,1969.2,3
2018,5,1864.38,8
2018,6,2002.42,1
2018,7,1901.8,7
2018,8,1962.26,4
2018,9,1847.3,9
2018,10,1916.96,6
2018,1,1850.48,10
2018,2,1858.2200000000003,9
2018,3,1923.4199999999998,4
2018,4,2036.5,1
2018,5,1922.66,5
2018,6,1900.3000000000002,6
2018,7,1871.56,8
2018,8,1887.6600000000003,7
2018,9,1929.34,3
2018,10,1938.2800000000002,2
2018,1,1918.64,6
2018,2,1924.02,5
2018,3,1939.92,3
2018,4,1887.04,7
2018,5,1838.26,10
2018,6,1928.78,4
2018,7,1886.72,8
2018,8,1856.8600000000001,9
2018,9,1983.2399999999998,2
2018,10,1999.3199999999997,1
2018,1,1936.46,5
2018,2,1955.3799999999999,4
2018,3,1805.28,9
2018,4,2019.32,1
2018,5,1883.94,7
2018,6,1965.64,2
2018,7,1957.3,3
2018,8,1602.34,10
2018,9,1846.58,8
2018,10,1912.6599999999999,6
2018,1,1645.9,10
2018,2,1978.6,2
2018,3,1868.28,8
2018,4,1793.22,9
2018,5,1912.1,6
2018,6,1943.4,4
2018,7,1920.46,5
2018,8,1999.06,1
2018,9,1870.6399999999999,7
2018,10,1948.1799999999998,3
2018,1,1905.6999999999998,4
2018,2,1735.6000000000001,10
2018,3,2005.02,1
2018,4,1754.5800000000002,9
2018,5,2001.68,2
2018,6,1882.7,6
2018,7,1886.1000000000001,5
2018,8,1867.48,7
2018,9,1977.98,3
2018,10,1866.2599999999998,8
2018,1,1794.12,10
2018,2,1847.98,8
2018,3,2046.38,1
2018,4,1961.16,4
2018,5,1861.48,7
2018,6,1994.42,2
2018,7,1985.6200000000001,3
2018,8,1895.02,6
2018,9,1957.52,5
2018,10,1837.1200000000001,9
2018,1,2052.8599999999997,1
2018,2,1814.2400000000002,10
2018,3,2038.58,2
2018,4,1889.82,7
2018,5,1880.54,8
2018,6,1918.62,6
2018,7,1921.8199999999997,5
2018,8,1926.52,4
2018,9,1840.2600000000002,9
2018,10,1957.6200000000001,3
2018,1,1981.2200000000003,2
2018,2,1961.5600000000002,3
2018,3,1718.5,10
2018,4,1961.1,4
2018,5,1991.7000000000003,1
2018,6,1902.08,5
2018,7,1827.38,8
2018,8,1832.88,7
2018,9,1799.1799999999998,9
2018,10,1854.46,6
2018,1,1962.42,2
2018,2,1921.42,3
2018,3,1699.5,9
2018,4,1817.14,8
2018,5,1876.48,6
2018,6,1636.5,10
2018,7,1917.2800000000002,5
2018,8,1990.48,1
2018,9,1919.98,4
2018,10,1868.56,7
2018,1,1982.8400000000001,1
2018,2,1895.66,6
2018,3,1909.6599999999999,3
2018,4,1904.3000000000002,5
2018,5,1828.9999999999998,7
2018,6,1666.36,10
2018,7,1908.4,4
2018,8,1964.0600000000002,2
2018,9,1802.58,9
2018,10,1826.98,8
2018,1,2002.44,1
2018,2,1784.5999999999997,9
2018,3,1986.56,2
2018,4,1934.8200000000002,6
2018,5,1652.24,10
2018,6,1968.5800000000002,3
2018,7,1803.54,8
2018,8,1841.1400000000003,7
2018,9,1952.32,4
2018,10,1943.5800000000002,5
2018,1,1950.2400000000002,1
2018,2,1939.3200000000002,2
2018,3,1900.7199999999998,7
2018,4,1670.2800000000002,10
2018,5,1843.6,8
2018,6,1917.72,4
2018,7,1925.2000000000003,3
2018,8,1678.4,9
2018,9,1910.24,6
2018,10,1910.64,5
2018,1,1620.8999999999999,10
2018,2,1927.6200000000001,6
2018,3,1874.98,8
2018,4,1973.98,2
2018,5,1908.96,7
2018,6,1963.3,3
2018,7,2032.9799999999998,1
2018,8,1931.52,4
2018,9,1841.06,9
2018,10,1929.3400000000001,5
2018,1,1881.94,6
2018,2,1608.5,10
2018,3,1987.52,2
2018,4,1755.6599999999999,9
2018,5,1990.2199999999998,1
2018,6,1956.6,4
2018,7,1896.3400000000001,5
2018,8,1854.48,8
2018,9,1859.08,7
2018,10,1970.0600000000002,3
2018,1,1831.48,9
2018,2,1892.5599999999997,8
2018,3,1921.96,6
2018,4,1951.2,4
2018,5,1994.22,2
2018,6,1911.96,7
2018,7,2055.3,1
2018,8,1922.7999999999997,5
2018,9,1955.6200000000001,3
2018,10,1599.7,10
2018,1,1942.6399999999999,4
2018,2,2031.14,2
2018,3,1888.8200000000002,6
2018,4,1848.8000000000002,7
2018,5,2040.52,1
2018,6,1998.9999999999998,3
2018,7,1837.82,8
2018,8,1592.8000000000002,10
2018,9,1930.56,5
2018,10,1793.1599999999999,9
2018,1,1905.6200000000003,7
2018,2,1925.2400000000002,5
2018,3,1991.52,4
2018,4,1788.8,10
2018,5,1869.1000000000001,8
2018,6,2006.9,3
2018,7,2062.2,1
2018,8,2035.9799999999998,2
2018,9,1863.94,9
2018,10,1916.74,6
2018,1,1767.0,9
2018,2,1967.3000000000002,3
2018,3,1972.4,1
2018,4,1937.58,4
2018,5,1903.94,5
2018,6,1832.32,7
2018,7,1841.2800000000002,6
2018,8,1495.2399999999998,10
2018,9,1968.04,2
2018,10,1824.98,8
2018,1,1684.6,9
2018,2,1911.38,4
2018,3,1953.46,3
2018,4,1881.2200000000003,7
2018,5,1979.18,2
2018,6,1896.1999999999998,6
2018,7,1838.2399999999998,8
2018,8,1662.62,10
2018,9,1897.1,5
2018,10,1981.8999999999999,1
2018,1,1933.1,5
2018,2,1857.42,9
2018,3,1828.8999999999999,10
2018,4,1929.2800000000002,6
2018,5,1876.22,8
2018,6,1939.1000000000004,4
2018,7,1949.68,2
2018,8,1914.4,7
2018,9,1968.8200000000002,1
2018,10,1944.68,3
2018,1,1888.54,9
2018,2,1962.5,2
2018,3,1907.9,7
2018,4,1921.42,5
2018,5,1950.04,3
2018,6,1967.8,1
2018,7,1917.0800000000002,6
2018,8,1940.8400000000001,4
2018,9,1773.54,10
2018,10,1892.3600000000001,8
2018,1,1643.32,10
2018,2,1949.42,2
2018,3,1943.52,3
2018,4,1916.5,5
2018,5,1979.9199999999998,1
2018,6,1926.76,4
2018,7,1665.74,9
2018,8,1879.1799999999998,7
2018,9,1890.46,6
2018,10,1803.6599999999999,8
2018,1,1895.6799999999998,8
2018,2,1992.52,1
2018,3,1932.56,6
2018,4,1949.58,3
2018,5,1945.3600000000001,4
2018,6,1838.7599999999998,9
2018,7,1941.5,5
2018,8,1957.52,2
2018,9,1931.2000000000003,7
2018,10,1686.0400000000002,10
2018,1,1967.54,4
2018,2,2047.9,2
2018,3,1929.06,6
2018,4,1841.88,8
2018,5,1753.2600000000002,10
2018,6,1838.98,9
2018,7,1934.6599999999999,5
2018,8,1890.2000000000003,7
2018,9,2076.2,1
2018,10,1991.3200000000002,3
2018,1,1907.46,6
2018,2,1883.62,10
2018,3,1972.3200000000002,3
2018,4,1911.7,5
2018,5,2015.02,1
2018,6,1885.7600000000002,9
2018,7,1927.0,4
2018,8,1890.7599999999998,8
2018,9,1979.9000000000003,2
2018,10,1895.3799999999999,7
2018,1,1923.6399999999999,4
2018,2,2078.6200000000003,1
2018,3,1878.2800000000002,8
2018,4,1880.1799999999998,7
2018,5,1896.4199999999998,5
2018,6,1974.9199999999998,2
2018,7,1859.6999999999998,10
2018,8,1924.9,3
2018,9,1888.58,6
2018,10,1872.54,9
2018,1,1817.2000000000003,9
2018,2,1813.48,10
2018,3,1838.3600000000001,7
2018,4,1976.34,2
2018,5,1905.6999999999998,5
2018,6,2026.6599999999999,1
2018,7,1933.3600000000001,4
2018,8,1890.82,6
2018,9,1832.94,8
2018,10,1946.52,3
2018,1,1925.2,6
2018,2,1893.3799999999999,8
2018,3,1954.18,3
2018,4,1953.2200000000003,4
2018,5,2030.6999999999998,1
2018,6,2022.5,2
2018,7,1889.4,9
2018,8,1947.62,5
2018,9,1843.3,10
2018,10,1899.9,7
2018,1,1900.0400000000002,7
2018,2,1959.22,3
2018,3,2018.72,1
2018,4,1870.5600000000002,10
2018,5,1933.6799999999998,6
2018,6,1888.2400000000002,9
2018,7,1938.3599999999997,5
2018,8,1947.08,4
2018,9,1896.62,8
2018,10,2001.2800000000002,2
2018,1,1937.14,4
2018,2,1905.02,7
2018,3,1953.7000000000003,3
2018,4,2002.06,1
2018,5,1914.3,6
2018,6,1873.8200000000002,10
2018,7,1900.2199999999998,8
2018,8,1995.6999999999998,2
2018,9,1878.8,9
2018,10,1926.4799999999996,5
2018,1,1953.5600000000002,4
2018,2,1861.64,9
2018,3,1906.8199999999997,7
2018,4,1955.1599999999999,3
2018,5,1898.7,8
2018,6,1984.98,2
2018,7,1987.3600000000001,1
2018,8,1928.08,6
2018,9,1848.3200000000002,10
2018,10,1941.58,5
2018,1,1932.66,4
2018,2,1960.12,3
2018,3,1881.04,7
2018,4,1841.2,8
2018,5,1836.9199999999998,9
2018,6,1921.2,5
2018,7,2039.12,1
2018,8,1824.2,10
2018,9,1970.6,2
2018,10,1906.2600000000002,6
2018,1,1969.8000000000002,3
2018,2,1894.3000000000002,7
2018,3,1842.42,9
2018,4,1854.08,8
2018,5,1954.32,4
2018,6,1972.2199999999998,2
2018,7,1915.44,6
2018,8,1715.0,10
2018,9,1993.78,1
2018,10,1936.8600000000001,5
2018,1,2029.8000000000002,1
2018,2,1980.08,2
2018,3,1852.0000000000002,9
2018,4,1958.1799999999998,3
2018,5,1899.6399999999999,7
2018,6,1954.18,4
2018,7,1622.8200000000002,10
2018,8,1929.12,6
2018,9,1951.58,5
2018,10,1868.92,8
2018,1,1980.96,3
2018,2,1834.3000000000002,9
2018,3,1641.7000000000003,10
2018,4,1863.8600000000001,8
2018,5,1871.0199999999998,7
2018,6,1937.9,4
2018,7,1894.12,6
2018,8,2014.6999999999998,2
2018,9,2054.8,1
2018,10,1936.98,5
2018,1,1903.44,6
2018,2,1964.3600000000001,3
2018,3,1963.88,4
2018,4,1898.22,7
2018,5,2004.8599999999997,1
2018,6,1864.32,9
2018,7,1989.94,2
2018,8,1879.9,8
2018,9,1797.52,10
2018,10,1916.2599999999998,5
2018,1,1982.06,2
2018,2,1902.32,6
2018,3,1913.8200000000002,5
2018,4,1929.8799999999999,3
2018,5,1892.7,7
2018,6,1881.76,8
2018,7,1913.96,4
2018,8,1570.3999999999999,10
2018,9,2002.62,1
2018,10,1735.2199999999998,9
2018,1,1876.44,10
2018,2,1900.1799999999998,8
2018,3,1943.42,3
2018,4,1880.4,9
2018,5,2000.6,1
2018,6,1933.1200000000001,5
2018,7,1938.1399999999999,4
2018,8,1917.7799999999997,6
2018,9,1913.3600000000001,7
2018,10,1959.1399999999999,2
2018,1,1950.3600000000001,3
2018,2,1871.8400000000001,8
2018,3,1879.5400000000002,7
2018,4,1880.56,6
2018,5,1817.3,9
2018,6,1890.1800000000003,5
2018,7,2008.3,1
2018,8,1966.5,2
2018,9,1748.6,10
2018,10,1895.06,4
2019,1,1888.96,5
2019,2,1915.46,3
2019,3,2041.18,1
2019,4,1839.86,8
2019,5,1896.2799999999997,4
2019,6,1929.58,2
2019,7,1717.68,10
2019,8,1884.7,7
2019,9,1887.4800000000002,6
2019,10,1796.2,9
2019,1,1846.4,8
2019,2,2003.52,1
2019,3,1820.46,9
2019,4,1864.48,7
2019,5,1924.7799999999997,2
2019,6,1876.46,5
2019,7,1865.88,6
2019,8,1899.22,3
2019,9,1885.1799999999998,4
2019,10,1791.4,10
2019,1,1911.4,3
2019,2,1921.2800000000002,2
2019,3,1869.18,4
2019,4,2002.8600000000001,1
2019,5,1866.3000000000002,5
2019,6,1834.2200000000003,6
2019,7,1785.26,8
2019,8,1774.08,9
2019,9,1798.92,7
2019,10,1771.06,10
2019,1,1942.7,2
2019,2,1827.84,9
2019,3,1871.34,5
2019,4,1854.18,7
2019,5,1833.12,8
2019,6,2003.38,1
2019,7,1888.08,3
2019,8,1817.3600000000001,10
2019,9,1869.58,6
2019,10,1884.8,4
2019,1,1988.6599999999999,1
2019,2,1864.52,4
2019,3,1806.6799999999998,9
2019,4,1800.88,10
2019,5,1860.7000000000003,5
2019,6,1902.52,2
2019,7,1877.56,3
2019,8,1833.4599999999998,8
2019,9,1842.4800000000002,7
2019,10,1850.1000000000001,6
2019,1,2041.36,1
2019,2,1835.6800000000003,7
2019,3,1850.88,6
2019,4,1859.38,4
2019,5,1818.06,8
2019,6,1786.92,10
2019,7,1814.88,9
2019,8,1880.8600000000001,3
2019,9,1855.4599999999998,5
2019,10,1899.9,2
2019,1,1871.12,5
2019,2,1760.4,10
2019,3,1763.6,9
2019,4,1867.6,7
2019,5,1913.8000000000002,2
2019,6,1878.3600000000001,4
2019,7,2048.48,1
2019,8,1860.4,8
2019,9,1906.6,3
2019,10,1870.4,6
2019,1,1976.28,2
2019,2,1894.36,3
2019,3,1766.04,10
2019,4,1853.7,5
2019,5,1888.36,4
2019,6,1828.7000000000003,7
2019,7,1787.7800000000002,9
2019,8,1803.04,8
2019,9,2097.88,1
2019,10,1837.18,6
2019,1,1859.1200000000001,5
2019,2,2090.96,1
2019,3,1888.4799999999998,3
2019,4,1816.3600000000001,10
2019,5,1829.1,8
2019,6,1855.98,6
2019,7,1873.38,4
2019,8,1826.4799999999998,9
2019,9,1836.5,7
2019,10,1893.2400000000002,2
2019,1,2039.56,1
2019,2,1858.08,6
2019,3,1957.54,2
2019,4,1796.28,10
2019,5,1834.6999999999998,7
2019,6,1806.88,8
2019,7,1872.8799999999999,5
2019,8,1920.24,4
2019,9,1927.48,3
2019,10,1804.2599999999998,9
2019,1,1864.6799999999998,4
2019,2,1799.3200000000002,8
2019,3,1833.9,7
2019,4,1765.3799999999999,10
2019,5,1858.68,5
2019,6,1884.4,3
2019,7,1858.4599999999998,6
2019,8,1892.48,2
2019,9,1778.0200000000002,9
2019,10,2027.2399999999998,1
2019,1,2009.68,1
2019,2,1939.5,2
2019,3,1867.42,5
2019,4,1799.36,8
2019,5,1847.0200000000002,6
2019,6,1822.8400000000001,7
2019,7,1739.08,9
2019,8,1935.3200000000002,3
2019,9,1897.6399999999999,4
2019,10,1534.02,10
2019,1,1922.88,2
2019,2,1870.98,5
2019,3,2005.7399999999998,1
2019,4,1849.92,6
2019,5,1781.7,10
2019,6,1814.1599999999999,8
2019,7,1908.4,3
2019,8,1833.2600000000002,7
2019,9,1791.42,9
2019,10,1872.58,4
2019,1,2003.7599999999998,1
2019,2,1894.08,3
2019,3,1859.4,5
2019,4,1856.6399999999999,6
2019,5,1821.3600000000001,8
2019,6,1813.72,10
2019,7,1828.0400000000004,7
2019,8,1873.5,4
2019,9,1925.2400000000002,2
2019,10,1819.8000000000002,9
2019,1,1847.68,5
2019,2,1848.28,4
2019,3,2083.72,1
2019,4,1755.2200000000003,8
2019,5,1896.66,3
2019,6,1837.96,6
2019,7,1902.1,2
2019,8,1697.72,10
2019,9,1805.2600000000002,7
2019,10,1753.1599999999999,9
2019,1,1806.06,9
2019,2,1824.6799999999998,7
2019,3,1848.08,4
2019,4,2033.62,1
2019,5,1826.9399999999998,6
2019,6,1967.46,2
2019,7,1745.3600000000001,10
2019,8,1814.9799999999998,8
2019,9,1925.56,3
2019,10,1839.3400000000001,5
2019,1,1782.8,10
2019,2,1856.08,5
2019,3,1813.6399999999999,9
2019,4,1875.78,4
2019,5,1836.88,8
2019,6,1877.76,3
2019,7,1851.84,6
2019,8,1888.56,2
2019,9,2065.88,1
2019,10,1843.02,7
2019,1,1891.1799999999998,4
2019,2,1795.1799999999998,9
2019,3,1868.14,6
2019,4,1810.7600000000002,8
2019,5,1911.7,2
2019,6,1881.2000000000003,5
2019,7,1794.2199999999998,10
2019,8,1844.2800000000002,7
2019,9,2072.48,1
2019,10,1900.66,3
2019,1,1874.88,4
2019,2,1885.66,3
2019,3,1854.0600000000002,7
2019,4,1991.2799999999997,1
2019,5,1855.9,6
2019,6,1888.92,2
2019,7,1851.88,8
2019,8,1843.1,10
2019,9,1847.6399999999999,9
2019,10,1863.3400000000001,5
2019,1,1879.1599999999999,4
2019,2,1846.58,7
2019,3,2034.82,1
2019,4,1861.8400000000001,6
2019,5,1821.6599999999999,9
2019,6,1865.8000000000002,5
2019,7,1935.48,2
2019,8,1791.7799999999997,10
2019,9,1915.8799999999997,3
2019,10,1840.6999999999998,8
2019,1,1587.02,10
2019,2,1851.68,4
2019,3,1830.7599999999998,8
2019,4,1844.96,5
2019,5,2128.36,1
2019,6,1837.8200000000002,7
2019,7,1948.92,2
2019,8,1842.24,6
2019,9,1861.2199999999998,3
2019,10,1756.0800000000004,9
2019,1,1806.1999999999998,8
2019,2,2030.1399999999999,1
2019,3,1793.72,9
2019,4,1778.48,10
2019,5,1934.7199999999998,2
2019,6,1836.3400000000001,7
2019,7,1893.46,4
2019,8,1857.62,5
2019,9,1931.12,3
2019,10,1838.36,6
2019,1,2007.5800000000002,2
2019,2,1909.1599999999999,3
2019,3,1814.1400000000003,9
2019,4,2059.6000000000004,1
2019,5,1854.6000000000001,6
2019,6,1795.96,10
2019,7,1831.42,8
2019,8,1838.98,7
2019,9,1860.48,5
2019,10,1895.36,4
2019,1,1942.5,2
2019,2,1901.76,3
2019,3,1808.46,9
2019,4,1819.64,8
2019,5,1861.2999999999997,5
2019,6,1839.1799999999998,6
2019,7,1886.1,4
2019,8,1821.68,7
2019,9,2038.24,1
2019,10,1791.98,10
2019,1,1856.92,8
2019,2,1898.06,2
2019,3,1883.38,5
2019,4,1971.88,1
2019,5,1814.16,10
2019,6,1884.12,3
2019,7,1878.2800000000002,6
2019,8,1865.2000000000003,7
2019,9,1844.3600000000001,9
2019,10,1883.68,4
2019,1,1815.1999999999998,9
2019,2,1898.5800000000002,3
2019,3,1801.02,10
2019,4,1837.8400000000001,7
2019,5,1894.28,4
2019,6,1892.3999999999999,5
2019,7,1916.94,2
2019,8,1824.98,8
2019,9,2103.46,1
2019,10,1839.6399999999999,6
2019,1,1828.96,9
2019,2,1856.2799999999997,7
2019,3,1849.2599999999998,8
2019,4,1867.26,6
2019,5,2049.08,1
2019,6,1869.6399999999999,5
2019,7,1914.38,2
2019,8,1909.3000000000002,3
2019,9,1883.6,4
2019,10,1769.3400000000001,10
2019,1,1840.68,8
2019,2,1847.3999999999999,7
2019,3,1913.3600000000001,3
2019,4,1851.1799999999998,6
2019,5,2038.0800000000002,1
2019,6,1812.6799999999998,9
2019,7,1763.5800000000004,10
2019,8,1893.96,4
2019,9,1927.2800000000002,2
2019,10,1863.88,5
2019,1,1877.9800000000002,4
2019,2,2021.2800000000002,1
2019,3,1706.4800000000002,9
2019,4,1884.78,3
2019,5,1856.8600000000001,5
2019,6,1660.7999999999997,10
2019,7,1840.18,7
2019,8,1904.48,2
2019,9,1844.92,6
2019,10,1769.3000000000002,8
2019,1,1962.1999999999998,1
2019,2,1800.3,10
2019,3,1846.44,5
2019,4,1961.46,2
2019,5,1825.6799999999998,7
2019,6,1919.6200000000001,3
2019,7,1833.8,6
2019,8,1812.7199999999998,8
2019,9,1894.1799999999998,4
2019,10,1811.52,9
2019,1,1989.6599999999999,2
2019,2,2028.56,1
2019,3,1880.58,4
2019,4,1918.3600000000001,3
2019,5,1583.2000000000003,10
2019,6,1788.3999999999999,7
2019,7,1843.74,5
2019,8,1769.8799999999999,8
2019,9,1766.88,9
2019,10,1831.3400000000001,6
2019,1,1840.3199999999997,6
2019,2,1820.6,9
2019,3,1822.98,8
2019,4,1874.0600000000002,3
2019,5,1820.6,9
2019,6,1847.8799999999999,5
2019,7,1860.04,4
2019,8,1941.9,2
2019,9,1831.98,7
2019,10,2033.04,1
2019,1,2075.98,1
2019,2,1841.38,8
2019,3,1836.48,9
2019,4,1854.58,5
2019,5,1846.6799999999998,7
2019,6,1874.94,4
2019,7,1852.46,6
2019,8,1832.1599999999999,10
2019,9,1880.98,2
2019,10,1880.4599999999998,3
2019,1,1918.26,3
2019,2,1815.22,7
2019,3,1887.7600000000002,5
2019,4,1788.5800000000002,10
2019,5,2013.8200000000002,2
2019,6,1905.6,4
2019,7,2024.8,1
2019,8,1802.52,8
2019,9,1789.78,9
2019,10,1861.1399999999999,6
2019,1,1754.66,9
2019,2,1843.54,5
2019,3,1823.48,7
2019,4,1812.74,8
2019,5,1926.3799999999999,3
2019,6,1919.1200000000001,4
2019,7,2073.0,1
2019,8,1930.28,2
2019,9,1751.3799999999999,10
2019,10,1836.8600000000001,6
2019,1,1898.7400000000002,3
2019,2,1792.52,9
2019,3,1883.1800000000003,5
2019,4,1854.6799999999998,6
2019,5,1797.5800000000002,7
2019,6,1761.7,10
2019,7,1885.88,4
2019,8,1794.7000000000003,8
2019,9,1959.08,2
2019,10,2030.58,1
2019,1,1828.8599999999997,7
2019,2,1816.88,8
2019,3,1865.78,5
2019,4,1762.5,10
2019,5,1845.78,6
2019,6,1900.1799999999998,2
2019,7,1876.9399999999998,3
2019,8,1876.66,4
2019,9,1807.6000000000001,9
2019,10,2080.7000000000003,1
2019,1,1849.32,6
2019,2,1803.8799999999999,7
2019,3,2061.4,1
2019,4,1769.38,10
2019,5,1777.98,9
2019,6,1889.5,4
2019,7,2010.36,2
2019,8,1933.6799999999998,3
2019,9,1801.2799999999997,8
2019,10,1850.0,5
2019,1,2072.38,1
2019,2,1793.4399999999998,9
2019,3,1786.68,10
2019,4,1845.46,6
2019,5,1884.0,4
2019,6,1935.08,2
2019,7,1865.6,5
2019,8,1894.9,3
2019,9,1834.3200000000002,7
2019,10,1812.38,8
2019,1,1892.38,5
2019,2,2044.1399999999999,1
2019,3,1892.42,4
2019,4,1959.4999999999998,2
2019,5,1864.58,7
2019,6,1937.6399999999999,3
2019,7,1810.58,9
2019,8,1879.3799999999999,6
2019,9,1751.96,10
2019,10,1830.6200000000001,8
2019,1,1896.1200000000003,2
2019,2,1874.86,5
2019,3,1797.86,9
2019,4,1871.48,6
2019,5,1879.3,3
2019,6,1774.3,10
2019,7,1811.2799999999997,8
2019,8,1877.24,4
2019,9,2003.9,1
2019,10,1848.58,7
2019,1,1871.66,5
2019,2,1963.8200000000002,2
2019,3,1907.1600000000003,3
2019,4,2056.9,1
2019,5,1877.5799999999997,4
2019,6,1767.2,9
2019,7,1756.78,10
2019,8,1834.32,7
2019,9,1806.4,8
2019,10,1848.6,6
2019,1,1864.7799999999997,3
2019,2,1829.4,5
2019,3,1896.2999999999997,2
2019,4,1805.68,9
2019,5,1849.8,4
2019,6,1674.7800000000002,10
2019,7,1827.96,6
2019,8,1809.02,8
2019,9,2055.88,1
2019,10,1824.98,7
2019,1,1820.1200000000001,7
2019,2,1932.76,2
2019,3,2015.86,1
2019,4,1850.64,6
2019,5,1864.3600000000001,5
2019,6,1885.2,4
2019,7,1759.8000000000002,9
2019,8,1673.9599999999998,10
2019,9,1803.5800000000002,8
2019,10,1900.8200000000002,3
2019,1,1947.7800000000002,2
2019,2,1839.3,7
2019,3,1849.7,3
2019,4,1768.78,10
2019,5,2007.2399999999998,1
2019,6,1784.6200000000001,9
2019,7,1846.3799999999999,5
2019,8,1813.66,8
2019,9,1846.6799999999998,4
2019,10,1843.26,6
2019,1,1928.96,2
2019,2,1823.96,6
2019,3,1890.98,4
2019,4,1777.3999999999999,9
2019,5,1811.36,7
2019,6,2053.84,1
2019,7,1892.7,3
2019,8,1872.5800000000002,5
2019,9,1790.28,8
2019,10,1764.48,10
2019,1,1845.7000000000003,6
2019,2,2003.6399999999999,1
2019,3,1776.44,9
2019,4,1876.6800000000003,3
2019,5,1830.18,7
2019,6,1797.78,8
2019,7,1944.8000000000002,2
2019,8,1499.92,10
2019,9,1860.44,4
2019,10,1846.42,5
2019,1,1809.1799999999998,8
2019,2,1778.7199999999998,10
2019,3,2066.54,1
2019,4,1886.62,3
2019,5,1824.04,6
2019,6,1820.08,7
2019,7,1903.06,2
2019,8,1793.7799999999997,9
2019,9,1827.88,5
2019,10,1833.0,4
2019,1,2003.5,1
2019,2,1899.0,3
2019,3,1832.48,6
2019,4,1888.2,4
2019,5,1906.6200000000001,2
2019,6,1826.7999999999997,7
2019,7,1762.56,9
2019,8,1884.6799999999998,5
2019,9,1747.2800000000002,10
2019,10,1819.96,8
2019,1,1891.04,2
2019,2,1843.44,7
2019,3,1979.8000000000002,1
2019,4,1832.6999999999998,8
2019,5,1890.6799999999998,3
2019,6,1862.28,6
2019,7,1803.34,9
2019,8,1869.1799999999998,5
2019,9,1879.58,4
2019,10,1797.1599999999999,10
2019,1,1914.1000000000001,3
2019,2,1996.7800000000002,1
2019,3,1921.06,2
2019,4,1880.8799999999999,4
2019,5,1830.06,8
2019,6,1840.1800000000003,7
2019,7,1784.28,10
2019,8,1855.06,6
2019,9,1823.96,9
2019,10,1862.0,5
2019,1,1848.7800000000002,6
2019,2,1826.06,7
2019,3,1817.56,8
2019,4,1802.06,9
2019,5,1880.0000000000002,3
2019,6,1939.94,2
2019,7,1871.7199999999998,4
2019,8,1870.28,5
2019,9,2028.78,1
2019,10,1801.92,10
2019,1,1875.1,3
2019,2,1806.56,9
2019,3,1977.6800000000003,1
2019,4,1800.08,10
2019,5,1871.1599999999999,4
2019,6,1899.9199999999998,2
2019,7,1822.46,7
2019,8,1837.3200000000002,6
2019,9,1843.8400000000001,5
2019,10,1818.6399999999999,8
2019,1,1982.3000000000002,1
2019,2,1886.26,4
2019,3,1800.0,10
2019,4,1817.1999999999998,9
2019,5,1863.1999999999998,5
2019,6,1841.2199999999998,8
2019,7,1842.9,7
2019,8,1894.96,3
2019,9,1853.52,6
2019,10,1936.5600000000002,2
2019,1,1916.1200000000003,2
2019,2,1998.48,1
2019,3,1872.3600000000001,6
2019,4,1813.18,8
2019,5,1894.6599999999999,3
2019,6,1879.06,5
2019,7,1891.78,4
2019,8,1643.12,10
2019,9,1860.1800000000003,7
2019,10,1788.78,9
2019,1,1878.84,4
2019,2,1723.3999999999996,10
2019,3,1780.36,9
2019,4,1993.6399999999999,1
2019,5,1786.48,8
2019,6,1853.58,5
2019,7,1990.46,2
2019,8,1796.6799999999998,7
2019,9,1906.68,3
2019,10,1799.3200000000002,6
2019,1,1808.94,7
2019,2,1960.9599999999998,2
2019,3,2102.14,1
2019,4,1852.96,6
2019,5,1801.48,9
2019,6,1952.5400000000002,3
2019,7,1741.6,10
2019,8,1865.2,4
2019,9,1808.2400000000002,8
2019,10,1862.88,5
2019,1,1824.2,8
2019,2,1845.84,6
2019,3,1918.44,2
2019,4,1807.42,9
2019,5,1836.96,7
2019,6,1862.08,4
2019,7,1988.8000000000002,1
2019,8,1756.48,10
2019,9,1861.6599999999999,5
2019,10,1868.3400000000001,3
2019,1,1940.56,1
2019,2,1831.4,7
2019,3,1836.68,6
2019,4,1789.94,9
2019,5,1900.1000000000001,3
2019,6,1822.82,8
2019,7,1843.0800000000002,5
2019,8,1897.8000000000002,4
2019,9,1770.22,10
2019,10,1934.4600000000003,2
2019,1,1909.3600000000001,4
2019,2,1792.12,9
2019,3,1928.18,2
2019,4,2007.44,1
2019,5,1873.18,6
2019,6,1913.48,3
2019,7,1824.26,8
2019,8,1856.78,7
2019,9,1891.56,5
2019,10,1767.0800000000002,10
2019,1,1992.2800000000002,1
2019,2,1901.1000000000001,4
2019,3,1837.8799999999999,6
2019,4,1894.1799999999998,5
2019,5,1832.96,7
2019,6,1905.26,3
2019,7,1934.96,2
2019,8,1787.16,10
2019,9,1826.4799999999998,8
2019,10,1820.1,9
2019,1,2094.68,1
2019,2,1830.2599999999998,6
2019,3,1794.26,8
2019,4,1831.08,5
2019,5,1792.6,9
2019,6,1837.38,4
2019,7,1946.1200000000001,2
2019,8,1914.48,3
2019,9,1816.32,7
2019,10,1775.9199999999998,10
2019,1,1895.6,3
2019,2,1795.04,9
2019,3,1824.06,7
2019,4,1881.76,4
2019,5,1764.94,10
2019,6,1803.88,8
2019,7,1980.2000000000003,1
2019,8,1840.7599999999998,6
2019,9,1958.08,2
2019,10,1842.1,5
2019,1,1832.5600000000002,6
2019,2,1886.2599999999998,2
2019,3,1860.66,3
2019,4,1824.6599999999999,7
2019,5,1815.08,9
2019,6,1842.64,4
2019,7,2104.5600000000004,1
2019,8,1839.2599999999998,5
2019,9,1821.94,8
2019,10,1770.62,10
2019,1,2092.48,1
2019,2,1854.02,3
2019,3,1905.5,2
2019,4,1824.38,7
2019,5,1837.52,5
2019,6,1828.5,6
2019,7,1824.06,8
2019,8,1818.6799999999998,9
2019,9,1852.3,4
2019,10,1801.4,10
2019,1,1999.2600000000002,1
2019,2,1873.8000000000002,6
2019,3,1905.1,4
2019,4,1812.6399999999999,10
2019,5,1902.58,5
2019,6,1910.58,2
2019,7,1829.94,9
2019,8,1857.62,7
2019,9,1838.16,8
2019,10,1907.7999999999997,3
2019,1,1839.2800000000002,6
2019,2,1971.1400000000003,2
2019,3,1847.2,5
2019,4,1837.98,7
2019,5,1776.8600000000001,10
2019,6,1817.54,8
2019,7,2070.98,1
2019,8,1808.8000000000002,9
2019,9,1890.56,4
2019,10,1899.96,3
2019,1,1900.8799999999999,2
2019,2,1877.74,3
2019,3,2028.04,1
2019,4,1873.3799999999999,4
2019,5,1866.5,5
2019,6,1864.5,7
2019,7,1840.4,9
2019,8,1856.56,8
2019,9,1800.4199999999998,10
2019,10,1865.38,6
2019,1,1981.64,1
2019,2,1887.08,4
2019,3,1883.6,5
2019,4,1915.7,3
2019,5,1814.6,8
2019,6,1882.9800000000002,6
2019,7,1866.08,7
2019,8,1769.78,9
2019,9,1936.98,2
2019,10,1735.8400000000001,10
2019,1,2058.7000000000003,1
2019,2,2002.8,2
2019,3,1848.6,5
2019,4,1837.42,7
2019,5,1825.5600000000002,8
2019,6,1872.48,3
2019,7,1849.46,4
2019,8,1842.6399999999999,6
2019,9,1795.2199999999998,9
2019,10,1768.2799999999997,10
2019,1,1870.1599999999999,4
2019,2,1862.7599999999998,6
2019,3,1873.3799999999999,3
2019,4,1783.6799999999998,8
2019,5,1862.7800000000002,5
2019,6,1778.0400000000002,9
2019,7,2002.9,1
2019,8,1761.7400000000002,10
2019,9,1917.6399999999999,2
2019,10,1831.6799999999998,7
2019,1,2077.9799999999996,1
2019,2,1921.88,2
2019,3,1856.38,6
2019,4,1871.38,5
2019,5,1880.54,4
2019,6,1788.8799999999999,8
2019,7,1758.7,9
2019,8,1642.1800000000003,10
2019,9,1840.3600000000001,7
2019,10,1912.3000000000002,3
2019,1,1838.6799999999998,8
2019,2,1914.5600000000002,4
2019,3,1883.56,5
2019,4,1858.1000000000001,6
2019,5,2046.6999999999998,1
2019,6,1833.5,9
2019,7,1847.3399999999997,7
2019,8,1924.38,2
2019,9,1773.2399999999998,10
2019,10,1917.2000000000003,3
2019,1,1874.8000000000002,4
2019,2,1905.7199999999998,3
2019,3,1857.9,5
2019,4,1988.46,1
2019,5,1833.7199999999998,8
2019,6,1947.6799999999998,2
2019,7,1848.34,7
2019,8,1814.4,10
2019,9,1849.38,6
2019,10,1820.9599999999998,9
2019,1,2025.2599999999998,1
2019,2,1810.5800000000002,8
2019,3,1862.9199999999998,5
2019,4,1915.4600000000003,4
2019,5,1955.7999999999997,2
2019,6,1789.46,9
2019,7,1813.08,7
2019,8,1935.44,3
2019,9,1779.4599999999998,10
2019,10,1816.2200000000003,6
2019,1,2039.8799999999999,1
2019,2,1828.2199999999998,9
2019,3,1845.4799999999998,8
2019,4,1849.08,7
2019,5,1861.38,3
2019,6,1858.98,5
2019,7,1968.3799999999999,2
2019,8,1854.74,6
2019,9,1859.88,4
2019,10,1810.1999999999998,10
2019,1,1784.38,9
2019,2,2020.8799999999997,1
2019,3,1850.1799999999998,5
2019,4,1885.38,4
2019,5,1787.1799999999998,8
2019,6,1922.9399999999998,3
2019,7,1794.8399999999997,7
2019,8,1710.36,10
2019,9,1985.1400000000003,2
2019,10,1822.1999999999998,6
2019,1,1786.62,9
2019,2,1895.6599999999999,3
2019,3,2102.2799999999997,1
2019,4,1811.48,7
2019,5,1859.1799999999998,4
2019,6,1797.76,8
2019,7,1917.48,2
2019,8,1777.06,10
2019,9,1830.08,5
2019,10,1826.22,6
2019,1,2022.04,1
2019,2,1917.6599999999999,3
2019,3,1895.6,4
2019,4,1810.98,9
2019,5,1803.02,10
2019,6,1846.48,7
2019,7,1863.2800000000002,5
2019,8,1934.9,2
2019,9,1823.0,8
2019,10,1862.3600000000001,6
2019,1,1889.08,4
2019,2,1861.2800000000002,6
2019,3,1875.76,5
2019,4,2009.9,1
2019,5,1797.98,9
2019,6,1832.56,7
2019,7,1830.8200000000002,8
2019,8,1929.6,3
2019,9,1665.86,10
2019,10,1936.98,2
2019,1,1904.7600000000002,3
2019,2,1908.32,2
2019,3,1828.0600000000002,9
2019,4,1874.9,6
2019,5,1874.6599999999999,7
2019,6,1761.3799999999999,10
2019,7,1889.68,4
2019,8,1967.4199999999996,1
2019,9,1854.1,8
2019,10,1881.1599999999999,5
2019,1,1976.52,1
2019,2,1905.48,3
2019,3,1870.8600000000001,4
2019,4,1853.3200000000002,6
2019,5,1856.8200000000002,5
2019,6,1829.76,7
2019,7,1951.4799999999998,2
2019,8,1799.22,9
2019,9,1796.3600000000001,10
2019,10,1821.62,8
2019,1,1973.98,2
2019,2,1986.96,1
2019,3,1853.12,6
2019,4,1810.0800000000002,9
2019,5,1851.2600000000002,7
2019,6,1791.54,10
2019,7,1816.0,8
2019,8,1854.3600000000001,5
2019,9,1965.72,3
2019,10,1894.2799999999997,4
2019,1,1988.7,1
2019,2,1835.68,7
2019,3,1838.3,6
2019,4,1796.04,8
2019,5,1700.1,10
2019,6,1893.08,3
2019,7,1747.48,9
2019,8,1867.36,4
2019,9,1865.08,5
2019,10,1899.44,2
2019,1,1903.0,4
2019,2,1902.2599999999998,5
2019,3,2041.8000000000002,1
2019,4,1760.9,10
2019,5,1956.08,2
2019,6,1815.96,7
2019,7,1834.7800000000002,6
2019,8,1786.24,8
2019,9,1786.0600000000002,9
2019,10,1906.9,3
2019,1,2051.6800000000003,1
2019,2,1861.68,4
2019,3,1878.6799999999998,3
2019,4,1810.08,9
2019,5,1836.1,8
2019,6,1840.7200000000003,7
2019,7,1857.48,5
2019,8,1849.5800000000002,6
2019,9,1921.48,2
2019,10,1802.6799999999998,10
2019,1,1985.78,1
2019,2,1804.1,9
2019,3,1833.98,8
2019,4,1916.1799999999998,4
2019,5,1944.7600000000002,2
2019,6,1772.3,10
2019,7,1879.5599999999997,5
2019,8,1934.4399999999998,3
2019,9,1855.4,7
2019,10,1877.22,6
2019,1,1930.08,2
2019,2,1867.2399999999998,5
2019,3,1802.1000000000001,10
2019,4,1897.1799999999998,3
2019,5,1877.1,4
2019,6,1838.56,6
2019,7,1826.64,7
2019,8,1816.42,8
2019,9,1805.46,9
2019,10,2009.12,1
2019,1,1809.7200000000003,7
2019,2,1864.08,5
2019,3,1959.62,2
2019,4,1725.68,9
2019,5,1850.2799999999997,6
2019,6,1888.0800000000002,3
2019,7,1787.42,8
2019,8,2070.26,1
2019,9,1876.58,4
2019,10,1670.98,10
2019,1,1914.14,3
2019,2,1893.76,4
2019,3,1841.3600000000001,8
2019,4,1839.2399999999998,9
2019,5,1850.26,7
2019,6,2021.2800000000002,1
2019,7,1855.3200000000002,6
2019,8,1917.1999999999998,2
2019,9,1888.7,5
2019,10,1789.06,10
2019,1,2053.8,1
2019,2,1882.98,6
2019,3,1895.48,3
2019,4,1838.96,8
2019,5,1776.2799999999997,10
2019,6,1887.98,4
2019,7,1861.54,7
2019,8,1886.9799999999998,5
2019,9,1819.4399999999998,9
2019,10,1945.4799999999998,2
2019,1,1790.4600000000003,8
2019,2,1851.46,4
2019,3,1838.72,5
2019,4,1819.8200000000002,6
2019,5,1736.4599999999998,10
2019,6,1923.7800000000002,3
2019,7,1787.52,9
2019,8,1806.7799999999997,7
2019,9,1924.1000000000004,2
2019,10,2067.0599999999995,1
2019,1,1836.62,7
2019,2,1773.2999999999997,10
2019,3,2067.34,1
2019,4,1940.18,2
2019,5,1855.6599999999999,5
2019,6,1850.7799999999997,6
2019,7,1801.8600000000001,9
2019,8,1830.7200000000003,8
2019,9,1867.56,4
2019,10,1917.06,3
2019,1,1862.58,8
2019,2,1886.98,4
2019,3,1918.3,2
2019,4,1873.52,5
2019,5,1839.5,9
2019,6,1871.94,6
2019,7,1867.28,7
2019,8,1889.18,3
2019,9,2031.1399999999999,1
2019,10,1824.08,10
2019,1,1849.56,5
2019,2,1841.0,7
2019,3,1810.4199999999998,8
2019,4,1841.3000000000002,6
2019,5,1809.3799999999999,9
2019,6,1916.46,2
2019,7,2093.78,1
2019,8,1556.6999999999998,10
2019,9,1885.98,4
2019,10,1905.3799999999999,3
2019,1,1987.8799999999999,1
2019,2,1843.44,6
2019,3,1831.8600000000001,7
2019,4,1798.6599999999999,9
2019,5,1917.8200000000002,2
2019,6,1885.6999999999998,4
2019,7,1794.0,10
2019,8,1917.72,3
2019,9,1881.58,5
2019,10,1818.52,8
2019,1,1813.96,7
2019,2,2061.48,1
2019,3,1720.3799999999999,10
2019,4,1929.6599999999999,3
2019,5,1981.46,2
2019,6,1846.38,6
2019,7,1776.8400000000001,8
2019,8,1774.68,9
2019,9,1909.3000000000002,4
2019,10,1878.0,5
2019,1,1868.7799999999997,4
2019,2,1875.28,2
2019,3,1835.02,7
2019,4,1836.06,6
2019,5,1990.8400000000001,1
2019,6,1751.56,10
2019,7,1801.5,8
2019,8,1771.6799999999998,9
2019,9,1838.52,5
2019,10,1873.0,3
2019,1,1848.38,8
2019,2,2036.3999999999999,1
2019,3,1890.46,4
2019,4,1911.98,2
2019,5,1889.76,5
2019,6,1897.3600000000001,3
2019,7,1857.3000000000002,6
2019,8,1852.08,7
2019,9,1837.9,9
2019,10,1805.58,10
2019,1,1780.82,10
2019,2,1876.1799999999998,5
2019,3,1860.52,7
2019,4,2039.1599999999999,1
2019,5,1911.5,3
2019,6,1833.88,8
2019,7,1796.42,9
2019,8,1872.46,6
2019,9,1936.88,2
2019,10,1880.3600000000001,4
2019,1,2052.7,1
2019,2,1889.8200000000002,3
2019,3,1862.3600000000001,5
2019,4,1818.6800000000003,8
2019,5,1837.7599999999998,6
2019,6,1756.8200000000002,10
2019,7,1876.28,4
2019,8,1894.48,2
2019,9,1812.56,9
2019,10,1833.84,7
2019,1,1866.88,6
2019,2,1827.72,8
2019,3,1890.48,3
2019,4,1779.58,10
2019,5,2020.9799999999998,1
2019,6,1877.1399999999999,4
2019,7,1808.8200000000002,9
2019,8,1872.96,5
2019,9,1843.88,7
2019,10,1900.0600000000002,2
2019,1,1592.4199999999998,10
2019,2,2018.2799999999997,1
2019,3,1868.3599999999997,3
2019,4,1867.54,4
2019,5,1845.98,5
2019,6,1985.8600000000001,2
2019,7,1822.48,6
2019,8,1790.04,7
2019,9,1779.26,8
2019,10,1754.06,9
2019,1,2065.96,1
2019,2,1862.5,5
2019,3,1905.66,3
2019,4,1842.4,7
2019,5,1863.42,4
2019,6,1806.72,10
2019,7,1820.7800000000002,9
2019,8,1856.28,6
2019,9,1834.1799999999998,8
2019,10,1985.9,2
2019,1,2023.26,1
2019,2,1858.3200000000002,3
2019,3,1835.2799999999997,7
2019,4,1837.88,6
2019,5,1930.5,2
2019,6,1838.7200000000003,5
2019,7,1830.66,8
2019,8,1747.42,10
2019,9,1845.1599999999999,4
2019,10,1797.1999999999998,9
2019,1,1847.58,5
2019,2,1807.1799999999998,8
2019,3,1827.58,6
2019,4,2034.24,1
2019,5,1815.66,7
2019,6,1716.18,10
2019,7,1929.58,2
2019,8,1795.42,9
2019,9,1888.12,4
2019,10,1906.64,3
2019,1,1863.68,5
2019,2,1816.2800000000002,9
2019,3,1877.88,2
2019,4,1757.58,10
2019,5,2057.2200000000003,1
2019,6,1847.74,6
2019,7,1827.54,8
2019,8,1837.12,7
2019,9,1875.4,4
2019,10,1877.8600000000001,3
2019,1,1903.2800000000002,3
2019,2,1992.38,1
2019,3,1833.0,6
2019,4,1830.58,7
2019,5,1811.58,8
2019,6,1843.08,5
2019,7,1810.5,9
2019,8,1874.7000000000003,4
2019,9,1923.06,2
2019,10,1766.62,10
2019,1,1757.8600000000001,10
2019,2,2033.06,1
2019,3,1886.9,4
2019,4,1829.5,7
2019,5,1895.06,3
2019,6,1823.6399999999999,8
2019,7,1903.56,2
2019,8,1803.52,9
2019,9,1846.58,6
2019,10,1870.58,5
2019,1,2036.0800000000002,1
2019,2,1880.36,4
2019,3,1819.2800000000002,7
2019,4,1883.8999999999999,3
2019,5,1871.8,5
2019,6,1807.48,9
2019,7,1818.46,8
2019,8,1970.04,2
2019,9,1833.1399999999999,6
2019,10,1791.88,10
2019,1,1949.6799999999998,1
2019,2,1897.46,4
2019,3,1751.9,9
2019,4,1821.78,7
2019,5,1934.2,2
2019,6,1763.1399999999999,8
2019,7,1850.6799999999998,6
2019,8,1904.28,3
2019,9,1859.4,5
2019,10,1720.4199999999998,10
2019,1,1785.68,10
2019,2,1900.38,5
2019,3,1826.24,8
2019,4,1786.8600000000001,9
2019,5,1922.2600000000002,4
2019,6,1830.5400000000002,7
2019,7,1938.96,2
2019,8,2024.3999999999999,1
2019,9,1839.96,6
2019,10,1936.0599999999997,3
2019,1,1890.5200000000002,4
2019,2,1808.4599999999998,8
2019,3,1810.2800000000002,7
2019,4,2038.58,1
2019,5,1842.92,5
2019,6,1842.3399999999997,6
2019,7,1807.1599999999999,9
2019,8,1891.96,3
2019,9,1804.6399999999999,10
2019,10,1961.34,2
2019,1,1851.9599999999998,4
2019,2,1796.6599999999999,8
2019,3,1758.08,9
2019,4,1745.58,10
2019,5,1830.28,6
2019,6,2064.1,1
2019,7,1874.48,2
2019,8,1852.16,3
2019,9,1797.6200000000001,7
2019,10,1847.4600000000003,5
2019,1,2055.6,1
2019,2,1824.92,6
2019,3,1985.66,2
2019,4,1806.44,8
2019,5,1781.3000000000002,9
2019,6,1885.0800000000002,5
2019,7,1902.9800000000002,3
2019,8,1887.92,4
2019,9,1758.92,10
2019,10,1816.06,7
2019,1,1629.78,10
2019,2,2020.8000000000002,1
2019,3,1848.3200000000002,5
2019,4,1888.28,3
2019,5,1826.68,6
2019,6,1956.5600000000002,2
2019,7,1781.72,7
2019,8,1775.6999999999998,9
2019,9,1871.0,4
2019,10,1779.98,8
2019,1,1870.48,2
2019,2,2082.36,1
2019,3,1857.08,4
2019,4,1840.3999999999999,7
2019,5,1844.16,6
2019,6,1868.7800000000002,3
2019,7,1831.2000000000003,8
2019,8,1792.1599999999999,10
2019,9,1856.26,5
2019,10,1819.12,9
2019,1,1863.1599999999999,6
2019,2,1762.48,10
2019,3,1873.3000000000002,4
2019,4,1839.68,8
2019,5,1874.1000000000001,3
2019,6,1818.3400000000001,9
2019,7,1865.9,5
2019,8,1917.5800000000002,2
2019,9,1841.56,7
2019,10,2056.72,1
2019,1,1876.4,5
2019,2,1951.66,1
2019,3,1936.1200000000001,2
2019,4,1903.22,3
2019,5,1783.2400000000002,9
2019,6,1778.6799999999998,10
2019,7,1838.7599999999998,8
2019,8,1861.8200000000002,6
2019,9,1842.1399999999999,7
2019,10,1902.2800000000002,4
2019,1,1878.3000000000002,4
2019,2,2002.68,1
2019,3,1758.2799999999997,10
2019,4,1830.06,7
2019,5,1894.56,3
2019,6,1862.28,6
2019,7,1799.6,9
2019,8,1908.16,2
2019,9,1864.7199999999998,5
2019,10,1827.96,8
2019,1,1906.5,2
2019,2,2088.48,1
2019,3,1841.88,7
2019,4,1821.8600000000001,8
2019,5,1875.8600000000001,6
2019,6,1799.3799999999999,9
2019,7,1894.2,4
2019,8,1903.8799999999999,3
2019,9,1882.08,5
2019,10,1758.6599999999999,10
2019,1,1845.06,7
2019,2,1765.22,10
2019,3,1867.6000000000001,5
2019,4,1863.5,6
2019,5,1911.56,2
2019,6,1782.1800000000003,9
2019,7,1873.24,3
2019,8,1787.48,8
2019,9,2057.88,1
2019,10,1873.1599999999999,4
2019,1,2060.16,1
2019,2,1829.38,9
2019,3,1927.46,2
2019,4,1842.3000000000002,8
2019,5,1890.2800000000002,3
2019,6,1875.98,5
2019,7,1889.28,4
2019,8,1864.4599999999998,6
2019,9,1794.1,10
2019,10,1851.8000000000002,7
2019,1,1798.96,10
2019,2,2002.7600000000002,1
2019,3,1846.58,7
2019,4,1876.88,4
2019,5,1915.24,2
2019,6,1899.5,3
2019,7,1853.1799999999998,6
2019,8,1864.7800000000002,5
2019,9,1816.58,8
2019,10,1811.72,9
2019,1,2007.48,1
2019,2,1999.3000000000002,2
2019,3,1812.78,7
2019,4,1778.48,8
2019,5,1864.86,5
2019,6,1841.3400000000001,6
2019,7,1886.1799999999998,3
2019,8,1765.08,10
2019,9,1879.68,4
2019,10,1769.2800000000002,9
2019,1,1566.54,10
2019,2,2016.14,1
2019,3,1890.6599999999999,3
2019,4,1858.28,6
2019,5,1892.0800000000002,2
2019,6,1889.7799999999997,4
2019,7,1826.6799999999998,8
2019,8,1835.8,7
2019,9,1884.2,5
2019,10,1776.0800000000002,9
2019,1,1828.52,7
2019,2,1810.5,8
2019,3,2001.7800000000002,1
2019,4,1871.18,5
2019,5,1882.88,4
2019,6,1772.16,10
2019,7,1974.04,2
2019,8,1836.3000000000002,6
2019,9,1905.48,3
2019,10,1772.8000000000002,9
2019,1,2058.5,1
2019,2,1724.16,10
2019,3,1866.7599999999998,5
2019,4,1772.86,9
2019,5,1815.7800000000002,8
2019,6,1892.14,3
2019,7,1926.1399999999999,2
2019,8,1832.8000000000002,6
2019,9,1830.44,7
2019,10,1873.8199999999997,4
2019,1,1904.3200000000002,3
2019,2,1877.56,4
2019,3,1970.2800000000002,1
2019,4,1721.5199999999998,9
2019,5,1804.4599999999998,7
2019,6,1795.48,8
2019,7,1934.98,2
2019,8,1697.7600000000002,10
2019,9,1827.7,6
2019,10,1848.54,5
2019,1,1880.1999999999998,3
2019,2,1995.94,1
2019,3,1857.48,4
2019,4,1961.6799999999998,2
2019,5,1829.6999999999998,8
2019,6,1833.54,7
2019,7,1800.66,9
2019,8,1785.18,10
2019,9,1851.12,5
2019,10,1838.46,6
2019,1,1885.94,4
2019,2,1899.5400000000004,3
2019,3,1820.98,7
2019,4,1570.6,10
2019,5,1921.8600000000001,2
2019,6,1784.38,8
2019,7,2049.38,1
2019,8,1837.8799999999999,6
2019,9,1842.38,5
2019,10,1767.04,9
2019,1,2032.2600000000002,1
2019,2,1857.2599999999998,6
2019,3,1886.8000000000002,4
2019,4,1875.34,5
2019,5,1827.58,9
2019,6,1936.54,3
2019,7,1828.8799999999999,8
2019,8,1845.1599999999999,7
2019,9,1942.82,2
2019,10,1671.98,10
2019,1,1801.8799999999999,9
2019,2,1848.3400000000001,5
2019,3,1922.6,2
2019,4,1887.6,4
2019,5,1834.56,6
2019,6,1909.84,3
2019,7,1812.8200000000002,8
2019,8,2010.86,1
2019,9,1827.04,7
2019,10,1790.98,10
2019,1,1789.98,10
2019,2,1967.74,1
2019,3,1837.98,7
2019,4,1841.4799999999998,6
2019,5,1805.08,9
2019,6,1913.2799999999997,3
2019,7,1889.2,5
2019,8,1895.7,4
2019,9,1925.8600000000001,2
2019,10,1816.1399999999999,8
2019,1,1816.6599999999999,8
2019,2,1935.26,3
2019,3,1838.2199999999998,6
2019,4,2002.82,1
2019,5,1835.82,7
2019,6,1852.9799999999998,4
2019,7,1768.16,10
2019,8,1845.0600000000002,5
2019,9,1799.58,9
2019,10,1952.98,2
2019,1,1884.8000000000002,4
2019,2,2026.7,1
2019,3,1833.22,8
2019,4,1811.8200000000002,9
2019,5,1794.18,10
2019,6,1914.8799999999999,2
2019,7,1863.74,6
2019,8,1913.6599999999999,3
2019,9,1858.14,7
2019,10,1881.76,5
2019,1,1984.5,1
2019,2,1885.66,4
2019,3,1932.08,3
2019,4,1710.1200000000001,10
2019,5,1977.8799999999999,2
2019,6,1810.3,7
2019,7,1778.56,9
2019,8,1778.6399999999999,8
2019,9,1876.88,5
2019,10,1852.8400000000001,6
2019,1,1705.1599999999999,10
2019,2,1987.4,2
2019,3,2003.0,1
2019,4,1916.56,4
2019,5,1929.68,3
2019,6,1831.06,7
2019,7,1828.4,8
2019,8,1840.4200000000003,6
2019,9,1808.96,9
2019,10,1915.24,5
2019,1,1969.66,2
2019,2,1844.98,7
2019,3,1813.2399999999998,8
2019,4,2007.9,1
2019,5,1867.8799999999999,5
2019,6,1851.72,6
2019,7,1869.3600000000001,4
2019,8,1778.18,10
2019,9,1802.74,9
2019,10,1880.7,3
2019,1,2024.0800000000002,1
2019,2,1844.6,6
2019,3,1979.06,2
2019,4,1806.1599999999999,9
2019,5,1852.94,4
2019,6,1902.42,3
2019,7,1794.42,10
2019,8,1833.32,7
2019,9,1807.8600000000001,8
2019,10,1850.46,5
2019,1,1823.02,7
2019,2,1813.76,8
2019,3,2024.9,1
2019,4,1874.3799999999999,3
2019,5,1854.52,4
2019,6,1801.1599999999999,9
2019,7,1912.98,2
2019,8,1843.2999999999997,5
2019,9,1751.52,10
2019,10,1826.38,6
2019,1,1864.4,5
2019,2,2015.3799999999999,1
2019,3,1801.3600000000001,8
2019,4,1935.2399999999998,2
2019,5,1873.46,4
2019,6,1759.5600000000002,10
2019,7,1783.32,9
2019,8,1932.66,3
2019,9,1827.8799999999999,6
2019,10,1815.82,7
2019,1,1858.8600000000001,6
2019,2,1844.8999999999999,7
2019,3,1875.56,4
2019,4,1860.8999999999999,5
2019,5,1720.56,10
2019,6,1908.96,3
2019,7,2018.66,1
2019,8,1788.7799999999997,9
2019,9,2011.32,2
2019,10,1824.3200000000002,8
2019,1,1841.68,6
2019,2,2075.62,1
2019,3,1826.94,8
2019,4,1900.1,3
2019,5,1844.3600000000001,5
2019,6,1795.02,9
2019,7,1941.1999999999998,2
2019,8,1794.46,10
2019,9,1887.8600000000001,4
2019,10,1835.1200000000001,7
2019,1,1872.66,3
2019,2,1773.8400000000001,10
2019,3,1811.7800000000002,6
2019,4,1843.46,4
2019,5,1810.38,7
2019,6,1838.7199999999998,5
2019,7,1907.7,2
2019,8,1775.66,9
2019,9,2075.38,1
2019,10,1800.56,8
2019,1,1929.48,3
2019,2,2032.6799999999998,1
2019,3,1734.6599999999999,10
2019,4,1879.58,6
2019,5,1779.8200000000002,8
2019,6,1945.68,2
2019,7,1750.56,9
2019,8,1867.7200000000003,7
2019,9,1894.1,5
2019,10,1902.0,4
2019,1,1879.2800000000002,6
2019,2,1955.96,2
2019,3,1884.1999999999998,5
2019,4,1776.1000000000001,9
2019,5,1848.98,8
2019,6,2060.26,1
2019,7,1756.3400000000001,10
2019,8,1889.96,3
2019,9,1888.7999999999997,4
2019,10,1851.08,7
2019,1,2026.1,1
2019,2,1762.8600000000001,9
2019,3,1934.88,4
2019,4,1754.6,10
2019,5,1812.04,8
2019,6,1842.72,6
2019,7,1972.7800000000002,2
2019,8,1875.38,5
2019,9,1936.66,3
2019,10,1820.26,7
2019,1,1762.8599999999997,10
2019,2,1887.6,6
2019,3,1880.46,7
2019,4,1974.1599999999999,1
2019,5,1910.02,3
2019,6,1904.28,4
2019,7,1831.52,9
2019,8,1854.26,8
2019,9,1892.5400000000002,5
2019,10,1922.06,2
2019,1,1862.18,6
2019,2,1827.06,8
2019,3,1850.08,7
2019,4,1880.7599999999998,4
2019,5,2007.88,1
2019,6,1980.7,2
2019,7,1875.8999999999999,5
2019,8,1777.38,9
2019,9,1914.6599999999999,3
2019,10,1773.2199999999998,10
2020,1,1816.9599999999998,8
2020,2,2096.96,1
2020,3,1584.3000000000002,10
2020,4,1924.8799999999997,3
2020,5,1890.02,6
2020,6,1889.56,7
2020,7,1781.38,9
2020,8,1898.92,5
2020,9,1912.74,4
2020,10,1983.44,2
2020,1,1946.52,4
2020,2,1892.7200000000003,6
2020,3,1904.1399999999999,5
2020,4,1889.02,7
2020,5,1862.62,8
2020,6,1953.14,3
2020,7,1984.54,1
2020,8,1965.3200000000002,2
2020,9,1808.6799999999998,10
2020,10,1818.78,9
2020,1,1941.9,3
2020,2,1908.58,4
2020,3,1975.18,1
2020,4,1877.6799999999998,5
2020,5,1705.2599999999998,10
2020,6,1854.08,6
2020,7,1803.36,8
2020,8,1975.0200000000002,2
2020,9,1773.3600000000001,9
2020,10,1844.72,7
2020,1,1964.2,1
2020,2,1925.54,6
2020,3,1939.66,4
2020,4,1961.74,2
2020,5,1870.8799999999997,8
2020,6,1946.3999999999999,3
2020,7,1926.6200000000001,5
2020,8,1887.62,7
2020,9,1590.82,10
2020,10,1847.6,9
2020,1,1996.96,2
2020,2,1815.26,9
2020,3,1627.2,10
2020,4,2011.98,1
2020,5,1856.1799999999998,6
2020,6,1929.48,3
2020,7,1918.9199999999998,4
2020,8,1849.44,7
2020,9,1878.14,5
2020,10,1826.1000000000001,8
2020,1,1942.2800000000002,4
2020,2,1952.4599999999998,3
2020,3,2027.66,1
2020,4,1560.3,10
2020,5,1860.24,9
2020,6,1869.22,7
2020,7,1976.98,2
2020,8,1872.96,6
2020,9,1860.92,8
2020,10,1874.6599999999999,5
2020,1,2017.4,1
2020,2,1890.3000000000002,4
2020,3,1869.2199999999998,5
2020,4,1850.7800000000002,6
2020,5,1916.96,2
2020,6,1909.38,3
2020,7,1822.12,8
2020,8,1830.42,7
2020,9,1820.8799999999999,9
2020,10,1609.6,10
2020,1,1935.56,3
2020,2,1833.1,8
2020,3,1638.04,10
2020,4,1922.44,4
2020,5,2036.9999999999998,1
2020,6,1834.96,7
2020,7,1909.2400000000002,5
2020,8,1792.82,9
2020,9,1870.6999999999998,6
2020,10,1993.54,2
2020,1,1967.46,2
2020,2,1772.12,9
2020,3,1878.9400000000003,7
2020,4,1984.2600000000002,1
2020,5,1895.5599999999997,6
2020,6,1900.8399999999997,5
2020,7,1837.46,8
2020,8,1653.12,10
2020,9,1916.24,4
2020,10,1930.64,3
2020,1,1902.22,5
2020,2,1927.62,3
2020,3,1621.1200000000003,10
2020,4,1947.3999999999999,2
2020,5,1862.8599999999997,7
2020,6,1983.2200000000003,1
2020,7,1872.6399999999999,6
2020,8,1803.2199999999998,9
2020,9,1906.18,4
2020,10,1818.1599999999999,8
2020,1,1972.2,2
2020,2,1972.3,1
2020,3,1869.6200000000001,7
2020,4,1788.44,10
2020,5,1919.86,3
2020,6,1892.1399999999999,6
2020,7,1901.8000000000002,5
2020,8,1867.68,8
2020,9,1847.6999999999998,9
2020,10,1910.62,4
2020,1,1890.42,6
2020,2,1659.3000000000002,10
2020,3,1893.46,5
2020,4,1859.7199999999998,8
2020,5,1931.4399999999998,3
2020,6,1956.9399999999998,2
2020,7,1865.7999999999997,7
2020,8,1961.0600000000002,1
2020,9,1851.34,9
2020,10,1897.6399999999999,4
2020,1,1882.66,5
2020,2,1857.8799999999999,7
2020,3,1890.44,4
2020,4,1851.6399999999999,8
2020,5,1629.0,9
2020,6,1588.7,10
2020,7,1959.4399999999998,1
2020,8,1875.86,6
2020,9,1957.4,2
2020,10,1912.82,3
2020,1,2000.2400000000002,1
2020,2,1927.78,3
2020,3,1920.7599999999998,4
2020,4,1817.08,9
2020,5,1816.66,10
2020,6,1893.0400000000002,7
2020,7,1906.6399999999999,5
2020,8,1897.86,6
2020,9,1977.16,2
2020,10,1885.88,8
2020,1,1621.3999999999999,10
2020,2,1899.5,5
2020,3,1873.18,7
2020,4,1904.44,4
2020,5,1802.9599999999998,8
2020,6,1920.3999999999999,3
2020,7,1883.88,6
2020,8,1924.7599999999998,2
2020,9,1996.7800000000002,1
2020,10,1725.8600000000001,9
2020,1,1937.6200000000001,2
2020,2,1956.54,1
2020,3,1921.66,4
2020,4,1926.66,3
2020,5,1870.42,7
2020,6,1866.12,8
2020,7,1810.0599999999997,9
2020,8,1911.2,5
2020,9,1907.06,6
2020,10,1541.6,10
2020,1,1947.86,2
2020,2,1885.0,5
2020,3,1905.44,4
2020,4,1733.94,10
2020,5,1913.4599999999996,3
2020,6,1863.7399999999998,6
2020,7,2023.88,1
2020,8,1794.62,9
2020,9,1843.12,7
2020,10,1812.48,8
2020,1,1918.62,4
2020,2,1911.48,5
2020,3,1960.96,2
2020,4,1593.8199999999997,10
2020,5,1932.3799999999999,3
2020,6,1778.7999999999997,8
2020,7,1876.2399999999998,7
2020,8,1596.9199999999998,9
2020,9,1890.6200000000001,6
2020,10,2066.1800000000003,1
2020,1,1820.6600000000003,8
2020,2,1903.0200000000002,4
2020,3,1848.86,6
2020,4,1788.5199999999998,9
2020,5,1887.56,5
2020,6,1584.2600000000002,10
2020,7,1821.56,7
2020,8,1954.62,2
2020,9,2014.54,1
2020,10,1935.4,3
2020,1,1966.46,2
2020,2,1875.38,6
2020,3,1942.42,4
2020,4,2034.02,1
2020,5,1837.36,9
2020,6,1946.4,3
2020,7,1895.1399999999999,5
2020,8,1646.8000000000002,10
2020,9,1853.02,7
2020,10,1844.5,8
2020,1,1887.9399999999998,6
2020,2,1866.6599999999999,7
2020,3,1957.8400000000001,3
2020,4,1796.1799999999998,9
2020,5,1841.2,8
2020,6,1978.08,1
2020,7,1758.3600000000001,10
2020,8,1975.7199999999998,2
2020,9,1893.24,5
2020,10,1950.1,4
2020,1,1992.26,1
2020,2,1864.1,9
2020,3,1868.28,7
2020,4,1959.3200000000002,2
2020,5,1892.1000000000001,3
2020,6,1874.3400000000001,5
2020,7,1884.18,4
2020,8,1871.2600000000002,6
2020,9,1867.1599999999999,8
2020,10,1856.04,10
2020,1,1850.76,5
2020,2,1669.2999999999997,9
2020,3,1920.42,2
2020,4,1600.16,10
2020,5,1825.2199999999998,7
2020,6,1848.4399999999998,6
2020,7,1794.08,8
2020,8,1888.5200000000002,4
2020,9,1904.3000000000002,3
2020,10,1994.84,1
2020,1,1829.62,9
2020,2,1892.9,6
2020,3,1927.3799999999999,3
2020,4,1982.16,1
2020,5,1889.0,7
2020,6,1937.34,2
2020,7,1903.44,5
2020,8,1860.0800000000002,8
2020,9,1918.1800000000003,4
2020,10,1808.52,10
2020,1,1878.5,7
2020,2,2001.38,1
2020,3,1948.76,2
2020,4,1918.7399999999998,4
2020,5,1943.4,3
2020,6,1905.7999999999997,6
2020,7,1870.6399999999999,8
2020,8,1809.52,10
2020,9,1916.3199999999997,5
2020,10,1834.6,9
2020,1,1925.8799999999999,3
2020,2,1888.16,5
2020,3,1933.98,2
2020,4,2064.4,1
2020,5,1869.56,7
2020,6,1898.6,4
2020,7,1822.4399999999998,9
2020,8,1822.1999999999998,10
2020,9,1868.6,8
2020,10,1887.46,6
2020,1,1850.0,7
2020,2,1996.96,1
2020,3,1846.6599999999999,8
2020,4,1779.02,9
2020,5,1909.2199999999998,2
2020,6,1672.6000000000001,10
2020,7,1909.02,3
2020,8,1890.98,5
2020,9,1875.38,6
2020,10,1898.6599999999999,4
2020,1,1872.6599999999999,6
2020,2,1634.2000000000003,10
2020,3,1968.3399999999997,1
2020,4,1854.9199999999998,9
2020,5,1871.6999999999998,8
2020,6,1938.7599999999998,2
2020,7,1912.08,4
2020,8,1901.54,5
2020,9,1872.52,7
2020,10,1921.5400000000002,3
2020,1,1962.2,1
2020,2,1864.46,7
2020,3,1913.26,5
2020,4,1925.42,4
2020,5,1936.1399999999999,2
2020,6,1890.22,6
2020,7,1723.12,10
2020,8,1813.92,9
2020,9,1931.1399999999999,3
2020,10,1846.9,8
2020,1,1872.7199999999998,7
2020,2,1886.0399999999997,5
2020,3,2033.96,1
2020,4,1908.7200000000003,3
2020,5,1973.06,2
2020,6,1847.54,8
2020,7,1809.3400000000001,10
2020,8,1880.7200000000003,6
2020,9,1811.9399999999998,9
2020,10,1905.8,4
2020,1,1648.3,10
2020,2,1901.5800000000002,5
2020,3,1970.82,2
2020,4,1945.8,3
2020,5,1849.3000000000002,7
2020,6,1773.6,9
2020,7,1913.1,4
2020,8,1868.1,6
2020,9,1833.1999999999998,8
2020,10,1993.2199999999998,1
2020,1,1600.1999999999998,10
2020,2,1869.3200000000002,7
2020,3,1966.3799999999999,1
2020,4,1904.8999999999999,5
2020,5,1929.6200000000001,3
2020,6,1903.06,6
2020,7,1812.98,8
2020,8,1783.22,9
2020,9,1911.44,4
2020,10,1956.52,2
2020,1,1937.58,2
2020,2,1628.3000000000002,10
2020,3,1925.46,3
2020,4,1827.1200000000001,8
2020,5,1861.46,5
2020,6,1782.94,9
2020,7,1888.62,4
2020,8,1830.5,6
2020,9,1829.3600000000001,7
2020,10,2035.04,1
2020,1,1921.56,6
2020,2,1928.9399999999998,5
2020,3,1943.8799999999997,2
2020,4,1936.28,4
2020,5,1944.3399999999997,1
2020,6,1808.7,10
2020,7,1872.04,7
2020,8,1859.6,9
2020,9,1940.54,3
2020,10,1863.32,8
2020,1,1540.6,10
2020,2,1803.3600000000001,9
2020,3,1862.78,8
2020,4,1955.3200000000002,2
2020,5,1890.04,6
2020,6,1934.22,3
2020,7,1898.2999999999997,4
2020,8,1897.62,5
2020,9,1877.88,7
2020,10,2019.8,1
2020,1,1878.92,5
2020,2,2005.3000000000002,1
2020,3,1783.7399999999998,8
2020,4,1691.5,10
2020,5,1884.84,4
2020,6,1754.7199999999998,9
2020,7,1833.7399999999998,6
2020,8,1796.02,7
2020,9,1910.3999999999999,2
2020,10,1896.66,3
2020,1,1862.9,7
2020,2,1904.54,3
2020,3,1964.84,1
2020,4,1903.5,4
2020,5,1884.04,6
2020,6,1702.6999999999998,10
2020,7,1908.8600000000001,2
2020,8,1835.46,8
2020,9,1900.06,5
2020,10,1826.5800000000002,9
2020,1,1903.56,4
2020,2,1943.2799999999997,1
2020,3,1931.1599999999999,3
2020,4,1935.6999999999998,2
2020,5,1739.06,9
2020,6,1870.68,5
2020,7,1856.3799999999999,7
2020,8,1867.6399999999999,6
2020,9,1856.3600000000001,8
2020,10,1628.9,10
2020,1,1985.1599999999999,1
2020,2,1937.4400000000003,2
2020,3,1871.94,6
2020,4,1864.8400000000001,8
2020,5,1897.6200000000001,4
2020,6,1892.6399999999999,5
2020,7,1935.48,3
2020,8,1636.4,10
2020,9,1815.6599999999999,9
2020,10,1866.1200000000001,7
2020,1,2047.32,1
2020,2,1950.06,2
2020,3,1864.82,9
2020,4,1913.1999999999998,4
2020,5,1887.62,5
2020,6,1916.8199999999997,3
2020,7,1843.1599999999999,10
2020,8,1868.2599999999998,8
2020,9,1874.48,7
2020,10,1876.3400000000001,6
2020,1,2054.46,1
2020,2,1911.6799999999998,2
2020,3,1575.9,10
2020,4,1861.48,5
2020,5,1884.3399999999997,4
2020,6,1851.9399999999998,6
2020,7,1825.92,7
2020,8,1654.6999999999998,9
2020,9,1779.9599999999998,8
2020,10,1894.3999999999996,3
2020,1,1849.92,8
2020,2,1897.3,4
2020,3,1841.96,10
2020,4,1866.2,5
2020,5,1852.6599999999999,7
2020,6,1848.8200000000002,9
2020,7,1942.42,3
2020,8,1859.0400000000002,6
2020,9,1982.18,1
2020,10,1944.1799999999998,2
2020,1,1940.92,4
2020,2,1914.64,6
2020,3,1949.56,2
2020,4,1944.8,3
2020,5,1976.46,1
2020,6,1844.06,8
2020,7,1863.8600000000001,7
2020,8,1915.6399999999999,5
2020,9,1619.4,10
2020,10,1775.86,9
2020,1,1972.02,1
2020,2,1877.3599999999997,7
2020,3,1913.8,4
2020,4,1842.7199999999998,8
2020,5,1917.34,3
2020,6,1909.2999999999997,5
2020,7,1887.52,6
2020,8,1945.58,2
2020,9,1600.6999999999998,10
2020,10,1796.1800000000003,9
2020,1,1888.34,3
2020,2,1866.8199999999997,5
2020,3,1916.1600000000003,2
2020,4,1848.1799999999998,8
2020,5,1666.6,10
2020,6,1831.58,9
2020,7,1848.92,7
2020,8,1883.72,4
2020,9,1864.36,6
2020,10,1966.92,1
2020,1,1657.6,9
2020,2,1911.26,4
2020,3,1786.1999999999998,7
2020,4,1917.88,3
2020,5,1810.5,6
2020,6,1896.96,5
2020,7,1592.1,10
2020,8,1978.24,1
2020,9,1927.7200000000003,2
2020,10,1780.2599999999998,8
2020,1,1929.72,2
2020,2,1906.6599999999999,4
2020,3,1704.4,10
2020,4,1834.6799999999998,7
2020,5,1927.02,3
2020,6,1834.8399999999997,6
2020,7,1793.4599999999998,8
2020,8,1781.22,9
2020,9,2004.4199999999998,1
2020,10,1868.8000000000002,5
2020,1,1665.0,10
2020,2,1978.82,1
2020,3,1913.08,4
2020,4,1907.4799999999998,5
2020,5,1871.32,7
2020,6,1920.1399999999999,3
2020,7,1933.8000000000002,2
2020,8,1737.36,9
2020,9,1825.8600000000001,8
2020,10,1872.3199999999997,6
2020,1,1916.72,2
2020,2,1885.42,4
2020,3,1774.7599999999998,9
2020,4,1657.2000000000003,10
2020,5,2036.7799999999997,1
2020,6,1877.3400000000001,6
2020,7,1829.44,8
2020,8,1882.48,5
2020,9,1892.2799999999997,3
2020,10,1850.06,7
2020,1,1910.3799999999997,5
2020,2,1959.46,1
2020,3,1949.54,2
2020,4,1924.98,4
2020,5,1909.02,6
2020,6,1931.9600000000003,3
2020,7,1583.0,10
2020,8,1898.6399999999999,7
2020,9,1830.62,9
2020,10,1860.8599999999997,8
2020,1,1958.52,2
2020,2,1864.7400000000002,6
2020,3,1882.84,5
2020,4,1988.82,1
2020,5,1929.54,3
2020,6,1927.36,4
2020,7,1860.22,7
2020,8,1853.3600000000001,9
2020,9,1854.8599999999997,8
2020,10,1627.2,10
2020,1,1847.52,6
2020,2,1893.6599999999999,4
2020,3,2011.8999999999999,1
2020,4,1827.86,8
2020,5,1809.4799999999998,9
2020,6,1886.2399999999998,5
2020,7,1777.6399999999999,10
2020,8,1941.5600000000002,3
2020,9,1835.1799999999998,7
2020,10,1956.32,2
2020,1,1926.6999999999998,4
2020,2,1898.54,6
2020,3,1931.6600000000003,2
2020,4,1789.54,8
2020,5,1926.88,3
2020,6,1635.6599999999999,10
2020,7,1934.94,1
2020,8,1885.7599999999998,7
2020,9,1777.2599999999998,9
2020,10,1923.56,5
2020,1,1915.56,3
2020,2,1969.08,2
2020,3,1639.9,10
2020,4,1848.1000000000001,7
2020,5,1747.8999999999999,9
2020,6,1878.02,5
2020,7,1839.44,8
2020,8,1896.8999999999999,4
2020,9,1874.2999999999997,6
2020,10,1983.94,1
2020,1,1923.1599999999999,4
2020,2,1938.3200000000002,2
2020,3,1569.2,10
2020,4,1988.46,1
2020,5,1935.4,3
2020,6,1878.54,7
2020,7,1806.8799999999997,9
2020,8,1892.92,6
2020,9,1899.3600000000001,5
2020,10,1842.0600000000002,8
2020,1,1904.68,5
2020,2,1861.8400000000001,8
2020,3,1987.06,1
2020,4,1893.5200000000002,6
2020,5,1926.3,3
2020,6,1628.6,10
2020,7,1884.6200000000001,7
2020,8,1975.38,2
2020,9,1923.7600000000002,4
2020,10,1794.54,9
2020,1,1944.76,3
2020,2,1964.3400000000001,2
2020,3,1634.0,10
2020,4,2003.5799999999997,1
2020,5,1905.1799999999998,4
2020,6,1814.74,8
2020,7,1835.44,7
2020,8,1849.98,6
2020,9,1855.4,5
2020,10,1803.76,9
2020,1,1990.06,1
2020,2,1872.8600000000001,8
2020,3,1928.76,2
2020,4,1917.1399999999999,4
2020,5,1924.3199999999997,3
2020,6,1882.52,7
2020,7,1847.38,9
2020,8,1823.52,10
2020,9,1915.8400000000001,5
2020,10,1903.2599999999998,6
2020,1,1801.46,8
2020,2,1983.94,1
2020,3,1524.6,10
2020,4,1891.44,5
2020,5,1926.7200000000003,3
2020,6,1904.2999999999997,4
2020,7,1936.06,2
2020,8,1656.2,9
2020,9,1839.44,6
2020,10,1815.1399999999999,7
2020,1,2050.14,1
2020,2,1927.26,5
2020,3,1579.92,10
2020,4,1780.1799999999998,8
2020,5,1883.1599999999999,7
2020,6,1905.9599999999998,6
2020,7,1965.6200000000001,3
2020,8,2020.0000000000002,2
2020,9,1770.98,9
2020,10,1949.44,4
2020,1,1897.12,5
2020,2,1653.2,10
2020,3,2000.3999999999999,1
2020,4,1857.3799999999999,8
2020,5,1887.02,6
2020,6,1924.6399999999999,3
2020,7,1858.2199999999998,7
2020,8,1948.56,2
2020,9,1923.3599999999997,4
2020,10,1803.8000000000002,9
2020,1,1810.48,9
2020,2,1923.32,4
2020,3,1938.44,2
2020,4,1641.5,10
2020,5,1928.5200000000002,3
2020,6,1857.7600000000002,6
2020,7,1820.04,8
2020,8,1960.1399999999999,1
2020,9,1865.56,5
2020,10,1843.4800000000002,7
2020,1,1928.82,4
2020,2,1789.96,10
2020,3,1935.24,3
2020,4,1924.02,5
2020,5,1919.12,6
2020,6,1876.8600000000001,7
2020,7,1860.56,8
2020,8,1836.1799999999998,9
2020,9,1976.4799999999998,1
2020,10,1943.6399999999999,2
2020,1,1882.06,6
2020,2,1820.2599999999998,10
2020,3,2001.04,1
2020,4,1929.02,3
2020,5,1885.5800000000002,5
2020,6,1855.96,8
2020,7,1880.2,7
2020,8,1918.54,4
2020,9,1824.1799999999998,9
2020,10,1942.8799999999999,2
2020,1,1836.9,8
2020,2,1982.72,1
2020,3,1867.14,7
2020,4,1922.3599999999997,4
2020,5,1973.2399999999998,2
2020,6,1898.7399999999998,5
2020,7,1829.6,9
2020,8,1970.44,3
2020,9,1531.4199999999998,10
2020,10,1888.46,6
2020,1,1909.8600000000001,5
2020,2,1680.3000000000002,10
2020,3,1844.86,7
2020,4,1803.54,8
2020,5,1964.6999999999998,2
2020,6,1789.22,9
2020,7,1909.4,6
2020,8,1969.98,1
2020,9,1962.7399999999998,3
2020,10,1943.34,4
2020,1,1851.36,9
2020,2,1907.84,4
2020,3,1886.86,6
2020,4,1871.2199999999998,7
2020,5,1981.7799999999997,2
2020,6,1862.2600000000002,8
2020,7,1968.4799999999998,3
2020,8,1782.36,10
2020,9,1890.0,5
2020,10,2012.44,1
2020,1,1906.3,3
2020,2,1906.04,4
2020,3,1868.1799999999998,6
2020,4,1948.7600000000002,2
2020,5,1610.96,10
2020,6,1903.6599999999999,5
2020,7,1828.8,8
2020,8,1991.8400000000001,1
2020,9,1775.7599999999998,9
2020,10,1866.18,7
2020,1,1953.86,3
2020,2,1997.0600000000002,1
2020,3,1933.02,4
2020,4,1877.7600000000002,8
2020,5,1995.58,2
2020,6,1805.06,10
2020,7,1879.38,7
2020,8,1881.9799999999998,6
2020,9,1906.52,5
2020,10,1810.98,9
2020,1,2000.48,1
2020,2,1900.2200000000003,5
2020,3,1840.8200000000002,9
2020,4,1932.56,3
2020,5,1880.18,7
2020,6,1977.34,2
2020,7,1850.42,8
2020,8,1910.3000000000002,4
2020,9,1832.9199999999998,10
2020,10,1891.76,6
2020,1,1930.9,3
2020,2,1939.72,2
2020,3,1927.12,4
2020,4,1898.5399999999997,6
2020,5,1795.04,10
2020,6,1828.4599999999998,9
2020,7,1885.3200000000002,7
2020,8,1836.52,8
2020,9,2010.2799999999997,1
2020,10,1907.6999999999998,5
2020,1,1847.64,8
2020,2,1864.48,7
2020,3,1983.6000000000001,2
2020,4,1920.3400000000004,5
2020,5,1815.9599999999998,10
2020,6,1942.96,3
2020,7,1820.8600000000001,9
2020,8,1934.0199999999998,4
2020,9,1912.1399999999999,6
2020,10,2001.3799999999999,1
2020,1,1818.06,10
2020,2,1983.6000000000001,1
2020,3,1926.6599999999999,6
2020,4,1929.26,5
2020,5,1946.44,3
2020,6,1911.8199999999997,8
2020,7,1826.2199999999998,9
2020,8,1913.54,7
2020,9,1960.02,2
2020,10,1930.8,4
2020,1,1966.36,1
2020,2,1812.6200000000001,9
2020,3,1946.56,2
2020,4,1790.7199999999998,10
2020,5,1916.1999999999998,5
2020,6,1938.5799999999997,3
2020,7,1839.54,7
2020,8,1919.0,4
2020,9,1901.22,6
2020,10,1830.78,8
2020,1,1957.6200000000001,1
2020,2,1904.92,5
2020,3,1894.1000000000001,7
2020,4,1792.7799999999997,10
2020,5,1936.8200000000002,3
2020,6,1950.56,2
2020,7,1868.2,9
2020,8,1904.4199999999996,6
2020,9,1925.3799999999999,4
2020,10,1868.8200000000002,8
2020,1,1978.28,1
2020,2,1862.74,7
2020,3,1938.32,2
2020,4,1616.7,10
2020,5,1862.86,6
2020,6,1815.74,9
2020,7,1912.5600000000002,4
2020,8,1915.7000000000003,3
2020,9,1881.4999999999998,5
2020,10,1818.38,8
2020,1,1913.42,4
2020,2,1885.6,7
2020,3,1922.88,3
2020,4,1856.38,8
2020,5,1889.3999999999996,6
2020,6,1892.8600000000001,5
2020,7,1824.4799999999998,9
2020,8,1546.0,10
2020,9,1941.56,1
2020,10,1936.7599999999998,2
2020,1,2000.3999999999999,1
2020,2,1912.2,5
2020,3,1566.2,10
2020,4,1975.2999999999997,2
2020,5,1964.1599999999999,3
2020,6,1758.9,8
2020,7,1789.06,7
2020,8,1582.5,9
2020,9,1840.5600000000002,6
2020,10,1963.8600000000001,4
2020,1,1842.76,9
2020,2,1920.76,6
2020,3,1977.3600000000001,1
2020,4,1938.46,4
2020,5,1976.8600000000001,2
2020,6,1928.1999999999998,5
2020,7,1529.22,10
2020,8,1874.32,8
2020,9,1938.6599999999999,3
2020,10,1914.1399999999999,7
2020,1,1956.2600000000002,2
2020,2,1628.9,10
2020,3,1940.94,4
2020,4,1986.26,1
2020,5,1915.3199999999997,5
2020,6,1861.1,7
2020,7,1892.7199999999998,6
2020,8,1955.42,3
2020,9,1763.2599999999998,9
2020,10,1840.6999999999998,8
2020,1,1968.76,2
2020,2,1550.6999999999998,10
2020,3,1945.96,4
2020,4,1857.62,7
2020,5,1853.88,8
2020,6,1743.76,9
2020,7,1972.2800000000002,1
2020,8,1939.8200000000002,5
2020,9,1949.4799999999998,3
2020,10,1931.6999999999998,6
2020,1,1924.82,4
2020,2,2002.1799999999998,1
2020,3,1831.52,7
2020,4,1824.28,8
2020,5,1624.6,10
2020,6,1813.46,9
2020,7,1981.2200000000003,3
2020,8,1836.58,6
2020,9,1998.46,2
2020,10,1878.3,5
2020,1,1865.62,6
2020,2,1669.4599999999998,9
2020,3,1824.08,8
2020,4,1922.22,3
2020,5,1909.48,4
2020,6,1513.8,10
2020,7,1933.7399999999998,2
2020,8,1850.0,7
2020,9,1984.8,1
2020,10,1896.1399999999999,5
2020,1,1942.1399999999999,4
2020,2,1876.62,6
2020,3,1884.4199999999998,5
2020,4,1593.5,10
2020,5,1869.8600000000001,8
2020,6,1792.2799999999997,9
2020,7,1948.5,3
2020,8,2001.46,2
2020,9,1872.58,7
2020,10,2067.82,1
2020,1,1916.62,6
2020,2,1929.42,4
2020,3,1937.68,3
2020,4,1918.08,5
2020,5,1867.8199999999997,7
2020,6,1851.9199999999998,8
2020,7,1825.2399999999998,9
2020,8,2010.44,1
2020,9,1773.52,10
2020,10,2007.2399999999998,2
2020,1,1841.7600000000002,7
2020,2,1907.3000000000002,4
2020,3,1960.3,2
2020,4,1996.3,1
2020,5,1796.66,10
2020,6,1905.2400000000002,5
2020,7,1812.52,9
2020,8,1884.8999999999996,6
2020,9,1838.3200000000002,8
2020,10,1938.6799999999998,3
2020,1,1952.9199999999998,2
2020,2,1816.2999999999997,8
2020,3,1834.48,6
2020,4,1889.4399999999998,5
2020,5,1902.1399999999999,4
2020,6,1932.04,3
2020,7,1982.0800000000002,1
2020,8,1663.9999999999998,10
2020,9,1827.44,7
2020,10,1797.2399999999998,9
2020,1,1652.3999999999999,10
2020,2,2003.86,1
2020,3,1944.9599999999998,2
2020,4,1872.42,6
2020,5,1861.0,7
2020,6,1941.6999999999998,4
2020,7,1920.98,5
2020,8,1805.7800000000002,8
2020,9,1771.2399999999998,9
2020,10,1942.9,3
2020,1,1871.1599999999999,4
2020,2,1868.4600000000003,5
2020,3,1845.14,7
2020,4,2024.3400000000001,1
2020,5,1886.2399999999998,3
2020,6,1855.6799999999998,6
2020,7,1939.8600000000001,2
2020,8,1624.4,10
2020,9,1806.74,9
2020,10,1843.6399999999999,8
2020,1,1986.0600000000002,1
2020,2,1908.4,4
2020,3,1908.02,5
2020,4,1625.1599999999999,10
2020,5,1859.76,7
2020,6,1744.4199999999998,9
2020,7,1855.12,8
2020,8,1926.9199999999998,2
2020,9,1893.1799999999998,6
2020,10,1918.1399999999999,3
2020,1,1907.36,5
2020,2,2000.72,2
2020,3,1788.0,10
2020,4,1857.58,9
2020,5,1919.3600000000001,4
2020,6,1879.52,6
2020,7,1865.8999999999999,7
2020,8,1862.16,8
2020,9,1927.1799999999998,3
2020,10,2008.6399999999999,1
2020,1,1867.7199999999998,6
2020,2,1860.6399999999999,8
2020,3,1864.36,7
2020,4,1932.6200000000001,1
2020,5,1902.9599999999998,4
2020,6,1884.4799999999998,5
2020,7,1924.06,3
2020,8,1811.62,9
2020,9,1599.2,10
2020,10,1927.6999999999998,2
2020,1,1748.0,8
2020,2,1883.46,5
2020,3,1715.9,9
2020,4,1995.92,1
2020,5,1945.86,4
2020,6,1988.4,2
2020,7,1641.8,10
2020,8,1969.04,3
2020,9,1826.06,6
2020,10,1790.88,7
2020,1,1925.88,5
2020,2,2026.68,1
2020,3,1842.7599999999998,8
2020,4,1834.26,9
2020,5,1947.4599999999998,3
2020,6,1856.0400000000002,7
2020,7,1935.12,4
2020,8,1858.9599999999998,6
2020,9,1831.6599999999999,10
2020,10,1978.66,2
2020,1,1899.92,8
2020,2,1957.06,2
2020,3,1788.2599999999998,10
2020,4,1905.02,7
2020,5,1914.6599999999999,5
2020,6,1955.62,3
2020,7,1946.82,4
2020,8,1907.7199999999998,6
2020,9,1980.0,1
2020,10,1853.8,9
2020,1,1827.8799999999999,8
2020,2,1987.42,2
2020,3,1814.58,9
2020,4,1949.3600000000001,4
2020,5,1910.38,5
2020,6,1963.46,3
2020,7,1758.42,10
2020,8,1872.6999999999998,6
2020,9,1868.04,7
2020,10,2005.1,1
2020,1,1921.6599999999999,5
2020,2,1627.3200000000002,10
2020,3,1823.6,8
2020,4,1969.7000000000003,2
2020,5,1973.0999999999997,1
2020,6,1925.1399999999999,4
2020,7,1782.22,9
2020,8,1947.4599999999998,3
2020,9,1867.42,6
2020,10,1847.6200000000001,7
2020,1,2066.98,1
2020,2,1809.9999999999998,9
2020,3,1937.8399999999997,3
2020,4,1974.0,2
2020,5,1799.9799999999998,10
2020,6,1813.0600000000002,8
2020,7,1898.68,6
2020,8,1906.8600000000001,5
2020,9,1895.4399999999998,7
2020,10,1914.5400000000002,4
2020,1,1960.96,2
2020,2,1583.3999999999999,10
2020,3,1870.8199999999997,6
2020,4,1909.92,4
2020,5,1946.2799999999997,3
2020,6,1879.3,5
2020,7,1790.2999999999997,9
2020,8,1856.92,8
2020,9,1868.5399999999997,7
2020,10,1971.2400000000002,1
2020,1,1901.2,4
2020,2,1954.12,2
2020,3,1878.02,7
2020,4,1864.12,8
2020,5,1994.08,1
2020,6,1855.06,10
2020,7,1927.44,3
2020,8,1889.78,6
2020,9,1862.2199999999998,9
2020,10,1895.6599999999999,5
2020,1,1965.28,3
2020,2,1997.62,2
2020,3,2000.72,1
2020,4,1926.9399999999998,5
2020,5,1904.2800000000002,7
2020,6,1870.3600000000001,8
2020,7,1923.46,6
2020,8,1942.8799999999999,4
2020,9,1801.06,9
2020,10,1747.4,10
2020,1,1937.8000000000002,2
2020,2,1650.16,10
2020,3,2034.8599999999997,1
2020,4,1773.5,9
2020,5,1935.54,3
2020,6,1882.0000000000002,6
2020,7,1906.6999999999998,4
2020,8,1792.62,8
2020,9,1812.72,7
2020,10,1891.6,5
2020,1,1944.3000000000002,4
2020,2,1968.1599999999999,1
2020,3,1813.38,10
2020,4,1814.8599999999997,9
2020,5,1921.82,5
2020,6,1945.2399999999998,3
2020,7,1960.0999999999997,2
2020,8,1906.0,6
2020,9,1858.46,7
2020,10,1842.46,8
2020,1,1907.06,4
2020,2,1914.18,3
2020,3,1829.44,9
2020,4,1841.22,8
2020,5,1844.5,7
2020,6,1881.72,5
2020,7,1940.56,2
2020,8,1961.0,1
2020,9,1820.02,10
2020,10,1878.3200000000002,6
2020,1,1741.86,10
2020,2,1977.32,2
2020,3,1914.96,5
2020,4,1998.3200000000002,1
2020,5,1938.84,4
2020,6,1895.08,8
2020,7,1943.36,3
2020,8,1909.1399999999999,6
2020,9,1900.28,7
2020,10,1788.3200000000002,9
2020,1,1892.56,5
2020,2,1911.6399999999999,4
2020,3,1635.66,9
2020,4,1568.8,10
2020,5,1949.18,2
2020,6,1979.96,1
2020,7,1844.4599999999998,7
2020,8,1885.66,6
2020,9,1939.44,3
2020,10,1805.4599999999998,8
2020,1,1948.48,2
2020,2,1923.18,4
2020,3,1973.5800000000002,1
2020,4,1866.62,7
2020,5,1623.4,10
2020,6,1871.3199999999997,6
2020,7,1914.84,5
2020,8,1840.52,9
2020,9,1865.56,8
2020,10,1945.9799999999998,3
2020,1,1666.1599999999999,10
2020,2,1886.32,5
2020,3,1828.8599999999997,6
2020,4,1966.0,2
2020,5,1979.66,1
2020,6,1808.9599999999998,7
2020,7,1753.6799999999998,8
2020,8,1669.2199999999998,9
2020,9,1909.58,3
2020,10,1902.9399999999998,4
2020,1,1584.6,10
2020,2,1941.1399999999999,2
2020,3,1897.7800000000002,6
2020,4,1854.2599999999998,8
2020,5,1873.56,7
2020,6,1987.9,1
2020,7,1836.74,9
2020,8,1903.1799999999998,4
2020,9,1916.7599999999998,3
2020,10,1901.26,5
2020,1,2021.8000000000002,1
2020,2,1592.0000000000002,10
2020,3,1841.72,7
2020,4,1927.32,4
2020,5,1933.1599999999999,3
2020,6,1980.86,2
2020,7,1887.48,6
2020,8,1772.32,8
2020,9,1763.7399999999998,9
2020,10,1925.42,5
2020,1,1845.4799999999998,9
2020,2,1929.8600000000001,4
2020,3,1888.1599999999999,6
2020,4,1874.5,7
2020,5,1985.52,2
2020,6,1799.06,10
2020,7,1990.86,1
2020,8,1855.82,8
2020,9,1966.64,3
2020,10,1910.0399999999997,5
2020,1,1927.0400000000002,4
2020,2,1902.2,5
2020,3,1943.8400000000001,2
2020,4,1832.96,7
2020,5,1973.54,1
2020,6,1824.38,8
2020,7,1896.3799999999997,6
2020,8,1794.8799999999999,9
2020,9,1649.3,10
2020,10,1935.1799999999998,3
2020,1,1909.52,2
2020,2,1908.3799999999999,3
2020,3,1833.5599999999997,8
2020,4,1930.82,1
2020,5,1829.32,9
2020,6,1892.2600000000002,4
2020,7,1860.22,7
2020,8,1890.6599999999999,5
2020,9,1705.3,10
2020,10,1873.4800000000002,6
2020,1,1978.1599999999999,2
2020,2,1804.2199999999998,9
2020,3,1900.1599999999999,5
2020,4,1835.74,7
2020,5,1864.7200000000003,6
2020,6,1907.2400000000002,4
2020,7,1826.1799999999998,8
2020,8,1991.2,1
2020,9,1933.8400000000001,3
2020,10,1593.3999999999999,10
2020,1,1991.2399999999998,1
2020,2,1903.1599999999999,5
2020,3,1587.22,9
2020,4,1894.1999999999998,7
2020,5,1977.1399999999999,2
2020,6,1822.9599999999998,8
2020,7,1547.7999999999997,10
2020,8,1953.4199999999998,3
2020,9,1902.6799999999998,6
2020,10,1946.16,4
2020,1,1579.2,10
2020,2,1902.0599999999997,5
2020,3,1942.0199999999998,2
2020,4,1905.1599999999999,4
2020,5,1909.8,3
2020,6,1886.7199999999998,6
2020,7,1817.22,9
2020,8,1967.08,1
2020,9,1874.0,7
2020,10,1831.8400000000001,8
2020,1,1815.6599999999999,10
2020,2,1994.04,2
2020,3,1976.1,3
2020,4,1865.82,8
2020,5,1850.54,9
2020,6,1880.04,6
2020,7,1908.12,4
2020,8,1906.2599999999998,5
2020,9,2033.44,1
2020,10,1873.76,7
2020,1,1910.52,3
2020,2,1698.1200000000003,9
2020,3,1888.92,5
2020,4,1954.8000000000002,2
2020,5,1522.6999999999998,10
2020,6,1910.5,4
2020,7,1968.6999999999998,1
2020,8,1856.36,7
2020,9,1797.72,8
2020,10,1880.48,6
2020,1,1988.44,1
2020,2,1966.54,3
2020,3,1981.46,2
2020,4,1739.6600000000003,9
2020,5,1731.8999999999999,10
2020,6,1844.52,5
2020,7,1790.1200000000001,8
2020,8,1841.1599999999999,6
2020,9,1818.7599999999998,7
2020,10,1911.38,4
2020,1,2020.6999999999998,1
2020,2,1945.78,3
2020,3,1511.8200000000002,10
2020,4,1929.6,4
2020,5,1807.82,9
2020,6,1975.3600000000001,2
2020,7,1907.14,6
2020,8,1925.4199999999998,5
2020,9,1835.6800000000003,8
2020,10,1875.26,7
2020,1,1922.62,4
2020,2,1862.96,9
2020,3,1947.1,2
2020,4,1633.7999999999997,10
2020,5,1883.44,7
2020,6,1907.92,5
2020,7,1886.58,6
2020,8,1999.48,1
2020,9,1933.44,3
2020,10,1872.82,8
2020,1,1932.58,2
2020,2,1983.6599999999999,1
2020,3,1837.6,9
2020,4,1925.6799999999998,3
2020,5,1873.6399999999999,7
2020,6,1872.86,8
2020,7,1908.2599999999998,5
2020,8,1818.3400000000001,10
2020,9,1906.1599999999999,6
2020,10,1924.42,4
2020,1,1878.54,6
2020,2,1923.06,3
2020,3,1664.96,10
2020,4,1902.2600000000002,4
2020,5,1827.8000000000002,8
2020,6,1812.52,9
2020,7,2009.8000000000002,1
2020,8,1882.68,5
2020,9,1976.9199999999998,2
2020,10,1854.82,7
2020,1,1944.3600000000001,3
2020,2,2009.34,1
2020,3,1801.56,9
2020,4,1816.56,8
2020,5,1962.6,2
2020,6,1930.54,4
2020,7,1826.64,7
2020,8,1657.0,10
2020,9,1875.4,5
2020,10,1848.12,6
2020,1,1965.02,3
2020,2,1974.26,2
2020,3,1931.52,4
2020,4,1558.6999999999998,10
2020,5,1584.6,9
2020,6,1894.62,6
2020,7,1978.24,1
2020,8,1860.3999999999999,7
2020,9,1905.4399999999996,5
2020,10,1812.2199999999998,8
2020,1,1888.7399999999998,6
2020,2,1968.78,1
2020,3,1847.82,8
2020,4,1889.84,5
2020,5,1635.0,10
2020,6,1911.1000000000001,4
2020,7,1944.7799999999997,3
2020,8,1945.52,2
2020,9,1863.8200000000002,7
2020,10,1817.12,9
2020,1,1916.5800000000002,6
2020,2,1980.2799999999997,2
2020,3,1980.7399999999998,1
2020,4,1867.5,9
2020,5,1956.22,3
2020,6,1930.2799999999997,5
2020,7,1945.52,4
2020,8,1909.12,7
2020,9,1841.62,10
2020,10,1872.7199999999998,8
2020,1,2028.56,1
2020,2,1878.9,7
2020,3,1882.8200000000002,6
2020,4,1917.48,4
2020,5,1817.9,9
2020,6,1892.44,5
2020,7,1554.1,10
2020,8,1988.36,2
2020,9,1941.74,3
2020,10,1860.04,8
2020,1,1896.08,4
2020,2,1847.04,7
2020,3,1961.8,1
2020,4,1876.08,6
2020,5,1904.96,3
2020,6,1894.46,5
2020,7,1841.08,8
2020,8,1727.16,10
2020,9,1790.3200000000002,9
2020,10,1953.6200000000001,2
2020,1,1899.04,7
2020,2,1873.08,8
2020,3,2025.2,1
2020,4,1947.8600000000001,2
2020,5,1926.32,3
2020,6,1919.16,4
2020,7,1617.0000000000002,10
2020,8,1846.22,9
2020,9,1905.1599999999999,5
2020,10,1900.1,6
2020,1,1834.7399999999998,9
2020,2,1873.02,6
2020,3,1932.0,4
2020,4,1933.04,3
2020,5,1934.52,2
2020,6,1581.3,10
2020,7,1848.3600000000001,7
2020,8,1999.8799999999999,1
2020,9,1841.34,8
2020,10,1904.46,5
2020,1,1824.5999999999997,9
2020,2,1859.32,8
2020,3,1953.96,2
2020,4,1921.78,5
2020,5,1863.1399999999999,7
2020,6,1928.56,4
2020,7,1971.7199999999998,1
2020,8,1816.8200000000002,10
2020,9,1951.1,3
2020,10,1911.42,6
2020,1,1864.42,9
2020,2,1860.8799999999999,10
2020,3,1871.3799999999997,7
2020,4,2013.0199999999998,1
2020,5,1999.2800000000002,2
2020,6,1942.3200000000002,3
2020,7,1913.66,5
2020,8,1865.9599999999998,8
2020,9,1880.7399999999998,6
2020,10,1929.5,4
2020,1,1886.36,6
2020,2,1893.62,5
2020,3,1949.2399999999998,2
2020,4,1865.9,8
2020,5,1898.56,4
2020,6,2011.32,1
2020,7,1773.6799999999998,10
2020,8,1880.44,7
2020,9,1917.24,3
2020,10,1825.8000000000002,9
2020,1,1990.8600000000001,2
2020,2,1982.3799999999999,3
2020,3,1875.72,5
2020,4,2000.94,1
2020,5,1866.54,7
2020,6,1861.56,8
2020,7,1914.5,4
2020,8,1801.3200000000002,10
2020,9,1812.72,9
2020,10,1874.0,6
2020,1,1957.46,3
2020,2,1922.0600000000002,6
2020,3,1930.1200000000001,5
2020,4,1828.08,10
2020,5,1982.0,2
2020,6,1947.02,4
2020,7,1912.64,7
2020,8,1828.16,9
2020,9,1983.2999999999997,1
2020,10,1872.1599999999999,8
2020,1,1945.7400000000002,3
2020,2,1963.98,2
2020,3,1864.18,7
2020,4,1893.46,4
2020,5,1985.2399999999998,1
2020,6,1840.2999999999997,8
2020,7,1865.2199999999998,6
2020,8,1888.06,5
2020,9,1806.44,9
2020,10,1629.8000000000002,10
2020,1,1763.3200000000002,10
2020,2,1863.6399999999999,8
2020,3,1936.08,4
2020,4,1889.3,5
2020,5,1951.84,3
2020,6,1864.9799999999998,7
2020,7,1886.8199999999997,6
2020,8,1959.12,2
2020,9,1825.5199999999998,9
2020,10,1987.06,1
2020,1,1855.6200000000001,10
2020,2,1901.6599999999999,4
2020,3,1974.48,2
2020,4,1999.3799999999999,1
2020,5,1860.7600000000002,9
2020,6,1894.5,6
2020,7,1872.54,8
2020,8,1874.3400000000001,7
2020,9,1964.7399999999998,3
2020,10,1895.04,5
2020,1,1892.1599999999999,4
2020,2,1930.3200000000002,2
2020,3,1826.42,8
2020,4,1994.4,1
2020,5,1836.0,7
2020,6,1615.62,9
2020,7,1836.16,6
2020,8,1890.44,5
2020,9,1898.2399999999998,3
2020,10,1606.7,10
2020,1,1935.1599999999999,3
2020,2,1870.3200000000002,6
2020,3,2028.34,1
2020,4,1812.92,10
2020,5,1820.86,9
2020,6,1876.58,5
2020,7,1940.98,2
2020,8,1893.52,4
2020,9,1822.6599999999999,7
2020,10,1821.1800000000003,8
2020,1,1806.38,8
2020,2,1945.1399999999999,3
2020,3,1618.94,10
2020,4,1850.7599999999998,7
2020,5,1882.74,4
2020,6,2030.6999999999998,1
2020,7,1869.52,6
2020,8,1970.7800000000002,2
2020,9,1621.7,9
2020,10,1873.58,5
2020,1,1875.5399999999997,5
2020,2,1875.1200000000001,6
2020,3,1565.72,10
2020,4,2047.96,1
2020,5,1770.8999999999999,9
2020,6,1910.58,4
2020,7,1793.8999999999999,8
2020,8,1828.82,7
2020,9,1939.3600000000001,2
2020,10,1919.72,3
2020,1,1880.54,6
2020,2,1664.6,10
2020,3,1768.12,9
2020,4,1937.2,3
2020,5,1967.6,2
2020,6,1787.6000000000001,7
2020,7,1905.68,4
2020,8,1885.1399999999999,5
2020,9,2014.7799999999997,1
2020,10,1771.46,8
2020,1,1887.56,5
2020,2,1972.24,1
2020,3,1839.22,8
2020,4,1884.6800000000003,6
2020,5,1816.6599999999999,9
2020,6,1855.6799999999998,7
2020,7,1915.4199999999998,4
2020,8,1961.44,2
2020,9,1777.96,10
2020,10,1930.06,3
2020,1,1905.48,6
2020,2,1678.7,10
2020,3,1808.02,9
2020,4,1948.5,3
2020,5,1957.38,2
2020,6,1963.0,1
2020,7,1922.94,5
2020,8,1850.24,8
2020,9,1873.8199999999997,7
2020,10,1930.7200000000003,4
2020,1,2027.3600000000001,1
2020,2,1867.44,6
2020,3,1954.24,3
2020,4,1491.2,10
2020,5,1798.8600000000001,8
2020,6,2008.8999999999999,2
2020,7,1624.0,9
2020,8,1878.6599999999999,5
2020,9,1854.22,7
2020,10,1883.3799999999999,4
2020,1,1898.38,7
2020,2,1799.5200000000002,10
2020,3,1912.7,3
2020,4,1905.8400000000001,5
2020,5,1913.0800000000002,2
2020,6,1907.9199999999998,4
2020,7,1898.96,6
2020,8,2004.1399999999999,1
2020,9,1814.1,9
2020,10,1823.6,8
2020,1,1812.28,10
2020,2,1887.3399999999997,3
2020,3,1916.92,2
2020,4,1929.6599999999999,1
2020,5,1873.7599999999998,5
2020,6,1869.1799999999998,6
2020,7,1814.98,9
2020,8,1865.6599999999999,7
2020,9,1887.1999999999998,4
2020,10,1850.8399999999997,8
2020,1,1805.3,8
2020,2,1996.28,1
2020,3,1943.96,3
2020,4,1845.0,7
2020,5,1926.22,5
2020,6,1625.4199999999998,9
2020,7,1896.06,6
2020,8,1958.4799999999998,2
2020,9,1610.0,10
2020,10,1932.1399999999999,4
2021,1,1889.58,6
2021,2,1940.2600000000002,4
2021,3,1979.48,2
2021,4,1815.2600000000002,8
2021,5,2113.54,1
2021,6,1914.96,5
2021,7,1959.2600000000002,3
2021,8,1880.6799999999998,7
2021,9,1610.2,10
2021,10,1776.5600000000002,9
2021,1,1976.96,3
2021,2,1956.3000000000002,4
2021,3,1867.8599999999997,8
2021,4,1576.1,10
2021,5,1891.6399999999999,5
2021,6,1871.98,6
2021,7,1868.4000000000003,7
2021,8,1977.56,2
2021,9,1670.6,9
2021,10,1997.94,1
2021,1,1994.96,2
2021,2,1893.9,7
2021,3,1922.52,5
2021,4,1748.06,9
2021,5,1896.3,6
2021,6,2042.7399999999998,1
2021,7,1947.9800000000002,4
2021,8,1884.54,8
2021,9,1557.3600000000001,10
2021,10,1976.6799999999998,3
2021,1,1592.62,10
2021,2,2064.36,1
2021,3,1981.1599999999999,4
2021,4,1946.6,5
2021,5,2010.6399999999999,3
2021,6,1842.3600000000001,9
2021,7,2047.3399999999997,2
2021,8,1906.8200000000002,8
2021,9,1907.8600000000001,7
2021,10,1909.78,6
2021,1,2053.86,1
2021,2,1871.02,9
2021,3,1690.9,10
2021,4,1959.2800000000002,2
2021,5,1922.2600000000002,5
2021,6,1916.78,6
2021,7,1949.36,3
2021,8,1924.06,4
2021,9,1894.3600000000001,8
2021,10,1907.1399999999999,7
2021,1,1964.5600000000002,3
2021,2,1895.9,6
2021,3,1946.04,5
2021,4,1952.96,4
2021,5,2016.7599999999998,1
2021,6,2007.06,2
2021,7,1860.46,8
2021,8,1887.1399999999999,7
2021,9,1594.3999999999999,10
2021,10,1658.1,9
2021,1,1956.38,5
2021,2,1946.06,6
2021,3,1963.14,4
2021,4,1977.46,2
2021,5,1935.18,7
2021,6,1963.1600000000003,3
2021,7,1884.4999999999998,9
2021,8,2011.62,1
2021,9,1931.28,8
2021,10,1819.2599999999998,10
2021,1,1816.66,8
2021,2,2139.06,1
2021,3,1838.96,7
2021,4,1969.46,4
2021,5,1916.8799999999997,5
2021,6,1913.22,6
2021,7,1692.8600000000001,9
2021,8,1986.44,3
2021,9,1630.5000000000002,10
2021,10,2044.94,2
2021,1,1955.34,4
2021,2,1625.0,10
2021,3,2011.1,2
2021,4,1916.7000000000003,6
2021,5,1972.0,3
2021,6,1880.46,7
2021,7,1918.3199999999997,5
2021,8,1638.6,9
2021,9,1877.5000000000002,8
2021,10,2029.3799999999999,1
2021,1,1926.3400000000001,7
2021,2,1990.6,2
2021,3,1951.28,5
2021,4,1930.9,6
2021,5,2081.6,1
2021,6,1974.26,3
2021,7,1671.2,9
2021,8,1966.04,4
2021,9,1893.3600000000001,8
2021,10,1592.3799999999999,10
2021,1,1607.5,10
2021,2,2084.54,1
2021,3,2000.6799999999998,4
2021,4,1921.3400000000001,7
2021,5,1922.0600000000002,6
2021,6,1876.8600000000001,9
2021,7,2018.5,3
2021,8,2039.2400000000002,2
2021,9,1897.58,8
2021,10,1931.92,5
2021,1,1912.58,5
2021,2,1671.8600000000001,9
2021,3,1966.88,3
2021,4,1911.4199999999998,6
2021,5,1589.1200000000001,10
2021,6,1871.7400000000002,8
2021,7,1930.16,4
2021,8,1891.0799999999997,7
2021,9,1992.8600000000001,2
2021,10,2145.94,1
2021,1,2058.92,1
2021,2,1988.46,4
2021,3,1913.7,8
2021,4,1978.74,5
2021,5,1846.8999999999999,10
2021,6,1856.98,9
2021,7,2014.26,2
2021,8,1917.8399999999997,7
2021,9,1920.6999999999998,6
2021,10,1994.2600000000002,3
2021,1,2033.4399999999998,2
2021,2,1899.6399999999999,4
2021,3,1709.1599999999999,9
2021,4,1873.3999999999996,6
2021,5,2110.16,1
2021,6,1886.3,5
2021,7,1783.08,8
2021,8,1931.38,3
2021,9,1871.1999999999998,7
2021,10,1636.0,10
2021,1,1953.52,4
2021,2,1884.38,8
2021,3,1949.04,5
2021,4,1954.26,3
2021,5,1969.56,2
2021,6,1793.58,10
2021,7,1863.82,9
2021,8,1908.9399999999998,6
2021,9,1892.54,7
2021,10,2058.62,1
2021,1,1932.86,3
2021,2,1986.9,2
2021,3,1903.38,7
2021,4,1899.04,8
2021,5,1918.8400000000001,5
2021,6,1903.54,6
2021,7,1816.0,9
2021,8,1925.3600000000001,4
2021,9,2045.7,1
2021,10,1706.96,10
2021,1,1994.86,2
2021,2,1939.04,6
2021,3,2169.5,1
2021,4,1918.78,7
2021,5,1830.58,8
2021,6,1992.8600000000001,3
2021,7,1545.4,10
2021,8,1959.06,5
2021,9,1605.76,9
2021,10,1969.74,4
2021,1,1889.64,7
2021,2,1635.6,10
2021,3,1981.2799999999997,3
2021,4,2077.24,1
2021,5,1882.72,8
2021,6,1840.5,9
2021,7,1960.88,5
2021,8,1935.6399999999999,6
2021,9,1981.1599999999999,4
2021,10,2042.9599999999998,2
2021,1,1921.8599999999997,6
2021,2,1988.3600000000001,3
2021,3,1998.3799999999999,2
2021,4,1961.04,4
2021,5,2078.2799999999997,1
2021,6,1921.2600000000002,7
2021,7,1911.6599999999999,10
2021,8,1920.6399999999999,8
2021,9,1942.38,5
2021,10,1917.6399999999999,9
2021,1,2075.94,1
2021,2,1978.3000000000002,3
2021,3,1952.44,6
2021,4,1863.7200000000003,8
2021,5,1959.58,5
2021,6,1552.9,9
2021,7,1866.88,7
2021,8,2026.94,2
2021,9,1510.5,10
2021,10,1977.56,4
2021,1,1909.26,6
2021,2,2029.34,2
2021,3,1908.6,7
2021,4,1928.4799999999998,5
2021,5,2047.8200000000002,1
2021,6,2003.04,3
2021,7,1967.7000000000003,4
2021,8,1570.7,10
2021,9,1608.42,9
2021,10,1897.26,8
2021,1,1753.5,9
2021,2,1978.34,2
2021,3,1904.54,7
2021,4,1928.2999999999997,5
2021,5,2008.48,1
2021,6,1946.0600000000002,4
2021,7,1921.26,6
2021,8,1958.8000000000002,3
2021,9,1897.4599999999998,8
2021,10,1581.6999999999998,10
2021,1,1953.56,3
2021,2,1998.6,1
2021,3,1621.48,10
2021,4,1940.34,4
2021,5,1975.6599999999999,2
2021,6,1667.2,9
2021,7,1928.66,5
2021,8,1839.1999999999998,7
2021,9,1807.92,8
2021,10,1915.88,6
2021,1,1920.14,6
2021,2,2084.6,1
2021,3,1935.68,5
2021,4,1867.58,9
2021,5,1946.2,3
2021,6,1867.44,10
2021,7,1914.64,7
2021,8,1957.88,2
2021,9,1890.1599999999999,8
2021,10,1945.6999999999998,4
2021,1,1932.14,5
2021,2,1913.94,6
2021,3,1881.3,7
2021,4,1961.5,3
2021,5,1972.96,2
2021,6,1827.42,9
2021,7,1652.4,10
2021,8,1874.96,8
2021,9,1941.8600000000001,4
2021,10,2068.54,1
2021,1,1937.1599999999999,3
2021,2,1921.44,4
2021,3,1849.7000000000003,8
2021,4,2009.2400000000002,1
2021,5,1969.2599999999998,2
2021,6,1909.6,6
2021,7,1730.6,9
2021,8,1886.96,7
2021,9,1913.0,5
2021,10,1595.6999999999998,10
2021,1,2025.7999999999997,2
2021,2,1939.78,6
2021,3,1893.06,8
2021,4,2051.16,1
2021,5,1945.8200000000002,4
2021,6,1769.44,10
2021,7,2019.5399999999997,3
2021,8,1939.5,7
2021,9,1887.6799999999998,9
2021,10,1939.86,5
2021,1,1795.2999999999997,7
2021,2,1576.66,10
2021,3,2043.8000000000002,2
2021,4,1656.6999999999998,9
2021,5,1657.3,8
2021,6,2038.7400000000002,3
2021,7,2055.2599999999998,1
2021,8,1821.48,6
2021,9,1923.3600000000001,4
2021,10,1835.3400000000001,5
2021,1,1966.08,4
2021,2,1866.7800000000002,10
2021,3,1890.0,8
2021,4,1912.64,6
2021,5,1988.9199999999998,3
2021,6,2014.06,1
2021,7,1951.7199999999998,5
2021,8,2002.32,2
2021,9,1878.84,9
2021,10,1911.0,7
2021,1,1997.16,2
2021,2,1677.1599999999999,10
2021,3,2056.56,1
2021,4,1923.7400000000002,6
2021,5,1847.6599999999999,7
2021,6,1985.3400000000001,3
2021,7,1966.1400000000003,4
2021,8,1959.6999999999998,5
2021,9,1828.86,9
2021,10,1845.7199999999998,8
2021,1,1936.76,3
2021,2,1846.4,8
2021,3,1673.4999999999998,10
2021,4,1865.9,6
2021,5,1933.7000000000003,4
2021,6,1804.58,9
2021,7,2017.16,1
2021,8,1858.46,7
2021,9,1979.62,2
2021,10,1884.7799999999997,5
2021,1,2093.0,1
2021,2,2015.4199999999998,2
2021,3,1680.4,10
2021,4,1818.6799999999998,8
2021,5,2000.06,3
2021,6,1921.6,6
2021,7,1953.7399999999998,5
2021,8,1795.0600000000002,9
2021,9,1958.56,4
2021,10,1834.3799999999999,7
2021,1,1944.88,6
2021,2,1961.8400000000001,4
2021,3,1996.3600000000001,2
2021,4,1971.12,3
2021,5,1959.1399999999999,5
2021,6,1853.5400000000002,9
2021,7,2026.3600000000001,1
2021,8,1925.94,8
2021,9,1927.3599999999997,7
2021,10,1619.6,10
2021,1,1990.0,1
2021,2,1950.96,3
2021,3,1835.9,10
2021,4,1861.8600000000001,9
2021,5,1911.96,6
2021,6,1927.44,5
2021,7,1864.5399999999997,8
2021,8,1949.02,4
2021,9,1886.54,7
2021,10,1959.18,2
2021,1,1914.7,6
2021,2,1715.3,9
2021,3,1917.1600000000003,5
2021,4,1605.6,10
2021,5,2005.42,1
2021,6,1943.24,3
2021,7,2005.06,2
2021,8,1885.5,8
2021,9,1907.8199999999997,7
2021,10,1931.44,4
2021,1,1745.3999999999996,9
2021,2,1941.6799999999998,4
2021,3,1913.2600000000002,5
2021,4,1630.8000000000002,10
2021,5,1910.3999999999999,6
2021,6,1857.3799999999999,8
2021,7,1971.6000000000001,2
2021,8,1947.8600000000001,3
2021,9,1875.16,7
2021,10,2018.8600000000001,1
2021,1,2036.44,2
2021,2,1978.6599999999999,5
2021,3,1893.2999999999997,8
2021,4,1877.06,9
2021,5,1981.96,4
2021,6,1919.7199999999998,7
2021,7,1984.46,3
2021,8,2081.72,1
2021,9,1956.7599999999998,6
2021,10,1551.8600000000001,10
2021,1,1673.4,9
2021,2,2046.5599999999997,2
2021,3,2064.96,1
2021,4,1564.9,10
2021,5,1890.28,7
2021,6,1913.2399999999998,5
2021,7,1969.3600000000001,3
2021,8,1873.3600000000001,8
2021,9,1933.1000000000001,4
2021,10,1901.42,6
2021,1,2047.4599999999998,1
2021,2,1953.46,5
2021,3,2011.1399999999996,2
2021,4,1970.6,4
2021,5,1887.96,8
2021,6,1925.8000000000002,6
2021,7,1971.04,3
2021,8,1616.1999999999998,9
2021,9,1895.3200000000002,7
2021,10,1524.0,10
2021,1,1933.9399999999998,4
2021,2,1907.3600000000001,7
2021,3,2009.94,1
2021,4,1911.2399999999998,5
2021,5,1910.62,6
2021,6,1852.76,9
2021,7,1987.7800000000002,3
2021,8,1860.92,8
2021,9,1988.8000000000002,2
2021,10,1658.2199999999998,10
2021,1,1931.6599999999999,4
2021,2,1906.38,7
2021,3,1999.6599999999999,2
2021,4,1930.0,5
2021,5,1605.7,10
2021,6,1922.7199999999998,6
2021,7,2055.2400000000002,1
2021,8,1869.1599999999999,9
2021,9,1878.6399999999999,8
2021,10,1966.2599999999998,3
2021,1,1717.5,10
2021,2,1913.46,6
2021,3,1889.56,8
2021,4,1843.42,9
2021,5,1948.74,3
2021,6,1932.4600000000003,5
2021,7,2119.56,1
2021,8,1952.1399999999999,2
2021,9,1906.08,7
2021,10,1943.42,4
2021,1,1918.88,4
2021,2,1894.3399999999997,7
2021,3,1893.48,8
2021,4,1979.2799999999997,1
2021,5,1884.52,9
2021,6,1651.7000000000003,10
2021,7,1929.3600000000001,3
2021,8,1902.54,6
2021,9,1941.2599999999998,2
2021,10,1914.1599999999999,5
2021,1,2064.48,1
2021,2,1861.8000000000002,7
2021,3,1865.8400000000001,6
2021,4,2007.78,2
2021,5,1945.74,4
2021,6,1629.04,10
2021,7,1643.7599999999998,9
2021,8,1913.6000000000001,5
2021,9,1953.2599999999998,3
2021,10,1779.6599999999999,8
2021,1,1858.7599999999998,9
2021,2,2050.6,1
2021,3,1912.46,6
2021,4,2045.2799999999997,2
2021,5,1964.3999999999999,3
2021,6,1934.3799999999999,5
2021,7,1907.16,7
2021,8,1955.74,4
2021,9,1874.72,8
2021,10,1612.3,10
2021,1,1977.74,2
2021,2,1940.7599999999998,3
2021,3,1874.58,9
2021,4,1668.5,10
2021,5,1915.8799999999997,6
2021,6,1901.8600000000001,7
2021,7,1877.56,8
2021,8,1939.76,4
2021,9,2057.3,1
2021,10,1922.06,5
2021,1,1910.12,5
2021,2,1967.12,3
2021,3,1614.1,10
2021,4,1807.4800000000002,9
2021,5,1928.1599999999999,4
2021,6,1813.7399999999998,8
2021,7,1990.72,2
2021,8,1871.78,6
2021,9,1841.7399999999998,7
2021,10,2175.1,1
2021,1,1581.0800000000002,10
2021,2,2039.56,1
2021,3,1965.7200000000003,3
2021,4,1894.94,8
2021,5,2004.68,2
2021,6,1901.8000000000002,5
2021,7,1901.7800000000002,6
2021,8,1825.7199999999998,9
2021,9,1924.2400000000002,4
2021,10,1896.0800000000002,7
2021,1,1945.44,4
2021,2,2014.8600000000001,1
2021,3,1663.8999999999999,10
2021,4,1912.06,6
2021,5,1976.2200000000003,3
2021,6,1899.1200000000001,7
2021,7,1939.54,5
2021,8,1894.8799999999997,8
2021,9,1815.7799999999997,9
2021,10,1984.0,2
2021,1,1874.56,8
2021,2,2044.6999999999998,1
2021,3,1929.1399999999999,4
2021,4,1891.26,7
2021,5,1679.6,10
2021,6,2024.56,2
2021,7,1873.8799999999999,9
2021,8,1918.98,6
2021,9,1973.6599999999999,3
2021,10,1922.8799999999999,5
2021,1,2034.8600000000001,2
2021,2,1970.8000000000002,4
2021,3,2043.7599999999998,1
2021,4,1890.16,5
2021,5,1616.2,10
2021,6,1878.9,6
2021,7,2011.5200000000002,3
2021,8,1799.88,9
2021,9,1866.1799999999998,8
2021,10,1873.06,7
2021,1,1659.0,8
2021,2,1965.66,3
2021,3,1916.7199999999998,6
2021,4,2053.44,1
2021,5,1945.06,4
2021,6,1966.48,2
2021,7,1923.4999999999998,5
2021,8,1903.3400000000001,7
2021,9,1566.02,10
2021,10,1649.7000000000003,9
2021,1,1944.8400000000001,4
2021,2,1839.48,7
2021,3,2031.6000000000001,1
2021,4,1990.1799999999998,2
2021,5,1805.42,8
2021,6,1929.7399999999998,5
2021,7,1660.8000000000002,10
2021,8,1980.54,3
2021,9,1912.3600000000001,6
2021,10,1680.7600000000002,9
2021,1,1915.1399999999999,4
2021,2,1967.56,3
2021,3,2158.84,1
2021,4,1693.2999999999997,10
2021,5,1973.0,2
2021,6,1881.66,7
2021,7,1829.12,9
2021,8,1869.7200000000003,8
2021,9,1911.2000000000003,5
2021,10,1907.54,6
2021,1,1733.36,9
2021,2,1929.8,4
2021,3,1970.52,3
2021,4,1842.98,8
2021,5,1915.64,5
2021,6,2022.3400000000001,1
2021,7,1990.56,2
2021,8,1597.0,10
2021,9,1884.48,7
2021,10,1913.6799999999998,6
2021,1,1906.5,7
2021,2,1999.4799999999998,2
2021,3,1972.06,3
2021,4,1947.44,5
2021,5,2086.1,1
2021,6,1462.8999999999999,10
2021,7,1954.3400000000001,4
2021,8,1638.1999999999998,8
2021,9,1943.2600000000002,6
2021,10,1587.12,9
2021,1,2092.12,1
2021,2,1976.26,2
2021,3,1958.44,5
2021,4,1946.9399999999998,6
2021,5,1938.88,7
2021,6,1974.7800000000002,3
2021,7,1891.66,9
2021,8,1895.46,8
2021,9,1578.1999999999998,10
2021,10,1973.62,4
2021,1,2024.7600000000002,1
2021,2,1894.7599999999998,6
2021,3,2017.12,2
2021,4,1967.3999999999999,3
2021,5,1900.5,5
2021,6,1720.3999999999996,9
2021,7,1948.2000000000003,4
2021,8,1856.56,7
2021,9,1608.1,10
2021,10,1761.92,8
2021,1,1622.3,10
2021,2,1998.8600000000001,2
2021,3,1913.42,4
2021,4,1904.54,8
2021,5,1685.2,9
2021,6,2060.36,1
2021,7,1908.44,7
2021,8,1935.94,3
2021,9,1912.7,5
2021,10,1909.0599999999997,6
2021,1,2023.28,1
2021,2,1938.88,7
2021,3,1946.2799999999997,6
2021,4,1841.88,8
2021,5,2013.84,2
2021,6,1961.06,4
2021,7,1790.0600000000002,9
2021,8,1661.9,10
2021,9,1950.1000000000004,5
2021,10,1987.3399999999997,3
2021,1,2162.16,1
2021,2,1908.76,6
2021,3,1935.74,3
2021,4,1925.66,4
2021,5,1886.8600000000001,7
2021,6,1959.54,2
2021,7,1760.8,9
2021,8,1909.7399999999998,5
2021,9,1573.2999999999997,10
2021,10,1845.48,8
2021,1,2036.94,1
2021,2,1989.6800000000003,2
2021,3,1850.92,7
2021,4,1962.9599999999998,5
2021,5,1797.56,9
2021,6,1989.12,3
2021,7,1987.3999999999999,4
2021,8,1831.0600000000002,8
2021,9,1623.3999999999999,10
2021,10,1907.54,6
2021,1,1962.7399999999998,5
2021,2,1924.56,7
2021,3,1958.14,6
2021,4,1981.86,3
2021,5,1876.04,10
2021,6,1963.08,4
2021,7,2018.46,1
2021,8,1908.52,8
2021,9,1988.62,2
2021,10,1881.2800000000002,9
2021,1,1868.08,6
2021,2,1926.2400000000002,4
2021,3,1793.38,8
2021,4,1957.3400000000001,2
2021,5,1856.7200000000003,7
2021,6,1945.7200000000003,3
2021,7,2064.44,1
2021,8,1577.3999999999999,10
2021,9,1677.52,9
2021,10,1922.06,5
2021,1,1955.54,3
2021,2,2025.8600000000001,2
2021,3,1924.2800000000002,4
2021,4,2145.62,1
2021,5,1825.38,8
2021,6,1621.1,10
2021,7,1870.08,7
2021,8,1870.8399999999997,6
2021,9,1885.6999999999998,5
2021,10,1677.9,9
2021,1,1968.56,1
2021,2,1943.44,3
2021,3,1942.7599999999998,4
2021,4,1890.26,7
2021,5,1882.96,8
2021,6,1656.16,10
2021,7,1957.4799999999998,2
2021,8,1927.2599999999998,5
2021,9,1866.4399999999998,9
2021,10,1919.34,6
2021,1,1972.0600000000002,3
2021,2,1711.0,10
2021,3,1897.84,8
2021,4,2046.1599999999999,1
2021,5,1958.7,4
2021,6,1919.36,6
2021,7,1950.7600000000002,5
2021,8,1915.14,7
2021,9,1877.32,9
2021,10,1996.6599999999999,2
2021,1,2069.94,1
2021,2,2021.52,2
2021,3,2018.24,3
2021,4,1970.44,4
2021,5,1853.1000000000001,8
2021,6,1908.0,5
2021,7,1866.32,6
2021,8,1795.16,9
2021,9,1644.5,10
2021,10,1856.88,7
2021,1,2047.8400000000001,2
2021,2,1890.6000000000001,4
2021,3,1961.94,3
2021,4,1836.8600000000001,9
2021,5,1865.3000000000002,7
2021,6,1860.8799999999997,8
2021,7,2057.2,1
2021,8,1880.1999999999998,6
2021,9,1888.52,5
2021,10,1686.9,10
2021,1,1730.6000000000001,10
2021,2,1917.06,6
2021,3,1791.3600000000001,9
2021,4,2045.6799999999998,1
2021,5,1954.4,3
2021,6,1905.6399999999999,7
2021,7,1951.24,5
2021,8,1848.4600000000003,8
2021,9,1951.4,4
2021,10,1988.28,2
2021,1,1949.0799999999997,3
2021,2,1687.5000000000002,9
2021,3,1927.18,4
2021,4,1596.1999999999998,10
2021,5,2042.38,1
2021,6,1886.1399999999999,5
2021,7,1885.6600000000003,6
2021,8,1959.9399999999998,2
2021,9,1879.86,7
2021,10,1848.3000000000002,8
2021,1,1735.42,9
2021,2,1923.3200000000002,4
2021,3,1991.76,2
2021,4,2095.46,1
2021,5,1698.5,10
2021,6,1849.8400000000001,7
2021,7,1957.62,3
2021,8,1874.1999999999998,6
2021,9,1832.6,8
2021,10,1904.48,5
2021,1,1990.06,3
2021,2,1911.0,7
2021,3,1902.46,9
2021,4,1934.18,6
2021,5,1910.08,8
2021,6,2044.0400000000002,1
2021,7,2007.1999999999998,2
2021,8,1734.7800000000002,10
2021,9,1973.54,4
2021,10,1937.8600000000001,5
2021,1,1932.8600000000001,4
2021,2,1914.46,5
2021,3,1884.2400000000002,7
2021,4,1988.7599999999998,3
2021,5,2066.88,1
2021,6,1721.1,10
2021,7,2021.8799999999999,2
2021,8,1843.6599999999999,8
2021,9,1799.6,9
2021,10,1913.54,6
2021,1,1983.1999999999998,2
2021,2,1801.94,10
2021,3,1962.44,3
2021,4,2093.26,1
2021,5,1852.3600000000001,9
2021,6,1896.4199999999998,7
2021,7,1940.74,5
2021,8,1925.1399999999999,6
2021,9,1891.3600000000001,8
2021,10,1955.58,4
2021,1,2084.08,1
2021,2,1987.6799999999998,3
2021,3,1908.48,6
2021,4,1792.92,8
2021,5,1944.1,4
2021,6,1663.2,10
2021,7,1690.82,9
2021,8,1910.6000000000001,5
2021,9,2008.02,2
2021,10,1883.86,7
2021,1,1922.72,8
2021,2,1995.7800000000002,2
2021,3,1946.3999999999996,5
2021,4,1964.24,4
2021,5,1946.1200000000003,6
2021,6,1746.96,10
2021,7,1860.8200000000002,9
2021,8,1937.94,7
2021,9,2018.44,1
2021,10,1965.0,3
2021,1,1957.96,3
2021,2,1892.7399999999998,7
2021,3,2056.2599999999998,1
2021,4,1964.1799999999998,2
2021,5,1952.64,4
2021,6,1616.6999999999998,10
2021,7,1949.78,5
2021,8,1687.38,9
2021,9,1918.42,6
2021,10,1884.4399999999996,8
2021,1,1992.5,2
2021,2,1997.5,1
2021,3,1881.42,8
2021,4,1942.6599999999999,4
2021,5,1946.5400000000002,3
2021,6,1859.46,9
2021,7,1682.2999999999997,10
2021,8,1934.6599999999999,5
2021,9,1903.6799999999998,7
2021,10,1914.66,6
2021,1,2081.04,1
2021,2,1851.76,7
2021,3,1976.3600000000001,3
2021,4,1892.6399999999996,6
2021,5,1657.5,10
2021,6,2006.9,2
2021,7,1915.8200000000002,4
2021,8,1848.62,8
2021,9,1671.1999999999998,9
2021,10,1909.98,5
2021,1,1976.48,3
2021,2,2033.04,1
2021,3,1890.58,7
2021,4,2006.8000000000002,2
2021,5,1966.42,4
2021,6,1644.6,9
2021,7,1934.5600000000002,5
2021,8,1844.56,8
2021,9,1607.3600000000001,10
2021,10,1923.8400000000001,6
2021,1,1982.04,3
2021,2,1930.0,7
2021,3,1933.7,6
2021,4,1879.6599999999999,10
2021,5,1997.02,1
2021,6,1939.1599999999999,5
2021,7,1911.3000000000002,8
2021,8,1983.52,2
2021,9,1979.18,4
2021,10,1881.48,9
2021,1,2017.6599999999999,1
2021,2,1920.6399999999999,4
2021,3,1852.6799999999998,8
2021,4,1914.54,5
2021,5,1783.3600000000001,9
2021,6,2016.8999999999999,2
2021,7,1642.1,10
2021,8,1927.0600000000004,3
2021,9,1906.86,6
2021,10,1896.58,7
2021,1,1865.48,7
2021,2,1947.4400000000003,4
2021,3,1872.6200000000001,6
2021,4,1621.9,10
2021,5,1673.6599999999999,9
2021,6,2013.36,2
2021,7,1983.36,3
2021,8,2092.6,1
2021,9,1935.56,5
2021,10,1841.22,8
2021,1,1903.48,6
2021,2,1906.1799999999998,5
2021,3,1617.0,10
2021,4,2074.04,1
2021,5,2001.7999999999997,2
2021,6,1840.1399999999999,8
2021,7,1934.9599999999998,4
2021,8,1891.96,7
2021,9,1968.0,3
2021,10,1637.7999999999997,9
2021,1,1996.1400000000003,1
2021,2,1852.98,8
2021,3,1763.86,9
2021,4,1618.3000000000002,10
2021,5,1888.04,6
2021,6,1971.6399999999999,4
2021,7,1871.08,7
2021,8,1953.38,5
2021,9,1976.4,3
2021,10,1995.6,2
2021,1,1938.1599999999999,5
2021,2,1999.6599999999999,3
2021,3,2019.12,2
2021,4,1521.8000000000002,10
2021,5,1931.1799999999998,6
2021,6,1867.26,9
2021,7,1919.02,7
2021,8,1962.48,4
2021,9,1882.3,8
2021,10,2039.1399999999999,1
2021,1,1769.1000000000001,8
2021,2,2032.6799999999998,1
2021,3,1957.0600000000002,3
2021,4,1931.46,5
2021,5,1845.34,7
2021,6,1959.8999999999999,2
2021,7,1700.5399999999997,9
2021,8,1899.46,6
2021,9,1661.1,10
2021,10,1952.84,4
2021,1,1956.12,4
2021,2,1650.4999999999998,10
2021,3,1927.42,6
2021,4,1866.06,7
2021,5,1931.16,5
2021,6,1964.6,3
2021,7,1994.84,2
2021,8,1864.7600000000002,8
2021,9,2140.46,1
2021,10,1853.42,9
2021,1,1996.58,2
2021,2,1973.54,3
2021,3,1999.98,1
2021,4,1913.5600000000002,6
2021,5,1676.2600000000002,10
2021,6,1968.16,4
2021,7,1860.96,8
2021,8,1852.36,9
2021,9,1959.02,5
2021,10,1864.4599999999998,7
2021,1,2011.56,1
2021,2,1884.74,7
2021,3,1972.6,3
2021,4,1915.56,6
2021,5,1635.22,9
2021,6,1954.9,4
2021,7,1624.0,10
2021,8,1745.48,8
2021,9,1915.96,5
2021,10,1997.4599999999998,2
2021,1,2005.1799999999998,2
2021,2,2042.7,1
2021,3,1982.54,4
2021,4,1839.62,8
2021,5,1632.4,10
2021,6,1995.84,3
2021,7,1845.7599999999998,7
2021,8,1901.4600000000003,6
2021,9,1959.32,5
2021,10,1831.08,9
2021,1,1654.5600000000004,9
2021,2,2000.18,2
2021,3,1955.6599999999999,4
2021,4,1939.6399999999999,6
2021,5,1949.4,5
2021,6,1971.1799999999998,3
2021,7,1901.48,7
2021,8,1900.66,8
2021,9,1565.3000000000002,10
2021,10,2067.54,1
2021,1,1998.8600000000001,2
2021,2,1958.0,5
2021,3,1935.8600000000001,6
2021,4,2068.14,1
2021,5,1990.2600000000002,3
2021,6,1761.94,9
2021,7,1901.52,7
2021,8,1662.4199999999998,10
2021,9,1965.94,4
2021,10,1785.8200000000002,8
2021,1,2069.36,1
2021,2,1988.72,3
2021,3,1886.7400000000002,7
2021,4,1623.6999999999998,10
2021,5,1966.92,4
2021,6,1954.56,5
2021,7,1910.64,6
2021,8,2044.3400000000001,2
2021,9,1776.38,8
2021,10,1751.52,9
2021,1,1980.1399999999999,3
2021,2,1744.7599999999998,10
2021,3,2011.74,2
2021,4,1870.5199999999998,8
2021,5,1882.3400000000001,7
2021,6,2031.3600000000001,1
2021,7,1950.1000000000001,4
2021,8,1891.6599999999999,6
2021,9,1914.0,5
2021,10,1784.34,9
2021,1,1716.7199999999998,10
2021,2,1950.02,3
2021,3,1948.46,4
2021,4,2005.14,1
2021,5,1885.56,8
2021,6,1847.5,9
2021,7,1964.46,2
2021,8,1944.52,5
2021,9,1898.4199999999998,7
2021,10,1934.1399999999999,6
2021,1,2051.16,1
2021,2,1592.86,10
2021,3,1973.2,5
2021,4,1938.6399999999999,6
2021,5,2001.1000000000001,3
2021,6,1999.74,4
2021,7,2009.54,2
2021,8,1791.1599999999999,9
2021,9,1793.48,8
2021,10,1874.7200000000003,7
2021,1,1852.64,9
2021,2,1901.8400000000001,7
2021,3,1869.8,8
2021,4,1992.04,1
2021,5,1981.1,3
2021,6,1930.3999999999999,5
2021,7,1680.6000000000001,10
2021,8,1991.04,2
2021,9,1912.8600000000001,6
2021,10,1937.54,4
2021,1,2004.7599999999998,1
2021,2,1974.1399999999999,3
2021,3,1916.7599999999998,6
2021,4,1961.96,4
2021,5,1916.4,7
2021,6,1912.44,8
2021,7,1606.8,9
2021,8,1981.3600000000001,2
2021,9,1954.6999999999998,5
2021,10,1597.66,10
2021,1,2028.3599999999997,2
2021,2,2067.24,1
2021,3,1922.06,5
2021,4,1615.4,10
2021,5,1888.1599999999999,8
2021,6,1966.06,3
2021,7,1639.4,9
2021,8,1929.3000000000002,4
2021,9,1897.1799999999998,7
2021,10,1911.1,6
2021,1,1642.6999999999998,10
2021,2,1800.5,9
2021,3,1917.96,5
2021,4,1934.3400000000001,4
2021,5,1942.78,3
2021,6,2012.54,1
2021,7,1908.26,6
2021,8,1946.3200000000002,2
2021,9,1907.28,7
2021,10,1863.54,8
2021,1,1977.1599999999999,2
2021,2,1606.56,10
2021,3,1927.82,4
2021,4,1901.1400000000003,5
2021,5,1880.4399999999998,7
2021,6,2013.86,1
2021,7,1756.3600000000001,9
2021,8,1971.0,3
2021,9,1884.58,6
2021,10,1876.2399999999998,8
2021,1,2063.4,1
2021,2,1941.8200000000002,7
2021,3,1727.38,9
2021,4,1953.8999999999996,5
2021,5,1979.76,4
2021,6,1908.7800000000002,8
2021,7,2011.6399999999999,2
2021,8,2003.5,3
2021,9,1633.1,10
2021,10,1951.96,6
2021,1,1966.42,4
2021,2,2077.56,1
2021,3,1838.8400000000001,7
2021,4,1972.2200000000003,2
2021,5,1894.8599999999997,6
2021,6,1735.6,9
2021,7,1789.1,8
2021,8,1608.2,10
2021,9,1971.34,3
2021,10,1947.82,5
2021,1,2030.04,2
2021,2,1895.2,5
2021,3,1668.3,10
2021,4,1750.7000000000003,9
2021,5,1912.7000000000003,4
2021,6,1857.48,7
2021,7,2061.1800000000003,1
2021,8,1874.86,6
2021,9,2010.96,3
2021,10,1849.6399999999999,8
2021,1,2201.3399999999997,1
2021,2,1963.44,3
2021,3,1868.2399999999998,7
2021,4,1979.3600000000001,2
2021,5,1959.1599999999999,4
2021,6,1587.96,10
2021,7,1876.04,6
2021,8,1866.06,8
2021,9,1896.6799999999998,5
2021,10,1793.3600000000001,9
2021,1,1613.0,10
2021,2,1963.16,4
2021,3,1868.24,9
2021,4,1899.98,7
2021,5,1968.94,3
2021,6,1910.2800000000002,5
2021,7,2083.76,2
2021,8,1902.84,6
2021,9,1893.38,8
2021,10,2113.52,1
2021,1,1938.54,7
2021,2,1970.1400000000003,3
2021,3,1913.5799999999997,8
2021,4,1907.8600000000001,9
2021,5,1539.06,10
2021,6,1981.96,2
2021,7,1950.3600000000001,5
2021,8,1994.86,1
2021,9,1959.6600000000003,4
2021,10,1949.84,6
2021,1,1936.6799999999998,7
2021,2,1959.4799999999998,4
2021,3,1895.06,9
2021,4,2053.2,1
2021,5,1974.1999999999998,2
2021,6,1942.58,6
2021,7,1968.56,3
2021,8,1904.86,8
2021,9,1955.6000000000004,5
2021,10,1798.18,10
2021,1,1999.6,2
2021,2,1913.56,5
2021,3,1842.9799999999996,8
2021,4,1751.9,9
2021,5,1945.3399999999997,4
2021,6,1878.9399999999998,6
2021,7,2055.16,1
2021,8,1707.46,10
2021,9,1956.58,3
2021,10,1866.42,7
2021,1,2062.86,1
2021,2,1887.54,9
2021,3,1963.18,5
2021,4,2034.4399999999998,2
2021,5,1953.08,6
2021,6,1933.32,7
2021,7,2021.2199999999998,3
2021,8,1895.18,8
2021,9,1990.0,4
2021,10,1884.98,10
2021,1,1849.2199999999998,8
2021,2,1917.74,5
2021,3,1920.38,4
2021,4,1998.24,3
2021,5,1574.9,10
2021,6,2079.9,1
2021,7,1824.54,9
2021,8,1896.5,7
2021,9,1917.2600000000002,6
2021,10,2002.96,2
2021,1,1938.2599999999998,6
2021,2,1666.6000000000001,10
2021,3,1943.62,5
2021,4,1912.42,7
2021,5,1947.94,4
2021,6,1962.4999999999998,3
2021,7,2023.8400000000001,1
2021,8,1963.86,2
2021,9,1841.7599999999998,9
2021,10,1885.1400000000003,8
2021,1,1964.68,3
2021,2,1923.24,6
2021,3,2021.6599999999999,1
2021,4,1637.96,10
2021,5,1783.1599999999999,8
2021,6,1954.96,4
2021,7,1701.8999999999999,9
2021,8,1951.9599999999998,5
2021,9,1986.0600000000002,2
2021,10,1886.3599999999997,7
2021,1,2046.1,1
2021,2,1934.84,4
2021,3,1952.34,3
2021,4,1930.88,5
2021,5,1659.3,8
2021,6,1908.96,6
2021,7,1642.46,9
2021,8,1589.02,10
2021,9,1988.08,2
2021,10,1891.2600000000002,7
2021,1,1970.94,2
2021,2,1733.6000000000001,10
2021,3,1938.6599999999999,5
2021,4,1955.54,3
2021,5,1836.4399999999998,9
2021,6,1933.3600000000001,7
2021,7,1939.8400000000001,4
2021,8,1934.48,6
2021,9,1867.08,8
2021,10,1975.1,1
2021,1,2029.2800000000002,2
2021,2,1765.3600000000001,7
2021,3,1632.06,9
2021,4,1720.26,8
2021,5,2063.84,1
2021,6,1860.34,6
2021,7,1920.08,4
2021,8,1875.06,5
2021,9,1608.0,10
2021,10,1955.54,3
2021,1,1806.68,9
2021,2,1908.3799999999999,5
2021,3,1943.6399999999999,4
2021,4,1720.9999999999998,10
2021,5,1851.6599999999999,8
2021,6,2061.94,1
2021,7,1979.4,2
2021,8,1876.08,7
2021,9,1954.1600000000003,3
2021,10,1892.3600000000001,6
2021,1,1945.8400000000001,4
2021,2,1847.9400000000003,9
2021,3,1944.96,5
2021,4,1858.76,8
2021,5,1553.3000000000002,10
2021,6,1929.1599999999999,6
2021,7,1959.54,3
2021,8,2004.28,2
2021,9,1917.44,7
2021,10,2069.94,1
2021,1,2023.76,1
2021,2,2017.56,2
2021,3,1942.6,5
2021,4,1559.22,9
2021,5,1869.54,8
2021,6,1549.3000000000002,10
2021,7,1962.76,4
2021,8,1890.0799999999997,7
2021,9,1965.04,3
2021,10,1923.3600000000001,6
2021,1,1624.56,9
2021,2,1618.6,10
2021,3,1900.74,6
2021,4,1903.06,5
2021,5,1808.0800000000002,7
2021,6,1943.72,4
2021,7,2062.76,1
2021,8,1970.7199999999998,3
2021,9,1687.56,8
2021,10,1975.26,2
2021,1,2085.14,1
2021,2,1495.8,10
2021,3,1851.6599999999999,7
2021,4,2014.76,3
2021,5,1902.7000000000003,6
2021,6,1963.56,4
2021,7,2041.04,2
2021,8,1683.3600000000001,9
2021,9,1792.54,8
2021,10,1947.2800000000002,5
2021,1,1952.2799999999997,5
2021,2,1978.44,2
2021,3,1634.2999999999997,10
2021,4,1987.46,1
2021,5,1887.98,7
2021,6,1874.86,9
2021,7,1973.7000000000003,3
2021,8,1935.86,6
2021,9,1960.4,4
2021,10,1886.58,8
2021,1,1976.14,5
2021,2,1965.8000000000002,6
2021,3,1989.06,3
2021,4,2048.06,1
2021,5,2020.8,2
2021,6,1876.6399999999999,8
2021,7,1860.66,10
2021,8,1926.22,7
2021,9,1865.08,9
2021,10,1980.46,4
2021,1,2119.3399999999997,1
2021,2,1909.46,7
2021,3,1951.3600000000001,3
2021,4,1947.3,5
2021,5,1973.42,2
2021,6,1938.44,6
2021,7,1889.06,9
2021,8,1947.68,4
2021,9,1905.8,8
2021,10,1881.1200000000001,10
2021,1,1914.0,4
2021,2,1950.9599999999998,1
2021,3,1938.06,2
2021,4,1912.2,5
2021,5,1876.6399999999999,9
2021,6,1896.46,7
2021,7,1890.68,8
2021,8,1863.52,10
2021,9,1937.02,3
2021,10,1896.8799999999999,6
2021,1,1726.7,9
2021,2,1667.0800000000002,10
2021,3,1942.26,4
2021,4,1888.82,7
2021,5,2017.7999999999997,1
2021,6,1945.7600000000002,3
2021,7,1920.6399999999999,5
2021,8,1974.54,2
2021,9,1863.58,8
2021,10,1894.46,6
2021,1,2091.06,1
2021,2,1733.08,9
2021,3,1952.92,4
2021,4,1968.3400000000001,3
2021,5,1835.6999999999998,8
2021,6,1999.7199999999998,2
2021,7,1915.7999999999997,5
2021,8,1842.1599999999999,6
2021,9,1607.4,10
2021,10,1836.44,7
2021,1,2020.44,1
2021,2,1955.3400000000001,4
2021,3,1961.1000000000004,3
2021,4,1626.2600000000002,9
2021,5,1898.08,6
2021,6,1607.84,10
2021,7,1934.42,5
2021,8,1968.96,2
2021,9,1882.0800000000002,7
2021,10,1675.3999999999999,8
2021,1,1947.46,2
2021,2,1984.6599999999999,1
2021,3,1932.56,4
2021,4,1932.2800000000002,5
2021,5,1665.8,9
2021,6,1911.3,6
2021,7,1944.16,3
2021,8,1647.3000000000002,10
2021,9,1899.1799999999998,7
2021,10,1879.06,8
2021,1,1929.2600000000002,7
2021,2,1946.46,5
2021,3,1988.3200000000002,3
2021,4,1868.92,9
2021,5,2049.7,1
2021,6,1862.7800000000002,10
2021,7,1956.44,4
2021,8,1934.4999999999998,6
2021,9,1904.14,8
2021,10,1991.8600000000001,2
2021,1,1620.3,10
2021,2,2018.06,1
2021,3,1916.8600000000001,7
2021,4,2005.8799999999999,2
2021,5,1858.52,8
2021,6,1963.94,3
2021,7,1955.5,4
2021,8,1847.7799999999997,9
2021,9,1923.9599999999998,5
2021,10,1923.5800000000002,6
2021,1,1973.06,4
2021,2,1664.1,10
2021,3,1674.8,9
2021,4,2036.18,1
2021,5,1888.4599999999998,7
2021,6,1852.24,8
2021,7,1970.22,5
2021,8,1984.44,2
2021,9,1983.1999999999998,3
2021,10,1906.92,6
2021,1,1971.2,5
2021,2,1856.74,8
2021,3,2015.7399999999998,2
2021,4,2026.8999999999999,1
2021,5,2002.2799999999997,3
2021,6,1851.7800000000002,9
2021,7,1943.68,6
2021,8,1574.4599999999998,10
2021,9,1977.5,4
2021,10,1880.46,7
2021,1,2005.7199999999998,2
2021,2,1892.8999999999999,8
2021,3,1896.2400000000002,7
2021,4,1968.36,3
2021,5,1913.44,6
2021,6,2026.58,1
2021,7,1854.1599999999999,9
2021,8,1672.9,10
2021,9,1965.14,4
2021,10,1946.9,5
2021,1,1922.1000000000001,6
2021,2,1967.84,4
2021,3,1620.2,10
2021,4,1844.46,9
2021,5,2007.62,3
2021,6,1920.3400000000001,7
2021,7,2037.02,1
2021,8,2009.18,2
2021,9,1933.58,5
2021,10,1859.16,8
2021,1,1955.5,4
2021,2,1635.1999999999998,9
2021,3,2064.46,1
2021,4,1951.8400000000001,5
2021,5,1998.8600000000001,2
2021,6,1997.1999999999998,3
2021,7,1926.98,7
2021,8,1844.38,8
2021,9,1933.46,6
2021,10,1581.42,10
2021,1,1922.76,4
2021,2,1862.6,8
2021,3,2061.6600000000003,1
2021,4,1904.6000000000001,6
2021,5,1751.6999999999998,10
2021,6,1920.1599999999999,5
2021,7,1940.6599999999999,3
2021,8,1899.76,7
2021,9,1943.3600000000001,2
2021,10,1830.24,9
2021,1,1945.86,4
2021,2,1945.54,5
2021,3,1835.7200000000003,8
2021,4,2111.5,1
2021,5,2042.26,2
2021,6,1976.28,3
2021,7,1914.08,7
2021,8,1924.8999999999999,6
2021,9,1808.96,9
2021,10,1630.7000000000003,10
2021,1,1859.36,9
2021,2,1983.52,3
2021,3,1834.14,10
2021,4,1939.8600000000001,5
2021,5,1965.06,4
2021,6,1916.58,7
2021,7,2114.18,1
2021,8,1906.5000000000002,8
2021,9,1919.1399999999999,6
2021,10,2004.8600000000001,2
2021,1,2018.66,1
2021,2,1713.6999999999998,10
2021,3,2016.2799999999997,2
2021,4,1925.98,6
2021,5,1934.7000000000003,5
2021,6,1950.34,4
2021,7,1878.0000000000002,9
2021,8,1901.96,7
2021,9,1895.06,8
2021,10,1968.62,3
2021,1,1961.1599999999999,4
2021,2,2090.64,1
2021,3,1700.8600000000001,9
2021,4,1949.96,5
2021,5,1876.6,7
2021,6,1590.1599999999999,10
2021,7,1881.2600000000002,6
2021,8,1968.5,3
2021,9,2063.3,2
2021,10,1786.1399999999999,8
2021,1,1914.8400000000001,4
2021,2,1994.04,1
2021,3,1892.0,6
2021,4,1855.94,7
2021,5,1667.46,9
2021,6,1939.54,2
2021,7,1660.9,10
2021,8,1723.1,8
2021,9,1934.3999999999999,3
2021,10,1900.56,5
2021,1,2062.56,1
2021,2,1892.54,8
2021,3,2000.1799999999998,2
2021,4,1931.02,5
2021,5,1921.1,6
2021,6,1892.44,9
2021,7,1948.6799999999998,3
2021,8,1721.1,10
2021,9,1906.7400000000002,7
2021,10,1931.8600000000001,4
2021,1,1681.4,9
2021,2,2097.44,1
2021,3,1978.46,2
2021,4,1899.88,6
2021,5,1955.3200000000002,4
2021,6,1655.1200000000001,10
2021,7,1878.6,8
2021,8,1888.6599999999999,7
2021,9,1971.8400000000001,3
2021,10,1935.7599999999998,5
2021,1,1946.2600000000002,3
2021,2,1832.0,8
2021,3,1943.4399999999998,4
2021,4,1987.46,1
2021,5,1913.04,5
2021,6,1888.12,6
2021,7,1875.38,7
2021,8,1555.3,10
2021,9,1974.1599999999999,2
2021,10,1804.6,9
2021,1,1944.6399999999999,5
2021,2,1697.3000000000002,9
2021,3,2028.06,1
2021,4,1991.36,2
2021,5,1981.14,3
2021,6,1858.6000000000001,8
2021,7,1955.9199999999996,4
2021,8,1939.8600000000001,6
2021,9,1555.5,10
2021,10,1915.1600000000003,7
2021,1,1974.34,2
2021,2,1730.0,9
2021,3,1643.1,10
2021,4,1865.04,8
2021,5,1879.4199999999998,6
2021,6,2070.5,1
2021,7,1962.8600000000001,3
2021,8,1926.8799999999997,5
2021,9,1958.3400000000001,4
2021,10,1873.92,7
2021,1,1943.32,3
2021,2,1998.38,2
2021,3,2000.8599999999997,1
2021,4,1797.46,8
2021,5,1771.2599999999998,9
2021,6,1633.3400000000001,10
2021,7,1903.78,5
2021,8,1898.8999999999996,6
2021,9,1889.2600000000002,7
2021,10,1906.3600000000001,4
2022,1,1698.1999999999998,10
2022,2,1916.8400000000001,2
2022,3,1851.1200000000003,8
2022,4,2039.4999999999998,1
2022,5,1876.38,4
2022,6,1896.6,3
2022,7,1762.3200000000002,9
2022,8,1854.3200000000002,7
2022,9,1870.7800000000002,6
2022,10,1874.12,5
2022,1,1781.9800000000002,9
2022,2,1849.1599999999999,8
2022,3,1965.44,2
2022,4,1875.62,5
2022,5,1569.7,10
2022,6,1981.8,1
2022,7,1856.08,7
2022,8,1867.24,6
2022,9,1887.3000000000002,4
2022,10,1931.6799999999998,3
2022,1,1914.44,3
2022,2,1888.5800000000002,6
2022,3,1870.6799999999998,7
2022,4,1897.5200000000002,5
2022,5,1626.16,10
2022,6,1803.1,9
2022,7,1940.8,1
2022,8,1857.4,8
2022,9,1910.5800000000002,4
2022,10,1929.64,2
2022,1,1970.1,1
2022,2,1928.12,4
2022,3,1893.98,6
2022,4,1562.4,10
2022,5,1930.06,3
2022,6,1845.86,7
2022,7,1944.46,2
2022,8,1828.32,9
2022,9,1895.0,5
2022,10,1829.5200000000002,8
2022,1,1825.28,9
2022,2,1908.26,1
2022,3,1682.3,10
2022,4,1826.06,8
2022,5,1904.46,2
2022,6,1862.2800000000002,7
2022,7,1902.08,3
2022,8,1891.46,6
2022,9,1897.44,5
2022,10,1898.0,4
2022,1,1920.5400000000002,4
2022,2,1915.3199999999997,5
2022,3,1899.3200000000002,6
2022,4,1860.18,8
2022,5,1826.04,9
2022,6,1812.58,10
2022,7,1869.24,7
2022,8,1933.6799999999998,2
2022,9,1949.6,1
2022,10,1932.5,3
2022,1,1952.0800000000002,2
2022,2,1964.4,1
2022,3,1900.5,5
2022,4,1940.7200000000003,3
2022,5,1858.52,8
2022,6,1857.8,9
2022,7,1877.1599999999999,7
2022,8,1899.34,6
2022,9,1847.0,10
2022,10,1904.6399999999999,4
2022,1,1476.1,10
2022,2,2003.74,1
2022,3,1906.22,5
2022,4,1866.12,6
2022,5,1912.6799999999998,3
2022,6,1925.46,2
2022,7,1794.1799999999998,8
2022,8,1819.8000000000002,7
2022,9,1781.04,9
2022,10,1912.42,4
2022,1,1997.5800000000002,1
2022,2,1906.3799999999999,4
2022,3,1784.7,10
2022,4,1946.1200000000001,2
2022,5,1838.7800000000002,7
2022,6,1827.7200000000003,8
2022,7,1792.2199999999998,9
2022,8,1845.8,6
2022,9,1900.06,5
2022,10,1936.62,3
2022,1,1854.4,7
2022,2,1829.0200000000002,8
2022,3,1904.8200000000002,4
2022,4,1871.06,6
2022,5,1897.0600000000002,5
2022,6,1935.48,3
2022,7,1616.0600000000002,10
2022,8,1769.04,9
2022,9,1950.6400000000003,2
2022,10,1981.5,1
2022,1,1924.56,4
2022,2,1933.46,2
2022,3,1743.46,10
2022,4,1857.2200000000003,8
2022,5,1880.0400000000004,7
2022,6,1978.3799999999999,1
2022,7,1908.58,6
2022,8,1832.82,9
2022,9,1925.84,3
2022,10,1908.8000000000002,5
2022,1,1930.06,3
2022,2,1878.6399999999999,6
2022,3,1959.94,2
2022,4,1884.1999999999998,5
2022,5,1853.98,8
2022,6,1914.44,4
2022,7,1877.2600000000002,7
2022,8,1974.2,1
2022,9,1612.3999999999999,10
2022,10,1853.08,9
2022,1,1808.68,8
2022,2,1916.88,2
2022,3,1878.58,6
2022,4,1905.6,4
2022,5,2007.6799999999998,1
2022,6,1906.3600000000001,3
2022,7,1799.8000000000002,9
2022,8,1833.08,7
2022,9,1579.7,10
2022,10,1886.72,5
2022,1,1837.4199999999998,8
2022,2,1877.5,4
2022,3,1849.9,7
2022,4,1861.6999999999998,5
2022,5,1836.6799999999998,9
2022,6,1927.84,2
2022,7,1644.06,10
2022,8,1983.78,1
2022,9,1855.06,6
2022,10,1888.62,3
2022,1,1861.08,7
2022,2,1942.44,3
2022,3,1967.7,2
2022,4,1891.1200000000001,6
2022,5,1755.98,10
2022,6,1841.46,8
2022,7,1901.1999999999998,5
2022,8,1940.3400000000001,4
2022,9,1827.8000000000002,9
2022,10,1983.6200000000001,1
2022,1,1813.4599999999998,9
2022,2,1946.22,3
2022,3,1634.1,10
2022,4,1814.98,8
2022,5,1935.46,4
2022,6,1947.4400000000003,2
2022,7,1953.1799999999998,1
2022,8,1865.6599999999999,6
2022,9,1884.5400000000002,5
2022,10,1844.98,7
2022,1,1957.1600000000003,1
2022,2,1896.3000000000002,6
2022,3,1949.88,3
2022,4,1928.9,4
2022,5,1956.06,2
2022,6,1662.1999999999998,10
2022,7,1914.3799999999999,5
2022,8,1810.92,8
2022,9,1865.34,7
2022,10,1805.14,9
2022,1,1927.54,3
2022,2,1836.44,8
2022,3,1901.6000000000001,4
2022,4,1883.26,6
2022,5,1961.7200000000003,2
2022,6,1895.24,5
2022,7,1985.2600000000002,1
2022,8,1577.5,10
2022,9,1819.22,9
2022,10,1880.48,7
2022,1,1892.8799999999999,5
2022,2,1833.18,8
2022,3,1599.8200000000002,10
2022,4,1962.88,1
2022,5,1955.1,2
2022,6,1932.88,3
2022,7,1620.3,9
2022,8,1857.6,7
2022,9,1915.1,4
2022,10,1889.88,6
2022,1,1921.92,4
2022,2,2006.5400000000002,2
2022,3,1821.1000000000001,8
2022,4,1870.1800000000003,6
2022,5,1772.54,9
2022,6,1950.2600000000002,3
2022,7,1878.1,5
2022,8,1835.4,7
2022,9,2048.04,1
2022,10,1581.66,10
2022,1,1906.48,3
2022,2,1890.2800000000002,5
2022,3,1958.96,1
2022,4,1787.1399999999999,10
2022,5,1843.8000000000002,8
2022,6,1820.42,9
2022,7,1889.8400000000001,6
2022,8,1902.88,4
2022,9,1857.88,7
2022,10,1932.52,2
2022,1,1910.8999999999999,2
2022,2,1509.0,10
2022,3,1901.48,3
2022,4,1883.54,4
2022,5,1883.5,5
2022,6,1974.98,1
2022,7,1638.0600000000002,9
2022,8,1836.8999999999999,7
2022,9,1847.52,6
2022,10,1816.88,8
2022,1,1872.8600000000001,5
2022,2,1907.3600000000001,3
2022,3,1978.92,2
2022,4,1782.8,10
2022,5,2039.2200000000003,1
2022,6,1867.1600000000003,6
2022,7,1843.7800000000002,7
2022,8,1843.5,8
2022,9,1898.4399999999998,4
2022,10,1840.74,9
2022,1,1612.1000000000001,10
2022,2,1855.9,6
2022,3,1801.1200000000001,8
2022,4,1669.06,9
2022,5,1927.3200000000002,1
2022,6,1897.7200000000003,3
2022,7,1891.78,4
2022,8,1903.58,2
2022,9,1843.96,7
2022,10,1861.0800000000002,5
2022,1,1851.72,7
2022,2,1878.44,5
2022,3,1825.02,9
2022,4,1957.7,2
2022,5,1841.6999999999998,8
2022,6,2088.76,1
2022,7,1896.1799999999998,4
2022,8,1857.9399999999998,6
2022,9,1931.44,3
2022,10,1777.8999999999999,10
2022,1,1872.1599999999999,5
2022,2,1937.0400000000002,2
2022,3,1929.38,3
2022,4,1943.64,1
2022,5,1824.7,7
2022,6,1921.42,4
2022,7,1691.6,10
2022,8,1811.8600000000001,8
2022,9,1870.8000000000002,6
2022,10,1753.2000000000003,9
2022,1,1922.3199999999997,4
2022,2,1934.56,1
2022,3,1841.3400000000001,7
2022,4,1827.18,8
2022,5,1921.5400000000002,5
2022,6,1784.6000000000001,10
2022,7,1930.5,3
2022,8,1820.94,9
2022,9,1905.7400000000002,6
2022,10,1932.1799999999998,2
2022,1,1998.94,1
2022,2,1937.94,3
2022,3,1893.64,5
2022,4,1976.88,2
2022,5,1877.82,6
2022,6,1773.0600000000002,10
2022,7,1874.2999999999997,7
2022,8,1896.8200000000002,4
2022,9,1820.78,9
2022,10,1858.06,8
2022,1,1615.2,8
2022,2,1938.3600000000001,3
2022,3,1859.3,6
2022,4,1591.8600000000001,9
2022,5,1869.1799999999998,5
2022,6,1899.52,4
2022,7,1830.02,7
2022,8,1500.8000000000002,10
2022,9,1953.46,2
2022,10,1979.92,1
2022,1,1939.36,2
2022,2,1913.98,3
2022,3,1830.12,8
2022,4,1640.0,9
2022,5,1906.18,5
2022,6,1904.88,6
2022,7,1976.08,1
2022,8,1836.96,7
2022,9,1569.7999999999997,10
2022,10,1909.6999999999998,4
2022,1,1590.0600000000002,10
2022,2,1924.2399999999998,3
2022,3,1852.1999999999998,6
2022,4,1948.08,1
2022,5,1931.2999999999997,2
2022,6,1849.9199999999998,7
2022,7,1919.9,4
2022,8,1841.32,8
2022,9,1830.8000000000002,9
2022,10,1873.4,5
2022,1,1933.68,4
2022,2,1969.18,1
2022,3,1883.0,7
2022,4,1888.3400000000001,6
2022,5,1935.1,3
2022,6,1828.7999999999997,8
2022,7,1824.62,9
2022,8,1805.94,10
2022,9,1943.6799999999998,2
2022,10,1909.1599999999999,5
2022,1,1880.2799999999997,6
2022,2,1978.5000000000002,2
2022,3,1625.2600000000002,10
2022,4,1943.52,3
2022,5,1917.18,4
2022,6,1854.6000000000001,7
2022,7,1985.6,1
2022,8,1909.8000000000002,5
2022,9,1801.48,9
2022,10,1808.3199999999997,8
2022,1,1875.9,6
2022,2,1918.2800000000002,3
2022,3,1886.12,5
2022,4,1850.0800000000002,8
2022,5,1946.56,1
2022,6,1803.46,10
2022,7,1888.7,4
2022,8,1922.7800000000002,2
2022,9,1866.6200000000001,7
2022,10,1822.88,9
2022,1,1900.38,4
2022,2,1838.88,8
2022,3,1943.8799999999999,1
2022,4,1902.7800000000002,3
2022,5,1929.6000000000001,2
2022,6,1881.1000000000001,6
2022,7,1897.54,5
2022,8,1621.1999999999998,10
2022,9,1866.2,7
2022,10,1823.3199999999997,9
2022,1,1716.6599999999999,9
2022,2,1935.02,2
2022,3,1857.7800000000002,5
2022,4,1874.3000000000002,3
2022,5,1859.3,4
2022,6,1819.88,8
2022,7,1826.3400000000001,7
2022,8,2012.2,1
2022,9,1632.9,10
2022,10,1854.58,6
2022,1,1581.3600000000001,10
2022,2,1851.12,7
2022,3,1888.7200000000003,6
2022,4,1889.34,5
2022,5,1911.0200000000002,3
2022,6,1925.16,2
2022,7,1896.58,4
2022,8,1836.7,8
2022,9,1834.22,9
2022,10,1961.8000000000002,1
2022,1,1916.5600000000002,3
2022,2,1843.0800000000002,6
2022,3,1893.38,4
2022,4,1944.1,2
2022,5,1780.3,8
2022,6,1948.22,1
2022,7,1843.0,7
2022,8,1632.1999999999998,10
2022,9,1701.0800000000002,9
2022,10,1849.1399999999999,5
2022,1,1967.12,1
2022,2,1865.9,6
2022,3,1872.5,5
2022,4,1737.7000000000003,9
2022,5,1954.38,2
2022,6,1830.48,8
2022,7,1623.46,10
2022,8,1887.58,4
2022,9,1901.2,3
2022,10,1864.1399999999999,7
2022,1,1605.96,10
2022,2,1930.72,3
2022,3,1867.08,7
2022,4,1962.94,2
2022,5,1921.1999999999998,5
2022,6,1871.92,6
2022,7,1811.9,8
2022,8,1925.18,4
2022,9,1963.26,1
2022,10,1618.0,9
2022,1,1991.2800000000002,1
2022,2,1663.42,10
2022,3,1833.82,8
2022,4,1931.46,2
2022,5,1852.64,6
2022,6,1903.3999999999999,4
2022,7,1931.4,3
2022,8,1835.7400000000002,7
2022,9,1731.2199999999998,9
2022,10,1888.52,5
2022,1,1837.02,7
2022,2,1837.18,6
2022,3,1963.18,2
2022,4,1648.1,10
2022,5,2049.52,1
2022,6,1895.5,3
2022,7,1887.3000000000002,4
2022,8,1818.5199999999998,9
2022,9,1822.5,8
2022,10,1846.8600000000001,5
2022,1,1911.88,5
2022,2,2006.12,2
2022,3,1785.2000000000003,9
2022,4,1819.76,7
2022,5,1942.68,3
2022,6,1931.52,4
2022,7,1797.5400000000002,8
2022,8,2019.6599999999999,1
2022,9,1844.2,6
2022,10,1608.96,10
2022,1,1981.32,2
2022,2,1833.8,8
2022,3,1658.96,10
2022,4,1840.62,7
2022,5,1948.6999999999998,3
2022,6,1913.86,4
2022,7,1812.62,9
2022,8,2074.7,1
2022,9,1895.6,5
2022,10,1867.2000000000003,6
2022,1,1934.56,3
2022,2,1988.74,1
2022,3,1937.8400000000001,2
2022,4,1880.76,6
2022,5,1786.1,10
2022,6,1871.58,7
2022,7,1907.8200000000002,5
2022,8,1818.3000000000002,9
2022,9,1870.72,8
2022,10,1930.74,4
2022,1,1948.28,2
2022,2,1945.2999999999997,3
2022,3,1915.08,4
2022,4,1662.2,10
2022,5,1818.1999999999998,8
2022,6,1873.06,6
2022,7,1968.1399999999999,1
2022,8,1863.1200000000003,7
2022,9,1805.58,9
2022,10,1879.9,5
2022,1,1906.44,3
2022,2,1897.4,6
2022,3,2056.34,1
2022,4,1910.2600000000002,2
2022,5,1779.8799999999999,10
2022,6,1865.98,8
2022,7,1837.5,9
2022,8,1900.08,5
2022,9,1903.56,4
2022,10,1880.04,7
2022,1,1981.0600000000002,2
2022,2,1924.8400000000001,4
2022,3,1776.26,10
2022,4,1985.6800000000003,1
2022,5,1924.28,5
2022,6,1872.4,6
2022,7,1853.16,7
2022,8,1931.4399999999998,3
2022,9,1820.8000000000002,8
2022,10,1816.24,9
2022,1,1822.16,8
2022,2,1910.12,3
2022,3,1813.8200000000002,9
2022,4,1954.06,2
2022,5,1674.02,10
2022,6,1867.38,5
2022,7,1826.04,7
2022,8,1831.1000000000001,6
2022,9,1875.6999999999998,4
2022,10,2079.14,1
2022,1,1914.92,4
2022,2,1879.2200000000003,6
2022,3,1881.04,5
2022,4,1974.84,1
2022,5,1864.78,7
2022,6,1703.0,10
2022,7,1962.94,2
2022,8,1864.2600000000002,8
2022,9,1830.96,9
2022,10,1925.1599999999999,3
2022,1,1854.1000000000001,7
2022,2,1845.8400000000001,8
2022,3,1921.2399999999998,2
2022,4,1903.8000000000002,5
2022,5,1820.4599999999998,10
2022,6,1860.38,6
2022,7,1913.6,4
2022,8,1843.62,9
2022,9,2028.0,1
2022,10,1920.8600000000001,3
2022,1,1895.68,6
2022,2,1943.58,2
2022,3,1901.8,5
2022,4,1910.1000000000001,4
2022,5,1849.5,8
2022,6,1882.66,7
2022,7,1964.28,1
2022,8,1939.46,3
2022,9,1733.8600000000001,10
2022,10,1768.5,9
2022,1,2004.96,1
2022,2,1629.8000000000002,10
2022,3,1888.2399999999998,3
2022,4,1757.94,8
2022,5,1892.8999999999999,2
2022,6,1881.8,5
2022,7,1728.82,9
2022,8,1790.92,7
2022,9,1825.2400000000002,6
2022,10,1883.1799999999998,4
2022,1,1873.2799999999997,6
2022,2,1861.52,8
2022,3,1933.6800000000003,3
2022,4,1991.56,1
2022,5,1954.02,2
2022,6,1871.78,7
2022,7,1721.6,9
2022,8,1887.3200000000002,5
2022,9,1891.42,4
2022,10,1605.96,10
2022,1,1701.92,10
2022,2,1905.7600000000002,2
2022,3,1891.98,3
2022,4,1891.1799999999998,4
2022,5,1840.92,9
2022,6,1861.0800000000002,7
2022,7,1950.9,1
2022,8,1856.3,8
2022,9,1883.7,6
2022,10,1887.3000000000002,5
2022,1,2053.84,1
2022,2,1814.0,6
2022,3,1897.3799999999999,4
2022,4,1914.7799999999997,2
2022,5,1900.38,3
2022,6,1839.38,5
2022,7,1649.36,10
2022,8,1807.46,7
2022,9,1756.22,9
2022,10,1762.5,8
2022,1,1905.7599999999998,4
2022,2,1627.96,9
2022,3,1929.98,3
2022,4,1862.1599999999999,6
2022,5,1886.58,5
2022,6,1948.62,2
2022,7,1621.7599999999998,10
2022,8,1816.0,7
2022,9,1767.2200000000003,8
2022,10,1968.7800000000002,1
2022,1,1975.48,1
2022,2,1926.96,2
2022,3,1852.6200000000001,8
2022,4,1916.08,3
2022,5,1793.9199999999998,9
2022,6,1618.56,10
2022,7,1864.4,7
2022,8,1900.78,5
2022,9,1912.92,4
2022,10,1892.86,6
2022,1,1978.92,1
2022,2,1828.42,8
2022,3,1635.1599999999999,10
2022,4,1961.42,2
2022,5,1812.92,9
2022,6,1849.8,7
2022,7,1912.06,4
2022,8,1872.92,5
2022,9,1855.98,6
2022,10,1940.3600000000001,3
2022,1,1920.2000000000003,3
2022,2,1850.06,8
2022,3,1886.08,7
2022,4,1942.6399999999999,2
2022,5,1591.6,10
2022,6,1915.88,4
2022,7,1843.6,9
2022,8,1898.12,6
2022,9,1909.52,5
2022,10,1982.9,1
2022,1,1871.8600000000001,7
2022,2,1825.72,8
2022,3,1995.14,1
2022,4,1970.86,2
2022,5,1916.08,5
2022,6,1947.3200000000002,4
2022,7,1956.88,3
2022,8,1824.8999999999999,9
2022,9,1907.1200000000001,6
2022,10,1668.7199999999998,10
2022,1,1928.3999999999999,4
2022,2,1964.9400000000003,2
2022,3,1840.32,8
2022,4,1980.52,1
2022,5,1863.38,6
2022,6,1888.2800000000002,5
2022,7,1851.5,7
2022,8,1780.58,9
2022,9,1942.5,3
2022,10,1548.2000000000003,10
2022,1,1943.6799999999998,2
2022,2,1896.3999999999999,5
2022,3,1633.96,9
2022,4,1878.04,6
2022,5,1904.9800000000002,4
2022,6,1627.1000000000004,10
2022,7,1807.62,8
2022,8,1918.04,3
2022,9,1851.2,7
2022,10,1952.76,1
2022,1,2049.5,1
2022,2,1939.28,2
2022,3,1907.16,4
2022,4,1682.9,10
2022,5,1734.02,9
2022,6,1924.84,3
2022,7,1846.3600000000001,7
2022,8,1892.78,5
2022,9,1864.6,6
2022,10,1745.9,8
2022,1,1990.02,1
2022,2,1899.14,5
2022,3,1876.44,7
2022,4,1863.12,8
2022,5,1813.8,10
2022,6,1906.6000000000001,4
2022,7,1911.1000000000001,3
2022,8,1950.92,2
2022,9,1884.92,6
2022,10,1841.72,9
2022,1,1969.02,1
2022,2,1901.44,4
2022,3,1816.4,8
2022,4,1790.7600000000002,9
2022,5,1871.3400000000001,6
2022,6,1623.86,10
2022,7,1865.9800000000002,7
2022,8,1955.26,2
2022,9,1903.48,3
2022,10,1872.62,5
2022,1,1718.8,10
2022,2,1959.1400000000003,2
2022,3,1842.92,5
2022,4,1813.4599999999998,8
2022,5,1823.3,6
2022,6,1963.7800000000002,1
2022,7,1870.9399999999998,3
2022,8,1800.94,9
2022,9,1858.64,4
2022,10,1821.5,7
2022,1,1859.8,9
2022,2,1870.8400000000001,7
2022,3,1887.18,5
2022,4,2020.8799999999999,1
2022,5,1750.7400000000002,10
2022,6,1862.22,8
2022,7,1942.7199999999998,3
2022,8,1973.1799999999998,2
2022,9,1885.22,6
2022,10,1895.36,4
2022,1,1781.4,9
2022,2,1851.14,8
2022,3,1882.6599999999999,5
2022,4,1605.12,10
2022,5,1944.06,2
2022,6,1880.72,6
2022,7,1911.7200000000003,4
2022,8,1857.54,7
2022,9,1931.6800000000003,3
2022,10,1960.8,1
2022,1,1971.48,1
2022,2,1960.0600000000002,2
2022,3,1763.64,9
2022,4,1928.5800000000002,3
2022,5,1830.3400000000001,6
2022,6,1899.28,5
2022,7,1684.1600000000003,10
2022,8,1778.6999999999998,7
2022,9,1773.3600000000001,8
2022,10,1906.98,4
2022,1,1939.26,3
2022,2,1837.28,7
2022,3,1951.38,2
2022,4,1931.1999999999998,4
2022,5,1886.4,5
2022,6,1951.78,1
2022,7,1883.52,6
2022,8,1702.6200000000001,10
2022,9,1796.72,8
2022,10,1755.8000000000002,9
2022,1,1902.5200000000002,5
2022,2,1891.1799999999998,6
2022,3,1840.96,9
2022,4,1919.96,4
2022,5,1879.22,7
2022,6,1996.62,1
2022,7,1971.1999999999998,2
2022,8,1930.14,3
2022,9,1875.5800000000002,8
2022,10,1834.4,10
2022,1,1888.7,6
2022,2,1941.8999999999999,2
2022,3,1899.6599999999999,4
2022,4,1978.1799999999998,1
2022,5,1684.3200000000002,10
2022,6,1893.48,5
2022,7,1918.8600000000001,3
2022,8,1869.82,8
2022,9,1774.8000000000002,9
2022,10,1887.16,7
2022,1,1613.6999999999998,10
2022,2,1934.52,3
2022,3,1963.16,1
2022,4,1900.38,5
2022,5,1864.1000000000001,7
2022,6,1783.8,9
2022,7,1957.2799999999997,2
2022,8,1900.52,4
2022,9,1798.0000000000002,8
2022,10,1888.74,6
2022,1,1660.16,9
2022,2,1844.88,7
2022,3,1768.3000000000002,8
2022,4,1575.4,10
2022,5,1957.3200000000002,2
2022,6,1871.5,6
2022,7,1891.04,5
2022,8,1902.56,3
2022,9,1898.2800000000002,4
2022,10,1978.64,1
2022,1,1776.6999999999998,9
2022,2,1942.2399999999998,3
2022,3,1905.88,5
2022,4,1872.6000000000001,7
2022,5,1904.88,6
2022,6,1869.1400000000003,8
2022,7,1960.6799999999998,1
2022,8,1953.8999999999999,2
2022,9,1911.62,4
2022,10,1541.4,10
2022,1,2009.6799999999998,1
2022,2,1884.24,6
2022,3,1645.1000000000001,10
2022,4,1936.58,3
2022,5,1835.6999999999998,9
2022,6,1901.6799999999998,4
2022,7,1854.1,7
2022,8,1969.54,2
2022,9,1897.1799999999998,5
2022,10,1844.6,8
2022,1,1911.96,3
2022,2,1875.2199999999998,7
2022,3,1990.8400000000001,1
2022,4,1934.12,2
2022,5,1900.4,4
2022,6,1664.1799999999998,10
2022,7,1749.9999999999998,9
2022,8,1854.2799999999997,8
2022,9,1885.1799999999998,6
2022,10,1888.38,5
2022,1,1773.56,8
2022,2,1794.88,7
2022,3,1872.44,6
2022,4,1770.82,9
2022,5,1929.3400000000001,4
2022,6,1961.3600000000001,2
2022,7,1893.8600000000001,5
2022,8,1967.9,1
2022,9,1950.96,3
2022,10,1766.6799999999998,10
2022,1,1909.08,4
2022,2,1819.5400000000002,10
2022,3,1882.68,7
2022,4,1942.76,1
2022,5,1821.2600000000002,9
2022,6,1905.6599999999999,5
2022,7,1919.2200000000003,3
2022,8,1904.5,6
2022,9,1881.7000000000003,8
2022,10,1929.48,2
2022,1,1921.1799999999998,3
2022,2,1770.6999999999998,9
2022,3,1881.08,6
2022,4,1888.58,5
2022,5,1793.0800000000002,8
2022,6,1872.8400000000001,7
2022,7,1891.8600000000001,4
2022,8,1626.56,10
2022,9,1942.7599999999998,2
2022,10,1997.7799999999997,1
2022,1,1640.5,9
2022,2,1627.8999999999999,10
2022,3,1985.96,1
2022,4,1875.24,5
2022,5,1908.26,3
2022,6,1830.8400000000001,6
2022,7,1914.1600000000003,2
2022,8,1815.64,7
2022,9,1812.88,8
2022,10,1876.98,4
2022,1,1859.8799999999999,7
2022,2,1978.6399999999999,1
2022,3,1903.68,4
2022,4,1637.4,9
2022,5,1870.34,5
2022,6,1912.0,3
2022,7,1864.2,6
2022,8,1923.6599999999999,2
2022,9,1813.94,8
2022,10,1585.1000000000001,10
2022,1,1870.3,7
2022,2,1780.72,10
2022,3,1972.6799999999998,3
2022,4,1918.92,4
2022,5,1902.46,5
2022,6,1882.44,6
2022,7,1837.04,8
2022,8,2023.6000000000001,1
2022,9,2021.2200000000003,2
2022,10,1808.28,9
2022,1,1867.5,6
2022,2,1862.1,7
2022,3,2028.2,1
2022,4,1856.96,8
2022,5,1853.44,9
2022,6,1903.52,4
2022,7,1929.16,2
2022,8,1925.4,3
2022,9,1626.96,10
2022,10,1899.0199999999998,5
2022,1,1623.96,10
2022,2,1861.44,6
2022,3,1953.02,2
2022,4,1960.2600000000002,1
2022,5,1825.3999999999996,8
2022,6,1893.18,4
2022,7,1822.3799999999999,9
2022,8,1847.8600000000001,7
2022,9,1901.94,3
2022,10,1889.7600000000002,5
2022,1,1862.58,5
2022,2,1815.7,8
2022,3,1840.5600000000002,7
2022,4,1929.36,3
2022,5,1758.0,9
2022,6,1703.4,10
2022,7,1962.22,2
2022,8,1857.6000000000001,6
2022,9,1879.52,4
2022,10,2009.0,1
2022,1,1902.98,3
2022,2,1890.1999999999998,6
2022,3,2050.5,1
2022,4,1854.3199999999997,9
2022,5,1870.1,8
2022,6,1905.06,2
2022,7,1892.38,5
2022,8,1899.98,4
2022,9,1680.0,10
2022,10,1881.24,7
2022,1,1931.18,3
2022,2,2001.7600000000002,1
2022,3,1790.06,10
2022,4,1941.48,2
2022,5,1825.0,9
2022,6,1881.52,5
2022,7,1924.9600000000003,4
2022,8,1875.2399999999998,7
2022,9,1877.0,6
2022,10,1827.58,8
2022,1,1697.96,9
2022,2,1721.3999999999999,8
2022,3,1898.34,5
2022,4,1898.4,4
2022,5,1968.5,1
2022,6,1923.6,3
2022,7,1830.7799999999997,6
2022,8,1928.3200000000002,2
2022,9,1823.92,7
2022,10,1692.06,10
2022,1,1939.62,2
2022,2,1928.3,3
2022,3,1684.3000000000002,9
2022,4,1902.2000000000003,4
2022,5,1897.6799999999998,5
2022,6,1862.8,7
2022,7,1872.08,6
2022,8,1818.2799999999997,8
2022,9,1947.2799999999997,1
2022,10,1557.56,10
2022,1,1856.5,6
2022,2,1894.64,5
2022,3,1779.6600000000003,9
2022,4,2013.2199999999998,1
2022,5,1961.5,3
2022,6,1988.3400000000001,2
2022,7,1901.3,4
2022,8,1854.06,7
2022,9,1850.08,8
2022,10,1580.6999999999998,10
2022,1,1938.48,3
2022,2,1894.3600000000001,5
2022,3,1958.7800000000002,2
2022,4,1890.6,6
2022,5,1793.42,10
2022,6,1820.1799999999998,9
2022,7,1825.7199999999998,8
2022,8,2004.8400000000001,1
2022,9,1923.8,4
2022,10,1882.8400000000001,7
2022,1,1944.1200000000003,3
2022,2,1934.6599999999999,4
2022,3,1863.88,7
2022,4,1835.7800000000002,8
2022,5,1824.2800000000002,9
2022,6,1804.8600000000001,10
2022,7,1896.6400000000003,5
2022,8,2016.76,1
2022,9,1873.6200000000001,6
2022,10,2013.9599999999998,2
2022,1,1867.28,6
2022,2,1924.46,4
2022,3,2013.58,1
2022,4,1611.4,10
2022,5,1814.98,9
2022,6,1875.3600000000001,5
2022,7,1939.0600000000002,3
2022,8,1842.6999999999998,8
2022,9,1847.1399999999999,7
2022,10,1979.7999999999997,2
2022,1,1847.6800000000003,8
2022,2,1856.16,7
2022,3,1940.68,2
2022,4,1877.88,5
2022,5,1616.3999999999999,9
2022,6,1914.94,3
2022,7,1982.44,1
2022,8,1898.3000000000002,4
2022,9,1613.6000000000001,10
2022,10,1870.3799999999999,6
2022,1,1875.6200000000001,6
2022,2,1627.1,10
2022,3,1936.6000000000001,1
2022,4,1897.12,4
2022,5,1925.98,2
2022,6,1883.54,5
2022,7,1850.1999999999998,7
2022,8,1631.5,9
2022,9,1817.34,8
2022,10,1902.08,3
2022,1,1902.1800000000003,3
2022,2,1782.06,7
2022,3,1648.1,9
2022,4,1881.56,5
2022,5,1890.98,4
2022,6,1626.9,10
2022,7,1868.9,6
2022,8,1977.6600000000003,1
2022,9,1926.3600000000001,2
2022,10,1751.1200000000003,8
2022,1,1899.2800000000002,4
2022,2,1963.42,1
2022,3,1821.2400000000002,7
2022,4,1832.48,6
2022,5,1819.1799999999998,8
2022,6,1886.12,5
2022,7,1715.8600000000001,9
2022,8,1713.04,10
2022,9,1901.66,3
2022,10,1903.2999999999997,2
2022,1,1858.56,7
2022,2,1961.4199999999998,2
2022,3,1994.72,1
2022,4,1868.3400000000001,6
2022,5,1900.24,5
2022,6,1595.8600000000001,10
2022,7,1785.3000000000002,9
2022,8,1810.92,8
2022,9,1924.4,4
2022,10,1958.04,3
2022,1,1861.42,7
2022,2,1887.56,5
2022,3,1862.8799999999999,6
2022,4,1546.1000000000001,10
2022,5,1829.5,9
2022,6,1901.2199999999998,4
2022,7,2021.1799999999998,1
2022,8,1857.5,8
2022,9,1913.5000000000002,3
2022,10,1932.98,2
2022,1,1855.7999999999997,7
2022,2,1941.42,2
2022,3,1960.08,1
2022,4,1834.74,8
2022,5,1863.4199999999998,6
2022,6,1936.7600000000002,3
2022,7,1893.88,5
2022,8,1599.6000000000001,10
2022,9,1917.54,4
2022,10,1760.3400000000001,9
2022,1,1865.6,4
2022,2,1832.08,8
2022,3,1856.12,5
2022,4,1879.4600000000003,3
2022,5,2000.38,2
2022,6,2017.2999999999997,1
2022,7,1834.7799999999997,7
2022,8,1840.6999999999998,6
2022,9,1697.3000000000002,10
2022,10,1803.66,9
2022,1,1971.78,2
2022,2,1652.8,10
2022,3,1852.48,5
2022,4,1926.3000000000002,3
2022,5,1841.1000000000001,7
2022,6,1804.06,9
2022,7,2014.3000000000002,1
2022,8,1845.48,6
2022,9,1918.7800000000002,4
2022,10,1833.86,8
2022,1,1993.12,1
2022,2,1974.84,2
2022,3,1792.3,9
2022,4,1926.1999999999998,4
2022,5,1891.12,5
2022,6,1619.6000000000001,10
2022,7,1837.16,8
2022,8,1970.48,3
2022,9,1847.58,7
2022,10,1862.8400000000001,6
2022,1,1979.64,1
2022,2,1935.48,3
2022,3,1597.9,10
2022,4,1862.8000000000002,7
2022,5,1936.38,2
2022,6,1879.1999999999998,6
2022,7,1909.6600000000003,4
2022,8,1833.02,9
2022,9,1904.92,5
2022,10,1834.44,8
2022,1,2016.14,1
2022,2,1806.04,6
2022,3,1999.7999999999997,2
2022,4,1947.1799999999998,3
2022,5,1617.6200000000001,9
2022,6,1819.3000000000002,5
2022,7,1936.12,4
2022,8,1783.46,7
2022,9,1545.4,10
2022,10,1748.08,8
2022,1,1646.8000000000002,9
2022,2,1870.28,5
2022,3,1917.06,2
2022,4,1899.8400000000001,4
2022,5,1908.0400000000004,3
2022,6,1761.5,8
2022,7,1804.3,7
2022,8,1589.1,10
2022,9,1833.08,6
2022,10,1927.5,1
2022,1,1935.64,2
2022,2,1876.7799999999997,7
2022,3,1879.84,6
2022,4,1849.3200000000002,8
2022,5,1567.5800000000002,10
2022,6,1880.3,5
2022,7,1934.2600000000002,3
2022,8,1954.02,1
2022,9,1773.1800000000003,9
2022,10,1901.58,4
2022,1,1878.42,6
2022,2,2001.2,1
2022,3,1931.7400000000002,3
2022,4,1812.42,9
2022,5,1916.3799999999999,4
2022,6,1884.6,5
2022,7,1840.8,8
2022,8,1939.8799999999997,2
2022,9,1841.8200000000002,7
2022,10,1668.7600000000002,10
2022,1,1871.6599999999999,5
2022,2,1827.12,8
2022,3,1807.86,9
2022,4,1873.48,4
2022,5,1993.3400000000001,1
2022,6,1856.1,6
2022,7,1969.12,2
2022,8,1791.94,10
2022,9,1837.22,7
2022,10,1894.9,3
2022,1,1860.7600000000002,5
2022,2,1897.94,3
2022,3,1608.9599999999998,9
2022,4,1870.6200000000001,4
2022,5,1806.2200000000003,8
2022,6,1928.7199999999998,2
2022,7,1853.3200000000002,6
2022,8,1552.6,10
2022,9,1812.8400000000001,7
2022,10,1942.26,1
2022,1,1816.9,7
2022,2,1934.3400000000001,3
2022,3,1817.8600000000001,6
2022,4,1931.48,4
2022,5,1878.7599999999998,5
2022,6,1935.42,2
2022,7,1708.8200000000002,9
2022,8,1977.26,1
2022,9,1808.28,8
2022,10,1641.28,10
2022,1,1888.4,5
2022,2,1936.36,3
2022,3,1818.08,8
2022,4,1913.52,4
2022,5,1777.58,9
2022,6,1637.0600000000002,10
2022,7,1847.3999999999999,6
2022,8,1829.96,7
2022,9,1951.2,2
2022,10,1994.74,1
2022,1,1934.96,3
2022,2,1613.56,10
2022,3,1960.1000000000001,2
2022,4,1805.58,8
2022,5,1855.3,7
2022,6,1881.68,4
2022,7,1642.56,9
2022,8,1868.2400000000002,5
2022,9,2081.12,1
2022,10,1860.82,6
2022,1,1777.18,9
2022,2,1866.16,7
2022,3,1740.62,10
2022,4,1909.6599999999999,5
2022,5,1872.88,6
2022,6,1959.78,1
2022,7,1936.12,3
2022,8,1936.7800000000002,2
2022,9,1832.04,8
2022,10,1929.9,4
2022,1,1830.1799999999998,6
2022,2,1924.74,3
2022,3,1728.5,9
2022,4,1966.46,2
2022,5,1605.66,10
2022,6,1878.08,4
2022,7,1820.66,7
2022,8,1870.1200000000001,5
2022,9,1996.1799999999998,1
2022,10,1760.1999999999998,8
2022,1,1623.76,10
2022,2,1922.0400000000002,3
2022,3,1841.48,8
2022,4,1853.2,7
2022,5,2009.2199999999998,1
2022,6,1836.38,9
2022,7,1912.0,5
2022,8,1914.0800000000002,4
2022,9,1973.7,2
2022,10,1906.8600000000001,6
2022,1,1917.28,4
2022,2,1826.08,9
2022,3,1919.56,3
2022,4,1937.1599999999999,2
2022,5,1971.1800000000003,1
2022,6,1899.1200000000001,6
2022,7,1911.58,5
2022,8,1889.6599999999999,7
2022,9,1656.7,10
2022,10,1831.94,8
2022,1,1907.26,5
2022,2,1950.98,2
2022,3,1566.6,10
2022,4,1963.36,1
2022,5,1818.66,9
2022,6,1878.26,7
2022,7,1943.6399999999999,3
2022,8,1919.1,4
2022,9,1885.92,6
2022,10,1851.22,8
2022,1,1887.3,7
2022,2,1864.7200000000003,8
2022,3,1917.12,3
2022,4,1915.42,4
2022,5,1950.3400000000001,1
2022,6,1893.1999999999998,5
2022,7,1948.5200000000002,2
2022,8,1834.8599999999997,10
2022,9,1856.22,9
2022,10,1891.2800000000002,6
2022,1,1616.8600000000001,9
2022,2,1927.3200000000002,3
2022,3,1874.02,6
2022,4,1917.38,4
2022,5,1906.8799999999999,5
2022,6,1567.6599999999999,10
2022,7,1796.16,8
2022,8,1866.82,7
2022,9,1960.4,1
2022,10,1928.98,2
2022,1,1940.7200000000003,4
2022,2,1974.38,1
2022,3,1844.2799999999997,9
2022,4,1904.54,5
2022,5,1893.8,7
2022,6,1972.98,2
2022,7,1898.5800000000004,6
2022,8,1790.82,10
2022,9,1867.1,8
2022,10,1948.3600000000001,3
2022,1,1861.4,8
2022,2,1968.86,1
2022,3,1875.3200000000002,7
2022,4,1935.12,2
2022,5,1928.8799999999999,4
2022,6,1814.6599999999999,10
2022,7,1839.7000000000003,9
2022,8,1929.6399999999999,3
2022,9,1912.78,5
2022,10,1891.32,6
2022,1,1921.3400000000001,4
2022,2,1861.1200000000001,5
2022,3,1631.96,10
2022,4,1959.7399999999998,2
2022,5,1954.78,3
2022,6,1798.1,9
2022,7,1850.5000000000002,7
2022,8,1995.5,1
2022,9,1846.2400000000002,8
2022,10,1853.2800000000002,6
2022,1,1985.8000000000002,1
2022,2,1918.52,2
2022,3,1797.4199999999998,8
2022,4,1882.76,4
2022,5,1878.8199999999997,5
2022,6,1778.4999999999998,9
2022,7,1874.98,6
2022,8,1901.4999999999998,3
2022,9,1824.5200000000002,7
2022,10,1667.6599999999999,10
2022,1,1897.1599999999999,4
2022,2,1896.3600000000001,5
2022,3,1642.8600000000001,10
2022,4,1930.08,1
2022,5,1811.7999999999997,8
2022,6,1926.08,2
2022,7,1872.6999999999998,6
2022,8,1820.92,7
2022,9,1679.2600000000002,9
2022,10,1914.48,3
2022,1,1608.66,10
2022,2,1888.5,5
2022,3,1875.08,6
2022,4,1919.9800000000002,3
2022,5,1958.2800000000002,1
2022,6,1774.4,9
2022,7,1863.4199999999998,7
2022,8,1917.4,4
2022,9,1777.44,8
2022,10,1921.18,2
2022,1,1933.3399999999997,2
2022,2,1923.2600000000002,3
2022,3,1863.6,8
2022,4,1867.86,7
2022,5,1966.12,1
2022,6,1916.7200000000003,4
2022,7,1613.0600000000002,10
2022,8,1880.54,5
2022,9,1720.38,9
2022,10,1874.78,6
2022,1,1817.2,6
2022,2,1813.94,7
2022,3,1967.62,3
2022,4,1969.92,2
2022,5,1801.92,9
2022,6,1952.5,4
2022,7,1841.3400000000001,5
2022,8,1804.8600000000001,8
2022,9,1985.3200000000002,1
2022,10,1607.0600000000002,10
2022,1,1914.58,4
2022,2,1875.4,7
2022,3,1791.3,9
2022,4,1750.9,10
2022,5,1887.1400000000003,6
2022,6,1874.98,8
2022,7,1922.72,3
2022,8,1991.5,2
2022,9,1914.02,5
2022,10,2012.1200000000001,1
2022,1,1868.8799999999999,6
2022,2,1953.04,2
2022,3,1628.46,10
2022,4,1851.94,7
2022,5,1880.98,4
2022,6,1690.2,9
2022,7,1936.3,3
2022,8,1874.68,5
2022,9,1757.48,8
2022,10,2019.42,1
2022,1,1832.5,7
2022,2,1545.9,10
2022,3,2020.72,1
2022,4,1922.88,4
2022,5,1814.1000000000001,8
2022,6,1966.7200000000003,2
2022,7,1862.52,6
2022,8,1871.18,5
2022,9,1784.8,9
2022,10,1952.2800000000002,3
2022,1,1877.7,6
2022,2,1852.7799999999997,7
2022,3,1888.92,5
2022,4,1974.1400000000003,1
2022,5,1713.5600000000002,10
2022,6,1928.7199999999998,2
2022,7,1914.1999999999998,4
2022,8,1763.3000000000002,8
2022,9,1919.3600000000001,3
2022,10,1736.8999999999999,9
2022,1,1847.94,6
2022,2,1813.2600000000002,8
2022,3,1939.8600000000001,2
2022,4,1922.8799999999999,4
2022,5,1936.52,3
2022,6,1595.5,10
2022,7,1681.6,9
2022,8,1817.1399999999999,7
2022,9,1920.0599999999997,5
2022,10,1960.14,1
2022,1,1614.06,10
2022,2,2005.88,1
2022,3,1834.18,8
2022,4,1954.8200000000002,2
2022,5,1927.24,3
2022,6,1922.4,4
2022,7,1917.7400000000002,5
2022,8,1706.7000000000003,9
2022,9,1866.94,7
2022,10,1888.26,6
2022,1,1809.28,8
2022,2,1952.94,2
2022,3,1802.2800000000002,9
2022,4,1600.5,10
2022,5,1929.3,4
2022,6,2021.86,1
2022,7,1868.48,6
2022,8,1906.5199999999998,5
2022,9,1810.7400000000002,7
2022,10,1931.56,3
2022,1,1913.38,4
2022,2,1883.4599999999998,6
2022,3,1856.26,8
2022,4,1935.2199999999998,2
2022,5,1878.5000000000002,7
2022,6,1814.38,10
2022,7,1918.74,3
2022,8,2022.82,1
2022,9,1888.8,5
2022,10,1824.2000000000003,9
2022,1,1657.8600000000001,10
2022,2,1911.54,3
2022,3,1952.8000000000002,1
2022,4,1925.42,2
2022,5,1911.46,4
2022,6,1907.54,5
2022,7,1764.3199999999997,9
2022,8,1875.98,6
2022,9,1830.42,7
2022,10,1782.42,8
2022,1,1902.44,4
2022,2,1917.3600000000001,3
2022,3,1955.8400000000001,2
2022,4,1963.52,1
2022,5,1851.1399999999999,7
2022,6,1891.7799999999997,5
2022,7,1851.1000000000001,8
2022,8,1757.5,9
2022,9,1638.56,10
2022,10,1878.92,6
2022,1,1853.52,7
2022,2,1948.54,3
2022,3,2003.6599999999999,2
2022,4,1871.8400000000001,6
2022,5,1926.7600000000002,4
2022,6,1769.6399999999999,8
2022,7,1756.9000000000003,9
2022,8,1745.92,10
2022,9,2019.28,1
2022,10,1890.98,5
2022,1,1889.2800000000002,5
2022,2,2014.5,1
2022,3,1696.06,9
2022,4,1969.4199999999996,3
2022,5,2004.0800000000002,2
2022,6,1898.8600000000001,4
2022,7,1815.4800000000002,7
2022,8,1811.3000000000002,8
2022,9,1556.8999999999999,10
2022,10,1853.52,6
2022,1,1877.0200000000002,7
2022,2,1895.48,5
2022,3,1823.3799999999999,9
2022,4,1898.1399999999999,4
2022,5,1869.0,8
2022,6,1992.2199999999998,1
2022,7,1889.16,6
2022,8,1921.1,3
2022,9,1930.1000000000001,2
2022,10,1624.46,10
2022,1,1707.6,9
2022,2,2013.4,1
2022,3,1913.24,3
2022,4,1703.66,10
2022,5,1888.78,4
2022,6,1844.96,8
2022,7,1880.88,5
2022,8,1847.1,7
2022,9,1914.12,2
2022,10,1851.8799999999999,6
2022,1,1937.64,2
2022,2,1812.96,8
2022,3,1873.22,6
2022,4,1878.1399999999999,5
2022,5,1860.5800000000002,7
2022,6,2036.3200000000002,1
2022,7,1926.1,3
2022,8,1890.1599999999999,4
2022,9,1634.1599999999999,10
2022,10,1701.3200000000002,9
2022,1,1895.24,5
2022,2,1706.0800000000004,10
2022,3,2003.88,2
2022,4,1904.2799999999997,4
2022,5,1906.6,3
2022,6,1865.3400000000001,7
2022,7,2049.26,1
2022,8,1856.2,8
2022,9,1798.7800000000002,9
2022,10,1888.56,6
2022,1,1856.46,7
2022,2,1889.4,3
2022,3,1826.4400000000003,8
2022,4,1671.3,10
2022,5,1867.92,6
2022,6,1883.5,4
2022,7,1921.6000000000004,1
2022,8,1871.74,5
2022,9,1898.88,2
2022,10,1784.82,9
2022,1,1686.76,10
2022,2,1955.74,1
2022,3,1850.6000000000004,6
2022,4,1917.38,2
2022,5,1915.74,3
2022,6,1842.1999999999998,7
2022,7,1765.72,9
2022,8,1876.2800000000002,4
2022,9,1875.88,5
2022,10,1836.7200000000003,8
2022,1,1917.2,4
2022,2,1842.8199999999997,8
2022,3,1869.7800000000002,6
2022,4,1815.3999999999999,10
2022,5,1957.3600000000001,1
2022,6,1885.04,5
2022,7,1948.02,2
2022,8,1941.3600000000001,3
2022,9,1836.96,9
2022,10,1865.2600000000002,7
2022,1,1875.3400000000001,7
2022,2,1941.48,2
2022,3,1930.3799999999999,3
2022,4,1916.92,4
2022,5,1956.0,1
2022,6,1914.8000000000002,5
2022,7,1552.1,9
2022,8,1906.0,6
2022,9,1748.5600000000002,8
2022,10,1507.3000000000002,10
2023,1,2009.02,2
2023,2,1940.96,5
2023,3,1891.2400000000002,6
2023,4,2002.7999999999997,3
2023,5,1859.2,7
2023,6,1843.92,8
2023,7,2022.3000000000002,1
2023,8,1703.8000000000002,10
2023,9,1955.86,4
2023,10,1766.58,9
2023,1,1930.8999999999999,5
2023,2,1938.6599999999999,4
2023,3,2057.4,1
2023,4,2006.9199999999998,2
2023,5,1992.6599999999999,3
2023,6,1862.34,9
2023,7,1850.02,10
2023,8,1882.54,8
2023,9,1899.9999999999998,7
2023,10,1914.1399999999999,6
2023,1,2038.1999999999998,1
2023,2,1849.62,10
2023,3,1883.46,6
2023,4,1938.6999999999998,4
2023,5,1857.0400000000002,8
2023,6,1924.4799999999998,5
2023,7,1952.9,2
2023,8,1869.92,7
2023,9,1850.42,9
2023,10,1948.68,3
2023,1,1991.9,2
2023,2,1931.3400000000001,4
2023,3,1872.38,7
2023,4,1827.0,10
2023,5,1832.9799999999998,9
2023,6,2081.76,1
2023,7,1986.58,3
2023,8,1838.52,8
2023,9,1907.2200000000003,5
2023,10,1874.3000000000002,6
2023,1,1905.7200000000003,8
2023,2,2002.68,2
2023,3,1875.8400000000001,9
2023,4,1969.3999999999999,3
2023,5,1764.52,10
2023,6,2004.62,1
2023,7,1943.2399999999998,4
2023,8,1910.6,7
2023,9,1936.7,5
2023,10,1917.08,6
2023,1,1905.52,7
2023,2,1870.6399999999999,9
2023,3,2004.2999999999997,2
2023,4,1966.4,4
2023,5,1843.04,10
2023,6,1932.7600000000002,5
2023,7,1922.46,6
2023,8,2043.3,1
2023,9,1990.2800000000002,3
2023,10,1881.68,8
2023,1,2021.2399999999998,1
2023,2,1850.46,9
2023,3,1967.78,3
2023,4,2008.2,2
2023,5,1921.8799999999999,5
2023,6,1907.08,6
2023,7,1900.8200000000002,7
2023,8,1962.3200000000002,4
2023,9,1784.42,10
2023,10,1894.7399999999998,8
2023,1,1954.3199999999997,4
2023,2,1813.1,9
2023,3,1965.4,3
2023,4,1899.44,6
2023,5,2010.12,2
2023,6,1675.6,10
2023,7,1871.5,7
2023,8,1854.6400000000003,8
2023,9,1932.38,5
2023,10,2060.16,1
2023,1,1865.12,6
2023,2,1854.1,7
2023,3,1824.72,10
2023,4,2059.0,1
2023,5,1957.14,4
2023,6,1836.14,9
2023,7,1837.9599999999998,8
2023,8,2000.1799999999998,2
2023,9,1929.34,5
2023,10,1969.86,3
2023,1,1965.7,3
2023,2,1884.9600000000003,8
2023,3,1972.94,2
2023,4,1921.92,6
2023,5,1872.5199999999998,9
2023,6,1907.78,7
2023,7,2002.1399999999999,1
2023,8,1869.3600000000001,10
2023,9,1960.32,4
2023,10,1954.6399999999999,5
2023,1,2023.82,3
2023,2,1839.0599999999997,9
2023,3,2059.7799999999997,1
2023,4,1823.1599999999999,10
2023,5,1923.24,6
2023,6,2033.1399999999999,2
2023,7,2001.44,4
2023,8,1916.0200000000002,7
2023,9,1962.64,5
2023,10,1864.5600000000002,8
2023,1,1903.3400000000001,4
2023,2,1832.04,9
2023,3,1955.06,3
2023,4,2139.0,1
2023,5,1854.0,8
2023,6,1869.1399999999999,7
2023,7,1874.5199999999998,6
2023,8,1893.52,5
2023,9,1683.9,10
2023,10,2014.32,2
2023,1,1930.7399999999998,3
2023,2,1878.62,9
2023,3,1893.6000000000001,8
2023,4,1928.62,4
2023,5,2055.66,1
2023,6,1900.84,7
2023,7,1967.74,2
2023,8,1841.8200000000002,10
2023,9,1916.4,6
2023,10,1919.62,5
2023,1,1981.28,3
2023,2,2005.12,1
2023,3,1916.56,7
2023,4,1997.8400000000001,2
2023,5,1847.22,10
2023,6,1921.34,5
2023,7,1892.3,8
2023,8,1920.5,6
2023,9,1859.2,9
2023,10,1927.52,4
2023,1,1785.3000000000002,10
2023,2,1947.6799999999998,5
2023,3,1927.56,6
2023,4,2089.7200000000003,1
2023,5,1949.66,4
2023,6,1950.06,3
2023,7,1839.8000000000002,9
2023,8,1964.1400000000003,2
2023,9,1884.7800000000002,7
2023,10,1871.78,8
2023,1,1937.52,4
2023,2,1922.7199999999998,6
2023,3,1999.6799999999998,1
2023,4,1884.1399999999999,8
2023,5,1861.1,10
2023,6,1998.02,2
2023,7,1882.92,9
2023,8,1897.4,7
2023,9,1966.7000000000003,3
2023,10,1923.88,5
2023,1,1986.42,2
2023,2,1952.42,4
2023,3,2023.12,1
2023,4,1964.1200000000001,3
2023,5,1807.04,10
2023,6,1951.44,5
2023,7,1874.2200000000003,8
2023,8,1925.0400000000002,6
2023,9,1919.88,7
2023,10,1872.46,9
2023,1,1860.94,8
2023,2,1918.42,5
2023,3,1839.44,9
2023,4,1901.22,6
2023,5,1961.76,2
2023,6,1926.02,4
2023,7,1886.1200000000001,7
2023,8,1640.6200000000001,10
2023,9,1995.44,1
2023,10,1949.9,3
2023,1,1741.62,10
2023,2,1871.3200000000002,8
2023,3,1925.04,5
2023,4,1915.94,6
2023,5,1943.44,2
2023,6,1849.7199999999998,9
2023,7,2039.8200000000002,1
2023,8,1878.8399999999997,7
2023,9,1935.88,4
2023,10,1941.52,3
2023,1,1990.66,3
2023,2,1869.74,8
2023,3,1993.12,2
2023,4,1969.4,4
2023,5,2042.02,1
2023,6,1852.54,9
2023,7,1895.8200000000002,7
2023,8,1926.88,5
2023,9,1900.8600000000001,6
2023,10,1802.96,10
2023,1,2064.2000000000003,2
2023,2,1898.52,6
2023,3,2002.3200000000002,3
2023,4,1875.1999999999998,8
2023,5,1895.5,7
2023,6,1910.82,5
2023,7,1946.8999999999999,4
2023,8,1828.04,10
2023,9,1857.78,9
2023,10,2074.84,1
2023,1,2001.74,3
2023,2,1879.14,8
2023,3,2006.7000000000003,2
2023,4,1854.8400000000001,10
2023,5,1914.54,6
2023,6,1975.88,4
2023,7,1868.2399999999998,9
2023,8,1934.9,5
2023,9,2009.1599999999999,1
2023,10,1883.3799999999999,7
2023,1,2001.08,2
2023,2,1967.6399999999999,4
2023,3,1939.3599999999997,5
2023,4,2005.0,1
2023,5,1980.42,3
2023,6,1928.5600000000002,6
2023,7,1915.96,7
2023,8,1863.6599999999999,9
2023,9,1849.4399999999998,10
2023,10,1889.38,8
2023,1,2009.54,1
2023,2,1968.18,5
2023,3,1860.3000000000002,9
2023,4,1909.28,6
2023,5,2001.4800000000002,2
2023,6,1865.4199999999998,8
2023,7,1817.96,10
2023,8,1975.94,4
2023,9,1988.1399999999999,3
2023,10,1876.34,7
2023,1,1952.46,2
2023,2,1834.52,8
2023,3,1805.1799999999998,10
2023,4,1809.06,9
2023,5,1851.82,7
2023,6,1932.5000000000002,3
2023,7,1866.02,6
2023,8,1909.82,5
2023,9,1916.1999999999998,4
2023,10,2092.0,1
2023,1,1847.7199999999998,7
2023,2,1910.6399999999999,5
2023,3,2016.02,1
2023,4,1958.2,4
2023,5,1830.3000000000002,8
2023,6,1809.1399999999999,10
2023,7,1975.9,3
2023,8,1980.9199999999998,2
2023,9,1890.02,6
2023,10,1829.56,9
2023,1,1905.06,7
2023,2,1975.4,3
2023,3,1889.12,8
2023,4,2026.6200000000003,1
2023,5,1927.76,4
2023,6,1861.36,9
2023,7,2021.06,2
2023,8,1913.3000000000002,5
2023,9,1843.6799999999998,10
2023,10,1912.8400000000001,6
2023,1,1965.2800000000002,5
2023,2,2034.0,1
2023,3,1996.64,2
2023,4,1876.1599999999999,9
2023,5,1903.58,8
2023,6,1917.6,7
2023,7,1800.3200000000002,10
2023,8,1929.44,6
2023,9,1972.6000000000001,3
2023,10,1966.8200000000002,4
2023,1,1741.0,10
2023,2,1979.96,3
2023,3,1849.2199999999998,8
2023,4,1741.52,9
2023,5,1958.2,4
2023,6,1908.1,5
2023,7,1882.0,7
2023,8,1899.4,6
2023,9,1992.8,2
2023,10,2029.46,1
2023,1,1909.66,6
2023,2,2007.2200000000003,1
2023,3,1988.76,2
2023,4,1847.6399999999999,8
2023,5,1768.12,10
2023,6,1985.6399999999999,3
2023,7,1885.02,7
2023,8,1801.12,9
2023,9,1918.4,4
2023,10,1915.5800000000002,5
2023,1,2022.2000000000003,1
2023,2,1973.2400000000002,3
2023,3,1952.88,4
2023,4,1910.7400000000002,6
2023,5,1911.38,5
2023,6,1873.1,10
2023,7,1884.92,9
2023,8,2003.74,2
2023,9,1893.54,7
2023,10,1886.8999999999999,8
2023,1,1933.92,3
2023,2,1972.92,2
2023,3,2005.1,1
2023,4,1902.5,8
2023,5,1929.3400000000001,5
2023,6,1762.04,10
2023,7,1931.3,4
2023,8,1919.12,6
2023,9,1896.1,9
2023,10,1908.6200000000001,7
2023,1,1893.92,6
2023,2,1977.9,4
2023,3,2048.62,1
2023,4,2040.1400000000003,2
2023,5,1800.46,9
2023,6,1788.42,10
2023,7,1889.02,8
2023,8,1890.7,7
2023,9,2020.92,3
2023,10,1939.08,5
2023,1,2017.76,1
2023,2,1844.74,10
2023,3,1862.8600000000001,8
2023,4,1943.14,5
2023,5,1909.8200000000002,6
2023,6,1861.18,9
2023,7,1984.6,4
2023,8,1986.4,3
2023,9,1888.4,7
2023,10,2002.26,2
2023,1,2012.12,2
2023,2,1996.1599999999999,3
2023,3,1916.66,5
2023,4,1866.54,7
2023,5,1942.92,4
2023,6,1836.54,9
2023,7,2057.64,1
2023,8,1852.62,8
2023,9,1877.96,6
2023,10,1638.48,10
2023,1,2005.04,1
2023,2,1986.92,3
2023,3,1935.74,6
2023,4,1982.6599999999999,4
2023,5,1879.9599999999998,7
2023,6,2000.84,2
2023,7,1818.8200000000002,9
2023,8,1966.4199999999998,5
2023,9,1879.8000000000002,8
2023,10,1818.7599999999998,10
2023,1,1989.92,1
2023,2,1987.9,2
2023,3,1820.2400000000002,9
2023,4,1960.4,3
2023,5,1896.8400000000001,5
2023,6,1804.12,10
2023,7,1911.02,4
2023,8,1884.2000000000003,6
2023,9,1863.3000000000002,7
2023,10,1855.46,8
2023,1,1960.2599999999998,3
2023,2,1945.52,5
2023,3,1945.52,5
2023,4,1938.62,7
2023,5,1847.74,9
2023,6,1950.7399999999998,4
2023,7,1892.06,8
2023,8,1823.1599999999999,10
2023,9,1973.04,2
2023,10,2037.8200000000002,1
2023,1,1904.8000000000002,7
2023,2,1657.8599999999997,10
2023,3,1885.26,8
2023,4,1943.7,3
2023,5,1926.56,5
2023,6,2015.2200000000003,2
2023,7,1849.04,9
2023,8,2035.6799999999998,1
2023,9,1925.32,6
2023,10,1932.2399999999998,4
2023,1,1791.06,10
2023,2,2043.12,1
2023,3,1885.8400000000001,7
2023,4,1902.62,6
2023,5,2018.1400000000003,2
2023,6,2009.32,3
2023,7,1884.24,8
2023,8,1840.54,9
2023,9,1910.9,5
2023,10,1941.36,4
2023,1,2017.6200000000001,1
2023,2,1990.4999999999998,2
2023,3,1951.8999999999999,3
2023,4,1928.22,5
2023,5,1928.46,4
2023,6,1841.32,10
2023,7,1876.12,8
2023,8,1922.2199999999998,6
2023,9,1872.0400000000002,9
2023,10,1911.2199999999998,7
2023,1,2004.6999999999998,1
2023,2,1916.72,6
2023,3,1964.68,4
2023,4,1881.1399999999999,9
2023,5,1971.2599999999998,3
2023,6,1905.58,8
2023,7,1974.1,2
2023,8,1907.1399999999999,7
2023,9,1805.4199999999998,10
2023,10,1950.06,5
2023,1,2018.6999999999998,3
2023,2,1931.32,5
2023,3,2047.9200000000003,1
2023,4,2020.74,2
2023,5,1925.84,6
2023,6,1935.1399999999999,4
2023,7,1859.08,10
2023,8,1881.32,8
2023,9,1869.88,9
2023,10,1901.3,7
2023,1,1996.32,2
2023,2,1966.4,3
2023,3,1680.8,10
2023,4,1856.3,8
2023,5,1965.6200000000003,4
2023,6,1909.62,5
2023,7,1908.8400000000001,6
2023,8,2004.46,1
2023,9,1826.02,9
2023,10,1901.04,7
2023,1,1986.76,3
2023,2,1907.62,6
2023,3,1979.3400000000001,4
2023,4,1991.5400000000002,2
2023,5,1906.52,7
2023,6,1995.78,1
2023,7,1906.22,8
2023,8,1927.4,5
2023,9,1875.42,9
2023,10,1866.32,10
2023,1,1895.1200000000001,7
2023,2,1859.48,9
2023,3,1974.2200000000003,2
2023,4,1952.0,3
2023,5,2016.02,1
2023,6,1783.82,10
2023,7,1942.46,4
2023,8,1898.8,6
2023,9,1921.04,5
2023,10,1871.5,8
2023,1,1806.1599999999999,10
2023,2,1928.6599999999999,3
2023,3,1911.44,7
2023,4,1927.46,4
2023,5,2143.02,1
2023,6,1879.92,8
2023,7,1996.1000000000001,2
2023,8,1878.3200000000002,9
2023,9,1926.96,5
2023,10,1926.58,6
2023,1,1969.2200000000003,2
2023,2,1965.28,3
2023,3,1904.5400000000002,7
2023,4,1930.74,4
2023,5,2034.5,1
2023,6,1916.9,6
2023,7,1927.24,5
2023,8,1894.8599999999997,9
2023,9,1868.7599999999998,10
2023,10,1901.56,8
2023,1,2032.2399999999998,1
2023,2,1845.62,9
2023,3,1928.5000000000002,6
2023,4,2020.08,2
2023,5,1969.04,4
2023,6,2008.1000000000001,3
2023,7,1807.38,10
2023,8,1885.32,7
2023,9,1884.6200000000001,8
2023,10,1939.6399999999999,5
2023,1,1899.7600000000002,9
2023,2,1943.44,3
2023,3,2011.7199999999998,1
2023,4,1913.8999999999999,8
2023,5,1883.32,10
2023,6,1929.1399999999999,5
2023,7,1975.2400000000002,2
2023,8,1923.2400000000002,7
2023,9,1931.0,4
2023,10,1925.7599999999998,6
2023,1,2004.1599999999999,2
2023,2,1986.94,4
2023,3,1999.42,3
2023,4,1915.6800000000003,6
2023,5,2007.24,1
2023,6,1951.74,5
2023,7,1886.74,8
2023,8,1852.2800000000002,9
2023,9,1893.0,7
2023,10,1827.6000000000001,10
2023,1,1910.92,5
2023,2,1914.72,4
2023,3,2152.2,1
2023,4,1565.8000000000002,10
2023,5,1857.8200000000002,9
2023,6,1892.3400000000001,8
2023,7,1906.32,6
2023,8,1930.42,3
2023,9,2016.3799999999999,2
2023,10,1899.52,7
2023,1,1899.32,5
2023,2,2024.3,2
2023,3,1854.54,10
2023,4,1874.54,9
2023,5,1879.64,7
2023,6,2032.1,1
2023,7,1906.8,4
2023,8,1953.8999999999999,3
2023,9,1879.42,8
2023,10,1898.86,6
2023,1,1910.0,7
2023,2,1963.62,3
2023,3,1940.98,6
2023,4,1973.7199999999998,2
2023,5,1878.7599999999998,8
2023,6,2056.94,1
2023,7,1856.3999999999999,10
2023,8,1944.3400000000001,5
2023,9,1958.44,4
2023,10,1875.22,9
2023,1,2080.7,1
2023,2,2010.6999999999998,2
2023,3,1826.14,10
2023,4,1934.72,4
2023,5,1912.4999999999998,7
2023,6,1904.52,8
2023,7,1852.4,9
2023,8,1933.32,5
2023,9,1932.02,6
2023,10,1948.2599999999998,3
2023,1,1910.52,6
2023,2,2025.7200000000003,2
2023,3,1989.6200000000001,3
2023,4,1947.2399999999998,4
2023,5,1912.8200000000002,5
2023,6,1877.9199999999998,8
2023,7,1687.7,10
2023,8,1818.3600000000001,9
2023,9,2043.9599999999998,1
2023,10,1889.18,7
2023,1,1944.9000000000003,2
2023,2,1903.76,6
2023,3,1916.24,4
2023,4,1883.76,9
2023,5,1663.74,10
2023,6,1937.7199999999998,3
2023,7,1911.8000000000002,5
2023,8,2097.58,1
2023,9,1884.1399999999999,8
2023,10,1892.1599999999999,7
2023,1,2090.52,1
2023,2,1874.1,8
2023,3,1884.02,7
2023,4,1907.9,6
2023,5,1927.8999999999999,4
2023,6,1848.56,10
2023,7,2068.8399999999997,2
2023,8,1873.02,9
2023,9,1959.9399999999998,3
2023,10,1926.6,5
2023,1,2012.6599999999999,2
2023,2,1890.88,5
2023,3,1993.3000000000002,3
2023,4,1874.42,6
2023,5,2036.6600000000003,1
2023,6,1847.52,8
2023,7,1868.4,7
2023,8,1788.8200000000002,10
2023,9,1836.7399999999998,9
2023,10,1931.6400000000003,4
2023,1,1990.5,2
2023,2,1975.74,4
2023,3,1981.8200000000002,3
2023,4,1933.42,6
2023,5,2024.54,1
2023,6,1834.82,10
2023,7,1868.4800000000002,9
2023,8,1874.7199999999998,8
2023,9,1909.3600000000001,7
2023,10,1933.52,5
2023,1,1943.7599999999998,5
2023,2,1936.7199999999998,6
2023,3,1979.3600000000001,3
2023,4,1875.2399999999998,7
2023,5,1604.9800000000002,10
2023,6,2009.02,1
2023,7,1952.1,4
2023,8,2006.2799999999997,2
2023,9,1870.5,9
2023,10,1874.04,8
2023,1,2029.6399999999999,2
2023,2,1944.2200000000003,4
2023,3,1929.1599999999999,6
2023,4,1829.52,9
2023,5,2105.26,1
2023,6,1824.9,10
2023,7,1872.54,7
2023,8,1837.24,8
2023,9,1942.98,5
2023,10,1956.04,3
2023,1,1961.2399999999998,4
2023,2,2009.62,1
2023,3,1827.06,9
2023,4,1928.32,5
2023,5,1747.76,10
2023,6,1961.9,3
2023,7,1861.1399999999999,8
2023,8,1891.2400000000002,7
2023,9,1896.22,6
2023,10,1978.44,2
2023,1,1917.32,6
2023,2,1953.34,3
2023,3,1908.3599999999997,8
2023,4,1948.72,4
2023,5,1960.14,2
2023,6,1816.6000000000001,10
2023,7,1910.1799999999998,7
2023,8,1971.3,1
2023,9,1873.2600000000002,9
2023,10,1931.32,5
2023,1,1829.7599999999998,10
2023,2,1960.9,4
2023,3,2022.04,2
2023,4,1835.8400000000001,9
2023,5,1904.44,6
2023,6,2057.32,1
2023,7,1926.0000000000002,5
2023,8,1852.8400000000001,8
2023,9,1862.3,7
2023,10,2012.42,3
2023,1,1894.4,7
2023,2,1790.02,10
2023,3,1943.54,5
2023,4,1892.1599999999999,8
2023,5,1992.2599999999998,3
2023,6,1966.8599999999997,4
2023,7,2055.44,2
2023,8,1896.1999999999998,6
2023,9,2099.98,1
2023,10,1860.1200000000001,9
2023,1,1898.54,7
2023,2,1893.02,8
2023,3,2015.94,1
2023,4,1963.3200000000002,5
2023,5,2014.76,2
2023,6,1967.1999999999998,3
2023,7,1913.12,6
2023,8,1963.98,4
2023,9,1625.36,10
2023,10,1867.92,9
2023,1,1889.6,6
2023,2,1894.3200000000002,5
2023,3,1908.0,4
2023,4,1885.32,7
2023,5,2023.3999999999999,1
2023,6,1912.92,3
2023,7,1834.0600000000002,9
2023,8,1785.7,10
2023,9,1873.8200000000002,8
2023,10,1981.7199999999998,2
2023,1,1959.8600000000001,2
2023,2,1792.3399999999997,10
2023,3,1899.8200000000002,7
2023,4,1953.0,3
2023,5,1901.6,6
2023,6,2134.38,1
2023,7,1874.3399999999997,8
2023,8,1934.66,4
2023,9,1908.46,5
2023,10,1853.46,9
2023,1,1854.94,10
2023,2,1976.7200000000003,3
2023,3,1958.4199999999998,4
2023,4,1869.8600000000001,8
2023,5,1889.9599999999998,7
2023,6,1855.38,9
2023,7,2032.8400000000001,2
2023,8,1891.52,6
2023,9,2063.62,1
2023,10,1932.66,5
2023,1,1994.1599999999999,2
2023,2,1928.3000000000002,5
2023,3,1878.9,8
2023,4,1893.3999999999999,7
2023,5,1985.7600000000002,4
2023,6,1759.02,10
2023,7,1894.12,6
2023,8,2028.7400000000002,1
2023,9,1838.68,9
2023,10,1993.64,3
2023,1,1993.42,2
2023,2,2048.5200000000004,1
2023,3,1881.3599999999997,5
2023,4,1853.6399999999999,6
2023,5,1991.3000000000002,3
2023,6,1818.42,8
2023,7,1816.8600000000001,9
2023,8,1837.82,7
2023,9,1930.52,4
2023,10,1785.1999999999998,10
2023,1,2090.74,1
2023,2,1960.04,3
2023,3,2020.4199999999996,2
2023,4,1871.22,7
2023,5,1864.72,8
2023,6,1932.7,5
2023,7,1753.32,10
2023,8,1898.96,6
2023,9,1794.7599999999998,9
2023,10,1957.46,4
2023,1,2026.68,2
2023,2,1903.1399999999999,6
2023,3,1744.42,10
2023,4,1938.3,4
2023,5,2030.38,1
2023,6,1881.96,9
2023,7,1886.22,8
2023,8,1966.56,3
2023,9,1901.68,7
2023,10,1904.6399999999999,5
2023,1,2047.1200000000001,1
2023,2,1986.6800000000003,2
2023,3,1965.4,3
2023,4,1929.06,4
2023,5,1926.7199999999998,5
2023,6,1862.56,8
2023,7,1800.3200000000002,9
2023,8,1784.96,10
2023,9,1907.6399999999999,7
2023,10,1913.2,6
2023,1,1908.7599999999998,6
2023,2,1960.38,2
2023,3,1865.1400000000003,9
2023,4,1988.92,1
2023,5,1889.7400000000002,7
2023,6,1956.82,3
2023,7,1849.6399999999999,10
2023,8,1881.42,8
2023,9,1932.3999999999999,4
2023,10,1922.22,5
2023,1,1982.12,3
2023,2,1974.5200000000002,4
2023,3,1987.66,2
2023,4,1747.8999999999999,10
2023,5,1965.1799999999998,5
2023,6,1853.68,9
2023,7,1883.28,7
2023,8,2142.3999999999996,1
2023,9,1896.44,6
2023,10,1876.2199999999998,8
2023,1,1903.4199999999998,5
2023,2,2014.1,2
2023,3,1885.56,6
2023,4,1918.04,4
2023,5,2059.04,1
2023,6,1820.1,10
2023,7,1855.56,9
2023,8,1873.4599999999998,7
2023,9,1871.4199999999998,8
2023,10,1936.3199999999997,3
2023,1,1987.46,1
2023,2,1926.76,4
2023,3,1896.12,6
2023,4,1849.7,10
2023,5,1857.26,9
2023,6,1908.6,5
2023,7,1886.02,7
2023,8,1859.5,8
2023,9,1944.6200000000001,3
2023,10,1964.7800000000002,2
2023,1,2069.7000000000003,1
2023,2,1875.0199999999998,8
2023,3,1912.6399999999999,5
2023,4,2000.26,2
2023,5,1887.12,7
2023,6,1911.46,6
2023,7,1851.3400000000001,9
2023,8,1780.72,10
2023,9,1918.52,4
2023,10,1983.0399999999997,3
2023,1,1993.54,2
2023,2,1782.1,10
2023,3,1880.8,8
2023,4,2166.66,1
2023,5,1936.34,4
2023,6,1946.12,3
2023,7,1913.72,6
2023,8,1822.06,9
2023,9,1887.46,7
2023,10,1924.04,5
2023,1,2038.3000000000002,1
2023,2,2013.06,2
2023,3,2006.6400000000003,3
2023,4,1902.06,6
2023,5,1946.02,4
2023,6,1849.3799999999999,8
2023,7,1826.88,10
2023,8,1831.06,9
2023,9,1883.7000000000003,7
2023,10,1937.04,5
2023,1,1925.52,5
2023,2,2029.2000000000003,1
2023,3,2001.1599999999999,4
2023,4,1769.7600000000002,10
2023,5,1917.1399999999996,6
2023,6,1877.1399999999999,8
2023,7,2012.06,3
2023,8,1875.02,9
2023,9,1903.44,7
2023,10,2024.72,2
2023,1,1904.48,6
2023,2,1888.6,7
2023,3,1994.74,3
2023,4,1922.6599999999999,4
2023,5,1858.72,10
2023,6,1869.4999999999998,9
2023,7,1872.52,8
2023,8,1915.1,5
2023,9,2031.4,2
2023,10,2070.72,1
2023,1,1897.3999999999999,8
2023,2,1858.7600000000002,10
2023,3,1901.36,7
2023,4,2012.7399999999998,1
2023,5,1958.06,3
2023,6,1978.2400000000002,2
2023,7,1891.8999999999999,9
2023,8,1911.7,4
2023,9,1907.84,5
2023,10,1902.86,6
2023,1,1904.22,8
2023,2,1929.56,4
2023,3,1909.04,7
2023,4,1943.7200000000003,3
2023,5,1944.04,2
2023,6,1922.28,6
2023,7,2059.54,1
2023,8,1870.7199999999998,10
2023,9,1927.72,5
2023,10,1876.46,9
2023,1,1938.8200000000002,3
2023,2,1936.3600000000001,4
2023,3,1908.5,6
2023,4,1986.1799999999998,1
2023,5,1851.6799999999998,10
2023,6,1877.96,8
2023,7,1957.06,2
2023,8,1909.08,5
2023,9,1885.34,7
2023,10,1858.8000000000002,9
2023,1,2047.6000000000001,1
2023,2,1854.98,8
2023,3,1950.56,4
2023,4,1975.54,3
2023,5,1839.4999999999998,10
2023,6,1882.94,7
2023,7,2013.3200000000002,2
2023,8,1903.18,6
2023,9,1852.48,9
2023,10,1922.68,5
2023,1,1932.62,5
2023,2,2026.64,1
2023,3,1941.52,4
2023,4,1867.56,9
2023,5,1982.2199999999998,2
2023,6,1955.8000000000002,3
2023,7,1888.2600000000002,8
2023,8,1927.24,6
2023,9,1903.86,7
2023,10,1841.08,10
2023,1,1835.8200000000002,9
2023,2,2020.1599999999999,3
2023,3,1857.9199999999998,7
2023,4,1876.08,5
2023,5,2056.6400000000003,1
2023,6,2047.2199999999998,2
2023,7,1777.66,10
2023,8,1844.4,8
2023,9,1869.26,6
2023,10,1909.04,4
2023,1,1860.24,7
2023,2,1981.8400000000001,1
2023,3,1834.96,9
2023,4,1975.1000000000001,2
2023,5,1851.1999999999998,8
2023,6,1878.32,6
2023,7,1882.8,4
2023,8,1788.58,10
2023,9,1971.56,3
2023,10,1881.62,5
2023,1,1793.46,9
2023,2,2037.96,1
2023,3,1818.8399999999997,8
2023,4,2023.6,2
2023,5,1905.3600000000001,6
2023,6,2016.42,3
2023,7,1946.6399999999999,5
2023,8,1875.04,7
2023,9,1731.94,10
2023,10,1960.0,4
2023,1,2023.46,1
2023,2,1813.1,10
2023,3,2003.48,2
2023,4,1858.6200000000001,8
2023,5,1849.3200000000002,9
2023,6,1877.94,6
2023,7,1929.4,5
2023,8,1865.08,7
2023,9,1999.76,3
2023,10,1967.7799999999997,4
2023,1,1955.9199999999996,4
2023,2,2004.16,2
2023,3,1997.9,3
2023,4,1917.4,5
2023,5,2041.94,1
2023,6,1873.52,8
2023,7,1813.2599999999998,10
2023,8,1892.96,7
2023,9,1831.3400000000001,9
2023,10,1904.2200000000003,6
2023,1,2012.34,3
2023,2,2090.6000000000004,1
2023,3,1905.54,5
2023,4,1893.7600000000002,6
2023,5,1878.52,8
2023,6,1850.8600000000001,9
2023,7,1922.8200000000002,4
2023,8,1881.18,7
2023,9,1668.3000000000002,10
2023,10,2042.6399999999999,2
2023,1,2015.34,1
2023,2,1959.8600000000001,3
2023,3,1944.68,6
2023,4,1855.8600000000001,10
2023,5,1896.6799999999998,8
2023,6,2000.1800000000003,2
2023,7,1953.82,5
2023,8,1868.64,9
2023,9,1956.2599999999998,4
2023,10,1907.5,7
2023,1,2011.1200000000001,3
2023,2,1860.3200000000002,8
2023,3,2015.0,2
2023,4,1891.1000000000001,6
2023,5,2018.98,1
2023,6,1846.6399999999999,9
2023,7,1867.12,7
2023,8,1845.5400000000002,10
2023,9,1920.96,4
2023,10,1905.8400000000001,5
2023,1,1790.0,9
2023,2,2064.46,1
2023,3,1873.02,8
2023,4,1953.24,4
2023,5,1915.48,6
2023,6,1873.92,7
2023,7,2015.94,2
2023,8,1760.3000000000002,10
2023,9,1938.0,5
2023,10,2015.06,3
2023,1,1955.46,3
2023,2,1926.5,6
2023,3,1833.42,10
2023,4,2062.86,1
2023,5,1927.1200000000001,5
2023,6,1875.8799999999999,8
2023,7,1928.62,4
2023,8,1879.5,7
2023,9,2006.9,2
2023,10,1875.7599999999998,9
2023,1,1913.8,6
2023,2,1994.9599999999998,3
2023,3,1829.92,10
2023,4,2007.8600000000001,1
2023,5,1858.1999999999998,8
2023,6,1956.82,4
2023,7,1920.7199999999998,5
2023,8,1884.5,7
2023,9,1856.3999999999999,9
2023,10,2005.6000000000001,2
2023,1,2004.46,3
2023,2,1826.3600000000001,10
2023,3,1959.72,4
2023,4,1907.24,6
2023,5,1907.04,7
2023,6,2050.84,1
2023,7,2021.7600000000002,2
2023,8,1912.7399999999998,5
2023,9,1870.6999999999998,9
2023,10,1871.4,8
2023,1,1958.92,4
2023,2,1896.2999999999997,7
2023,3,1830.32,8
2023,4,1932.96,5
2023,5,2035.8200000000002,1
2023,6,1822.8600000000001,9
2023,7,2014.02,2
2023,8,1626.5,10
2023,9,1903.04,6
2023,10,1966.8199999999997,3
2023,1,1868.8999999999999,6
2023,2,1915.1200000000001,5
2023,3,2100.0200000000004,1
2023,4,2041.52,2
2023,5,1808.46,10
2023,6,1921.82,4
2023,7,1844.3,9
2023,8,1861.5,7
2023,9,1852.0399999999997,8
2023,10,1979.52,3
2023,1,1976.2000000000003,3
2023,2,1958.6399999999999,4
2023,3,2070.52,1
2023,4,1992.3599999999997,2
2023,5,1766.2999999999997,10
2023,6,1893.3400000000001,9
2023,7,1917.26,6
2023,8,1909.8000000000002,8
2023,9,1917.7200000000003,5
2023,10,1916.9999999999998,7
2023,1,2013.88,2
2023,2,1936.46,5
2023,3,1736.2999999999997,10
2023,4,2065.5600000000004,1
2023,5,1855.8600000000001,7
2023,6,1944.1200000000001,4
2023,7,1954.04,3
2023,8,1852.32,8
2023,9,1871.32,6
2023,10,1756.12,9
2023,1,1871.6600000000003,9
2023,2,2023.7199999999998,2
2023,3,1881.2800000000002,8
2023,4,2096.9,1
2023,5,1886.7800000000002,7
2023,6,1839.94,10
2023,7,1939.24,4
2023,8,1898.06,6
2023,9,1928.8599999999997,5
2023,10,1942.5400000000002,3
2023,1,2066.54,1
2023,2,1921.96,4
2023,3,1913.8,6
2023,4,1989.0,2
2023,5,1915.1399999999999,5
2023,6,1930.2,3
2023,7,1885.92,8
2023,8,1841.8200000000002,9
2023,9,1888.26,7
2023,10,1719.7000000000003,10
2023,1,1937.14,3
2023,2,1898.2,8
2023,3,1917.2800000000002,5
2023,4,1907.8999999999999,7
2023,5,2037.7400000000002,1
2023,6,2011.3200000000002,2
2023,7,1936.06,4
2023,8,1895.82,9
2023,9,1894.86,10
2023,10,1908.3600000000001,6
2023,1,1917.6999999999998,5
2023,2,2073.86,1
2023,3,2020.62,2
2023,4,1908.8600000000001,6
2023,5,1840.5,9
2023,6,1934.48,4
2023,7,1904.52,7
2023,8,1936.1,3
2023,9,1790.4199999999998,10
2023,10,1900.8400000000001,8
2023,1,1942.0,4
2023,2,1966.4,3
2023,3,1971.3599999999997,2
2023,4,2067.24,1
2023,5,1888.62,6
2023,6,1762.1399999999999,10
2023,7,1887.1599999999999,7
2023,8,1870.46,9
2023,9,1912.7,5
2023,10,1879.08,8
2023,1,1895.2399999999998,8
2023,2,1852.66,9
2023,3,1807.02,10
2023,4,2002.5,2
2023,5,1983.66,3
2023,6,1901.5400000000002,7
2023,7,1921.6000000000001,5
2023,8,2027.92,1
2023,9,1933.9199999999996,4
2023,10,1901.8,6
2023,1,1929.1799999999998,6
2023,2,1935.52,5
2023,3,2046.94,1
2023,4,1798.84,9
2023,5,1946.8400000000001,3
2023,6,2013.42,2
2023,7,1835.56,8
2023,8,1669.9,10
2023,9,1865.72,7
2023,10,1937.68,4
2023,1,1922.54,5
2023,2,1936.8600000000001,3
2023,3,1926.32,4
2023,4,1893.1,7
2023,5,1843.08,10
2023,6,2032.6399999999999,1
2023,7,1859.72,9
2023,8,2005.2000000000003,2
2023,9,1869.4599999999998,8
2023,10,1895.0,6
2023,1,1707.46,10
2023,2,1947.6599999999999,3
2023,3,2121.76,1
2023,4,1827.64,9
2023,5,2052.72,2
2023,6,1921.04,4
2023,7,1917.42,5
2023,8,1894.42,6
2023,9,1884.66,7
2023,10,1880.14,8
2023,1,1950.62,5
2023,2,2026.9,1
2023,3,1852.8000000000002,9
2023,4,1905.2399999999998,8
2023,5,1960.96,4
2023,6,1907.2799999999997,7
2023,7,2014.5599999999997,2
2023,8,1912.0199999999998,6
2023,9,2003.1400000000003,3
2023,10,1852.54,10
2023,1,2018.7199999999998,1
2023,2,1923.6599999999999,7
2023,3,1979.64,3
2023,4,1935.74,5
2023,5,1995.82,2
2023,6,1852.36,8
2023,7,1930.1999999999998,6
2023,8,1968.4,4
2023,9,1577.6,10
2023,10,1833.02,9
2023,1,1890.3400000000001,6
2023,2,1987.5,1
2023,3,1921.04,5
2023,4,1770.7000000000003,9
2023,5,1820.98,7
2023,6,1805.3200000000002,8
2023,7,1752.5600000000002,10
2023,8,1943.04,2
2023,9,1934.3200000000002,4
2023,10,1938.9399999999998,3
2023,1,1964.06,3
2023,2,1923.6,6
2023,3,1979.92,2
2023,4,1857.5400000000002,8
2023,5,1999.2199999999998,1
2023,6,1927.42,5
2023,7,1955.2399999999998,4
2023,8,1816.46,9
2023,9,1873.6599999999999,7
2023,10,1791.6999999999998,10
2023,1,1907.42,6
2023,2,1949.82,4
2023,3,2010.2400000000002,1
2023,4,1933.5400000000002,5
2023,5,1871.08,8
2023,6,2007.04,2
2023,7,1574.3600000000001,10
2023,8,1998.92,3
2023,9,1880.1,7
2023,10,1865.42,9
2023,1,2007.1799999999998,2
2023,2,2033.4,1
2023,3,1997.7200000000003,3
2023,4,1858.48,10
2023,5,1900.74,7
2023,6,1893.1200000000003,8
2023,7,1911.86,5
2023,8,1906.44,6
2023,9,1941.06,4
2023,10,1890.44,9
2023,1,1925.4,6
2023,2,2025.46,1
2023,3,1784.72,10
2023,4,1942.8400000000001,3
2023,5,1866.08,9
2023,6,1888.02,7
2023,7,1932.8200000000002,5
2023,8,1976.2399999999998,2
2023,9,1933.02,4
2023,10,1885.68,8
2023,1,1895.06,7
2023,2,1867.58,9
2023,3,1905.52,6
2023,4,1907.1599999999999,5
2023,5,2011.7400000000002,3
2023,6,2038.7399999999998,1
2023,7,1933.94,4
2023,8,1802.86,10
2023,9,2036.3400000000001,2
2023,10,1888.1999999999998,8
2023,1,1978.3000000000002,2
2023,2,1858.54,9
2023,3,1949.8199999999997,4
2023,4,1977.04,3
2023,5,1832.52,10
2023,6,2040.2,1
2023,7,1936.66,6
2023,8,1884.96,7
2023,9,1873.12,8
2023,10,1938.8400000000001,5
2023,1,1976.64,3
2023,2,1852.44,7
2023,3,2013.52,2
2023,4,1890.14,6
2023,5,1582.9599999999998,10
2023,6,2040.3400000000001,1
2023,7,1915.14,5
2023,8,1930.8200000000002,4
2023,9,1838.4,8
2023,10,1811.6400000000003,9
2023,1,2018.52,1
2023,2,1912.1599999999999,8
2023,3,1942.1600000000003,5
2023,4,1892.5,10
2023,5,1948.1799999999998,4
2023,6,1933.66,6
2023,7,1955.9,3
2023,8,1984.5400000000002,2
2023,9,1931.9199999999998,7
2023,10,1900.1200000000001,9
2023,1,1662.4,10
2023,2,2032.2199999999998,1
2023,3,1883.56,6
2023,4,1953.04,3
2023,5,1931.28,4
2023,6,1917.4,5
2023,7,1731.1599999999999,9
2023,8,1966.3600000000001,2
2023,9,1746.12,8
2023,10,1846.4,7
2023,1,1849.2400000000002,10
2023,2,1944.2800000000002,5
2023,3,1876.52,9
2023,4,1906.8600000000001,7
2023,5,1981.74,3
2023,6,1984.14,2
2023,7,1909.56,6
2023,8,2038.12,1
2023,9,1902.6999999999998,8
2023,10,1948.6,4
2023,1,1990.76,2
2023,2,1940.0399999999997,4
2023,3,1965.34,3
2023,4,1828.4399999999998,10
2023,5,1888.5,6
2023,6,2019.1200000000001,1
2023,7,1927.5,5
2023,8,1870.42,8
2023,9,1871.6999999999998,7
2023,10,1843.2999999999997,9
2023,1,1835.4399999999998,10
2023,2,1924.98,6
2023,3,1962.1200000000001,3
2023,4,1888.8600000000001,7
2023,5,2011.6200000000003,2
2023,6,1926.1799999999998,5
2023,7,2013.6599999999999,1
2023,8,1844.12,9
2023,9,1880.42,8
2023,10,1939.2599999999998,4
2023,1,2038.6599999999999,1
2023,2,1820.54,10
2023,3,1948.5200000000002,4
2023,4,1936.96,5
2023,5,1896.6399999999999,8
2023,6,1903.3200000000002,7
2023,7,1974.4399999999998,2
2023,8,1949.9,3
2023,9,1885.3600000000001,9
2023,10,1924.92,6
2023,1,1880.96,6
2023,2,1899.66,5
2023,3,1863.0400000000002,7
2023,4,2042.5,1
2023,5,1853.44,8
2023,6,1982.62,3
2023,7,1946.6,4
2023,8,1807.64,10
2023,9,1991.42,2
2023,10,1848.6399999999999,9
2023,1,2000.3200000000002,1
2023,2,1927.44,7
2023,3,1943.1599999999999,5
2023,4,1898.4,8
2023,5,1932.84,6
2023,6,1957.8200000000002,3
2023,7,1845.3999999999999,9
2023,8,1954.34,4
2023,9,1653.76,10
2023,10,1992.0000000000002,2
2023,1,2012.1599999999999,1
2023,2,1889.74,7
2023,3,1827.7400000000002,10
2023,4,1994.7600000000002,3
2023,5,1923.46,4
2023,6,1995.82,2
2023,7,1895.2399999999998,6
2023,8,1907.52,5
2023,9,1851.74,9
2023,10,1861.36,8
2023,1,1993.32,2
2023,2,2041.46,1
2023,3,1866.02,9
2023,4,1906.6000000000001,5
2023,5,1967.86,3
2023,6,1897.8399999999997,6
2023,7,1881.6399999999999,7
2023,8,1642.3400000000001,10
2023,9,1875.42,8
2023,10,1926.98,4
2023,1,1979.9,3
2023,2,1995.6600000000003,2
2023,3,2020.96,1
2023,4,1895.6200000000001,8
2023,5,1969.7400000000002,4
2023,6,1934.54,6
2023,7,1900.7199999999998,7
2023,8,1892.3199999999997,9
2023,9,1942.7199999999998,5
2023,10,1889.3999999999999,10
2023,1,1991.9,3
2023,2,1921.28,5
2023,3,2028.26,1
2023,4,1951.74,4
2023,5,1813.34,9
2023,6,1913.6999999999998,6
2023,7,2015.2200000000003,2
2023,8,1806.92,10
2023,9,1869.7199999999998,7
2023,10,1847.96,8
2023,1,2127.2400000000002,1
2023,2,1840.98,8
2023,3,1894.28,5
2023,4,1837.16,9
2023,5,1907.92,4
2023,6,1751.74,10
2023,7,2061.7,2
2023,8,1847.8200000000002,7
2023,9,1893.8,6
2023,10,2032.6599999999999,3
2023,1,2050.32,1
2023,2,1956.62,4
2023,3,1897.5600000000002,8
2023,4,1901.8599999999997,7
2023,5,1957.38,3
2023,6,1812.64,10
2023,7,1965.02,2
2023,8,1925.8200000000002,6
2023,9,1935.3400000000001,5
2023,10,1875.94,9
2023,1,1871.3000000000002,7
2023,2,1939.56,3
2023,3,2081.28,1
2023,4,1814.8400000000001,9
2023,5,1862.62,8
2023,6,2031.06,2
2023,7,1938.44,4
2023,8,1926.4199999999998,5
2023,9,1599.0,10
2023,10,1891.94,6
2023,1,1927.66,4
2023,2,1967.62,2
2023,3,2022.9199999999998,1
2023,4,1898.68,6
2023,5,1879.9199999999998,8
2023,6,1839.44,10
2023,7,1961.9,3
2023,8,1868.1999999999998,9
2023,9,1900.1599999999999,5
2023,10,1881.0,7
2023,1,1860.8600000000001,8
2023,2,2051.92,1
2023,3,1930.7,4
2023,4,1911.5,5
2023,5,2044.2599999999998,2
2023,6,1897.8600000000001,6
2023,7,1953.06,3
2023,8,1876.1999999999998,7
2023,9,1839.6399999999999,9
2023,10,1826.8199999999997,10
2023,1,1903.6200000000001,6
2023,2,1946.6599999999999,4
2023,3,1911.3200000000002,5
2023,4,1976.1599999999999,1
2023,5,1958.5400000000002,2
2023,6,1902.92,7
2023,7,1900.38,8
2023,8,1888.7199999999998,9
2023,9,1722.68,10
2023,10,1958.1399999999999,3
2023,1,1968.54,4
2023,2,1981.2000000000003,3
2023,3,1712.2199999999998,10
2023,4,2034.9,1
2023,5,1988.56,2
2023,6,1902.6599999999999,8
2023,7,1906.22,7
2023,8,1917.54,6
2023,9,1952.8,5
2023,10,1885.88,9
2023,1,1996.6399999999999,3
2023,2,1905.94,7
2023,3,2017.2199999999998,1
2023,4,1980.6200000000001,4
2023,5,2005.68,2
2023,6,1794.88,10
2023,7,1958.62,5
2023,8,1834.82,9
2023,9,1870.3600000000001,8
2023,10,1917.74,6
2023,1,1874.76,8
2023,2,1909.7199999999998,5
2023,3,1763.5,10
2023,4,1883.72,7
2023,5,1968.0,1
2023,6,1922.34,4
2023,7,1938.66,2
2023,8,1815.3200000000002,9
2023,9,1887.42,6
2023,10,1932.64,3
2023,1,1973.96,2
2023,2,1886.0,8
2023,3,1923.1,5
2023,4,1993.1599999999999,1
2023,5,1951.2800000000002,3
2023,6,1833.0399999999997,10
2023,7,1950.8400000000001,4
2023,8,1899.4800000000002,7
2023,9,1847.7200000000003,9
2023,10,1910.0400000000002,6
2023,1,1858.7200000000003,10
2023,2,1988.4400000000003,3
2023,3,2002.92,2
2023,4,1897.6399999999999,8
2023,5,1898.12,7
2023,6,2027.04,1
2023,7,1946.52,5
2023,8,1893.8200000000002,9
2023,9,1932.84,6
2023,10,1952.1,4
2023,1,1872.26,7
2023,2,1735.2,10
2023,3,1922.06,4
2023,4,2006.9399999999998,2
2023,5,1847.8400000000001,8
2023,6,1979.58,3
2023,7,1903.2199999999998,6
2023,8,2014.7,1
2023,9,1915.3000000000002,5
2023,10,1841.2199999999998,9
2023,1,1992.74,2
2023,2,1879.9,9
2023,3,1962.12,4
2023,4,1931.8999999999999,7
2023,5,1969.6200000000001,3
2023,6,1943.0600000000002,5
2023,7,1935.34,6
2023,8,1893.84,8
2023,9,1865.2600000000002,10
2023,10,2031.0800000000002,1
2023,1,1983.94,3
2023,2,2094.42,1
2023,3,1840.68,10
2023,4,1887.5,8
2023,5,1918.1399999999999,5
2023,6,1931.94,4
2023,7,1891.4599999999998,7
2023,8,1877.8000000000002,9
2023,9,2051.62,2
2023,10,1893.94,6
2024,1,1986.9,5
2024,2,1961.3000000000002,7
2024,3,2020.94,2
2024,4,1926.3999999999999,8
2024,5,2017.52,3
2024,6,1998.18,4
2024,7,1864.6399999999999,9
2024,8,1643.6999999999998,10
2024,9,1965.8600000000001,6
2024,10,2119.3799999999997,1
2024,1,1998.7400000000002,3
2024,2,2000.7199999999998,2
2024,3,1905.7799999999997,8
2024,4,2012.4,1
2024,5,1894.4399999999998,9
2024,6,1821.6399999999999,10
2024,7,1997.5199999999998,4
2024,8,1965.56,6
2024,9,1981.8199999999997,5
2024,10,1923.1399999999999,7
2024,1,1938.8799999999997,6
2024,2,1981.1,4
2024,3,1809.14,10
2024,4,2066.6,1
2024,5,1967.24,5
2024,6,1937.52,7
2024,7,2003.6799999999998,3
2024,8,1899.02,8
2024,9,2018.04,2
2024,10,1872.66,9
2024,1,1970.2199999999998,5
2024,2,1897.88,8
2024,3,1981.8799999999999,4
2024,4,1839.98,9
2024,5,1901.2600000000002,7
2024,6,1984.08,3
2024,7,2119.0,1
2024,8,1727.4999999999998,10
2024,9,2002.9,2
2024,10,1922.42,6
2024,1,1981.76,3
2024,2,1965.48,4
2024,3,1917.28,7
2024,4,2093.8999999999996,2
2024,5,1951.76,5
2024,6,1875.54,9
2024,7,1914.58,8
2024,8,1868.42,10
2024,9,1932.8200000000002,6
2024,10,2161.1,1
2024,1,2007.58,1
2024,2,1919.1000000000001,7
2024,3,1931.26,6
2024,4,1936.82,3
2024,5,1935.1,5
2024,6,1972.96,2
2024,7,1633.18,10
2024,8,1936.5,4
2024,9,1793.2,9
2024,10,1910.94,8
2024,1,1985.68,3
2024,2,1750.0,10
2024,3,1963.8600000000001,4
2024,4,1907.4,8
2024,5,1959.56,5
2024,6,1868.42,9
2024,7,1937.02,6
2024,8,1924.02,7
2024,9,1998.3600000000001,2
2024,10,2040.2599999999998,1
2024,1,1880.8,9
2024,2,1895.6999999999998,8
2024,3,1958.0,5
2024,4,2052.48,2
2024,5,1955.2199999999998,6
2024,6,1951.34,7
2024,7,1996.42,4
2024,8,2055.94,1
2024,9,2026.6799999999998,3
2024,10,1868.58,10
2024,1,2031.8999999999999,1
2024,2,2024.7199999999998,2
2024,3,1912.1800000000003,9
2024,4,1946.4,5
2024,5,1933.3400000000001,7
2024,6,1918.8,8
2024,7,1944.46,6
2024,8,1997.1200000000001,3
2024,9,1954.46,4
2024,10,1811.3,10
2024,1,2048.96,1
2024,2,2013.1599999999999,3
2024,3,1934.12,10
2024,4,2003.62,4
2024,5,2041.06,2
2024,6,1947.38,8
2024,7,1939.72,9
2024,8,1956.62,7
2024,9,1962.5800000000002,6
2024,10,1977.92,5
2024,1,1986.5200000000002,3
2024,2,1984.12,4
2024,3,1988.62,2
2024,4,2048.58,1
2024,5,1979.34,5
2024,6,1949.06,9
2024,7,1821.04,10
2024,8,1971.6,7
2024,9,1971.6,7
2024,10,1978.44,6
2024,1,1886.7800000000002,7
2024,2,1936.92,5
2024,3,1875.66,8
2024,4,1976.9,4
2024,5,1992.9199999999998,3
2024,6,1873.54,9
2024,7,1721.12,10
2024,8,1997.3400000000001,2
2024,9,1894.1799999999998,6
2024,10,2099.08,1
2024,1,1968.04,8
2024,2,2007.46,2
2024,3,1989.8,3
2024,4,2125.6,1
2024,5,1974.52,7
2024,6,1843.54,10
2024,7,1983.6399999999999,6
2024,8,1984.2200000000003,5
2024,9,1984.6800000000003,4
2024,10,1889.3600000000001,9
2024,1,1947.66,6
2024,2,2090.9399999999996,1
2024,3,2001.02,3
2024,4,1932.0800000000002,9
2024,5,1976.86,5
2024,6,1982.76,4
2024,7,1924.72,10
2024,8,2013.88,2
2024,9,1933.3000000000002,8
2024,10,1945.9399999999998,7
2024,1,1920.0400000000002,8
2024,2,1940.2199999999998,5
2024,3,2007.3000000000002,1
2024,4,1885.1399999999999,10
2024,5,1955.3000000000002,4
2024,6,1972.7599999999998,2
2024,7,1967.96,3
2024,8,1891.92,9
2024,9,1936.28,7
2024,10,1937.02,6
2024,1,2080.16,1
2024,2,1929.5,7
2024,3,1965.5400000000002,6
2024,4,2001.94,3
2024,5,2007.8799999999999,2
2024,6,1965.7399999999998,5
2024,7,1894.36,10
2024,8,1965.96,4
2024,9,1903.88,9
2024,10,1917.02,8
2024,1,1935.7200000000003,7
2024,2,1980.0000000000002,4
2024,3,1911.8400000000004,8
2024,4,2006.92,3
2024,5,2026.96,2
2024,6,2039.8,1
2024,7,1849.6599999999999,10
2024,8,1967.5399999999997,5
2024,9,1907.46,9
2024,10,1947.7799999999997,6
2024,1,2010.72,5
2024,2,2014.2000000000003,3
2024,3,1960.2800000000002,6
2024,4,2031.26,2
2024,5,2011.3200000000002,4
2024,6,1943.34,8
2024,7,2039.0,1
2024,8,1892.8600000000001,9
2024,9,1952.3200000000002,7
2024,10,1882.98,10
2024,1,1969.0000000000002,6
2024,2,2013.44,2
2024,3,2035.7200000000003,1
2024,4,2008.3999999999999,3
2024,5,1901.88,9
2024,6,1966.64,7
2024,7,1954.6999999999998,8
2024,8,1857.0,10
2024,9,1977.4399999999998,5
2024,10,1978.0200000000002,4
2024,1,2016.0,1
2024,2,1985.1599999999999,5
2024,3,2013.86,2
2024,4,1938.8999999999999,8
2024,5,2005.7,3
2024,6,1983.6800000000003,6
2024,7,1999.7199999999998,4
2024,8,1903.12,10
2024,9,1971.82,7
2024,10,1920.88,9
2024,1,1666.1000000000001,10
2024,2,1981.42,3
2024,3,2128.36,1
2024,4,1932.1799999999998,6
2024,5,2053.46,2
2024,6,1756.48,9
2024,7,1963.2200000000003,5
2024,8,1975.5600000000002,4
2024,9,1928.4,7
2024,10,1890.62,8
2024,1,2101.58,1
2024,2,1844.7400000000002,10
2024,3,1945.1399999999999,6
2024,4,2017.2199999999998,3
2024,5,1911.72,7
2024,6,1984.04,4
2024,7,1857.6000000000001,8
2024,8,1960.42,5
2024,9,2067.96,2
2024,10,1857.2199999999998,9
2024,1,1960.56,8
2024,2,1980.46,6
2024,3,1966.6200000000001,7
2024,4,2028.3200000000002,2
2024,5,1866.0000000000002,10
2024,6,2004.18,3
2024,7,1988.7399999999998,4
2024,8,1986.02,5
2024,9,2033.22,1
2024,10,1882.3999999999996,9
2024,1,1920.2,9
2024,2,1927.62,7
2024,3,1926.5600000000002,8
2024,4,2014.4799999999998,2
2024,5,2018.3999999999999,1
2024,6,1917.08,10
2024,7,1941.8799999999999,5
2024,8,1953.0200000000002,4
2024,9,1932.1200000000001,6
2024,10,1973.8599999999997,3
2024,1,2064.54,1
2024,2,2002.1200000000001,3
2024,3,2017.4,2
2024,4,1965.3,4
2024,5,1961.0600000000002,5
2024,6,1670.1799999999998,10
2024,7,1886.0999999999997,9
2024,8,1938.1,7
2024,9,1951.92,6
2024,10,1923.8400000000001,8
2024,1,2055.06,3
2024,2,1917.8400000000001,7
2024,3,2068.18,2
2024,4,1862.8000000000002,8
2024,5,1993.52,4
2024,6,1965.58,5
2024,7,1728.26,9
2024,8,2080.0,1
2024,9,1680.9199999999998,10
2024,10,1925.2199999999998,6
2024,1,1935.42,7
2024,2,1942.6400000000003,6
2024,3,1982.88,2
2024,4,1976.2399999999998,3
2024,5,1822.98,9
2024,6,1967.7399999999998,4
2024,7,1963.32,5
2024,8,2075.6,1
2024,9,1912.3000000000002,8
2024,10,1692.5800000000002,10
2024,1,1972.8,3
2024,2,2111.14,1
2024,3,1928.9400000000003,7
2024,4,1920.2199999999998,9
2024,5,1916.8799999999999,10
2024,6,1941.2000000000003,6
2024,7,1947.06,5
2024,8,1923.0600000000002,8
2024,9,1987.0,2
2024,10,1947.2,4
2024,1,1986.2000000000003,4
2024,2,1925.3399999999997,9
2024,3,1978.5,5
2024,4,1937.46,7
2024,5,2044.6000000000001,1
2024,6,1951.36,6
2024,7,1870.52,10
2024,8,1929.2199999999998,8
2024,9,2036.9,2
2024,10,2024.1399999999999,3
2024,1,1945.1800000000003,6
2024,2,2067.26,2
2024,3,1826.74,10
2024,4,1906.02,9
2024,5,1938.52,7
2024,6,1922.6800000000003,8
2024,7,2129.48,1
2024,8,2050.1000000000004,3
2024,9,1949.06,5
2024,10,2000.2799999999997,4
2024,1,2086.8599999999997,1
2024,2,2049.7,2
2024,3,1995.8400000000001,5
2024,4,1726.38,9
2024,5,1977.8599999999997,6
2024,6,2001.7,4
2024,7,2005.6399999999999,3
2024,8,1953.8000000000002,7
2024,9,1913.16,8
2024,10,1614.3000000000002,10
2024,1,1952.2,6
2024,2,1955.9199999999998,5
2024,3,1692.3999999999999,10
2024,4,2005.3600000000001,3
2024,5,2027.7999999999997,1
2024,6,2014.96,2
2024,7,1977.8,4
2024,8,1900.98,9
2024,9,1925.04,8
2024,10,1938.54,7
2024,1,1929.12,7
2024,2,2060.3999999999996,1
2024,3,2035.0199999999998,2
2024,4,2020.2800000000002,3
2024,5,1953.06,6
2024,6,1882.0400000000002,10
2024,7,1883.3000000000002,9
2024,8,1886.66,8
2024,9,2009.8600000000001,4
2024,10,1997.3200000000002,5
2024,1,1982.56,6
2024,2,1987.0000000000002,5
2024,3,2008.12,3
2024,4,1938.66,8
2024,5,1876.94,10
2024,6,1997.8200000000002,4
2024,7,2033.6000000000001,2
2024,8,2052.72,1
2024,9,1945.68,7
2024,10,1901.4,9
2024,1,1839.34,9
2024,2,1924.94,5
2024,3,1922.54,6
2024,4,1910.8200000000002,7
2024,5,1687.7,10
2024,6,2025.3799999999999,2
2024,7,2032.0,1
2024,8,1979.26,4
2024,9,1979.3200000000002,3
2024,10,1863.56,8
2024,1,1952.4,7
2024,2,2025.3,2
2024,3,1994.7800000000002,4
2024,4,1968.6,5
2024,5,1901.92,10
2024,6,1909.1000000000004,9
2024,7,2054.02,1
2024,8,1924.74,8
2024,9,1966.2199999999998,6
2024,10,2011.5,3
2024,1,1977.6999999999998,3
2024,2,1895.96,8
2024,3,1888.3600000000001,10
2024,4,1930.96,6
2024,5,1925.56,7
2024,6,2068.52,2
2024,7,2071.38,1
2024,8,1972.9999999999998,4
2024,9,1889.48,9
2024,10,1966.28,5
2024,1,1900.6799999999998,9
2024,2,1939.96,6
2024,3,1623.3799999999999,10
2024,4,1957.44,5
2024,5,1967.26,4
2024,6,1913.4199999999998,8
2024,7,1970.1199999999997,3
2024,8,2085.24,1
2024,9,2044.3000000000002,2
2024,10,1928.6000000000001,7
2024,1,2130.3,1
2024,2,1718.6,9
2024,3,1673.9,10
2024,4,1906.5200000000002,7
2024,5,1958.42,5
2024,6,1949.06,6
2024,7,1991.2399999999998,3
2024,8,1996.0,2
2024,9,1966.8,4
2024,10,1856.88,8
2024,1,2050.36,1
2024,2,1940.54,7
2024,3,2011.96,4
2024,4,2013.12,3
2024,5,1974.32,5
2024,6,1917.92,8
2024,7,1889.52,9
2024,8,2031.6999999999998,2
2024,9,1957.68,6
2024,10,1869.1,10
2024,1,2049.0199999999995,2
2024,2,1993.1600000000003,3
2024,3,1945.42,4
2024,4,1929.3799999999999,6
2024,5,1915.2799999999997,7
2024,6,1879.6,10
2024,7,2110.02,1
2024,8,1906.92,8
2024,9,1895.1999999999998,9
2024,10,1930.3600000000001,5
2024,1,1975.5200000000002,6
2024,2,1935.32,7
2024,3,1864.8,10
2024,4,2034.9199999999996,4
2024,5,2057.4399999999996,3
2024,6,2097.0,1
2024,7,2023.94,5
2024,8,1877.06,9
2024,9,1902.1200000000003,8
2024,10,2069.8799999999997,2
2024,1,1992.3000000000002,2
2024,2,1929.7200000000003,7
2024,3,2039.8000000000002,1
2024,4,1966.6000000000001,4
2024,5,1944.82,6
2024,6,1736.3999999999996,10
2024,7,1908.98,8
2024,8,1955.3199999999997,5
2024,9,1898.14,9
2024,10,1991.7399999999998,3
2024,1,1930.7,6
2024,2,2130.3999999999996,1
2024,3,1910.6999999999998,7
2024,4,2002.92,3
2024,5,2028.8600000000001,2
2024,6,1933.8200000000002,5
2024,7,1740.7400000000002,9
2024,8,1934.42,4
2024,9,1645.7,10
2024,10,1858.1599999999999,8
2024,1,2002.7200000000003,2
2024,2,1871.16,10
2024,3,1942.02,6
2024,4,1910.2599999999998,9
2024,5,1953.1599999999999,4
2024,6,1946.64,5
2024,7,1917.2599999999998,8
2024,8,1937.74,7
2024,9,2017.6,1
2024,10,1958.8600000000001,3
2024,1,1972.9199999999996,5
2024,2,1902.78,9
2024,3,2018.4399999999998,1
2024,4,1980.38,4
2024,5,1893.6,10
2024,6,1989.1599999999999,3
2024,7,1960.6800000000003,6
2024,8,2002.58,2
2024,9,1918.56,8
2024,10,1943.5999999999997,7
2024,1,2023.26,2
2024,2,2002.12,3
2024,3,1635.9,10
2024,4,2050.5,1
2024,5,1960.18,7
2024,6,1977.6,6
2024,7,1939.02,9
2024,8,1977.86,5
2024,9,1997.2800000000002,4
2024,10,1942.74,8
2024,1,2024.8400000000001,3
2024,2,1896.8000000000002,10
2024,3,2029.32,2
2024,4,1907.3,9
2024,5,1979.3799999999999,6
2024,6,1946.4599999999998,8
2024,7,2034.1399999999999,1
2024,8,1985.2,5
2024,9,1990.34,4
2024,10,1974.38,7
2024,1,2004.8200000000002,2
2024,2,1979.0,4
2024,3,1725.5,9
2024,4,2009.6,1
2024,5,1910.2999999999997,7
2024,6,1939.48,5
2024,7,1877.94,8
2024,8,1693.2000000000003,10
2024,9,1984.0,3
2024,10,1927.22,6
2024,1,1915.8600000000004,6
2024,2,2002.1399999999999,1
2024,3,1969.8999999999996,3
2024,4,1753.4,10
2024,5,1987.92,2
2024,6,1885.3199999999997,8
2024,7,1861.8,9
2024,8,1968.6999999999998,4
2024,9,1903.24,7
2024,10,1941.1399999999999,5
2024,1,1996.7199999999998,2
2024,2,1984.7999999999997,4
2024,3,1945.44,6
2024,4,1963.88,5
2024,5,1929.92,7
2024,6,2002.0,1
2024,7,1921.92,9
2024,8,1922.9,8
2024,9,1892.4,10
2024,10,1994.4799999999998,3
2024,1,1994.24,3
2024,2,1944.88,6
2024,3,2020.9600000000003,1
2024,4,2014.42,2
2024,5,1836.6200000000001,10
2024,6,1936.82,7
2024,7,1935.46,8
2024,8,1846.08,9
2024,9,1965.8999999999999,4
2024,10,1956.1399999999999,5
2024,1,1925.6999999999998,6
2024,2,1982.16,3
2024,3,2003.88,1
2024,4,1953.42,4
2024,5,1886.52,7
2024,6,1942.88,5
2024,7,1850.6200000000001,8
2024,8,1759.8000000000002,9
2024,9,1989.9400000000003,2
2024,10,1718.1999999999998,10
2024,1,1911.3600000000001,9
2024,2,1940.4,7
2024,3,2017.08,3
2024,4,1948.4800000000002,6
2024,5,2032.9,2
2024,6,1915.52,8
2024,7,1990.52,4
2024,8,2052.6800000000003,1
2024,9,1873.54,10
2024,10,1963.0,5
2024,1,1946.02,6
2024,2,1984.52,2
2024,3,1963.56,3
2024,4,1930.92,8
2024,5,1934.96,7
2024,6,2007.2599999999998,1
2024,7,1926.04,9
2024,8,1882.7200000000003,10
2024,9,1950.2800000000002,5
2024,10,1959.68,4
2024,1,2059.26,1
2024,2,2031.7199999999998,2
2024,3,1982.52,5
2024,4,1715.1,9
2024,5,1925.6999999999998,6
2024,6,1872.3400000000001,7
2024,7,1845.42,8
2024,8,1996.0800000000002,3
2024,9,1984.7199999999998,4
2024,10,1714.68,10
2024,1,2014.0200000000002,3
2024,2,1953.7599999999998,5
2024,3,2002.3600000000001,4
2024,4,2014.1,2
2024,5,1931.3199999999997,6
2024,6,2044.7800000000002,1
2024,7,1653.4,10
2024,8,1925.0,7
2024,9,1913.0,8
2024,10,1828.4,9
2024,1,2048.34,1
2024,2,2013.02,2
2024,3,1927.24,8
2024,4,1928.3200000000002,5
2024,5,1983.9,3
2024,6,1895.6,9
2024,7,1928.1,6
2024,8,1873.8400000000001,10
2024,9,1982.5,4
2024,10,1927.88,7
2024,1,1956.7200000000003,4
2024,2,2141.16,1
2024,3,1996.98,3
2024,4,1938.5399999999997,7
2024,5,1882.5,10
2024,6,1955.44,6
2024,7,2029.02,2
2024,8,1932.04,8
2024,9,1955.58,5
2024,10,1919.52,9
2024,1,2075.44,1
2024,2,2022.7999999999997,2
2024,3,1931.2200000000003,8
2024,4,1879.7,10
2024,5,1964.96,6
2024,6,1972.6799999999998,4
2024,7,1967.08,5
2024,8,1976.2199999999998,3
2024,9,1893.4,9
2024,10,1951.2199999999996,7
2024,1,2054.52,2
2024,2,1908.8000000000002,8
2024,3,1744.2,10
2024,4,1903.3400000000001,9
2024,5,1929.3200000000002,6
2024,6,1939.54,5
2024,7,1989.48,3
2024,8,1914.3200000000002,7
2024,9,2057.9,1
2024,10,1961.02,4
2024,1,1956.2,4
2024,2,1929.82,6
2024,3,1914.7599999999998,8
2024,4,1970.92,3
2024,5,1811.1000000000001,10
2024,6,1942.1999999999998,5
2024,7,1972.9,2
2024,8,2036.3400000000001,1
2024,9,1929.8000000000002,7
2024,10,1882.08,9
2024,1,1997.6999999999998,3
2024,2,1986.2799999999997,5
2024,3,1909.32,8
2024,4,1894.5400000000002,10
2024,5,2006.2999999999997,2
2024,6,1910.6200000000001,7
2024,7,1968.9399999999998,6
2024,8,2071.16,1
2024,9,1996.3600000000001,4
2024,10,1903.8,9
2024,1,2003.3,4
2024,2,1984.1999999999998,5
2024,3,2021.02,2
2024,4,2080.7999999999997,1
2024,5,1839.5,10
2024,6,1983.7399999999998,6
2024,7,1839.9999999999998,9
2024,8,2009.3799999999999,3
2024,9,1868.3600000000001,8
2024,10,1894.5400000000002,7
2024,1,1824.4799999999998,10
2024,2,1993.56,3
2024,3,2031.9199999999998,2
2024,4,1990.52,4
2024,5,1960.02,6
2024,6,2110.96,1
2024,7,1935.98,9
2024,8,1953.1,7
2024,9,1976.02,5
2024,10,1948.82,8
2024,1,1880.1,9
2024,2,2037.3400000000001,1
2024,3,1819.54,10
2024,4,1961.3200000000002,5
2024,5,1994.28,3
2024,6,1937.26,7
2024,7,1940.62,6
2024,8,1979.42,4
2024,9,1883.4599999999998,8
2024,10,2026.6000000000001,2
2024,1,1972.12,4
2024,2,1978.82,3
2024,3,1956.42,6
2024,4,1890.9999999999998,10
2024,5,2036.4,2
2024,6,1927.2,9
2024,7,2076.7,1
2024,8,1964.22,5
2024,9,1955.44,7
2024,10,1942.52,8
2024,1,2016.42,3
2024,2,2050.2,1
2024,3,1966.6,4
2024,4,2046.4199999999998,2
2024,5,1923.98,7
2024,6,1884.94,8
2024,7,1849.46,10
2024,8,1944.2599999999998,5
2024,9,1924.6399999999999,6
2024,10,1866.98,9
2024,1,2007.9,2
2024,2,1914.46,8
2024,3,1946.6399999999999,5
2024,4,1943.24,6
2024,5,1876.5,9
2024,6,1933.04,7
2024,7,2096.82,1
2024,8,2002.6000000000004,4
2024,9,2006.1,3
2024,10,1657.0,10
2024,1,1941.0,6
2024,2,1881.5799999999997,8
2024,3,1829.1600000000003,10
2024,4,2155.5,1
2024,5,2005.1,4
2024,6,2010.94,3
2024,7,1910.6799999999998,7
2024,8,2059.84,2
2024,9,1873.98,9
2024,10,2003.94,5
2024,1,2021.3,3
2024,2,2048.8599999999997,2
2024,3,1929.48,8
2024,4,1980.56,5
2024,5,1935.1399999999999,7
2024,6,1962.94,6
2024,7,2057.34,1
2024,8,1913.5200000000002,9
2024,9,1839.44,10
2024,10,2018.4,4
2024,1,2010.4,4
2024,2,1982.6,5
2024,3,1955.2800000000002,8
2024,4,2059.04,1
2024,5,2016.3,3
2024,6,1727.6399999999999,10
2024,7,1976.66,6
2024,8,1738.92,9
2024,9,2016.9600000000003,2
2024,10,1963.2999999999997,7
2024,1,2009.46,3
2024,2,1945.34,6
2024,3,1970.08,5
2024,4,2073.2000000000003,1
2024,5,1917.94,8
2024,6,2014.12,2
2024,7,1930.9,7
2024,8,1913.5,9
2024,9,1897.04,10
2024,10,1982.2399999999998,4
2024,1,1992.1000000000001,4
2024,2,1910.52,8
2024,3,1948.32,7
2024,4,2048.7000000000003,1
2024,5,1880.5400000000002,10
2024,6,2019.94,2
2024,7,1994.0,3
2024,8,1891.18,9
2024,9,1960.2600000000002,6
2024,10,1971.1799999999998,5
2024,1,2027.3,2
2024,2,1976.6599999999999,4
2024,3,2063.42,1
2024,4,1949.9,5
2024,5,1723.5,10
2024,6,1912.46,8
2024,7,1918.54,7
2024,8,1874.9,9
2024,9,1980.32,3
2024,10,1932.38,6
2024,1,1969.0,6
2024,2,2112.8599999999997,1
2024,3,1975.9600000000003,4
2024,4,1917.3799999999999,7
2024,5,1988.5,3
2024,6,2004.44,2
2024,7,1903.24,8
2024,8,1975.3399999999997,5
2024,9,1900.7199999999998,9
2024,10,1783.5,10
2024,1,2015.28,2
2024,2,2004.86,3
2024,3,2055.24,1
2024,4,1974.72,6
2024,5,1913.92,10
2024,6,1925.92,9
2024,7,1998.3000000000002,4
2024,8,1957.8200000000002,7
2024,9,1984.2600000000002,5
2024,10,1933.52,8
2024,1,1879.7800000000002,9
2024,2,2056.44,1
2024,3,1929.4,6
2024,4,1940.18,5
2024,5,1974.0,4
2024,6,1928.12,7
2024,7,2015.78,2
2024,8,2002.6599999999999,3
2024,9,1911.8000000000002,8
2024,10,1667.4,10
2024,1,1975.2199999999998,5
2024,2,2074.62,2
2024,3,1944.38,6
2024,4,1940.1600000000003,7
2024,5,2145.82,1
2024,6,1994.0600000000002,3
2024,7,1919.44,9
2024,8,1901.1399999999999,10
2024,9,1930.22,8
2024,10,1990.2,4
2024,1,1968.28,3
2024,2,2051.54,2
2024,3,1938.6599999999999,8
2024,4,1963.6399999999999,4
2024,5,1863.2199999999998,10
2024,6,1962.8,6
2024,7,1941.1,7
2024,8,1963.0,5
2024,9,1910.44,9
2024,10,2175.9799999999996,1
2024,1,1990.1000000000001,3
2024,2,2065.36,1
2024,3,2057.2200000000003,2
2024,4,1923.5400000000002,6
2024,5,1906.36,7
2024,6,1901.98,8
2024,7,1955.94,5
2024,8,1877.5,9
2024,9,1642.1000000000001,10
2024,10,1981.76,4
2024,1,1993.7600000000002,4
2024,2,1963.1,6
2024,3,1913.5200000000002,9
2024,4,1969.12,5
2024,5,1922.4,8
2024,6,1890.3999999999999,10
2024,7,2121.6,1
2024,8,1998.48,3
2024,9,1944.56,7
2024,10,2010.7199999999998,2
2024,1,2052.02,1
2024,2,1985.44,5
2024,3,2009.52,4
2024,4,2022.1000000000001,3
2024,5,1903.16,9
2024,6,1938.2999999999997,7
2024,7,1783.6999999999998,10
2024,8,2031.62,2
2024,9,1917.68,8
2024,10,1940.18,6
2024,1,1970.6000000000004,4
2024,2,1921.0800000000002,7
2024,3,1973.9399999999998,3
2024,4,1932.06,6
2024,5,2177.24,1
2024,6,1987.34,2
2024,7,1889.8199999999997,9
2024,8,1949.5,5
2024,9,1839.08,10
2024,10,1912.3999999999999,8
2024,1,2043.1999999999998,1
2024,2,1955.44,5
2024,3,1954.2399999999998,6
2024,4,1902.04,9
2024,5,1990.1000000000001,2
2024,6,1924.1600000000003,7
2024,7,1785.46,10
2024,8,1987.8600000000001,3
2024,9,1916.2,8
2024,10,1966.38,4
2024,1,1979.2599999999998,3
2024,2,1996.12,2
2024,3,2022.7600000000002,1
2024,4,1864.0800000000002,10
2024,5,1956.76,6
2024,6,1942.2199999999998,7
2024,7,1977.46,4
2024,8,1896.8400000000001,9
2024,9,1913.06,8
2024,10,1964.9399999999996,5
2024,1,1917.88,7
2024,2,2036.4599999999998,2
2024,3,2007.3200000000002,3
2024,4,1955.1200000000003,5
2024,5,1980.1,4
2024,6,1853.1399999999999,9
2024,7,1874.8400000000001,8
2024,8,1664.38,10
2024,9,2107.62,1
2024,10,1927.5,6
2024,1,1990.22,3
2024,2,2000.62,2
2024,3,1907.18,8
2024,4,1978.48,6
2024,5,1848.94,9
2024,6,1987.36,4
2024,7,1984.5,5
2024,8,1685.08,10
2024,9,1928.98,7
2024,10,2077.38,1
2024,1,1939.1400000000003,6
2024,2,1972.56,4
2024,3,2032.18,2
2024,4,2113.02,1
2024,5,1894.8200000000002,9
2024,6,1684.0,10
2024,7,1954.6,5
2024,8,1988.6999999999998,3
2024,9,1935.3799999999997,7
2024,10,1906.6999999999998,8
2024,1,2025.04,2
2024,2,1913.02,7
2024,3,2052.6,1
2024,4,1962.4399999999998,4
2024,5,1899.8600000000001,9
2024,6,1763.7799999999997,10
2024,7,1991.0800000000002,3
2024,8,1913.7599999999998,6
2024,9,1923.5199999999998,5
2024,10,1909.6,8
2024,1,1788.1799999999998,10
2024,2,2047.8199999999997,1
2024,3,1914.28,6
2024,4,1890.9,8
2024,5,1982.38,3
2024,6,1906.94,7
2024,7,1918.62,5
2024,8,2044.2999999999997,2
2024,9,1976.86,4
2024,10,1886.5599999999997,9
2024,1,2016.6,2
2024,2,1974.62,5
2024,3,1909.94,8
2024,4,1998.86,4
2024,5,1796.6399999999999,10
2024,6,1940.44,7
2024,7,1949.1799999999998,6
2024,8,1877.52,9
2024,9,2047.6,1
2024,10,1999.12,3
2024,1,2023.8,2
2024,2,1892.7800000000002,9
2024,3,2118.94,1
2024,4,1990.02,5
2024,5,1901.6399999999999,7
2024,6,2004.6399999999999,4
2024,7,1943.6799999999998,6
2024,8,1729.1799999999998,10
2024,9,2013.0599999999997,3
2024,10,1897.4,8
2024,1,1985.42,4
2024,2,1978.3600000000001,6
2024,3,1982.64,5
2024,4,1995.7600000000002,2
2024,5,1938.6799999999998,9
2024,6,2025.6999999999998,1
2024,7,1942.9,8
2024,8,1990.98,3
2024,9,1945.2800000000002,7
2024,10,1936.6999999999998,10
2024,1,2042.4199999999998,2
2024,2,2049.92,1
2024,3,1920.8,7
2024,4,1941.58,6
2024,5,2024.3799999999997,3
2024,6,1994.6000000000001,4
2024,7,1875.48,9
2024,8,1849.68,10
2024,9,1908.0199999999998,8
2024,10,1969.8600000000001,5
2024,1,2102.04,2
2024,2,1657.72,10
2024,3,1976.7600000000002,5
2024,4,2102.54,1
2024,5,1924.0,7
2024,6,2016.3199999999997,4
2024,7,1926.7,6
2024,8,1907.72,8
2024,9,1830.8799999999999,9
2024,10,2030.6399999999999,3
2024,1,2088.24,1
2024,2,2008.64,4
2024,3,1816.2,10
2024,4,1996.5199999999998,5
2024,5,1965.1000000000001,6
2024,6,2051.36,3
2024,7,1939.3600000000001,7
2024,8,2069.2799999999997,2
2024,9,1933.52,8
2024,10,1841.56,9
2024,1,2017.3000000000002,3
2024,2,1909.2800000000002,5
2024,3,1880.0400000000002,7
2024,4,1862.1800000000003,8
2024,5,1922.3400000000001,4
2024,6,2030.94,2
2024,7,1592.9,10
2024,8,2162.96,1
2024,9,1892.2199999999998,6
2024,10,1707.1999999999998,9
2024,1,2049.48,2
2024,2,1978.9,4
2024,3,1909.46,9
2024,4,1975.8200000000002,5
2024,5,2040.3799999999999,3
2024,6,1899.44,10
2024,7,1911.9,8
2024,8,2073.54,1
2024,9,1915.7999999999997,7
2024,10,1960.7399999999998,6
2024,1,1960.64,7
2024,2,1870.68,10
2024,3,1973.72,6
2024,4,1896.1,8
2024,5,1976.8200000000002,4
2024,6,1974.1,5
2024,7,1986.72,3
2024,8,2064.96,1
2024,9,2047.38,2
2024,10,1883.82,9
2024,1,1924.58,7
2024,2,2017.04,1
2024,3,1997.3999999999999,3
2024,4,2007.0200000000002,2
2024,5,1919.2400000000002,8
2024,6,1934.56,6
2024,7,1982.8199999999997,4
2024,8,1958.4,5
2024,9,1886.7800000000002,10
2024,10,1918.12,9
2024,1,1948.1,7
2024,2,2038.06,1
2024,3,1956.52,6
2024,4,1887.22,9
2024,5,1853.4,10
2024,6,1936.54,8
2024,7,1989.28,4
2024,8,1959.7,5
2024,9,2029.3600000000001,2
2024,10,2010.42,3
2024,1,2011.2199999999998,4
2024,2,2076.98,1
2024,3,1958.96,6
2024,4,1989.52,5
2024,5,1940.26,8
2024,6,2073.94,2
2024,7,2034.7000000000003,3
2024,8,1957.3400000000001,7
2024,9,1856.8400000000001,10
2024,10,1881.3599999999997,9
2024,1,1949.8200000000002,6
2024,2,1923.5,7
2024,3,1917.54,9
2024,4,1977.7599999999998,5
2024,5,1906.3,10
2024,6,1922.68,8
2024,7,1991.14,4
2024,8,2002.68,2
2024,9,2092.62,1
2024,10,1995.78,3
2024,1,1736.2000000000003,10
2024,2,1922.6999999999998,6
2024,3,1891.6000000000001,8
2024,4,2005.1799999999998,3
2024,5,1936.8999999999999,4
2024,6,2040.0600000000002,2
2024,7,1833.2400000000002,9
2024,8,1908.56,7
2024,9,2068.7999999999997,1
2024,10,1928.06,5
2024,1,1990.9,5
2024,2,2007.02,2
2024,3,1667.3000000000002,10
2024,4,1998.3,4
2024,5,1913.52,8
2024,6,1922.72,7
2024,7,2023.2400000000002,1
2024,8,1903.7599999999998,9
2024,9,2003.88,3
2024,10,1936.5,6
2024,1,1946.98,6
2024,2,1995.7800000000002,2
2024,3,2054.74,1
2024,4,1970.52,4
2024,5,1705.5,10
2024,6,1796.36,9
2024,7,1971.2599999999998,3
2024,8,1910.6,7
2024,9,1956.42,5
2024,10,1885.54,8
2024,1,1727.1000000000001,9
2024,2,1921.7600000000002,7
2024,3,1963.2000000000003,4
2024,4,1670.1000000000001,10
2024,5,1978.4,2
2024,6,1950.0,5
2024,7,1965.8,3
2024,8,1944.74,6
2024,9,1912.96,8
2024,10,1981.12,1
2024,1,2033.8,3
2024,2,1825.92,10
2024,3,2046.8,2
2024,4,2004.7399999999998,6
2024,5,2054.0,1
2024,6,1904.4199999999998,9
2024,7,2027.9199999999998,4
2024,8,2023.8399999999997,5
2024,9,1911.5,8
2024,10,1935.96,7
2024,1,2063.62,2
2024,2,2076.92,1
2024,3,1938.02,5
2024,4,1913.16,7
2024,5,1954.2,4
2024,6,1760.9,10
2024,7,1982.1399999999999,3
2024,8,1911.02,8
2024,9,1915.1400000000003,6
2024,10,1844.6,9
2024,1,1919.24,7
2024,2,2005.92,3
2024,3,1989.24,4
2024,4,1854.1799999999998,10
2024,5,2050.52,1
2024,6,1889.66,9
2024,7,1973.62,5
2024,8,1908.52,8
2024,9,1925.7999999999997,6
2024,10,2045.82,2
2024,1,2016.92,3
2024,2,2047.12,2
2024,3,2059.02,1
2024,4,1922.1999999999998,8
2024,5,1999.56,4
2024,6,1989.6799999999998,5
2024,7,1861.8200000000002,10
2024,8,1982.46,6
2024,9,1894.88,9
2024,10,1958.0,7
2024,1,1910.5800000000002,6
2024,2,2003.8,3
2024,3,1789.1000000000001,9
2024,4,1924.56,5
2024,5,2044.0,1
2024,6,1888.0800000000002,7
2024,7,2026.1000000000001,2
2024,8,1846.1200000000001,8
2024,9,1685.78,10
2024,10,1955.2000000000003,4
2024,1,2022.84,2
2024,2,1944.74,6
2024,3,1873.32,9
2024,4,1683.2199999999998,10
2024,5,1919.7400000000002,7
2024,6,1886.7,8
2024,7,2017.96,3
2024,8,1953.32,5
2024,9,1978.58,4
2024,10,2078.82,1
2024,1,2001.56,4
2024,2,2006.76,3
2024,3,1882.1,9
2024,4,2020.98,1
2024,5,1868.7,10
2024,6,1987.8799999999999,6
2024,7,1992.8199999999997,5
2024,8,1975.94,7
2024,9,1907.2199999999998,8
2024,10,2009.6000000000001,2
2024,1,1930.78,7
2024,2,1922.62,8
2024,3,1936.2000000000003,6
2024,4,1995.7199999999998,3
2024,5,2008.1,2
2024,6,1895.0,10
2024,7,1977.28,4
2024,8,1903.54,9
2024,9,1969.94,5
2024,10,2029.9799999999998,1
2024,1,1946.12,8
2024,2,1955.78,6
2024,3,2028.7199999999998,4
2024,4,1901.92,10
2024,5,2006.1200000000003,5
2024,6,2039.94,2
2024,7,1925.82,9
2024,8,1950.9,7
2024,9,2032.0,3
2024,10,2053.96,1
2024,1,2044.92,2
2024,2,1956.2199999999998,6
2024,3,1899.24,7
2024,4,2110.7000000000003,1
2024,5,1981.8400000000001,4
2024,6,1873.0,9
2024,7,1889.88,8
2024,8,1847.7600000000002,10
2024,9,1983.8399999999997,3
2024,10,1959.4,5
2024,1,1604.2,10
2024,2,1954.54,5
2024,3,1905.88,7
2024,4,1952.08,6
2024,5,1984.8600000000001,2
2024,6,1873.3200000000002,8
2024,7,1957.7199999999998,4
2024,8,2037.38,1
2024,9,1966.78,3
2024,10,1649.6999999999998,9
2024,1,2064.32,1
2024,2,1890.2,8
2024,3,1904.8,7
2024,4,1940.0,5
2024,5,1962.54,4
2024,6,1965.6,3
2024,7,2007.18,2
2024,8,1926.8000000000002,6
2024,9,1601.9199999999998,10
2024,10,1837.1599999999999,9
2024,1,2054.56,1
2024,2,1960.48,4
2024,3,1900.56,7
2024,4,2016.0,2
2024,5,2009.1200000000003,3
2024,6,1893.3,10
2024,7,1893.7000000000003,9
2024,8,1936.8200000000002,5
2024,9,1919.6399999999999,6
2024,10,1894.88,8
2024,1,2037.02,2
2024,2,1927.58,9
2024,3,1972.08,4
2024,4,2079.58,1
2024,5,2023.2600000000002,3
2024,6,1957.34,7
2024,7,1969.56,5
2024,8,1887.68,10
2024,9,1948.12,8
2024,10,1961.86,6
2024,1,1962.5,5
2024,2,2037.9399999999998,2
2024,3,1901.58,8
2024,4,2080.08,1
2024,5,1938.92,6
2024,6,1988.4,3
2024,7,1878.52,10
2024,8,1969.0,4
2024,9,1889.8200000000002,9
2024,10,1929.86,7
2024,1,2044.42,1
2024,2,1651.3999999999999,10
2024,3,1871.7599999999998,9
2024,4,2040.3200000000002,2
2024,5,1950.8400000000001,5
2024,6,1936.7799999999997,6
2024,7,1935.8600000000001,7
2024,8,1935.7,8
2024,9,2028.4,3
2024,10,2019.46,4
2024,1,1913.6999999999998,7
2024,2,2012.64,2
2024,3,1973.3400000000001,4
2024,4,1905.42,9
2024,5,1935.4,6
2024,6,1981.6800000000003,3
2024,7,2125.7799999999997,1
2024,8,1751.3799999999999,10
2024,9,1969.8200000000002,5
2024,10,1909.42,8
2024,1,1938.22,8
2024,2,2001.7800000000002,3
2024,3,1789.26,10
2024,4,2113.94,1
2024,5,1948.1399999999999,6
2024,6,1985.8599999999997,4
2024,7,2031.38,2
2024,8,1945.9,7
2024,9,1955.7199999999998,5
2024,10,1917.92,9
2024,1,2044.2199999999998,2
2024,2,2012.7000000000003,4
2024,3,1967.6999999999998,7
2024,4,1993.88,5
2024,5,1758.3000000000002,10
2024,6,1976.6999999999998,6
2024,7,2013.38,3
2024,8,2046.86,1
2024,9,1952.9200000000003,8
2024,10,1795.3199999999997,9
2024,1,1976.84,5
2024,2,2037.54,3
2024,3,2046.88,2
2024,4,2067.22,1
2024,5,1922.6799999999998,8
2024,6,1964.84,6
2024,7,2022.7200000000003,4
2024,8,1935.54,7
2024,9,1855.56,10
2024,10,1868.62,9
2024,1,2026.0,1
2024,2,1923.88,9
2024,3,1959.9,4
2024,4,1932.88,7
2024,5,1971.56,3
2024,6,1924.1599999999999,8
2024,7,2018.3400000000001,2
2024,8,1940.8,6
2024,9,1797.0400000000002,10
2024,10,1953.42,5
2024,1,1976.56,5
2024,2,2024.1999999999998,1
2024,3,1944.56,9
2024,4,1969.72,7
2024,5,2017.6200000000001,3
2024,6,1974.0,6
2024,7,1798.62,10
2024,8,2005.42,4
2024,9,1946.9800000000002,8
2024,10,2019.86,2
2024,1,1936.34,8
2024,2,1999.82,3
2024,3,1981.56,4
2024,4,1971.7400000000002,6
2024,5,2060.5,2
2024,6,2075.94,1
2024,7,1946.5,7
2024,8,1975.68,5
2024,9,1901.8999999999999,9
2024,10,1870.12,10
2024,1,2042.02,1
2024,2,1910.9,10
2024,3,1975.08,4
2024,4,1940.8799999999999,7
2024,5,1968.7599999999998,6
2024,6,1971.96,5
2024,7,1993.5,2
2024,8,1978.3600000000001,3
2024,9,1938.32,8
2024,10,1937.44,9
2024,1,1835.3200000000002,9
2024,2,2029.8000000000002,1
2024,3,2026.12,2
2024,4,1766.2000000000003,10
2024,5,1986.1000000000001,3
2024,6,1912.6799999999998,7
2024,7,1980.46,4
2024,8,1879.24,8
2024,9,1977.3999999999999,5
2024,10,1949.84,6
2024,1,1938.2399999999998,7
2024,2,1998.92,5
2024,3,1919.3199999999997,8
2024,4,2011.96,4
2024,5,1876.5800000000002,10
2024,6,1885.2200000000003,9
2024,7,1961.0199999999998,6
2024,8,2071.88,1
2024,9,2027.7,3
2024,10,2035.76,2
2024,1,2010.1399999999999,3
2024,2,2140.2,1
2024,3,1932.1,6
2024,4,1875.6999999999998,10
2024,5,2053.62,2
2024,6,1975.6799999999998,5
2024,7,1893.6799999999998,9
2024,8,1913.46,8
2024,9,1928.14,7
2024,10,1981.2199999999998,4
2024,1,1959.4999999999998,7
2024,2,2029.3599999999997,2
2024,3,2034.98,1
2024,4,1967.2199999999998,6
2024,5,1909.44,10
2024,6,1994.6999999999998,4
2024,7,2004.2199999999998,3
2024,8,1967.7800000000002,5
2024,9,1925.9599999999998,8
2024,10,1912.72,9
2024,1,1933.96,5
2024,2,1921.56,6
2024,3,2004.82,2
2024,4,1999.8799999999999,3
2024,5,1765.1,9
2024,6,2042.2600000000002,1
2024,7,1817.9799999999998,8
2024,8,1994.4399999999998,4
2024,9,1761.7200000000003,10
2024,10,1910.42,7
2024,1,1981.7000000000003,3
2024,2,1963.0199999999998,6
2024,3,1901.98,7
2024,4,1980.9,4
2024,5,2023.9,2
2024,6,1966.66,5
2024,7,1889.72,8
2024,8,1866.6399999999999,10
2024,9,1888.9,9
2024,10,2068.2599999999998,1
2024,1,1744.6999999999998,10
2024,2,2140.2599999999998,1
2024,3,1983.3999999999999,4
2024,4,1886.0600000000002,8
2024,5,1807.6799999999998,9
2024,6,2039.8,2
2024,7,1931.24,6
2024,8,1908.2800000000002,7
2024,9,1938.3,5
2024,10,2001.02,3
2024,1,1960.42,5
2024,2,1872.5000000000005,9
2024,3,1912.8200000000002,8
2024,4,1918.9399999999998,7
2024,5,1971.4,3
2024,6,1965.96,4
2024,7,1789.0,10
2024,8,2075.46,1
2024,9,1937.64,6
2024,10,2019.3199999999997,2
2024,1,2071.42,2
2024,2,1957.1999999999998,5
2024,3,1896.8400000000001,7
2024,4,1895.6999999999998,8
2024,5,1880.98,9
2024,6,2085.1600000000003,1
2024,7,2003.24,4
2024,8,1942.0400000000002,6
2024,9,2004.1000000000001,3
2024,10,1872.0,10
2024,1,2078.42,1
2024,2,2017.6800000000003,2
2024,3,1931.2599999999998,8
2024,4,1982.8400000000001,4
2024,5,1737.6,10
2024,6,1977.28,5
2024,7,1997.4,3
2024,8,1818.84,9
2024,9,1968.52,7
2024,10,1968.72,6
2024,1,1927.58,7
2024,2,1990.1999999999998,5
2024,3,1994.3,4
2024,4,2101.6800000000003,1
2024,5,1949.7200000000003,6
2024,6,1657.62,10
2024,7,1830.92,8
2024,8,2007.8000000000002,3
2024,9,2041.8000000000002,2
2024,10,1830.8400000000001,9
2024,1,2030.3199999999997,2
2024,2,1949.42,7
2024,3,1982.6000000000001,4
2024,4,1729.08,9
2024,5,1983.3600000000001,3
2024,6,1952.3200000000002,6
2024,7,1970.1399999999999,5
2024,8,1671.4,10
2024,9,1940.2199999999998,8
2024,10,2116.76,1
2024,1,1865.1200000000001,7
2024,2,2050.0,2
2024,3,1687.2999999999997,10
2024,4,2140.52,1
2024,5,1991.54,4
2024,6,2047.1399999999999,3
2024,7,1873.8400000000001,6
2024,8,1856.5600000000002,8
2024,9,1942.4799999999998,5
2024,10,1837.52,9
2024,1,1982.3400000000001,3
2024,2,1976.92,4
2024,3,1914.32,8
2024,4,1954.52,5
2024,5,1751.3000000000002,10
2024,6,1943.58,6
2024,7,2048.62,1
2024,8,1921.46,7
2024,9,1872.6,9
2024,10,2015.8000000000002,2
2024,1,1997.8000000000002,3
2024,2,1897.94,9
2024,3,2088.84,1
2024,4,1984.92,5
2024,5,1919.6599999999999,8
2024,6,1991.28,4
2024,7,2000.3999999999996,2
2024,8,1952.6,6
2024,9,1841.02,10
2024,10,1934.98,7
2024,1,1975.52,5
2024,2,2000.3799999999999,3
2024,3,1605.78,10
2024,4,2028.38,1
2024,5,1979.74,4
2024,6,1951.82,6
2024,7,2006.3,2
2024,8,1935.94,7
2024,9,1861.58,9
2024,10,1914.0,8
2024,1,1949.3999999999999,7
2024,2,1854.94,10
2024,3,1936.7599999999998,8
2024,4,2038.4,2
2024,5,1985.7800000000002,5
2024,6,2011.1399999999999,3
2024,7,1958.98,6
2024,8,1916.9199999999998,9
2024,9,2057.28,1
2024,10,1996.88,4
2024,1,1898.1000000000004,8
2024,2,1930.08,6
2024,3,1799.56,9
2024,4,1916.8,7
2024,5,2010.8199999999997,3
2024,6,2014.1399999999999,2
2024,7,1966.92,4
2024,8,1944.74,5
2024,9,2080.36,1
2024,10,1716.1999999999998,10
2025,1,1955.88,2
2025,2,1937.1399999999999,3
2025,3,1967.62,1
2025,4,1866.46,9
2025,5,1909.58,7
2025,6,1922.32,4
2025,7,1873.3599999999997,8
2025,8,1914.02,6
2025,9,1826.8799999999999,10
2025,10,1914.8799999999999,5
2025,1,2000.88,1
2025,2,1612.9999999999998,10
2025,3,1888.1799999999998,5
2025,4,1815.6399999999999,9
2025,5,1974.0800000000002,2
2025,6,1825.2599999999998,8
2025,7,1850.22,7
2025,8,1955.7199999999998,3
2025,9,1887.2799999999997,6
2025,10,1904.58,4
2025,1,1908.18,4
2025,2,1902.06,5
2025,3,1821.1399999999999,10
2025,4,1844.72,8
2025,5,1898.98,6
2025,6,1929.64,3
2025,7,1838.8799999999999,9
2025,8,1996.7600000000002,1
2025,9,1935.1599999999999,2
2025,10,1867.2,7
2025,1,1854.8200000000002,7
2025,2,1876.76,6
2025,3,1917.6799999999998,4
2025,4,1884.5,5
2025,5,1922.74,3
2025,6,2126.2200000000003,1
2025,7,1803.9599999999998,9
2025,8,1615.56,10
2025,9,1849.5800000000002,8
2025,10,1960.58,2
2025,1,2029.74,1
2025,2,1928.6599999999999,5
2025,3,1871.48,7
2025,4,1806.6200000000003,8
2025,5,1899.4199999999996,6
2025,6,1977.0,3
2025,7,1793.98,9
2025,8,1934.2800000000002,4
2025,9,1770.24,10
2025,10,1984.56,2
2025,1,1894.4,7
2025,2,1928.46,4
2025,3,1964.42,2
2025,4,1888.5600000000002,8
2025,5,1669.5,10
2025,6,1915.98,5
2025,7,1800.54,9
2025,8,1902.3399999999997,6
2025,9,1957.52,3
2025,10,2006.78,1
2025,1,1688.0,9
2025,2,1907.58,6
2025,3,2000.58,3
2025,4,1932.54,4
2025,5,2007.88,2
2025,6,1907.88,5
2025,7,1829.8000000000002,7
2025,8,1664.3600000000001,10
2025,9,2016.66,1
2025,10,1695.32,8
2025,1,1922.48,4
2025,2,1835.94,8
2025,3,1618.3000000000002,10
2025,4,1926.22,3
2025,5,1771.8400000000001,9
2025,6,2107.6200000000003,1
2025,7,1863.3600000000001,6
2025,8,1941.42,2
2025,9,1873.6799999999998,5
2025,10,1840.3000000000002,7
2025,1,2053.6600000000003,1
2025,2,1919.8399999999997,5
2025,3,1972.78,3
2025,4,1844.98,7
2025,5,1840.3799999999999,8
2025,6,1727.5600000000002,9
2025,7,1854.46,6
2025,8,1920.1799999999998,4
2025,9,1657.5600000000002,10
2025,10,2050.2799999999997,2
2025,1,1948.42,3
2025,2,2026.8600000000001,1
2025,3,1911.36,4
2025,4,1877.96,8
2025,5,1982.38,2
2025,6,1851.8400000000001,9
2025,7,1905.74,5
2025,8,1882.48,7
2025,9,1903.88,6
2025,10,1827.38,10
2025,1,1930.22,2
2025,2,1963.4800000000002,1
2025,3,1925.58,4
2025,4,1928.66,3
2025,5,1872.1599999999999,7
2025,6,1866.54,8
2025,7,1804.54,10
2025,8,1879.7400000000002,6
2025,9,1837.98,9
2025,10,1918.0000000000002,5
2025,1,1886.6399999999999,7
2025,2,1903.22,4
2025,3,1732.6800000000003,10
2025,4,1962.8400000000001,2
2025,5,1901.52,5
2025,6,1901.0800000000002,6
2025,7,1803.1799999999998,9
2025,8,1982.9799999999998,1
2025,9,1867.3399999999997,8
2025,10,1910.9600000000003,3
2025,1,1735.6200000000001,10
2025,2,1805.14,9
2025,3,1962.28,2
2025,4,1955.98,3
2025,5,1805.48,8
2025,6,1980.34,1
2025,7,1841.26,7
2025,8,1931.1799999999998,5
2025,9,1950.68,4
2025,10,1916.7400000000002,6
2025,1,1954.28,4
2025,2,1815.7199999999998,8
2025,3,1850.46,7
2025,4,1909.3200000000002,5
2025,5,1971.58,3
2025,6,1858.2200000000003,6
2025,7,1486.3000000000002,10
2025,8,1980.58,2
2025,9,1704.2,9
2025,10,2048.9,1
2025,1,1859.2799999999997,8
2025,2,2001.76,2
2025,3,1790.4199999999996,10
2025,4,1845.8799999999999,9
2025,5,1919.42,5
2025,6,1892.68,6
2025,7,2007.94,1
2025,8,1932.46,4
2025,9,1879.5800000000002,7
2025,10,1969.7,3
2025,1,1904.98,5
2025,2,1887.7400000000002,6
2025,3,1952.8000000000002,3
2025,4,1797.3199999999997,10
2025,5,1916.88,4
2025,6,2000.02,1
2025,7,1812.58,9
2025,8,1869.8600000000001,8
2025,9,1968.38,2
2025,10,1873.6800000000003,7
2025,1,1915.3799999999999,5
2025,2,1840.6599999999999,9
2025,3,1907.56,6
2025,4,1944.2800000000002,2
2025,5,1867.8800000000003,7
2025,6,1940.6800000000003,3
2025,7,1847.46,8
2025,8,1928.6399999999999,4
2025,9,1971.78,1
2025,10,1658.2,10
2025,1,1673.1000000000001,10
2025,2,1832.02,6
2025,3,2033.7800000000002,2
2025,4,1870.38,4
2025,5,1793.2599999999998,9
2025,6,2112.74,1
2025,7,1829.22,7
2025,8,1802.4799999999998,8
2025,9,1903.92,3
2025,10,1851.2200000000003,5
2025,1,1980.6,1
2025,2,1715.6,10
2025,3,1864.74,7
2025,4,1771.6399999999999,9
2025,5,1874.08,6
2025,6,1839.1,8
2025,7,1911.6599999999999,4
2025,8,1904.78,5
2025,9,1915.6599999999999,3
2025,10,1968.74,2
2025,1,1794.34,9
2025,2,1978.58,2
2025,3,1874.98,6
2025,4,1882.2800000000002,5
2025,5,1626.3999999999999,10
2025,6,1860.7,8
2025,7,2048.48,1
2025,8,1933.5199999999998,3
2025,9,1899.48,4
2025,10,1872.62,7
2025,1,1872.72,6
2025,2,1891.3200000000002,4
2025,3,1636.0,9
2025,4,1809.2399999999998,8
2025,5,1594.7,10
2025,6,1876.1599999999999,5
2025,7,1845.48,7
2025,8,2000.1399999999999,1
2025,9,1909.48,2
2025,10,1892.9,3
2025,1,1936.3200000000002,3
2025,2,1907.12,5
2025,3,1997.8400000000001,2
2025,4,1787.9599999999998,10
2025,5,1922.48,4
2025,6,1896.2800000000002,8
2025,7,1900.6799999999998,6
2025,8,1897.96,7
2025,9,2005.02,1
2025,10,1790.1399999999999,9
2025,1,1833.98,7
2025,2,1969.1800000000003,3
2025,3,1908.3200000000002,4
2025,4,1811.04,8
2025,5,2017.28,1
2025,6,1879.8400000000001,5
2025,7,1774.7,9
2025,8,1854.4799999999998,6
2025,9,1627.76,10
2025,10,1969.48,2
2025,1,1892.3199999999997,5
2025,2,1697.3,9
2025,3,1952.44,3
2025,4,1797.88,8
2025,5,1831.08,6
2025,6,1799.4599999999998,7
2025,7,1491.92,10
2025,8,1978.76,2
2025,9,1929.8799999999997,4
2025,10,2015.78,1
2025,1,1823.9399999999998,7
2025,2,2062.42,1
2025,3,1931.8799999999999,2
2025,4,1901.1600000000003,4
2025,5,1809.9199999999998,8
2025,6,1927.1799999999998,3
2025,7,1897.5400000000002,5
2025,8,1803.66,9
2025,9,1515.4,10
2025,10,1880.1,6
2025,1,1855.18,7
2025,2,1959.8400000000001,2
2025,3,1933.72,4
2025,4,1771.28,9
2025,5,1963.58,1
2025,6,1911.6400000000003,5
2025,7,1786.72,8
2025,8,1691.2,10
2025,9,1938.6999999999998,3
2025,10,1889.9800000000002,6
2025,1,1911.52,4
2025,2,1902.68,5
2025,3,1921.38,3
2025,4,1850.3600000000001,9
2025,5,1898.28,7
2025,6,1528.9,10
2025,7,1899.18,6
2025,8,1882.0400000000002,8
2025,9,2062.1200000000003,1
2025,10,1932.28,2
2025,1,1916.1399999999999,4
2025,2,1928.96,3
2025,3,1854.88,8
2025,4,1865.7800000000002,7
2025,5,1995.0,2
2025,6,1865.98,6
2025,7,1636.8999999999999,10
2025,8,1891.44,5
2025,9,1712.42,9
2025,10,2006.36,1
2025,1,1558.3000000000002,10
2025,2,1990.5400000000002,1
2025,3,1858.3199999999997,8
2025,4,1964.98,2
2025,5,1914.7399999999998,7
2025,6,1821.8000000000002,9
2025,7,1944.9599999999998,4
2025,8,1920.92,6
2025,9,1923.48,5
2025,10,1960.2800000000002,3
2025,1,1968.7800000000002,3
2025,2,1788.42,10
2025,3,1803.2199999999998,9
2025,4,1812.3799999999999,8
2025,5,1855.48,6
2025,6,1973.8999999999999,2
2025,7,1942.94,4
2025,8,2012.6799999999998,1
2025,9,1894.5600000000002,5
2025,10,1818.7800000000002,7
2025,1,1926.08,3
2025,2,1871.6799999999998,7
2025,3,1905.98,5
2025,4,1933.2800000000002,2
2025,5,1920.34,4
2025,6,1989.3600000000001,1
2025,7,1888.6399999999999,6
2025,8,1790.4400000000003,9
2025,9,1630.0,10
2025,10,1824.6799999999998,8
2025,1,1942.08,2
2025,2,1875.32,8
2025,3,1891.4,7
2025,4,1850.1399999999999,10
2025,5,1899.18,6
2025,6,1935.68,3
2025,7,1942.88,1
2025,8,1922.1599999999999,4
2025,9,1910.1,5
2025,10,1864.3599999999997,9
2025,1,1633.1,10
2025,2,1858.0400000000002,7
2025,3,1902.2800000000002,5
2025,4,1790.48,9
2025,5,1916.7199999999998,4
2025,6,2065.76,2
2025,7,1858.7199999999998,6
2025,8,2068.0,1
2025,9,1975.96,3
2025,10,1835.38,8
2025,1,1900.62,6
2025,2,1941.06,2
2025,3,1933.0,3
2025,4,1920.26,5
2025,5,1932.1799999999998,4
2025,6,1845.78,7
2025,7,1817.8400000000001,9
2025,8,1953.18,1
2025,9,1834.6600000000003,8
2025,10,1605.9,10
2025,1,1939.18,4
2025,2,1924.3400000000001,5
2025,3,1948.6799999999998,2
2025,4,1807.8000000000002,9
2025,5,1965.08,1
2025,6,1947.3400000000001,3
2025,7,1848.96,8
2025,8,1904.26,7
2025,9,1905.1399999999999,6
2025,10,1775.98,10
2025,1,1930.48,3
2025,2,2034.1799999999998,1
2025,3,1581.3000000000002,10
2025,4,2008.32,2
2025,5,1872.92,6
2025,6,1861.3799999999999,8
2025,7,1898.18,4
2025,8,1862.96,7
2025,9,1820.1599999999999,9
2025,10,1876.5000000000002,5
2025,1,1909.3600000000001,7
2025,2,1959.42,2
2025,3,1936.48,4
2025,4,2033.8799999999999,1
2025,5,1911.0800000000004,6
2025,6,1784.26,9
2025,7,1938.1000000000001,3
2025,8,1848.3799999999999,8
2025,9,1932.34,5
2025,10,1550.5,10
2025,1,1809.5400000000002,10
2025,2,1919.98,6
2025,3,1959.76,2
2025,4,1927.38,5
2025,5,1903.84,7
2025,6,1827.6399999999999,9
2025,7,1957.94,3
2025,8,1963.34,1
2025,9,1928.26,4
2025,10,1842.88,8
2025,1,2014.34,2
2025,2,1885.1399999999999,7
2025,3,1892.12,6
2025,4,1799.7800000000002,9
2025,5,1881.1799999999998,8
2025,6,2015.7800000000002,1
2025,7,1919.68,4
2025,8,1753.18,10
2025,9,1893.1399999999999,5
2025,10,1940.5800000000002,3
2025,1,1836.48,6
2025,2,1891.28,4
2025,3,1866.38,5
2025,4,1914.4799999999998,2
2025,5,1821.3200000000002,8
2025,6,1835.98,7
2025,7,1703.8000000000002,10
2025,8,1910.52,3
2025,9,1804.24,9
2025,10,1994.8200000000002,1
2025,1,1951.9799999999998,4
2025,2,1895.98,5
2025,3,1881.0800000000002,6
2025,4,1828.6799999999998,7
2025,5,1962.08,3
2025,6,2041.6599999999999,2
2025,7,1821.1599999999999,8
2025,8,1768.98,10
2025,9,2050.08,1
2025,10,1809.7200000000003,9
2025,1,1965.06,1
2025,2,1632.0,10
2025,3,1823.0,9
2025,4,1874.8200000000002,7
2025,5,1956.76,2
2025,6,1909.04,5
2025,7,1909.8799999999999,4
2025,8,1901.7799999999997,6
2025,9,1846.48,8
2025,10,1936.88,3
2025,1,1934.6599999999999,4
2025,2,1908.48,7
2025,3,1946.92,3
2025,4,1895.48,8
2025,5,1930.56,6
2025,6,1931.96,5
2025,7,1877.6,9
2025,8,2008.98,1
2025,9,1714.44,10
2025,10,1947.2800000000002,2
2025,1,1976.06,3
2025,2,1902.5800000000002,5
2025,3,1952.1800000000003,4
2025,4,1844.2799999999997,6
2025,5,1689.5800000000002,9
2025,6,1700.3000000000002,8
2025,7,1978.18,2
2025,8,1546.5,10
2025,9,1806.54,7
2025,10,1984.48,1
2025,1,1856.92,6
2025,2,2003.44,1
2025,3,1819.7799999999997,9
2025,4,1948.18,2
2025,5,1919.5800000000002,3
2025,6,1838.48,7
2025,7,1831.3600000000001,8
2025,8,1865.9800000000002,4
2025,9,1767.4,10
2025,10,1857.1599999999999,5
2025,1,2031.8799999999999,2
2025,2,1891.28,7
2025,3,2097.86,1
2025,4,1578.2599999999998,10
2025,5,1760.0800000000002,8
2025,6,1945.4199999999998,5
2025,7,1946.1399999999999,4
2025,8,2002.48,3
2025,9,1737.9199999999998,9
2025,10,1892.2800000000002,6
2025,1,1908.38,7
2025,2,1991.5800000000002,2
2025,3,1920.5,6
2025,4,1994.9599999999996,1
2025,5,1957.48,3
2025,6,1953.88,4
2025,7,1830.68,9
2025,8,1896.3199999999997,8
2025,9,1930.92,5
2025,10,1809.6400000000003,10
2025,1,1803.94,7
2025,2,1893.08,4
2025,3,1812.02,6
2025,4,2021.7800000000002,1
2025,5,1864.22,5
2025,6,1792.48,9
2025,7,1914.3799999999999,3
2025,8,1958.6799999999998,2
2025,9,1798.8199999999997,8
2025,10,1764.3000000000002,10
2025,1,1884.32,6
2025,2,1981.7800000000002,1
2025,3,1965.8599999999997,3
2025,4,1916.76,5
2025,5,1937.68,4
2025,6,1975.3,2
2025,7,1614.9999999999998,10
2025,8,1869.84,7
2025,9,1813.1999999999998,9
2025,10,1841.18,8
2025,1,1994.04,1
2025,2,1903.3799999999999,4
2025,3,1858.1399999999999,7
2025,4,1817.3799999999999,10
2025,5,1908.32,3
2025,6,1882.2599999999998,5
2025,7,1820.1200000000001,9
2025,8,1857.1000000000001,8
2025,9,1859.2999999999997,6
2025,10,1912.9800000000002,2
2025,1,1925.78,4
2025,2,1907.8799999999999,5
2025,3,1994.78,1
2025,4,1944.9399999999998,2
2025,5,1828.02,8
2025,6,1671.46,10
2025,7,1842.44,6
2025,8,1944.1599999999999,3
2025,9,1836.48,7
2025,10,1808.1399999999999,9
2025,1,1914.88,6
2025,2,1637.6200000000001,10
2025,3,1956.2400000000002,4
2025,4,1959.06,3
2025,5,1754.1200000000001,9
2025,6,1843.84,7
2025,7,2020.48,1
2025,8,1920.8200000000002,5
2025,9,1788.88,8
2025,10,1985.9199999999998,2
2025,1,1934.4600000000003,5
2025,2,1939.58,2
2025,3,1981.14,1
2025,4,1810.7399999999998,9
2025,5,1931.7800000000002,6
2025,6,1844.68,8
2025,7,1778.92,10
2025,8,1894.3799999999999,7
2025,9,1934.7600000000002,4
2025,10,1938.1799999999998,3
2025,1,1660.3200000000002,9
2025,2,1901.98,4
2025,3,1692.52,8
2025,4,1551.16,10
2025,5,1854.3200000000002,5
2025,6,2125.66,1
2025,7,1903.64,3
2025,8,1984.1799999999998,2
2025,9,1851.6,6
2025,10,1836.6799999999998,7
2025,1,1649.6,9
2025,2,1863.64,6
2025,3,1878.88,4
2025,4,1985.56,2
2025,5,1874.8,5
2025,6,1905.58,3
2025,7,2010.02,1
2025,8,1625.8000000000002,10
2025,9,1821.7400000000002,8
2025,10,1847.98,7
2025,1,1942.12,5
2025,2,2026.1800000000003,2
2025,3,1852.4199999999998,7
2025,4,1574.1,10
2025,5,2063.44,1
2025,6,2019.38,3
2025,7,1964.3600000000001,4
2025,8,1926.98,6
2025,9,1793.8799999999999,8
2025,10,1774.88,9
2025,1,1917.4800000000005,3
2025,2,1907.1399999999999,5
2025,3,1915.88,4
2025,4,1885.28,7
2025,5,1943.2800000000002,1
2025,6,1939.0800000000002,2
2025,7,1887.52,6
2025,8,1846.7800000000002,8
2025,9,1629.1999999999998,10
2025,10,1794.2599999999998,9
2025,1,1985.74,2
2025,2,1884.88,6
2025,3,1851.7199999999998,9
2025,4,1912.88,4
2025,5,1885.5800000000002,5
2025,6,1856.6399999999999,8
2025,7,1803.48,10
2025,8,2023.46,1
2025,9,1944.96,3
2025,10,1880.6800000000003,7
2025,1,1931.1,2
2025,2,1849.24,6
2025,3,1794.42,10
2025,4,2075.06,1
2025,5,1893.2800000000002,5
2025,6,1918.38,3
2025,7,1840.8600000000001,8
2025,8,1825.44,9
2025,9,1845.38,7
2025,10,1911.6399999999999,4
2025,1,1907.54,5
2025,2,1872.6799999999998,7
2025,3,1931.7599999999998,4
2025,4,1971.08,2
2025,5,2037.06,1
2025,6,1907.1799999999998,6
2025,7,1806.66,9
2025,8,1783.24,10
2025,9,1814.3200000000002,8
2025,10,1932.02,3
2025,1,1707.9,9
2025,2,1929.74,4
2025,3,1868.3,5
2025,4,1979.28,1
2025,5,1952.34,2
2025,6,1757.1599999999999,8
2025,7,1936.5600000000004,3
2025,8,1854.22,7
2025,9,1608.6000000000001,10
2025,10,1866.06,6
2025,1,1931.98,2
2025,2,1917.38,4
2025,3,1797.9799999999998,10
2025,4,1889.7799999999997,6
2025,5,1816.14,8
2025,6,1925.08,3
2025,7,1897.94,5
2025,8,1856.68,7
2025,9,1809.58,9
2025,10,1987.0800000000002,1
2025,1,1762.2199999999998,8
2025,2,1940.4800000000002,3
2025,3,1964.8600000000001,1
2025,4,1900.28,5
2025,5,1616.0,9
2025,6,1957.3999999999999,2
2025,7,1885.1799999999998,6
2025,8,1924.38,4
2025,9,1592.1000000000001,10
2025,10,1851.18,7
2025,1,1901.8200000000002,6
2025,2,1970.6799999999998,3
2025,3,2037.54,1
2025,4,1832.8400000000001,8
2025,5,1902.46,5
2025,6,1791.1399999999999,10
2025,7,1937.6800000000003,4
2025,8,1976.56,2
2025,9,1827.86,9
2025,10,1886.18,7
2025,1,1922.7200000000003,4
2025,2,2040.2800000000002,1
2025,3,1898.88,7
2025,4,1922.3200000000002,5
2025,5,1861.0800000000002,8
2025,6,1831.8400000000001,9
2025,7,1907.14,6
2025,8,1829.1800000000003,10
2025,9,1928.3599999999997,3
2025,10,1955.9800000000002,2
2025,1,1946.98,4
2025,2,1859.08,8
2025,3,1842.4800000000002,9
2025,4,1998.08,1
2025,5,1988.0000000000002,2
2025,6,1974.52,3
2025,7,1875.54,7
2025,8,1891.54,6
2025,9,1906.24,5
2025,10,1545.3999999999999,10
2025,1,1953.08,1
2025,2,1894.8799999999999,6
2025,3,1848.6200000000001,7
2025,4,1919.56,4
2025,5,1842.04,8
2025,6,1760.9999999999998,9
2025,7,1931.5,2
2025,8,1922.8599999999997,3
2025,9,1632.8600000000001,10
2025,10,1904.9800000000002,5
2025,1,1874.16,9
2025,2,1866.24,10
2025,3,1973.2800000000002,1
2025,4,1896.2799999999997,7
2025,5,1911.0799999999997,5
2025,6,1929.44,4
2025,7,1934.2400000000002,3
2025,8,1895.6200000000003,8
2025,9,1910.7799999999997,6
2025,10,1967.1599999999999,2
2025,1,1927.86,3
2025,2,1797.4799999999998,9
2025,3,1880.2800000000002,5
2025,4,1861.88,7
2025,5,1920.7800000000002,4
2025,6,2109.72,1
2025,7,2003.6799999999998,2
2025,8,1865.48,6
2025,9,1805.8200000000002,8
2025,10,1764.9199999999998,10
2025,1,1874.06,7
2025,2,1948.1800000000003,2
2025,3,1843.14,9
2025,4,1943.56,3
2025,5,1885.2600000000002,5
2025,6,1879.58,6
2025,7,1838.6200000000001,10
2025,8,1863.7000000000003,8
2025,9,1897.58,4
2025,10,1994.04,1
2025,1,1918.2399999999998,4
2025,2,1932.96,3
2025,3,1973.38,1
2025,4,1968.52,2
2025,5,1860.06,7
2025,6,1911.08,5
2025,7,1809.18,10
2025,8,1892.48,6
2025,9,1856.1,8
2025,10,1847.7599999999998,9
2025,1,1958.96,2
2025,2,1870.56,8
2025,3,1914.98,4
2025,4,1879.98,7
2025,5,1771.26,9
2025,6,1885.2800000000002,6
2025,7,1977.42,1
2025,8,1910.02,5
2025,9,1937.92,3
2025,10,1756.2799999999997,10
2025,1,1903.78,5
2025,2,1880.6600000000003,7
2025,3,1925.4199999999998,4
2025,4,1978.98,2
2025,5,1882.08,6
2025,6,1734.1000000000001,10
2025,7,1814.72,8
2025,8,1935.02,3
2025,9,1808.1400000000003,9
2025,10,1979.1599999999999,1
2025,1,1967.8400000000001,4
2025,2,1602.1599999999999,10
2025,3,1930.6799999999998,5
2025,4,1807.34,8
2025,5,1806.7800000000002,9
2025,6,1858.6799999999998,7
2025,7,1880.38,6
2025,8,1996.8799999999997,1
2025,9,1989.76,3
2025,10,1992.28,2
2025,1,1861.3600000000001,7
2025,2,1936.98,3
2025,3,1932.5,4
2025,4,1842.38,8
2025,5,1915.7800000000002,6
2025,6,1960.54,2
2025,7,1796.54,10
2025,8,1923.42,5
2025,9,1818.6799999999998,9
2025,10,1996.38,1
2025,1,1988.56,3
2025,2,1916.5000000000002,4
2025,3,1891.6399999999999,5
2025,4,2070.54,1
2025,5,2053.98,2
2025,6,1862.6200000000001,6
2025,7,1815.58,9
2025,8,1851.2199999999998,7
2025,9,1834.48,8
2025,10,1535.8000000000002,10
2025,1,1979.16,3
2025,2,1870.3799999999999,7
2025,3,1938.5800000000002,4
2025,4,1804.6399999999999,8
2025,5,1921.7400000000002,5
2025,6,1804.52,9
2025,7,2015.28,1
2025,8,1801.6599999999999,10
2025,9,1875.54,6
2025,10,1986.36,2
2025,1,1905.1799999999998,4
2025,2,2011.0800000000002,1
2025,3,1937.7199999999998,3
2025,4,1852.2800000000002,7
2025,5,1953.08,2
2025,6,1861.3600000000001,6
2025,7,1785.5800000000002,8
2025,8,1895.46,5
2025,9,1719.6,10
2025,10,1751.32,9
2025,1,1917.1000000000004,4
2025,2,1853.1600000000003,7
2025,3,1739.5,10
2025,4,1885.96,5
2025,5,1961.1799999999998,2
2025,6,1808.98,8
2025,7,1775.3799999999999,9
2025,8,1957.18,3
2025,9,1879.08,6
2025,10,1987.46,1
2025,1,2008.64,2
2025,2,2031.8800000000003,1
2025,3,1929.12,5
2025,4,1879.8400000000001,7
2025,5,1881.62,6
2025,6,1943.46,4
2025,7,1849.46,8
2025,8,1966.34,3
2025,9,1813.6,9
2025,10,1783.9,10
2025,1,2032.7600000000002,1
2025,2,1862.1599999999999,6
2025,3,1688.3,10
2025,4,1981.96,2
2025,5,1822.8799999999999,7
2025,6,1755.2799999999997,9
2025,7,1923.98,4
2025,8,1872.38,5
2025,9,1821.9400000000003,8
2025,10,1924.88,3
2025,1,1950.8800000000003,3
2025,2,1681.88,10
2025,3,1989.7600000000002,1
2025,4,1974.8799999999999,2
2025,5,1880.6000000000004,6
2025,6,1850.18,9
2025,7,1854.52,8
2025,8,1865.74,7
2025,9,1912.88,5
2025,10,1924.1399999999999,4
2025,1,1650.0,9
2025,2,1833.74,6
2025,3,1940.48,4
2025,4,1758.06,8
2025,5,1872.4799999999998,5
2025,6,1812.34,7
2025,7,2019.8800000000003,2
2025,8,2034.08,1
2025,9,1578.32,10
2025,10,1957.4,3
2025,1,1970.98,1
2025,2,1815.08,9
2025,3,1915.16,3
2025,4,1886.8400000000001,4
2025,5,1865.3400000000001,6
2025,6,1856.78,7
2025,7,1868.68,5
2025,8,1752.3999999999999,10
2025,9,1833.84,8
2025,10,1920.06,2
2025,1,1815.78,8
2025,2,2034.38,1
2025,3,1716.0400000000002,9
2025,4,1822.0,7
2025,5,1939.68,4
2025,6,1534.3000000000002,10
2025,7,1981.28,2
2025,8,1969.34,3
2025,9,1844.2400000000002,6
2025,10,1853.38,5
2025,1,1896.62,6
2025,2,1859.2800000000002,8
2025,3,1628.4,10
2025,4,1906.68,4
2025,5,1847.02,9
2025,6,1881.46,7
2025,7,1951.02,2
2025,8,1960.52,1
2025,9,1926.88,3
2025,10,1897.88,5
2025,1,1991.1399999999999,2
2025,2,1896.56,6
2025,3,1923.04,4
2025,4,1846.1599999999999,7
2025,5,1748.02,10
2025,6,1817.2400000000002,8
2025,7,1986.28,3
2025,8,1912.72,5
2025,9,1778.68,9
2025,10,2004.3799999999999,1
2025,1,1951.3000000000002,4
2025,2,1986.6,2
2025,3,1914.66,6
2025,4,2025.8400000000001,1
2025,5,1857.18,8
2025,6,1962.48,3
2025,7,1942.5800000000004,5
2025,8,1723.18,9
2025,9,1913.1599999999999,7
2025,10,1574.3,10
2025,1,1973.8400000000001,1
2025,2,1879.38,5
2025,3,1762.2599999999998,8
2025,4,1964.4,2
2025,5,1913.22,4
2025,6,1852.98,7
2025,7,1869.02,6
2025,8,1947.6399999999999,3
2025,9,1679.62,10
2025,10,1706.7000000000003,9
2025,1,1866.8400000000001,6
2025,2,1607.0,9
2025,3,1871.0200000000002,5
2025,4,1933.5800000000004,2
2025,5,1919.96,4
2025,6,1844.96,7
2025,7,1922.5800000000002,3
2025,8,1938.14,1
2025,9,1587.1,10
2025,10,1843.8400000000001,8
2025,1,1955.3400000000001,5
2025,2,1774.18,9
2025,3,1896.1799999999998,6
2025,4,2006.0,1
2025,5,1957.42,4
2025,6,1968.5800000000002,3
2025,7,1582.6000000000001,10
2025,8,1974.8599999999997,2
2025,9,1827.1800000000003,8
2025,10,1855.32,7
2025,1,1760.9799999999998,10
2025,2,1983.1599999999999,3
2025,3,1993.3800000000003,2
2025,4,1918.46,5
2025,5,1857.86,8
2025,6,1925.6799999999998,4
2025,7,1864.1599999999999,6
2025,8,1995.88,1
2025,9,1840.7800000000002,9
2025,10,1862.88,7
2025,1,1817.96,7
2025,2,1943.6800000000003,3
2025,3,2007.48,1
2025,4,1909.48,4
2025,5,1872.4999999999998,6
2025,6,1812.1399999999999,8
2025,7,2007.04,2
2025,8,1770.54,10
2025,9,1794.82,9
2025,10,1904.24,5
2025,1,2003.44,1
2025,2,1979.46,3
2025,3,1946.84,4
2025,4,1845.56,7
2025,5,1813.14,8
2025,6,1715.1999999999998,10
2025,7,2002.7200000000003,2
2025,8,1877.2,5
2025,9,1866.2800000000002,6
2025,10,1807.18,9
2025,1,1858.2600000000002,9
2025,2,1983.54,1
2025,3,1891.68,6
2025,4,1964.9,3
2025,5,1915.64,5
2025,6,1761.6399999999999,10
2025,7,1975.9199999999998,2
2025,8,1885.78,7
2025,9,1860.1599999999999,8
2025,10,1938.18,4
2025,1,1912.7600000000002,6
2025,2,1836.92,7
2025,3,1942.88,4
2025,4,1961.6399999999999,2
2025,5,1738.3799999999999,9
2025,6,1528.3000000000002,10
2025,7,2053.6800000000003,1
2025,8,1826.1399999999999,8
2025,9,1955.22,3
2025,10,1937.4799999999998,5
2025,1,1983.08,2
2025,2,1888.2600000000002,4
2025,3,1830.1799999999998,8
2025,4,1895.94,3
2025,5,1887.2200000000003,5
2025,6,1694.8,9
2025,7,1862.3600000000001,7
2025,8,1876.92,6
2025,9,1989.48,1
2025,10,1594.0600000000004,10
2025,1,1973.7199999999998,1
2025,2,1914.8,5
2025,3,1833.3600000000001,9
2025,4,1973.3399999999997,2
2025,5,1839.62,8
2025,6,1909.8799999999997,6
2025,7,1871.3400000000001,7
2025,8,1926.7799999999997,4
2025,9,1957.36,3
2025,10,1479.0,10
2025,1,1963.2800000000002,2
2025,2,1867.78,9
2025,3,1907.7800000000002,4
2025,4,1875.08,7
2025,5,1798.96,10
2025,6,1893.38,5
2025,7,1868.6399999999999,8
2025,8,1929.2200000000003,3
2025,9,1970.98,1
2025,10,1884.9799999999998,6
2025,1,1874.0800000000002,8
2025,2,1849.3400000000001,9
2025,3,1881.28,7
2025,4,1831.2799999999997,10
2025,5,2091.4800000000005,1
2025,6,1952.2599999999998,2
2025,7,1888.5800000000002,6
2025,8,1923.56,4
2025,9,1890.5600000000002,5
2025,10,1940.0800000000002,3
2025,1,1847.1600000000003,8
2025,2,1958.96,4
2025,3,1927.96,6
2025,4,2076.5,1
2025,5,1851.98,7
2025,6,1969.44,2
2025,7,1932.28,5
2025,8,1741.7799999999997,10
2025,9,1791.38,9
2025,10,1963.48,3
2025,1,1959.7600000000002,2
2025,2,1901.08,6
2025,3,1917.52,5
2025,4,1894.7799999999997,7
2025,5,2012.96,1
2025,6,1790.94,8
2025,7,1939.06,3
2025,8,1928.1,4
2025,9,1627.6,10
2025,10,1768.92,9
2025,1,1954.6599999999999,4
2025,2,1964.0800000000002,2
2025,3,1955.88,3
2025,4,1691.12,9
2025,5,1968.38,1
2025,6,1841.7800000000002,7
2025,7,1879.88,6
2025,8,1577.0,10
2025,9,1830.1799999999998,8
2025,10,1907.76,5
2025,1,1926.46,4
2025,2,1990.1200000000001,2
2025,3,2008.28,1
2025,4,1855.4,7
2025,5,1601.4999999999998,10
2025,6,1854.0800000000002,8
2025,7,1796.54,9
2025,8,1862.2400000000002,6
2025,9,1912.76,5
2025,10,1987.48,3
2025,1,1858.92,8
2025,2,1806.08,10
2025,3,2017.3600000000001,1
2025,4,1885.44,7
2025,5,1951.06,4
2025,6,1998.2400000000002,2
2025,7,1836.2800000000002,9
2025,8,1920.8799999999999,6
2025,9,1946.32,5
2025,10,1953.2800000000002,3
2025,1,1899.62,5
2025,2,2111.58,1
2025,3,1858.44,7
2025,4,1836.0600000000002,8
2025,5,2015.3399999999997,2
2025,6,1901.08,4
2025,7,1864.74,6
2025,8,1797.22,9
2025,9,2012.58,3
2025,10,1726.6399999999999,10
2025,1,1821.36,9
2025,2,1818.54,10
2025,3,1863.42,8
2025,4,1951.88,3
2025,5,1922.5600000000002,4
2025,6,1880.1799999999998,7
2025,7,1885.2200000000003,6
2025,8,1903.7399999999998,5
2025,9,1975.1799999999998,2
2025,10,2003.06,1
2025,1,1950.6399999999999,4
2025,2,1896.96,6
2025,3,1755.58,10
2025,4,1973.7199999999998,3
2025,5,1919.58,5
2025,6,1866.2199999999998,8
2025,7,2031.16,1
2025,8,1856.32,9
2025,9,1871.9,7
2025,10,2007.6800000000003,2
2025,1,1930.0,4
2025,2,1770.36,9
2025,3,1931.44,3
2025,4,1953.74,2
2025,5,1813.3000000000002,8
2025,6,1818.7999999999997,7
2025,7,1509.1999999999998,10
2025,8,1913.3599999999997,5
2025,9,1969.5600000000002,1
2025,10,1885.6799999999998,6
2025,1,1922.58,3
2025,2,1916.98,4
2025,3,1868.5800000000002,6
2025,4,1863.94,7
2025,5,1967.98,2
2025,6,1882.8200000000002,5
2025,7,1986.88,1
2025,8,1838.4599999999998,10
2025,9,1854.3200000000002,9
2025,10,1855.8200000000002,8
2025,1,1882.98,5
2025,2,1836.54,8
2025,3,1780.6,10
2025,4,1913.48,3
2025,5,1871.98,6
2025,6,1976.2399999999998,1
2025,7,1961.6,2
2025,8,1898.42,4
2025,9,1793.56,9
2025,10,1836.62,7
2025,1,1844.04,8
2025,2,1970.2800000000002,2
2025,3,1874.06,5
2025,4,1657.7000000000003,10
2025,5,1982.2800000000002,1
2025,6,1915.2599999999998,4
2025,7,1860.8799999999999,7
2025,8,1956.08,3
2025,9,1860.88,6
2025,10,1832.0800000000002,9
2025,1,1868.48,7
2025,2,2044.62,1
2025,3,1942.3799999999999,3
2025,4,1828.2000000000003,9
2025,5,1897.1399999999999,4
2025,6,1876.52,6
2025,7,1507.56,10
2025,8,1975.12,2
2025,9,1860.28,8
2025,10,1879.2799999999997,5
2025,1,2066.7799999999997,1
2025,2,1968.1600000000003,2
2025,3,1921.3600000000001,4
2025,4,1847.54,7
2025,5,1905.8,5
2025,6,1813.0600000000002,10
2025,7,1940.6200000000001,3
2025,8,1833.58,8
2025,9,1892.04,6
2025,10,1829.4199999999998,9
2025,1,1947.36,2
2025,2,1971.4199999999998,1
2025,3,1880.38,6
2025,4,1886.26,5
2025,5,1929.56,3
2025,6,1856.4599999999998,7
2025,7,1838.6799999999998,10
2025,8,1851.12,9
2025,9,1896.7200000000003,4
2025,10,1851.6200000000001,8
2025,1,1848.24,9
2025,2,1938.5,5
2025,3,1966.38,3
2025,4,1874.4400000000003,7
2025,5,1966.78,2
2025,6,1967.9599999999998,1
2025,7,1892.08,6
2025,8,1855.46,8
2025,9,1952.6999999999998,4
2025,10,1815.22,10
2025,1,1829.0400000000002,10
2025,2,2015.38,1
2025,3,1962.58,4
2025,4,1879.84,6
2025,5,1839.1399999999999,9
2025,6,1890.6799999999998,5
2025,7,1868.84,7
2025,8,1854.1800000000003,8
2025,9,1988.5800000000002,3
2025,10,1992.3799999999999,2
2025,1,1916.66,5
2025,2,1933.4800000000002,3
2025,3,1927.38,4
2025,4,1884.8199999999997,6
2025,5,1980.08,2
2025,6,1554.5,10
2025,7,1838.28,8
2025,8,1816.6799999999998,9
2025,9,2004.58,1
2025,10,1850.7400000000002,7
2025,1,1911.78,4
2025,2,1981.0,2
2025,3,1817.14,10
2025,4,1906.12,6
2025,5,1823.7800000000002,8
2025,6,2064.06,1
2025,7,1907.9800000000002,5
2025,8,1876.78,7
2025,9,1822.62,9
2025,10,1929.4800000000002,3
2025,1,2014.36,1
2025,2,1907.48,5
2025,3,1875.94,7
2025,4,1898.0800000000002,6
2025,5,1942.48,4
2025,6,1798.0600000000002,10
2025,7,1873.2800000000002,8
2025,8,1960.6399999999999,2
2025,9,1949.98,3
2025,10,1860.7200000000003,9
2025,1,1940.68,3
2025,2,1915.6599999999999,5
2025,3,1874.82,8
2025,4,1839.98,9
2025,5,1925.2800000000002,4
2025,6,1947.12,2
2025,7,1795.96,10
2025,8,2036.88,1
2025,9,1876.6799999999998,7
2025,10,1914.98,6
2025,1,1887.96,4
2025,2,1846.66,9
2025,3,1877.8200000000002,5
2025,4,1949.34,3
2025,5,1849.8999999999999,8
2025,6,1963.1799999999998,2
2025,7,1744.0000000000002,10
2025,8,1851.82,7
2025,9,1867.48,6
2025,10,1963.2199999999998,1
2025,1,1874.7399999999998,6
2025,2,2011.68,1
2025,3,1910.98,4
2025,4,1980.08,2
2025,5,1814.0600000000002,8
2025,6,1928.06,3
2025,7,1849.4799999999998,7
2025,8,1880.7800000000002,5
2025,9,1789.28,9
2025,10,1594.0,10
2025,1,1976.82,2
2025,2,1970.1599999999999,3
2025,3,1679.4,10
2025,4,1862.56,7
2025,5,2026.72,1
2025,6,1872.4,6
2025,7,1811.6800000000003,8
2025,8,1921.6799999999998,4
2025,9,1897.28,5
2025,10,1793.04,9
2025,1,1743.1,10
2025,2,1763.3799999999999,9
2025,3,1932.2800000000002,2
2025,4,1902.7800000000002,4
2025,5,1880.48,5
2025,6,1936.1399999999999,1
2025,7,1871.8799999999999,6
2025,8,1924.9200000000003,3
2025,9,1828.54,7
2025,10,1775.58,8
2025,1,2055.4399999999996,1
2025,2,1948.22,2
2025,3,1797.26,9
2025,4,1876.48,7
2025,5,1909.8,4
2025,6,1880.1599999999999,6
2025,7,1822.6200000000001,8
2025,8,1891.6800000000003,5
2025,9,1916.84,3
2025,10,1791.56,10
2025,1,1915.14,6
2025,2,1937.38,5
2025,3,1993.9800000000002,1
2025,4,1954.58,4
2025,5,1826.12,8
2025,6,1896.06,7
2025,7,1970.5400000000002,2
2025,8,1967.96,3
2025,9,1806.92,9
2025,10,1782.4,10
2025,1,1952.4,3
2025,2,1861.4,9
2025,3,1887.5600000000002,7
2025,4,1904.38,6
2025,5,1876.58,8
2025,6,1974.9799999999998,1
2025,7,1916.1200000000001,4
2025,8,1837.98,10
2025,9,1973.92,2
2025,10,1911.56,5
2025,1,1883.38,6
2025,2,1940.62,3
2025,3,1953.12,2
2025,4,1853.9999999999998,7
2025,5,1902.3999999999999,5
2025,6,1847.14,9
2025,7,1783.8600000000001,10
2025,8,1933.8799999999999,4
2025,9,2047.66,1
2025,10,1847.18,8
2025,1,1761.96,9
2025,2,1794.38,8
2025,3,1932.72,5
2025,4,1933.4800000000002,4
2025,5,1942.3400000000001,3
2025,6,1978.6799999999998,1
2025,7,1623.08,10
2025,8,1826.08,7
2025,9,1943.6799999999998,2
2025,10,1914.8199999999997,6
2025,1,1989.8400000000001,2
2025,2,1844.28,7
2025,3,1889.96,6
2025,4,2017.0600000000004,1
2025,5,1978.3600000000001,3
2025,6,1891.48,5
2025,7,1805.7200000000003,9
2025,8,1841.7199999999998,8
2025,9,1935.1799999999998,4
2025,10,1713.68,10
2025,1,1929.6999999999998,5
2025,2,1930.2799999999997,4
2025,3,1857.36,8
2025,4,1870.38,7
2025,5,1976.8799999999999,1
2025,6,1482.22,10
2025,7,1935.8600000000001,3
2025,8,1970.44,2
2025,9,1795.3799999999999,9
2025,10,1921.38,6
2025,1,2030.8799999999999,1
2025,2,1801.16,7
2025,3,1877.96,5
2025,4,1743.58,9
2025,5,1877.98,4
2025,6,1834.88,6
2025,7,1766.9,8
2025,8,1569.6,10
2025,9,1919.7800000000002,3
2025,10,1979.62,2
2025,1,1895.98,6
2025,2,1652.5,10
2025,3,1849.74,9
2025,4,1929.78,5
2025,5,1957.6399999999999,3
2025,6,1948.52,4
2025,7,1854.04,7
2025,8,1852.26,8
2025,9,2000.98,1
2025,10,1973.38,2
2025,1,1934.48,5
2025,2,2012.1399999999999,1
2025,3,1804.6399999999999,10
2025,4,1843.0,8
2025,5,1943.0800000000002,4
2025,6,1948.8600000000001,3
2025,7,1991.8400000000001,2
2025,8,1917.58,6
2025,9,1823.7400000000002,9
2025,10,1870.3200000000002,7
2025,1,1914.52,4
2025,2,1882.3200000000002,6
2025,3,1932.6000000000001,3
2025,4,1952.88,1
2025,5,1702.1,9
2025,6,1898.2800000000002,5
2025,7,1848.3999999999999,7
2025,8,1827.58,8
2025,9,1611.2,10
2025,10,1949.2800000000002,2
2025,1,1859.46,6
2025,2,1857.92,7
2025,3,1957.8799999999999,3
2025,4,1980.6799999999998,2
2025,5,2022.56,1
2025,6,1576.2,10
2025,7,1885.08,5
2025,8,1940.78,4
2025,9,1796.58,9
2025,10,1830.76,8
2025,1,1879.48,5
2025,2,1904.88,2
2025,3,1912.26,1
2025,4,1889.06,4
2025,5,1899.2800000000002,3
2025,6,1857.0800000000002,6
2025,7,1839.12,7
2025,8,1583.9199999999998,10
2025,9,1761.38,8
2025,10,1710.7000000000003,9
2025,1,1830.7400000000002,6
2025,2,1962.86,3
2025,3,1812.9399999999998,7
2025,4,1973.7199999999998,2
2025,5,2067.0,1
2025,6,1692.2,10
2025,7,1800.88,8
2025,8,1942.18,4
2025,9,1796.6800000000003,9
2025,10,1927.8799999999999,5
2025,1,1968.7800000000002,2
2025,2,1992.2,1
2025,3,1957.78,3
2025,4,1826.8799999999999,9
2025,5,1900.56,4
2025,6,1833.58,8
2025,7,1836.38,7
2025,8,1862.8799999999999,6
2025,9,1716.5000000000002,10
2025,10,1874.0800000000004,5
2025,1,1689.0,10
2025,2,1919.08,3
2025,3,1912.6799999999998,4
2025,4,1885.44,7
2025,5,1901.38,5
2025,6,1854.08,8
2025,7,1888.3799999999999,6
2025,8,1802.96,9
2025,9,2001.58,1
2025,10,1974.7800000000002,2
2025,1,1945.56,5
2025,2,1945.92,4
2025,3,1773.98,10
2025,4,1871.06,8
2025,5,1915.18,6
2025,6,1831.46,9
2025,7,2003.2800000000002,2
2025,8,2029.2800000000002,1
2025,9,1872.3400000000001,7
2025,10,1953.4599999999998,3
2025,1,1952.68,3
2025,2,1976.98,1
2025,3,1888.96,7
2025,4,1959.36,2
2025,5,1943.6999999999998,4
2025,6,1904.66,5
2025,7,1845.58,8
2025,8,1776.8200000000002,10
2025,9,1785.9199999999996,9
2025,10,1902.1799999999998,6
2025,1,1935.3200000000002,5
2025,2,1937.08,4
2025,3,1847.3799999999999,8
2025,4,1909.4,6
2025,5,1776.0800000000002,10
2025,6,1954.62,2
2025,7,1942.1600000000003,3
2025,8,2019.72,1
2025,9,1898.4199999999998,7
2025,10,1840.5400000000004,9
2025,1,1831.08,9
2025,2,1633.7,10
2025,3,1907.38,5
2025,4,1943.6200000000003,1
2025,5,1929.98,3
2025,6,1856.3200000000002,8
2025,7,1920.08,4
2025,8,1869.06,7
2025,9,1873.3799999999999,6
2025,10,1935.44,2
2025,1,1912.62,4
2025,2,1966.0600000000002,1
2025,3,1933.1599999999999,2
2025,4,1882.7800000000002,7
2025,5,1873.26,8
2025,6,1904.6800000000003,5
2025,7,1903.48,6
2025,8,1782.04,10
2025,9,1839.1399999999999,9
2025,10,1927.54,3
2025,1,1871.96,8
2025,2,1978.04,1
2025,3,1962.48,2
2025,4,1915.12,6
2025,5,1932.58,5
2025,6,1836.3400000000001,9
2025,7,1807.58,10
2025,8,1961.34,3
2025,9,1897.7199999999998,7
2025,10,1941.2600000000002,4
2025,1,1932.78,3
2025,2,1887.7600000000002,6
2025,3,1843.58,7
2025,4,1606.18,10
2025,5,1936.98,2
2025,6,1807.88,8
2025,7,1959.86,1
2025,8,1651.1,9
2025,9,1923.3200000000002,4
2025,10,1918.58,5
2025,1,2066.48,1
2025,2,1939.6799999999998,3
2025,3,1811.46,9
2025,4,1966.46,2
2025,5,1899.3400000000001,5
2025,6,1938.2800000000002,4
2025,7,1798.7199999999998,10
2025,8,1837.54,8
2025,9,1867.6800000000003,6
2025,10,1852.8000000000002,7
2025,1,1885.9599999999998,4
2025,2,1853.52,6
2025,3,1892.3799999999999,3
2025,4,1957.8400000000001,2
2025,5,1761.1999999999998,9
2025,6,2025.66,1
2025,7,1821.78,7
2025,8,1803.42,8
2025,9,1588.18,10
2025,10,1872.7199999999998,5
