season,seat,points,place
2026,1,1821.3252304560376,2
2026,2,1805.3220950169496,3
2026,3,1701.6083591104266,7
2026,4,1557.4026889666354,9
2026,5,1764.0275927868552,4
2026,6,1907.3658464168916,1
2026,7,1762.758366768999,5
2026,8,1638.3103520239024,8
2026,9,1434.42775122876,10
2026,10,1725.8803040064067,6
2026,1,1862.4413856575127,2
2026,2,1881.2554225606982,1
2026,3,1823.5288775916679,5
2026,4,1833.6763785797566,4
2026,5,1822.4144368504967,6
2026,6,1850.0931484688713,3
2026,7,1733.9804455086528,9
2026,8,1622.661578824548,10
2026,9,1780.5360038778672,8
2026,10,1782.0736246293332,7
2026,1,1606.3668991869533,9
2026,2,1614.7173186377436,8
2026,3,1844.4452546923058,3
2026,4,1550.4926372975197,10
2026,5,1957.330224204099,1
2026,6,1717.8186488655037,5
2026,7,1626.2052800922995,7
2026,8,1674.0135010922547,6
2026,9,1928.688224450043,2
2026,10,1805.7129379013993,4
2026,1,1811.6300949315307,4
2026,2,1492.396217054553,8
2026,3,1860.5515152445655,2
2026,4,1622.83739822067,7
2026,5,1475.479989105462,9
2026,6,1692.7446451922754,6
2026,7,1384.571599051359,10
2026,8,1872.9223812204286,1
2026,9,1783.6452242338048,5
2026,10,1814.2972674420923,3
2026,1,1832.7292756659429,4
2026,2,2018.8223750269185,1
2026,3,1713.8512718848046,7
2026,4,1794.4292985627146,5
2026,5,1672.9146083647163,9
2026,6,1772.644912180331,6
2026,7,1662.6797705259519,10
2026,8,1924.436384979466,3
2026,9,1706.5906409990398,8
2026,10,1929.6002261164044,2
2026,1,1677.9617617842375,6
2026,2,1727.3139112460758,5
2026,3,1797.7232900366034,3
2026,4,1828.110964456307,2
2026,5,1661.2266178822447,7
2026,6,1746.660407971632,4
2026,7,1330.4851937984624,10
2026,8,1628.2398426910863,8
2026,9,1516.6196687726,9
2026,10,1970.648677153295,1
2026,1,1747.4015092926165,6
2026,2,1615.526714270205,8
2026,3,1963.061747735697,1
2026,4,1820.70309627082,3
2026,5,1589.9556488383764,9
2026,6,1765.6858238536597,5
2026,7,1563.3314445677738,10
2026,8,1778.708094280596,4
2026,9,1830.2565229556792,2
2026,10,1735.7786500325196,7
2026,1,1749.6617193022098,7
2026,2,1861.9752394033994,4
2026,3,1895.2074455704021,2
2026,4,1721.0018835052165,8
2026,5,1679.4546523182894,9
2026,6,1807.4011661081868,5
2026,7,1868.2924809442602,3
2026,8,1626.2765171348624,10
2026,9,1983.2302759927807,1
2026,10,1752.015869422328,6
2026,1,1768.2151909154386,3
2026,2,1670.1368410436219,5
2026,3,1605.825453583582,8
2026,4,1707.5116661563598,4
2026,5,1464.4654316638362,10
2026,6,1884.359694129134,1
2026,7,1620.8794701368972,7
2026,8,1856.0239720920108,2
2026,9,1644.3059477903278,6
2026,10,1602.235894476688,9
2026,1,1888.0960984056912,2
2026,2,1742.4160962748651,7
2026,3,1582.335018405311,9
2026,4,1744.66801047532,6
2026,5,1888.0595686079992,3
2026,6,1784.9183813243596,5
2026,7,1618.4498047188602,8
2026,8,1405.816323934056,10
2026,9,1929.9973798484461,1
2026,10,1877.7398585923472,4
2026,1,1626.4725062068762,8
2026,2,1818.9289464997544,4
2026,3,1864.2849630899364,3
2026,4,1699.6618760087426,7
2026,5,1914.5477759497833,2
2026,6,1750.0744546790886,5
2026,7,2043.723489807022,1
2026,8,1586.995095707112,9
2026,9,1344.1348562417334,10
2026,10,1703.7460260069356,6
2026,1,1741.9100199759687,7
2026,2,1793.6788212017593,4
2026,3,1793.4125991757421,5
2026,4,1915.1599654764327,2
2026,5,1664.000156760686,8
2026,6,1652.876957874579,9
2026,7,1779.3506753232882,6
2026,8,1823.2329284195334,3
2026,9,1957.2343027543927,1
2026,10,1512.8831286815798,10
2026,1,1849.3746127276245,3
2026,2,1657.7062995631718,9
2026,3,1787.5163796807742,7
2026,4,1615.8881357231098,10
2026,5,1733.3112634188296,8
2026,6,1822.6752163085873,5
2026,7,1838.540010342044,4
2026,8,1799.2835703124167,6
2026,9,1858.2982498281785,2
2026,10,1929.6401593868495,1
2026,1,1724.3232477357963,6
2026,2,1770.9155238799262,4
2026,3,2136.8477880173996,1
2026,4,1649.336953326872,9
2026,5,1772.6781087423064,3
2026,6,1650.5847904518073,8
2026,7,1471.7211514633645,10
2026,8,1661.0415661932038,7
2026,9,1731.3756314751586,5
2026,10,1837.1016321212169,2
2026,1,1640.4166752856404,8
2026,2,1451.0465458541817,10
2026,3,1710.696392417412,7
2026,4,1938.3030076475143,2
2026,5,1833.6591885544026,3
2026,6,1734.7863750251815,6
2026,7,1780.5124322015674,4
2026,8,1758.8282647943693,5
2026,9,1488.128137817503,9
2026,10,2074.3856604543807,1
2026,1,1697.204233679135,5
2026,2,1785.2170628080737,3
2026,3,1596.3849737879925,8
2026,4,1618.5371745702032,6
2026,5,1550.512608344738,9
2026,6,2177.3062282153596,1
2026,7,1534.3136797102252,10
2026,8,1762.5922921868905,4
2026,9,1598.3902905377117,7
2026,10,1863.3558331865293,2
2026,1,1781.7552931786636,3
2026,2,1642.160575582757,8
2026,3,1634.5496660003687,9
2026,4,1714.603243835819,7
2026,5,1755.2567262989583,6
2026,6,1780.0109140080667,4
2026,7,1792.0686207824842,2
2026,8,1775.598437090117,5
2026,9,1971.2086738788453,1
2026,10,1598.9585433110524,10
2026,1,1658.2500153381666,7
2026,2,1836.4141534414055,5
2026,3,1461.784284131336,10
2026,4,1613.874311594521,9
2026,5,2030.2171632490415,1
2026,6,1639.6773755670051,8
2026,7,1914.1873891754065,2
2026,8,1751.6570740287686,6
2026,9,1896.2036308957413,3
2026,10,1861.6439964208278,4
2026,1,1706.0045050887288,5
2026,2,1550.9619609783017,8
2026,3,1757.8293873263153,3
2026,4,1805.876494866069,2
2026,5,1745.2109634548335,4
2026,6,1977.8337463343892,1
2026,7,1657.158146814742,6
2026,8,1341.3057203970748,10
2026,9,1522.2958616600095,9
2026,10,1585.9729760329703,7
2026,1,1842.214706376224,4
2026,2,1668.1712724877182,7
2026,3,1641.7317250822844,8
2026,4,2012.4774840198966,2
2026,5,1525.1501984791498,10
2026,6,2095.203602298933,1
2026,7,1576.7993312713943,9
2026,8,1986.292216131054,3
2026,9,1737.1266762033076,6
2026,10,1795.5086449713858,5
2026,1,1827.0531386551002,3
2026,2,1785.2673027692672,5
2026,3,1852.1047962634816,2
2026,4,1686.8639129895846,6
2026,5,1638.9854283417376,7
2026,6,1909.2366150431214,1
2026,7,1531.5349236653162,10
2026,8,1809.5221964902548,4
2026,9,1578.8365837754945,8
2026,10,1574.4643950609811,9
2026,1,1932.309768366887,2
2026,2,1710.2854765555137,5
2026,3,1365.3002522433746,10
2026,4,2035.913110609255,1
2026,5,1891.8967318748776,3
2026,6,1694.7107328695588,6
2026,7,1777.3150836162254,4
2026,8,1539.7879816717414,8
2026,9,1495.0677578685227,9
2026,10,1580.38598918927,7
2026,1,1828.003646314103,3
2026,2,1723.1389404246816,6
2026,3,1794.0090804460365,4
2026,4,1624.7682713018467,8
2026,5,1599.7393816293456,10
2026,6,1864.5880022443034,2
2026,7,1975.7889408130945,1
2026,8,1604.768961134037,9
2026,9,1686.2975457176653,7
2026,10,1729.5037176793776,5
2026,1,1730.9988025389646,4
2026,2,1581.1127511305117,9
2026,3,1718.1732161667114,5
2026,4,1658.4800405270616,7
2026,5,1713.0198186012058,6
2026,6,1837.9359693784272,1
2026,7,1745.3072215741813,3
2026,8,1829.328178084775,2
2026,9,1480.995642921264,10
2026,10,1608.4017578823737,8
2026,1,1722.2172807973177,6
2026,2,1988.6860250948207,2
2026,3,1764.7179521766175,5
2026,4,1765.2392649672793,4
2026,5,1909.3235886407565,3
2026,6,1529.9553613872058,9
2026,7,1558.3039750981247,8
2026,8,1620.2131610820713,7
2026,9,1270.459432441069,10
2026,10,2090.356678307433,1
2026,1,1716.0234631157964,5
2026,2,1920.997377084529,2
2026,3,1732.4990544864686,4
2026,4,1473.5560603246977,10
2026,5,1872.0386307874596,3
2026,6,1672.284203259003,7
2026,7,1640.0320124446102,8
2026,8,1696.1648659543935,6
2026,9,1927.58948739684,1
2026,10,1511.059298602033,9
2026,1,2025.993216950255,1
2026,2,1765.6022402227527,5
2026,3,1760.5540982460243,7
2026,4,1606.493943285957,10
2026,5,1691.475086001457,9
2026,6,1802.3320587250735,3
2026,7,1763.1050790549382,6
2026,8,1790.0472528746923,4
2026,9,1818.7046933780632,2
2026,10,1720.6725935154564,8
2026,1,1999.8667925346788,2
2026,2,2069.5080732778047,1
2026,3,1786.8207139189735,9
2026,4,1920.3533296766063,4
2026,5,1880.8948938939702,6
2026,6,1798.7681733277786,8
2026,7,1646.950056127956,10
2026,8,1891.6906434816067,5
2026,9,1982.1626360278506,3
2026,10,1852.9685559456964,7
2026,1,1892.3680598187182,1
2026,2,1468.8343448479702,9
2026,3,1878.614594281043,2
2026,4,1400.6735423636733,10
2026,5,1584.7775426949202,8
2026,6,1654.2961427513103,6
2026,7,1627.7972400401168,7
2026,8,1741.4743980872124,5
2026,9,1841.6201774293215,3
2026,10,1801.3222260417483,4
2026,1,1706.1820829351905,7
2026,2,1619.8205144460037,8
2026,3,1511.7231641332614,9
2026,4,2114.968278012136,1
2026,5,1749.5251188660823,4
2026,6,1498.0187845475987,10
2026,7,1821.487005225535,3
2026,8,1744.1897388262269,5
2026,9,1961.837096944602,2
2026,10,1711.4832988443425,6
2026,1,1368.7849698970645,10
2026,2,1650.3444180619495,5
2026,3,1587.0521023162091,8
2026,4,1828.1588216768023,1
2026,5,1543.5872936188593,9
2026,6,1651.4048845032312,4
2026,7,1588.1833184433365,7
2026,8,1673.4760640814368,3
2026,9,1590.8142372688062,6
2026,10,1768.687488082643,2
2026,1,1573.5343090662918,8
2026,2,1864.0173152627697,3
2026,3,1688.3380200611423,4
2026,4,1638.3133786068458,7
2026,5,1658.8928234011078,5
2026,6,1508.317065782135,9
2026,7,1990.151443248798,1
2026,8,1457.425623740025,10
2026,9,1913.6191946110919,2
2026,10,1644.1355891425876,6
2026,1,1936.252859256611,2
2026,2,1728.3972020229087,6
2026,3,1811.1364238869737,5
2026,4,1507.417679902826,9
2026,5,1935.9651388164316,3
2026,6,1467.5080407038577,10
2026,7,1967.172126583384,1
2026,8,1902.9692824023655,4
2026,9,1645.8970839106194,7
2026,10,1590.2772058266205,8
2026,1,1739.7197780757206,8
2026,2,1849.364026849937,2
2026,3,1742.3777155751573,7
2026,4,1624.245922237758,10
2026,5,1832.1636873992522,3
2026,6,1730.3463301957195,9
2026,7,1830.8927277067685,4
2026,8,1791.5713771031624,6
2026,9,2040.783960526609,1
2026,10,1800.9210775753302,5
2026,1,1821.7107012283168,1
2026,2,1736.0496109957683,5
2026,3,1782.5882408606292,3
2026,4,1760.4393476287196,4
2026,5,1571.2406618617745,7
2026,6,1426.8346728962338,10
2026,7,1536.4706218340177,8
2026,8,1786.119667524651,2
2026,9,1589.0092912706373,6
2026,10,1477.456199979003,9
2026,1,1841.642679384907,7
2026,2,1760.4185121659746,8
2026,3,1974.8938590041907,1
2026,4,1959.9599181450096,2
2026,5,1922.7742988248872,3
2026,6,1902.3492898526438,6
2026,7,1908.2365655336016,5
2026,8,1541.2449530843185,9
2026,9,1919.9346056308934,4
2026,10,1458.1775009196956,10
2026,1,1628.4429543855554,9
2026,2,1726.430457437039,6
2026,3,2057.274587503265,1
2026,4,1699.6004350326532,8
2026,5,1802.0502795425227,4
2026,6,1590.8619812718978,10
2026,7,1705.543331300294,7
2026,8,1890.4572612993,2
2026,9,1727.7585205813295,5
2026,10,1803.9661865314047,3
2026,1,1694.3873797495053,8
2026,2,1720.0799257025637,7
2026,3,1741.1842031430133,4
2026,4,1634.8942084178339,10
2026,5,1684.24271823364,9
2026,6,1796.7427311083443,3
2026,7,1724.7313188656049,5
2026,8,1720.7413916743767,6
2026,9,1901.238450662051,2
2026,10,2000.376479601295,1
2026,1,1582.045439535801,8
2026,2,1649.6788118022619,5
2026,3,2005.080142928579,4
2026,4,1550.7756910451435,9
2026,5,1609.8845013869316,6
2026,6,1535.794352735566,10
2026,7,2063.7028881211827,1
2026,8,1602.5378568002052,7
2026,9,2009.8664992784115,3
2026,10,2044.783780527214,2
2026,1,1786.779108413141,5
2026,2,2074.157156260787,1
2026,3,1918.2237657269766,3
2026,4,1729.5695905658094,7
2026,5,1553.0296170958543,9
2026,6,1724.5350691233489,8
2026,7,1740.2816010010588,6
2026,8,1550.8453438919478,10
2026,9,2019.0972904425298,2
2026,10,1877.9572148785087,4
2026,1,1524.6622572688202,10
2026,2,1863.0164627083363,3
2026,3,1816.7061326117396,4
2026,4,1727.966645809894,5
2026,5,1616.1658456817145,8
2026,6,1652.4889499995384,7
2026,7,1899.308537310072,2
2026,8,2072.0612704542546,1
2026,9,1709.8036050713104,6
2026,10,1580.7167939425353,9
2026,1,1344.4099681777652,10
2026,2,1675.4116236761752,8
2026,3,1860.8130065507476,3
2026,4,1790.635971475897,4
2026,5,1739.2381773179554,5
2026,6,1701.0985922237253,6
2026,7,1870.8324711773125,2
2026,8,1698.5139491332386,7
2026,9,2014.0700647185165,1
2026,10,1558.7572738455326,9
2026,1,1650.5894999114294,6
2026,2,2117.068489591928,1
2026,3,1966.4804057341566,2
2026,4,1749.990197222201,3
2026,5,1595.3386089178302,9
2026,6,1458.9273389894806,10
2026,7,1680.2339849171717,5
2026,8,1602.3754012562313,8
2026,9,1633.0393361294468,7
2026,10,1689.3017575007614,4
2026,1,1655.8390665451689,7
2026,2,1634.7294417341316,8
2026,3,1552.842763663592,9
2026,4,1778.054086476567,4
2026,5,1887.300946527802,1
2026,6,1882.965896568297,2
2026,7,1489.7391318028672,10
2026,8,1704.1790310728936,6
2026,9,1710.8341087773144,5
2026,10,1867.4748684465096,3
2026,1,1828.3199949585046,2
2026,2,1894.448718611754,1
2026,3,1386.230497817603,10
2026,4,1624.6867604075449,7
2026,5,1626.7903031866288,6
2026,6,1668.7473744525971,5
2026,7,1751.5246669250305,3
2026,8,1563.3262325088342,8
2026,9,1674.9505221302047,4
2026,10,1462.8812886101973,9
2026,1,1615.918579409276,6
2026,2,1596.7724201067417,8
2026,3,1987.6279766367543,1
2026,4,1577.1567118326398,9
2026,5,1754.0392320085284,5
2026,6,1771.9996901427335,4
2026,7,1532.6807375191538,10
2026,8,1986.5325312302539,2
2026,9,1597.8208572373549,7
2026,10,1974.933371386518,3
2026,1,1573.971769854184,10
2026,2,1735.7724788598111,7
2026,3,1952.873431847369,1
2026,4,1837.8327852107504,4
2026,5,1858.6565201538492,3
2026,6,1883.178589894519,2
2026,7,1653.1972636268895,9
2026,8,1692.4869937114856,8
2026,9,1811.7524360838063,5
2026,10,1803.8540023658436,6
2026,1,1618.1993975762825,8
2026,2,1816.2893369504254,2
2026,3,1789.9926266642165,3
2026,4,1715.3096454870413,5
2026,5,1696.7889678016656,6
2026,6,1617.878295431276,9
2026,7,1890.7650157967141,1
2026,8,1778.4941324834622,4
2026,9,1483.9306055554875,10
2026,10,1669.566156709586,7
2026,1,1705.5042530044461,3
2026,2,1720.7647517243445,2
2026,3,1599.108240823512,7
2026,4,1962.4297019977685,1
2026,5,1604.6795173606888,6
2026,6,1582.807510653192,9
2026,7,1582.8113675644565,8
2026,8,1604.7511816768824,5
2026,9,1620.2300378339876,4
2026,10,1398.2886381956316,10
2026,1,1571.5838225379725,10
2026,2,1868.1296837496986,5
2026,3,1991.1250977424893,1
2026,4,1934.163065465773,2
2026,5,1924.0927467346953,3
2026,6,1739.3379583364858,7
2026,7,1907.8774687722046,4
2026,8,1753.530628738236,6
2026,9,1597.4501037538714,9
2026,10,1735.8682533674503,8
2026,1,1532.3038465824784,9
2026,2,1806.2753751077385,4
2026,3,1748.300560301265,6
2026,4,1954.7042448101893,1
2026,5,1727.5603344386204,7
2026,6,1781.2867663336976,5
2026,7,1702.780191192885,8
2026,8,1870.4804589105138,3
2026,9,1479.7949268676941,10
2026,10,1880.323245501475,2
2026,1,1736.32387850349,5
2026,2,1781.9420075713385,4
2026,3,1504.4225854877236,10
2026,4,1813.0883003530857,1
2026,5,1601.9148134394582,9
2026,6,1635.2208080931255,8
2026,7,1787.1139802870705,3
2026,8,1691.1922805436375,6
2026,9,1794.7313873418937,2
2026,10,1657.9094483774275,7
2026,1,2007.615937852627,2
2026,2,1596.5573090160856,7
2026,3,2135.364356991274,1
2026,4,1651.3789603609916,6
2026,5,1344.4719716538193,9
2026,6,1873.818953652734,3
2026,7,1825.1664578075347,4
2026,8,1591.236839276287,8
2026,9,1285.6428595656307,10
2026,10,1661.5247457276732,5
2026,1,1622.6572021372904,8
2026,2,1819.2443638630702,3
2026,3,1671.1542103642275,5
2026,4,1645.3530097996495,7
2026,5,1840.9158713208897,1
2026,6,1517.8471436065647,10
2026,7,1722.2278382174288,4
2026,8,1646.5538582253923,6
2026,9,1590.7555977431807,9
2026,10,1834.761048153713,2
2026,1,1886.742991731655,2
2026,2,1798.1974808653918,4
2026,3,1678.981666191538,6
2026,4,1748.750263348973,5
2026,5,1670.4083599574549,7
2026,6,1521.767218712724,9
2026,7,1548.1306146439183,8
2026,8,1461.935073266167,10
2026,9,1926.245638470641,1
2026,10,1812.7543349655618,3
2026,1,1802.0276789889072,5
2026,2,1919.8361801317792,2
2026,3,2088.8655758157774,1
2026,4,1819.3309039087314,4
2026,5,1660.0803343102657,9
2026,6,1864.263299746693,3
2026,7,1589.501640811005,10
2026,8,1741.5250761920556,7
2026,9,1676.9775182667722,8
2026,10,1795.4984133617418,6
2026,1,1974.7999167447017,1
2026,2,1604.5691061319706,10
2026,3,1741.2761898403865,6
2026,4,1659.9628375113764,9
2026,5,1768.813287748069,5
2026,6,1736.047813390769,7
2026,7,1774.6552404231288,4
2026,8,1685.2224593404112,8
2026,9,1965.961283069029,2
2026,10,1862.634016140589,3
2026,1,1638.711625943116,6
2026,2,1340.2358930363296,10
2026,3,1555.918491898139,9
2026,4,1740.8709352012352,3
2026,5,1757.3760473587117,2
2026,6,1757.9490797735252,1
2026,7,1729.4147921655667,4
2026,8,1709.430226619311,5
2026,9,1603.4841909070592,8
2026,10,1636.2232644284256,7
2026,1,1496.870288626145,10
2026,2,1549.4691149717146,9
2026,3,1755.71361022402,6
2026,4,1758.617052051113,5
2026,5,1868.4192097955424,1
2026,6,1715.4144820370173,7
2026,7,1796.6909403409081,3
2026,8,1796.3791093685295,4
2026,9,1614.395743904399,8
2026,10,1861.4296420746123,2
2026,1,1459.186234250957,10
2026,2,1678.7148853751687,5
2026,3,1744.8075859687212,4
2026,4,1949.6569141837904,2
2026,5,1591.5771968735844,8
2026,6,2098.3185184184204,1
2026,7,1912.1100203400947,3
2026,8,1606.6025555990632,6
2026,9,1602.1835774057718,7
2026,10,1523.351199951561,9
2026,1,1619.2040720160153,8
2026,2,1675.157800363029,5
2026,3,1762.5081603229125,4
2026,4,1629.8413752369909,7
2026,5,1772.9421116022497,2
2026,6,1660.237704725277,6
2026,7,1532.5927286272681,10
2026,8,1772.7765634803598,3
2026,9,1833.882146283248,1
2026,10,1589.7290250649503,9
2026,1,1728.4737667783913,6
2026,2,1766.7568008714488,5
2026,3,1872.785530190107,1
2026,4,1835.0666613168428,3
2026,5,1628.2017862190955,9
2026,6,1871.6759486351043,2
2026,7,1805.0332438973242,4
2026,8,1710.5055199719761,8
2026,9,1723.5309225931715,7
2026,10,1613.1108563876953,10
2026,1,1704.617671066882,6
2026,2,1990.823668335659,1
2026,3,1921.375443052741,2
2026,4,1470.1832102567769,9
2026,5,1778.4320968833474,4
2026,6,1404.9240565045943,10
2026,7,1733.743949926547,5
2026,8,1825.1514739580275,3
2026,9,1648.3182143339423,7
2026,10,1637.548909147794,8
2026,1,1710.48735484536,4
2026,2,1578.2055955560393,9
2026,3,1981.5881915490263,1
2026,4,1741.9131422457876,3
2026,5,1771.4302157998748,2
2026,6,1612.6803916229494,8
2026,7,1491.1450154536815,10
2026,8,1651.4404210705952,5
2026,9,1623.2012327142518,7
2026,10,1624.434192182959,6
2026,1,1648.7851418001515,8
2026,2,2005.3240564071161,2
2026,3,1635.197310523667,9
2026,4,2157.366936991461,1
2026,5,1676.457374184543,7
2026,6,1785.6965573896648,4
2026,7,1827.8063247924215,3
2026,8,1446.135133004615,10
2026,9,1752.374616320858,5
2026,10,1708.1659091356046,6
2026,1,1529.91774044372,8
2026,2,1489.2642766537947,9
2026,3,1552.913425366704,7
2026,4,1598.0731795188258,6
2026,5,1854.9872108011,3
2026,6,1944.4946811394498,2
2026,7,1424.963555102288,10
2026,8,1814.0759062810785,5
2026,9,2010.1500504711632,1
2026,10,1819.1020719984276,4
2026,1,1501.4817195231792,10
2026,2,1589.1353353518527,9
2026,3,1700.851284968714,6
2026,4,1707.8743410776478,5
2026,5,1717.0815442988492,4
2026,6,1732.1921858081027,3
2026,7,1670.8126200301926,8
2026,8,1691.9917060607595,7
2026,9,1779.8437617212398,2
2026,10,1845.577360846598,1
2026,1,1761.3780026761683,6
2026,2,2055.8977343333704,2
2026,3,2247.068464315058,1
2026,4,1868.7170489771547,3
2026,5,1655.000923623002,9
2026,6,1818.6949831143422,4
2026,7,1768.2477145750681,5
2026,8,1606.7591333561559,10
2026,9,1679.91441440508,8
2026,10,1684.4678507361305,7
2026,1,1558.4455727651018,8
2026,2,1520.837285946412,10
2026,3,1619.7132704085636,7
2026,4,1701.4074543168977,4
2026,5,1902.8933202024778,1
2026,6,1653.8495322655785,5
2026,7,1626.3415026617006,6
2026,8,1780.2004739850304,3
2026,9,1523.2283515810898,9
2026,10,1789.7169706584968,2
2026,1,1944.210725303327,2
2026,2,1904.0741988484099,4
2026,3,1461.4944328584097,9
2026,4,1771.4280569879284,5
2026,5,1692.7661732380527,6
2026,6,1904.6732020454197,3
2026,7,1484.4896593508038,8
2026,8,1627.3325159244964,7
2026,9,1387.3523561531715,10
2026,10,1981.4420308523117,1
2026,1,1613.7606647349653,8
2026,2,1785.753645875414,5
2026,3,1549.636188152621,10
2026,4,1833.537092958727,4
2026,5,1674.181132141848,7
2026,6,1589.8957497647916,9
2026,7,1698.5076816197375,6
2026,8,2006.06238633138,2
2026,9,1982.1447458409561,3
2026,10,2055.715456949521,1
2026,1,1886.926423092751,3
2026,2,1781.6113263607913,5
2026,3,2039.2911263430042,1
2026,4,1716.2521443722032,7
2026,5,1862.5326765630653,4
2026,6,1915.154160522011,2
2026,7,1290.4566118869907,10
2026,8,1675.474579264911,8
2026,9,1482.060828334113,9
2026,10,1736.6401318614983,6
2026,1,2055.979117640687,2
2026,2,1703.69898337504,9
2026,3,1943.4270008018552,3
2026,4,1839.093487199168,6
2026,5,1786.44017780554,7
2026,6,2407.276314571182,1
2026,7,1716.6120630853607,8
2026,8,1867.5689333222342,5
2026,9,1877.0378561967043,4
2026,10,1641.3359903346175,10
2026,1,1665.0950463928982,8
2026,2,1923.5986848811347,1
2026,3,1759.064780873402,5
2026,4,1895.1560257223202,2
2026,5,1691.2466964087535,7
2026,6,1832.021286519196,3
2026,7,1599.6323906157404,9
2026,8,1775.2753805158,4
2026,9,1742.6539524028608,6
2026,10,1378.6211886511066,10
2026,1,1975.7373922918046,2
2026,2,1918.3323591638552,3
2026,3,1683.6943546881948,9
2026,4,1623.7804399684971,10
2026,5,1845.101992183802,5
2026,6,1721.5336377327862,7
2026,7,1993.2940327319545,1
2026,8,1799.8725528444063,6
2026,9,1865.9051296058951,4
2026,10,1689.1519188240607,8
2026,1,1766.9231089355999,7
2026,2,1604.0465911441347,9
2026,3,1776.4257460952413,5
2026,4,1784.7636645111124,4
2026,5,1992.0188344551416,1
2026,6,1430.0494161989848,10
2026,7,1765.3568030298884,8
2026,8,1776.2457159597552,6
2026,9,1831.8162536243753,3
2026,10,1953.7531512393198,2
2026,1,1973.7050285405453,1
2026,2,1721.1717735920056,7
2026,3,1767.0949596522642,5
2026,4,1886.6461545664065,2
2026,5,1851.5210400649673,3
2026,6,1724.195889155514,6
2026,7,1775.6174452823925,4
2026,8,1464.2639392433457,9
2026,9,1374.713073017384,10
2026,10,1537.1016961210673,8
2026,1,1628.6682459067185,5
2026,2,1559.8658955185365,8
2026,3,1541.715792723277,10
2026,4,1571.6032800272565,7
2026,5,1748.7376559854206,1
2026,6,1701.8622459448839,2
2026,7,1694.9101258168432,3
2026,8,1657.0494310893127,4
2026,9,1611.3503388620895,6
2026,10,1546.0730313367835,9
2026,1,1842.4560267807788,3
2026,2,1883.957068877302,2
2026,3,1898.4214584533015,1
2026,4,1621.4818023473902,9
2026,5,1516.2178507145513,10
2026,6,1793.705130608929,4
2026,7,1736.2862210275543,5
2026,8,1650.2752016542986,7
2026,9,1638.4766529539975,8
2026,10,1729.5349632104771,6
2026,1,1699.9910639674274,8
2026,2,1751.2273555006573,5
2026,3,1630.280966515696,9
2026,4,1816.2864437082224,4
2026,5,1859.9620145591864,3
2026,6,1939.8235355426555,2
2026,7,2131.983153959534,1
2026,8,1511.5315414683291,10
2026,9,1738.8031634134768,6
2026,10,1724.993759180666,7
2026,1,1655.1621672706503,8
2026,2,1678.27405886616,7
2026,3,1745.0840774223034,5
2026,4,1645.0624799381014,9
2026,5,1878.0213328659634,2
2026,6,1520.900927565544,10
2026,7,1928.7901888355823,1
2026,8,1788.4830318606023,3
2026,9,1748.3177328128818,4
2026,10,1725.7061914613391,6
2026,1,2065.334599654127,1
2026,2,1894.2464940089108,2
2026,3,1772.8050955880083,5
2026,4,1843.7371350478961,3
2026,5,1746.8435171404833,6
2026,6,1618.2499641058284,9
2026,7,1632.756040836815,8
2026,8,1806.4195971677755,4
2026,9,1645.6134084686566,7
2026,10,1605.6967562521759,10
2026,1,1888.4054816290159,3
2026,2,1839.0917293396813,5
2026,3,1748.1032929095234,7
2026,4,1893.8556963662488,2
2026,5,1887.812201724373,4
2026,6,1961.4985534458797,1
2026,7,1425.6708665094557,10
2026,8,1464.1872973270204,9
2026,9,1664.7812949928878,8
2026,10,1797.4664124054816,6
2026,1,1818.8873482493416,6
2026,2,1845.8936985615642,5
2026,3,1602.2179861166642,10
2026,4,1873.1795669774424,4
2026,5,1730.259186640137,9
2026,6,1776.6595952864895,7
2026,7,1746.4819533312332,8
2026,8,1971.2902172365157,1
2026,9,1893.4411726000112,2
2026,10,1876.7430207135862,3
2026,1,1813.5547284568079,5
2026,2,1599.3548993276108,10
2026,3,1827.897370670184,3
2026,4,1643.9777424332824,8
2026,5,1777.241235466697,6
2026,6,1826.7078108274782,4
2026,7,1614.3234732049928,9
2026,8,1761.0614240988953,7
2026,9,1859.8281701503142,2
2026,10,2076.135025008688,1
2026,1,1792.0446383139597,4
2026,2,1738.275508536193,5
2026,3,1653.9826404958455,8
2026,4,1576.3289792756905,10
2026,5,1890.8951155164225,2
2026,6,1668.981890112873,7
2026,7,1844.2201070638134,3
2026,8,1675.5291465640971,6
2026,9,1632.5320402239513,9
2026,10,2020.9984545166533,1
2026,1,1744.984409807887,8
2026,2,1768.631185168144,4
2026,3,2008.0714896818408,2
2026,4,1750.4349090183864,7
2026,5,1546.5860632507529,10
2026,6,1860.468029194516,3
2026,7,2091.2567330806673,1
2026,8,1613.9614739289395,9
2026,9,1767.6000965251853,5
2026,10,1752.5991175924064,6
2026,1,1745.4896433090898,5
2026,2,1788.463455157385,3
2026,3,1541.7105586036753,9
2026,4,1757.4813543961354,4
2026,5,1794.6692890289846,2
2026,6,1425.6523091927666,10
2026,7,1583.3965531844897,8
2026,8,1714.2599284479634,6
2026,9,1888.6841451078894,1
2026,10,1665.399963751679,7
2026,1,1756.8810940986205,5
2026,2,1753.07364717517,6
2026,3,1829.2172306514808,4
2026,4,1989.076102937073,1
2026,5,1829.2431849389031,3
2026,6,1926.7071138627966,2
2026,7,1480.261218159312,10
2026,8,1668.5450095241076,8
2026,9,1709.5259603813104,7
2026,10,1615.1060332843947,9
2026,1,1702.152725005472,4
2026,2,1762.253990454912,3
2026,3,1646.3573050280388,9
2026,4,1696.131299878936,6
2026,5,1700.5767788761996,5
2026,6,1657.868579569513,8
2026,7,1776.943897189,2
2026,8,1508.7721445423545,10
2026,9,2012.4812239881517,1
2026,10,1677.0733264869816,7
2026,1,1610.0416405409123,9
2026,2,2022.6401037641022,1
2026,3,1906.9917743301899,2
2026,4,1873.0923836871305,3
2026,5,1840.8363892999753,5
2026,6,1668.2473679496434,8
2026,7,1854.9116801869063,4
2026,8,1769.923245288289,7
2026,9,1596.759165865543,10
2026,10,1781.6379055196846,6
2026,1,1729.042584926689,7
2026,2,1545.7024867499013,10
2026,3,1774.9217502051279,5
2026,4,1822.0009408628946,3
2026,5,1660.4697971139212,9
2026,6,1802.2751386573545,4
2026,7,1774.6874126307102,6
2026,8,1681.0052084856234,8
2026,9,1836.2154801458337,2
2026,10,1903.231268136229,1
2026,1,1714.5519315669505,7
2026,2,1771.7801499546058,5
2026,3,1745.2807380191502,6
2026,4,1871.2938395961369,2
2026,5,1878.704730567453,1
2026,6,1518.8322296622264,9
2026,7,1704.2896921766148,8
2026,8,1819.2324970229347,4
2026,9,1508.1466683802046,10
2026,10,1822.1030222470315,3
2026,1,1941.3691376300876,4
2026,2,1936.8627949875622,5
2026,3,1594.7914710656257,9
2026,4,2018.21468141672,3
2026,5,2048.7889933377446,2
2026,6,1803.6955095637443,7
2026,7,1567.7052911088958,10
2026,8,2079.279676202764,1
2026,9,1631.7046700277122,8
2026,10,1812.8627960082513,6
2026,1,1538.104311636405,8
2026,2,1854.083874949455,2
2026,3,1520.3489123340923,10
2026,4,1836.7205195484457,3
2026,5,1662.9180969758218,5
2026,6,1603.552554044899,7
2026,7,1801.5432173891722,4
2026,8,1630.1259341147343,6
2026,9,1961.6613214634424,1
2026,10,1525.6840819116828,9
2026,1,1553.8417681996023,10
2026,2,2196.6991428324695,1
2026,3,1580.4012888251957,9
2026,4,1697.831443056601,7
2026,5,1864.4937155393186,4
2026,6,1802.1756144193298,6
2026,7,1618.729877795161,8
2026,8,1857.8430103763792,5
2026,9,1867.9024782157585,3
2026,10,1912.5486025341556,2
2026,1,1577.7706403267027,10
2026,2,1890.70739453036,2
2026,3,1720.5004106796866,6
2026,4,1738.5616348253352,5
2026,5,1714.8005555584734,8
2026,6,1742.2544874682146,4
2026,7,1964.4546393005828,1
2026,8,1717.0324234720806,7
2026,9,1766.5317092305336,3
2026,10,1602.1241064337019,9
2026,1,1972.0377491141164,2
2026,2,1759.8583484204419,7
2026,3,1835.0458436854572,3
2026,4,1766.4610915568135,6
2026,5,1625.010652980172,10
2026,6,1792.652906675865,5
2026,7,2027.6489209190518,1
2026,8,1806.0114842045687,4
2026,9,1718.054830519627,8
2026,10,1653.711606328137,9
2026,1,1317.865204878429,10
2026,2,1757.2654980126126,3
2026,3,1624.9838326494173,5
2026,4,1582.2094131257343,8
2026,5,1601.7740081682452,6
2026,6,1790.3297629611554,2
2026,7,1598.4164119674888,7
2026,8,1550.3521553831074,9
2026,9,1704.607254977741,4
2026,10,1837.3351593752918,1
2026,1,1601.8352503590359,7
2026,2,1716.4750563869025,5
2026,3,1377.9905787081716,10
2026,4,1773.5954802039782,3
2026,5,1605.4213860788298,6
2026,6,1392.3037974027955,9
2026,7,2028.831096150273,2
2026,8,2334.3870583347752,1
2026,9,1769.6549577192045,4
2026,10,1429.2579804015477,8
2026,1,2083.9614617030184,1
2026,2,1757.473859991426,6
2026,3,1941.0393849925542,3
2026,4,1877.4137518488758,4
2026,5,1492.3253886817538,10
2026,6,1681.1401549859418,7
2026,7,1839.5610157344859,5
2026,8,2042.4285014617617,2
2026,9,1642.617462345633,8
2026,10,1513.9747727560343,9
2026,1,1601.88495617429,8
2026,2,1800.4745437667223,3
2026,3,1741.9847175842924,5
2026,4,1818.5037795905416,2
2026,5,1627.5293192567108,7
2026,6,1518.0466958530697,10
2026,7,1824.1193923744615,1
2026,8,1785.2507828708228,4
2026,9,1652.6470447452361,6
2026,10,1601.3476496209157,9
2026,1,1707.2837100148695,6
2026,2,1603.3857745014802,8
2026,3,1947.6022660959393,2
2026,4,1803.0910058764507,4
2026,5,1584.1052913536814,10
2026,6,1593.5242032015358,9
2026,7,1640.1396538601261,7
2026,8,1849.109183089182,3
2026,9,1721.2189039790655,5
2026,10,2108.8111828719375,1
2026,1,1851.5425035802168,2
2026,2,1333.817502401224,10
2026,3,1578.3878070622484,9
2026,4,1860.2333482756146,1
2026,5,1675.9351057438212,7
2026,6,1734.7986267372698,6
2026,7,1774.646708631671,5
2026,8,1673.2186575737985,8
2026,9,1814.4936216280596,3
2026,10,1778.3626604961332,4
2026,1,1963.0194815262098,3
2026,2,1511.856232349919,10
2026,3,1524.9775734333343,9
2026,4,1748.2221965419749,5
2026,5,1960.2516648953606,4
2026,6,1990.4406705377446,1
2026,7,1734.0672870122216,6
2026,8,1580.88735736007,8
2026,9,1981.7655483234093,2
2026,10,1701.8625657606965,7
2026,1,1759.860432233128,4
2026,2,1771.859123752796,3
2026,3,1984.141815528233,1
2026,4,1606.1140931226546,7
2026,5,1650.6872214747057,5
2026,6,1434.528485534659,10
2026,7,1540.208374537091,8
2026,8,1462.8801485992108,9
2026,9,1610.6133789403148,6
2026,10,1798.7737880899135,2
2026,1,1875.6412074466325,1
2026,2,1788.7551319711963,2
2026,3,1685.2432621217833,7
2026,4,1686.3670740212458,6
2026,5,1639.3750034033865,9
2026,6,1695.9681869373344,5
2026,7,1698.1553431520035,4
2026,8,1383.7257267166178,10
2026,9,1741.2674730573242,3
2026,10,1657.6058095462217,8
2026,1,1609.5644866998664,10
2026,2,2005.8875099076135,1
2026,3,1829.8735114973422,7
2026,4,1631.3263228169112,9
2026,5,1938.5373121710452,2
2026,6,1872.2709345429716,6
2026,7,1872.3315327548037,5
2026,8,1746.3232685867106,8
2026,9,1882.538485944316,4
2026,10,1924.9894266791284,3
2026,1,1813.7155357899148,4
2026,2,1955.6733060153388,2
2026,3,1520.5610553267843,9
2026,4,1569.9017731485778,8
2026,5,1743.4741135644128,6
2026,6,1388.575720970333,10
2026,7,1694.2034907634356,7
2026,8,1847.3235877829707,3
2026,9,1784.3712960276594,5
2026,10,1969.4418121661201,1
2026,1,1836.1417999408663,4
2026,2,1904.9077958318312,1
2026,3,1501.0662964634362,10
2026,4,1652.8016028536733,8
2026,5,1769.8356505097338,6
2026,6,1718.4286796589925,7
2026,7,1877.9725821981592,2
2026,8,1841.1012477492418,3
2026,9,1593.8312741954064,9
2026,10,1785.0415133656818,5
2026,1,1799.3139150330321,5
2026,2,1734.6390057715348,9
2026,3,1752.1812537168366,8
2026,4,1759.3692063310646,7
2026,5,1984.510405255993,2
2026,6,1762.9752367670374,6
2026,7,1954.640360730428,3
2026,8,1877.1260091804033,4
2026,9,1668.56694901535,10
2026,10,2002.1366599900084,1
2026,1,1877.9061441725908,5
2026,2,1879.5045299695012,4
2026,3,1702.5887223284176,7
2026,4,2052.7342540406785,1
2026,5,1895.1029330412582,3
2026,6,1491.7068624452977,9
2026,7,1898.7615144153992,2
2026,8,1353.8105527885466,10
2026,9,1782.9705866665934,6
2026,10,1584.8156959394646,8
2026,1,1621.9307742989997,6
2026,2,1801.7048028363322,2
2026,3,1784.4355847327226,3
2026,4,1780.4816667378213,4
2026,5,1869.6505120296133,1
2026,6,1440.10171840025,10
2026,7,1573.4985769017464,7
2026,8,1708.7745932558923,5
2026,9,1537.9145301627054,9
2026,10,1563.3426570571773,8
2026,1,1508.7817096957192,10
2026,2,1613.4681237277832,7
2026,3,1652.2238889755197,5
2026,4,1573.8228624678836,8
2026,5,1709.0104616290669,4
2026,6,1542.6662519932088,9
2026,7,1827.582978491979,3
2026,8,1859.4219605559479,2
2026,9,2018.2141528169757,1
2026,10,1623.4345102018929,6
2026,1,1937.1833634695793,2
2026,2,1739.0459029100602,6
2026,3,1643.2542159065415,8
2026,4,1811.1007196557548,4
2026,5,1911.7572964575265,3
2026,6,2109.959476265687,1
2026,7,1795.0398051974034,5
2026,8,1426.9740162706266,10
2026,9,1533.7463526160163,9
2026,10,1667.3388673491615,7
2026,1,1883.7956108031494,2
2026,2,1543.9645625169687,8
2026,3,2048.301673294784,1
2026,4,1488.7285902083263,9
2026,5,1853.2306455688968,3
2026,6,1687.7244565119952,6
2026,7,1799.4489033760403,4
2026,8,1464.2342699519722,10
2026,9,1697.5575351888551,5
2026,10,1561.3891741672553,7
2026,1,1544.7153787087473,9
2026,2,1679.1326259865868,6
2026,3,1727.6819032633107,5
2026,4,1542.7708046040693,10
2026,5,1797.936124726566,3
2026,6,1780.1332671455857,4
2026,7,2097.55352907483,1
2026,8,1859.097103376795,2
2026,9,1554.7178642234508,8
2026,10,1556.331762273422,7
2026,1,1778.063845239596,3
2026,2,1980.5212521392834,1
2026,3,1548.588899630633,9
2026,4,1602.611149920158,7
2026,5,1723.7405994917608,5
2026,6,1779.1794015624014,2
2026,7,1642.091928531198,6
2026,8,1569.8483762140745,8
2026,9,1768.1034298325721,4
2026,10,1471.4944865071882,10
2026,1,1700.3609493043125,6
2026,2,1496.2734573175044,10
2026,3,1751.6349862888105,4
2026,4,1905.4295920903032,3
2026,5,1738.6688550376166,5
2026,6,1643.0395421333442,8
2026,7,1972.4907489729158,1
2026,8,1951.0772817747277,2
2026,9,1596.7645888563343,9
2026,10,1676.237552202596,7
2026,1,1952.8785070740357,4
2026,2,1991.2924523785955,2
2026,3,1870.3241875220813,6
2026,4,1597.6583064735614,10
2026,5,1834.8894208473544,7
2026,6,1733.3494014582914,8
2026,7,1981.776257243183,3
2026,8,2011.1839793974405,1
2026,9,1717.0794235225985,9
2026,10,1946.425511811233,5
2026,1,1550.2463700795797,9
2026,2,1637.6140592763832,8
2026,3,1730.614180298886,6
2026,4,1714.0917618282401,7
2026,5,1526.5606514806868,10
2026,6,1944.2984342531718,2
2026,7,1797.5622318660382,4
2026,8,1751.4573105782606,5
2026,9,2219.2377459629392,1
2026,10,1822.9940062676555,3
2026,1,2002.0206337240702,3
2026,2,1745.1024738284661,4
2026,3,1681.476683911865,6
2026,4,1266.6058403212296,10
2026,5,1586.4871089728824,8
2026,6,2019.5249646943146,1
2026,7,1574.9849167033076,9
2026,8,1652.0592935417847,7
2026,9,2009.9230433849723,2
2026,10,1719.1326990790126,5
2026,1,1523.7806427836006,10
2026,2,1557.0733522389148,9
2026,3,1677.5805589450435,6
2026,4,1950.320930990565,2
2026,5,1806.2481075750247,3
2026,6,1690.0278783885847,5
2026,7,1998.1901587514733,1
2026,8,1656.2760082163377,7
2026,9,1617.155401006806,8
2026,10,1704.1444985918579,4
2026,1,2075.5331709819293,1
2026,2,2011.190864252081,3
2026,3,1843.9744727300083,5
2026,4,1616.4593589709475,10
2026,5,1718.577139908674,9
2026,6,1826.5359479029644,6
2026,7,1887.693643760486,4
2026,8,1806.20866933876,7
2026,9,1729.023584567929,8
2026,10,2036.307105757049,2
2026,1,1328.742543864037,10
2026,2,1649.5913186576117,5
2026,3,1999.3618868804742,1
2026,4,1705.5523997531939,3
2026,5,1841.838196312601,2
2026,6,1374.9592839983748,9
2026,7,1482.5229145259923,8
2026,8,1525.975388926241,7
2026,9,1660.1763669939987,4
2026,10,1642.912450940687,6
2026,1,1917.437764670371,3
2026,2,1673.5494823680233,8
2026,3,1602.153652413282,10
2026,4,1836.7979792354622,5
2026,5,1934.9337232309908,1
2026,6,1800.5998844865574,7
2026,7,1929.76188119987,2
2026,8,1659.2820269357856,9
2026,9,1804.5138611875855,6
2026,10,1844.0550706192726,4
2026,1,2012.4678253488094,1
2026,2,1488.4452953200912,9
2026,3,1767.1504145293322,4
2026,4,1614.4251683112122,7
2026,5,1346.823537051079,10
2026,6,1991.2689897169057,2
2026,7,1690.437790778174,5
2026,8,1669.440071331355,6
2026,9,1499.4835090026545,8
2026,10,1911.3648915811564,3
2026,1,1627.8779012398059,8
2026,2,1936.1284753090536,1
2026,3,1609.8810290030742,9
2026,4,1790.2108772445613,3
2026,5,1608.1703363504812,10
2026,6,1750.3212420923223,5
2026,7,1775.8377315093637,4
2026,8,1726.7620650228841,6
2026,9,1705.4872174657874,7
2026,10,1888.8979626183627,2
2026,1,1640.3924679801148,7
2026,2,1565.8722000423854,10
2026,3,1656.0672616521895,6
2026,4,1638.1654077865348,8
2026,5,1987.274409710897,2
2026,6,1661.481285899045,5
2026,7,1994.3704452987977,1
2026,8,1841.8895292317284,3
2026,9,1683.4901667570402,4
2026,10,1578.2757832231325,9
2026,1,1594.3964857777419,10
2026,2,1925.3753893722287,1
2026,3,1907.6898240504295,2
2026,4,1865.182464755225,4
2026,5,1724.0903203412909,6
2026,6,1872.4739931394377,3
2026,7,1832.7044206427486,5
2026,8,1666.1802771422772,8
2026,9,1601.1532154903948,9
2026,10,1690.1186681291051,7
2026,1,1890.2571223711238,3
2026,2,1652.8893127546507,9
2026,3,1841.6111472845341,4
2026,4,1796.358790929744,6
2026,5,2118.55359412361,1
2026,6,1730.4548202216668,8
2026,7,1977.3022383552827,2
2026,8,1807.2662111878462,5
2026,9,1602.4309998781137,10
2026,10,1744.4235388465468,7
2026,1,1522.1852996852344,10
2026,2,1956.8575642172004,1
2026,3,1918.4965165268748,2
2026,4,1770.9253734861036,4
2026,5,1702.6242401980362,7
2026,6,1544.1025959138476,9
2026,7,1841.6223351396081,3
2026,8,1715.56445389098,5
2026,9,1662.4963150643102,8
2026,10,1711.0306494834595,6
2026,1,1675.629282398887,6
2026,2,1518.3954446562393,9
2026,3,1739.0354392757358,3
2026,4,1685.6261300770248,5
2026,5,1512.1903281367877,10
2026,6,1878.7373132911093,2
2026,7,1958.0894119592122,1
2026,8,1601.142285456064,8
2026,9,1637.285446936053,7
2026,10,1722.1042369150523,4
2026,1,1738.0214642079625,3
2026,2,1701.9484047506635,6
2026,3,1973.8516709060825,1
2026,4,1729.239523469571,4
2026,5,1548.5536871323982,8
2026,6,1718.6559713436961,5
2026,7,1641.043861719838,7
2026,8,1523.2822741952364,10
2026,9,1539.5312174533606,9
2026,10,1849.8383271166722,2
2026,1,1864.809163570498,5
2026,2,1962.6096020821906,3
2026,3,1835.496388463594,6
2026,4,2154.536870407046,1
2026,5,1968.6224151731567,2
2026,6,1561.2000295825712,9
2026,7,1813.8820262573813,7
2026,8,1454.9455850469326,10
2026,9,1887.3023240272096,4
2026,10,1771.7566215527813,8
2026,1,1603.38645541924,6
2026,2,1712.2782063944228,4
2026,3,1408.6132257285874,10
2026,4,1593.6243382076636,7
2026,5,1743.5957614699223,2
2026,6,1735.1847713468565,3
2026,7,1817.5026438230307,1
2026,8,1539.3281970706407,8
2026,9,1672.7637892762395,5
2026,10,1497.2318167600583,9
2026,1,1883.8282379387613,2
2026,2,1861.3750635495503,4
2026,3,1868.734729061459,3
2026,4,1736.6426639784468,8
2026,5,1580.3464472075184,9
2026,6,1319.4505129083832,10
2026,7,1801.240543001014,7
2026,8,1815.589710911116,6
2026,9,1940.6826752900931,1
2026,10,1842.4232401915203,5
2026,1,1714.7297426118348,6
2026,2,1738.1389226967258,5
2026,3,1766.5383094167785,4
2026,4,1803.0547406050619,3
2026,5,1684.7105218129873,7
2026,6,1592.3076534688512,8
2026,7,1821.7566124605364,2
2026,8,1434.7740667265819,10
2026,9,1563.068561896431,9
2026,10,1848.828708994894,1
2026,1,1820.656662026136,4
2026,2,1510.5827366433668,7
2026,3,1911.2212732848895,2
2026,4,1894.7631921051654,3
2026,5,2003.113320846827,1
2026,6,1672.7121075901318,5
2026,7,1428.7529592462502,9
2026,8,1498.7485868777671,8
2026,9,1533.9886177592753,6
2026,10,1307.963348285587,10
2026,1,1775.4775758392022,7
2026,2,1891.7715346402726,5
2026,3,1883.1199575280393,6
2026,4,1994.0963563233815,2
2026,5,1772.8093113570587,8
2026,6,1947.3559984348458,4
2026,7,2126.3802168754946,1
2026,8,1952.0643743283063,3
2026,9,1769.5760838516267,9
2026,10,1662.5486818600032,10
2026,1,1699.4911454982437,7
2026,2,1898.821023320952,2
2026,3,1886.2634765474747,3
2026,4,1649.5948169292224,8
2026,5,1621.7678531692663,10
2026,6,1820.3771697317197,5
2026,7,1630.327817906093,9
2026,8,1829.5889394187802,4
2026,9,1701.5387628514786,6
2026,10,1919.4815601797409,1
2026,1,1771.8256793028954,4
2026,2,1693.3876253303824,5
2026,3,1393.8207846274993,10
2026,4,1565.4583705464026,8
2026,5,1779.9631499045636,3
2026,6,1915.8231287365797,2
2026,7,1541.6646855382278,9
2026,8,2110.6691583406036,1
2026,9,1692.5503202489458,6
2026,10,1595.071375490462,7
2026,1,1803.7515771599376,5
2026,2,1607.8639810774307,7
2026,3,1556.2138130407468,9
2026,4,1829.6008660711896,3
2026,5,1804.5273657684215,4
2026,6,1944.7330549912974,1
2026,7,1906.7367064746395,2
2026,8,1593.5553443027054,8
2026,9,1496.5339166045733,10
2026,10,1701.0544806354205,6
2026,1,1764.9876001381554,5
2026,2,1738.6722368382655,6
2026,3,1636.825855461049,9
2026,4,1782.7742904565043,4
2026,5,1816.7856456675115,3
2026,6,1650.2417500596,8
2026,7,1709.8178269592495,7
2026,8,1625.4832538251626,10
2026,9,2003.9359339114444,2
2026,10,2167.9654069132516,1
2026,1,1872.3696854691716,2
2026,2,1426.7397129041076,8
2026,3,1234.0050639952153,10
2026,4,1777.6510057755645,4
2026,5,1662.0881987680384,6
2026,6,1388.2596718803052,9
2026,7,1614.7881335136012,7
2026,8,1811.7884277811406,3
2026,9,2177.343288554003,1
2026,10,1667.2413026918516,5
2026,1,1823.8418933340586,2
2026,2,1696.5597964813724,7
2026,3,1585.9583416315504,9
2026,4,1731.7129210945996,6
2026,5,1819.9255534975468,3
2026,6,1753.7647471695482,4
2026,7,1737.5038415431725,5
2026,8,1503.1809356343902,10
2026,9,1685.2028509540817,8
2026,10,1886.5534852504024,1
2026,1,1698.5898291098129,6
2026,2,1995.8938841590789,2
2026,3,1958.801662811473,3
2026,4,1696.5697530888083,7
2026,5,2003.4423192657887,1
2026,6,1918.983513019411,4
2026,7,1638.0114219260531,9
2026,8,1493.6605291347387,10
2026,9,1687.9161221631548,8
2026,10,1804.4263753230787,5
2026,1,1613.7048415096046,9
2026,2,1803.9840090662838,1
2026,3,1685.499090978246,6
2026,4,1636.6824375619792,8
2026,5,1703.085138032381,5
2026,6,1705.3382832359591,4
2026,7,1735.2764256648147,3
2026,8,1487.5567392037005,10
2026,9,1735.8599327303118,2
2026,10,1642.2390870850072,7
2026,1,1501.8624652696049,10
2026,2,1716.6905083098698,6
2026,3,1853.4200441233234,5
2026,4,1915.822860111511,3
2026,5,1998.4744136818526,2
2026,6,1645.3145285003513,8
2026,7,1892.2008853372367,4
2026,8,1657.8717011129909,7
2026,9,1595.8923052159735,9
2026,10,2047.4561305850302,1
2026,1,1793.8714086531375,6
2026,2,1883.451472920734,5
2026,3,1754.391592260675,7
2026,4,1989.771735881024,3
2026,5,1513.0958392585826,10
2026,6,1744.8682636952753,8
2026,7,2032.6116101738041,1
2026,8,1892.1326335742776,4
2026,9,1998.205840827121,2
2026,10,1744.6270603349308,9
2026,1,1534.8479291926906,10
2026,2,1774.3825551397122,6
2026,3,1735.9221777925877,7
2026,4,1712.1707895927018,8
2026,5,1847.0949567719304,2
2026,6,1666.0585689430163,9
2026,7,1824.457159321942,3
2026,8,1816.1084582201597,4
2026,9,1781.0111835911348,5
2026,10,1902.856796745575,1
2026,1,1962.1821124443977,2
2026,2,1827.06502754738,5
2026,3,1826.806896152184,6
2026,4,1463.7485955042239,10
2026,5,1685.15632267088,9
2026,6,1889.361526602791,3
2026,7,2027.338208645493,1
2026,8,1709.3152054373052,8
2026,9,1854.7277569987205,4
2026,10,1737.24715437186,7
2026,1,1674.6477120580741,8
2026,2,1738.9621974242787,6
2026,3,1917.9002628637359,2
2026,4,1847.097419345554,3
2026,5,1757.7555321788745,5
2026,6,1509.2844293127318,10
2026,7,1585.0834155499253,9
2026,8,1730.8291027603207,7
2026,9,1810.1706092954116,4
2026,10,2129.2019932460985,1
2026,1,1816.6159847120318,3
2026,2,1824.506368760624,2
2026,3,1617.9755058997107,8
2026,4,1462.2160040561089,10
2026,5,1717.544175261032,4
2026,6,1699.7486656650099,6
2026,7,1493.6433718820715,9
2026,8,1650.181919379494,7
2026,9,1715.9889449426912,5
2026,10,1832.6748247259877,1
2026,1,1727.6894092540601,5
2026,2,1618.555695854331,8
2026,3,1602.8558758955344,10
2026,4,1722.144034869776,6
2026,5,1911.250596552717,3
2026,6,1953.5784034642693,1
2026,7,1612.9434799606413,9
2026,8,1922.8080849295748,2
2026,9,1716.168404248323,7
2026,10,1767.7598306161406,4
2026,1,1694.0274725767677,7
2026,2,1763.4666047992055,5
2026,3,1721.5929131951923,6
2026,4,1621.2537848830652,8
2026,5,1785.1789268232205,3
2026,6,1770.8961032426434,4
2026,7,1798.7401995034193,2
2026,8,2248.4857108175406,1
2026,9,1613.579086038585,9
2026,10,1573.7733676028522,10
2026,1,1800.7510816619458,4
2026,2,1578.4562259714983,7
2026,3,1635.0207698894596,6
2026,4,1811.8668563994133,3
2026,5,1383.250674043481,10
2026,6,1519.0323180862947,9
2026,7,1946.9714632346122,2
2026,8,1564.170048138071,8
2026,9,1962.8656441266426,1
2026,10,1742.6525147932402,5
2026,1,1922.4899290625535,5
2026,2,1562.1417452723126,10
2026,3,1638.023437986244,8
2026,4,1729.3316185537906,7
2026,5,1934.4997012076883,2
2026,6,1929.5127278658888,3
2026,7,1923.755181606123,4
2026,8,1807.9040643546373,6
2026,9,1618.4353935438783,9
2026,10,1992.1130275521152,1
2026,1,2085.3449731516685,1
2026,2,1930.4171810848638,3
2026,3,1638.9701075515554,7
2026,4,1698.5414905690823,5
2026,5,1641.9019384947305,6
2026,6,1631.4238926862758,8
2026,7,1793.368602532571,4
2026,8,1623.2957605640504,9
2026,9,1523.470970452207,10
2026,10,2009.5239035400712,2
2026,1,1514.6740209397594,10
2026,2,1888.821523771611,4
2026,3,1630.7821034303358,9
2026,4,1782.5365839867352,6
2026,5,1651.7082802912912,8
2026,6,1838.5445312547013,5
2026,7,1933.2137844054357,3
2026,8,2095.7736321070247,1
2026,9,1950.230787752415,2
2026,10,1727.4796954359367,7
2026,1,1813.9556588467499,2
2026,2,1703.8418654988004,6
2026,3,1608.644208649404,8
2026,4,1736.4959437708926,5
2026,5,1777.5600683376094,3
2026,6,1582.564079333678,9
2026,7,2030.081654434942,1
2026,8,1655.5506725976318,7
2026,9,1564.1181450736876,10
2026,10,1762.5141324749516,4
2026,1,1815.7194072864854,5
2026,2,1573.8544995741518,10
2026,3,1863.1622383530375,3
2026,4,1642.8932078707026,7
2026,5,1825.8917407004815,4
2026,6,1883.6291631631993,2
2026,7,1737.9526639723542,6
2026,8,1606.621417487155,9
2026,9,1632.7827970401763,8
2026,10,1965.5171979582133,1
2026,1,1725.2787083455107,5
2026,2,1769.0171454906101,4
2026,3,1686.6627373872586,6
2026,4,1465.8545721409434,9
2026,5,1915.520938006568,2
2026,6,1410.9703360305475,10
2026,7,1537.4757671230695,8
2026,8,1545.3772503820414,7
2026,9,2045.4465796173508,1
2026,10,1781.208981779415,3
2026,1,1881.499177310197,3
2026,2,1900.0178906582591,2
2026,3,1591.250864899278,7
2026,4,1718.9805389421747,5
2026,5,1929.0594094341423,1
2026,6,1802.188588512066,4
2026,7,1668.2431295177917,6
2026,8,1546.8681792793022,9
2026,9,1511.539881548122,10
2026,10,1568.9724694354297,8
2026,1,1671.032972537512,9
2026,2,1887.4430180204495,3
2026,3,1712.4846297041752,8
2026,4,1647.9154339324114,10
2026,5,1838.7093746977907,4
2026,6,1921.6705182450287,2
2026,7,1771.108518714198,6
2026,8,1835.5256556237841,5
2026,9,2025.537291285793,1
2026,10,1722.7840227808188,7
2026,1,2046.8183986342224,1
2026,2,1878.2570144938686,4
2026,3,1950.6071220274293,2
2026,4,1794.1108178967652,5
2026,5,1688.4618974959917,7
2026,6,1902.237039574613,3
2026,7,1683.185502725283,8
2026,8,1561.3115183698155,10
2026,9,1787.5571649197464,6
2026,10,1597.8218875399305,9
2026,1,1742.8343180412717,4
2026,2,1907.8230707900752,2
2026,3,2004.6156776590217,1
2026,4,1494.140108337553,10
2026,5,1615.2211134775505,8
2026,6,1886.8913601447812,3
2026,7,1650.1854655903935,6
2026,8,1550.9877276881684,9
2026,9,1715.8244630617394,5
2026,10,1634.4379487726783,7
2026,1,1982.7683010474893,1
2026,2,1744.2792395836668,8
2026,3,1711.5418184703149,10
2026,4,1716.4020119220536,9
2026,5,1973.7077150486773,2
2026,6,1762.078753366934,6
2026,7,1930.0683231097046,3
2026,8,1764.0689339127557,5
2026,9,1746.4886351567875,7
2026,10,1769.6754830870602,4
2026,1,1766.1353379457817,8
2026,2,1770.4339854569255,7
2026,3,1893.2612659159975,4
2026,4,1847.9104253340847,5
2026,5,2010.7783582340107,1
2026,6,1806.5288742661683,6
2026,7,1583.3530323516188,10
2026,8,1950.872871708882,3
2026,9,1976.324188941779,2
2026,10,1721.1866038581402,9
2026,1,1810.2802509703358,7
2026,2,1968.9504976263465,2
2026,3,1867.5617077302754,3
2026,4,2116.291560333209,1
2026,5,1866.95703031184,4
2026,6,1812.6272555206747,6
2026,7,1854.4666558539539,5
2026,8,1639.605224418896,8
2026,9,1480.5334529317965,10
2026,10,1635.6708354768446,9
2026,1,1837.1524101556186,3
2026,2,1539.879963409625,7
2026,3,1475.5564726411071,10
2026,4,1563.0127224998164,6
2026,5,1499.3025495147663,8
2026,6,1773.752002092392,4
2026,7,1754.1598785989702,5
2026,8,1497.852766170734,9
2026,9,1961.0639799976523,1
2026,10,1842.394970864856,2
2026,1,1658.640826012373,8
2026,2,2165.108316099883,2
2026,3,1828.4109856327182,5
2026,4,2261.123363433028,1
2026,5,1651.813195063307,9
2026,6,1448.0515177722168,10
2026,7,1746.6333012424736,6
2026,8,2069.0428103487793,3
2026,9,1740.4649269203608,7
2026,10,1921.0372134346435,4
2026,1,2011.1906704553367,1
2026,2,1674.608587180143,6
2026,3,1622.0768208209947,8
2026,4,1458.9639974583492,10
2026,5,1643.8355506018722,7
2026,6,1771.792361223396,4
2026,7,1798.09493116588,3
2026,8,1570.2230849903565,9
2026,9,1764.3868738215988,5
2026,10,1870.5897901561889,2
2026,1,1932.3512449649274,1
2026,2,1522.7137642352086,8
2026,3,1575.298025228468,6
2026,4,1449.1310415479456,9
2026,5,1746.92903335296,4
2026,6,1822.227643228739,2
2026,7,1754.7808401844095,3
2026,8,1719.1233097837367,5
2026,9,1380.3362955131297,10
2026,10,1571.8697597061623,7
2026,1,1750.5482895429568,7
2026,2,1503.4129210383649,10
2026,3,1772.856314369883,6
2026,4,1708.7952170465958,9
2026,5,1885.043140910435,5
2026,6,1954.377315314623,2
2026,7,2015.3631284978474,1
2026,8,1899.3944777673319,4
2026,9,1738.1617114817027,8
2026,10,1905.9068476896866,3
2026,1,1810.1076239862878,1
2026,2,1642.5677567971077,8
2026,3,1783.9647356237942,4
2026,4,1749.420618888621,6
2026,5,1570.522799894376,9
2026,6,1790.3533090879932,3
2026,7,1761.4796576205072,5
2026,8,1680.3455325836496,7
2026,9,1808.3411003425847,2
2026,10,1506.0901106801061,10
2026,1,1739.2049366670715,4
2026,2,1698.6467080631714,8
2026,3,1700.2073689442657,7
2026,4,1581.4901979891479,9
2026,5,1872.097421436572,1
2026,6,1419.023346774592,10
2026,7,1848.2509833092602,3
2026,8,1718.6112889589813,6
2026,9,1852.8057552951943,2
2026,10,1723.2898582755302,5
2026,1,1779.4054204790637,5
2026,2,1835.5204116428608,4
2026,3,1771.2033399281431,7
2026,4,1858.55682631227,3
2026,5,1726.0128659293161,9
2026,6,2138.687912102607,1
2026,7,1590.1870568594748,10
2026,8,1870.4111141602777,2
2026,9,1772.0027164846274,6
2026,10,1748.2470018167905,8
2026,1,1597.4601453443402,8
2026,2,1848.6882295864061,2
2026,3,2058.4933767196244,1
2026,4,1760.6357233283118,7
2026,5,1791.894098091037,6
2026,6,1821.54260916875,4
2026,7,1847.2341552128173,3
2026,8,1378.4066312892069,10
2026,9,1821.3992231725797,5
2026,10,1595.8877979042322,9
2026,1,1751.3953143642323,5
2026,2,2036.1836318539613,3
2026,3,1691.6358836844915,7
2026,4,2107.0573478664273,2
2026,5,1628.1859233673013,9
2026,6,1746.0822557112347,6
2026,7,2116.454562152937,1
2026,8,1492.685891457381,10
2026,9,1647.8300073026353,8
2026,10,2028.2615687449952,4
2026,1,1722.1119682955973,5
2026,2,1937.4066622979483,2
2026,3,1667.6759724606459,7
2026,4,1737.5170340710579,4
2026,5,1572.9865767745168,9
2026,6,1949.9826989522198,1
2026,7,1669.9951911575527,6
2026,8,1471.7211883312102,10
2026,9,1644.4305066005027,8
2026,10,1749.5017777439753,3
2026,1,1623.9944384964556,5
2026,2,1864.4432997630865,2
2026,3,1527.6253677306986,6
2026,4,1437.9580351073039,10
2026,5,1481.1933267140435,8
2026,6,1853.4578133026691,3
2026,7,1479.6239184137903,9
2026,8,1735.5909550570489,4
2026,9,1502.5560768672933,7
2026,10,1948.1317817022957,1
2026,1,1713.193090738505,6
2026,2,1562.7188993393302,9
2026,3,1513.5675731286897,10
2026,4,1757.197291512056,4
2026,5,1774.520117892031,3
2026,6,1852.8383149619401,2
2026,7,1728.6477248373483,5
2026,8,1706.7461021719269,7
2026,9,1648.94477421247,8
2026,10,1961.4206025029614,1
2026,1,1911.3251876170543,3
2026,2,1546.0169663010622,10
2026,3,1636.613897028755,7
2026,4,2018.304446089462,1
2026,5,1566.0748759284572,9
2026,6,1566.435688449429,8
2026,7,1978.7399553499974,2
2026,8,1781.8094508300828,4
2026,9,1664.7683529876795,6
2026,10,1747.5870763629198,5
2026,1,1849.5261223616956,3
2026,2,2070.042697483407,1
2026,3,1608.0305447786877,10
2026,4,1645.5253533131367,8
2026,5,1739.9426080183443,5
2026,6,1911.7892312297686,2
2026,7,1665.0261519846513,7
2026,8,1621.4837907319675,9
2026,9,1820.3618201220493,4
2026,10,1672.9911039577155,6
2026,1,1675.5297859805705,8
2026,2,1892.724112357899,3
2026,3,1897.181867904139,2
2026,4,1714.0756457243115,7
2026,5,1475.2447139480269,10
2026,6,1909.6003149181138,1
2026,7,1516.5783833322373,9
2026,8,1802.586491694535,5
2026,9,1738.545175894713,6
2026,10,1867.8799078961824,4
2026,1,1845.1593633001805,1
2026,2,1385.5273982032,10
2026,3,1566.2451074902654,9
2026,4,1706.881803154396,7
2026,5,1719.2601537198234,6
2026,6,1734.114716851328,5
2026,7,1695.8126908270829,8
2026,8,1779.5506513241096,4
2026,9,1796.850752515527,2
2026,10,1779.5552924987578,3
2026,1,1569.0247626259502,10
2026,2,2206.5201506293442,1
2026,3,1976.730212660907,3
2026,4,1740.8174096475407,8
2026,5,1896.2084066262994,6
2026,6,1940.9956883538284,4
2026,7,1757.6371000623676,7
2026,8,1727.6750651184761,9
2026,9,2061.4285671693815,2
2026,10,1924.6322024106087,5
2026,1,2224.9793593557333,1
2026,2,1774.408983022107,4
2026,3,1587.1595416784505,9
2026,4,1498.1204885190332,10
2026,5,1720.301640723852,5
2026,6,1651.7790859278855,8
2026,7,1676.044237340761,6
2026,8,1825.3657227014369,3
2026,9,1926.4522677288087,2
2026,10,1673.6746135934197,7
2026,1,1643.6884728238274,9
2026,2,1678.3056328054295,7
2026,3,1647.5359500584443,8
2026,4,1910.3370378243153,3
2026,5,1908.194329545759,4
2026,6,1826.2201287333262,6
2026,7,1872.203789428745,5
2026,8,1959.424774865257,1
2026,9,1944.0586053668478,2
2026,10,1597.7988214607321,10
2026,1,1522.1586609210503,10
2026,2,1684.841689832833,7
2026,3,1651.308000921396,8
2026,4,2071.7689809041385,1
2026,5,1880.65167956474,4
2026,6,1929.1401544712212,2
2026,7,1859.609361531915,5
2026,8,1706.182603085305,6
2026,9,1524.241081239355,9
2026,10,1917.8492567390795,3
2026,1,1784.9016625402155,6
2026,2,1855.2909832160221,2
2026,3,1624.3793042425882,9
2026,4,1805.9467063191591,4
2026,5,1764.0580187763414,7
2026,6,1696.521991714762,8
2026,7,1811.8703887966394,3
2026,8,1549.103922203007,10
2026,9,1872.8568227777382,1
2026,10,1797.8161909688567,5
2026,1,1593.6572283887156,6
2026,2,1730.6505322508378,5
2026,3,1439.8836766027898,9
2026,4,1779.5972942956905,3
2026,5,1974.4110290302658,1
2026,6,1576.0962195989337,7
2026,7,1897.960245117096,2
2026,8,1731.00321622398,4
2026,9,1555.2598220280818,8
2026,10,1416.8183451519687,10
2026,1,1744.3697402159657,4
2026,2,1966.2881476940624,1
2026,3,1397.5531584677105,10
2026,4,1581.1998090131096,8
2026,5,1608.9652544380333,6
2026,6,1789.0117143702323,3
2026,7,1895.050380125823,2
2026,8,1517.2384915468115,9
2026,9,1728.765006166986,5
2026,10,1606.5044120850876,7
2026,1,1720.5610330067166,4
2026,2,1849.1457332899163,2
2026,3,1607.0147065361184,5
2026,4,1602.0293778627856,6
2026,5,1538.426574192297,8
2026,6,1780.8790767723253,3
2026,7,1482.8150507662306,10
2026,8,2051.200194186724,1
2026,9,1571.2489850730003,7
2026,10,1526.3776761204053,9
2026,1,1900.6932313402835,4
2026,2,1984.871823242085,2
2026,3,2112.598500189415,1
2026,4,1767.7256836763745,7
2026,5,1647.1410994294715,9
2026,6,1698.6650252154714,8
2026,7,1928.7568767685468,3
2026,8,1843.2531453745387,5
2026,9,1554.7725254644206,10
2026,10,1779.3921083550772,6
2026,1,2011.8641843346043,1
2026,2,1694.2050765652693,8
2026,3,1732.1598301701922,6
2026,4,1741.1776683517917,5
2026,5,1880.7334265713298,3
2026,6,1669.4586418970835,9
2026,7,1896.1270761673802,2
2026,8,1848.2562290094136,4
2026,9,1727.6043623561072,7
2026,10,1624.083388372007,10
2026,1,1804.6924897741246,5
2026,2,1419.1077129298528,10
2026,3,1996.2066779013048,1
2026,4,1784.291785222473,6
2026,5,1942.106810297143,2
2026,6,1641.5799654903806,8
2026,7,1815.730288068562,4
2026,8,1852.7031156612315,3
2026,9,1581.7111542510734,9
2026,10,1757.9062111152684,7
2026,1,1739.608146447807,6
2026,2,1687.668017256909,8
2026,3,1912.5856577227826,2
2026,4,2088.1710571353087,1
2026,5,1752.0119817703921,5
2026,6,1711.3842461799834,7
2026,7,1822.3845429255841,3
2026,8,1555.8253499771113,9
2026,9,1400.2759136182924,10
2026,10,1792.62445425423,4
2026,1,1659.6100799488936,6
2026,2,2067.199844119671,1
2026,3,1512.3889881633395,10
2026,4,1738.7853250425314,3
2026,5,1578.0369162048019,9
2026,6,1638.2863306538784,7
2026,7,1709.793701690112,4
2026,8,1994.204580936654,2
2026,9,1624.892300903305,8
2026,10,1690.9954663770127,5
2026,1,2041.0417208783203,1
2026,2,1579.2155427664916,9
2026,3,1625.7256721648137,8
2026,4,1727.8382739239205,7
2026,5,1909.2152333586828,5
2026,6,1387.0167954443527,10
2026,7,1780.4131946436144,6
2026,8,1931.0697003833814,4
2026,9,1972.3146437734158,2
2026,10,1933.9456298217879,3
2026,1,1670.4042704724516,6
2026,2,1974.0017182625347,2
2026,3,1836.9783046571838,3
2026,4,1459.6907085542675,9
2026,5,1606.6823561535884,8
2026,6,1621.1499428583545,7
2026,7,1749.7822053538498,4
2026,8,2027.4776893948297,1
2026,9,1702.7022946965799,5
2026,10,1455.7528303367963,10
2026,1,1706.4234980883414,9
2026,2,1789.4933156700877,7
2026,3,2145.080059803127,1
2026,4,1854.656120035713,3
2026,5,2012.9452330640206,2
2026,6,1830.3979153794699,5
2026,7,1693.6159042736504,10
2026,8,1831.9492302144654,4
2026,9,1825.1222202635997,6
2026,10,1779.665110813094,8
2026,1,1873.9763470030848,1
2026,2,1587.9132974601139,9
2026,3,1807.7444316225954,4
2026,4,1653.9858438057304,7
2026,5,1846.5603664909677,2
2026,6,1781.926041158466,5
2026,7,1606.7411094460822,8
2026,8,1835.988786732053,3
2026,9,1502.5228175282577,10
2026,10,1766.5758623749643,6
2026,1,1657.9753078997392,9
2026,2,1835.1479961489563,4
2026,3,1824.006411415977,6
2026,4,1909.877843259235,2
2026,5,1882.5425268944632,3
2026,6,1789.0147911454083,7
2026,7,1321.6645157773767,10
2026,8,1923.5679584922686,1
2026,9,1660.5701683951056,8
2026,10,1830.1226302726186,5
2026,1,1572.3507622516972,6
2026,2,1722.188326739693,3
2026,3,1863.4800344438536,1
2026,4,1682.1291560730194,4
2026,5,1535.1232340370939,9
2026,6,1469.5579782186032,10
2026,7,1861.1802319253413,2
2026,8,1565.5026400282243,7
2026,9,1545.6583241538829,8
2026,10,1667.7039546990238,5
2026,1,1545.3239042316418,8
2026,2,1643.7851182686209,4
2026,3,1546.7711679552663,7
2026,4,1558.6566547590326,5
2026,5,1658.4112003166065,3
2026,6,1768.3021920977333,2
2026,7,1556.0841540433712,6
2026,8,1318.424493035705,10
2026,9,1519.8175466612747,9
2026,10,2149.0645601869182,1
2026,1,1509.3312766137565,10
2026,2,1770.0316514221472,2
2026,3,1612.694455142447,8
2026,4,1741.3565216830789,5
2026,5,1754.8254272778747,3
2026,6,1621.4945240231077,7
2026,7,1829.6891497942365,1
2026,8,1707.4716501635933,6
2026,9,1750.3018338388079,4
2026,10,1553.632746946286,9
2026,1,1946.505345432448,5
2026,2,1642.200687567296,10
2026,3,1798.062828870293,8
2026,4,1698.5623517106415,9
2026,5,1949.5285208958394,4
2026,6,2016.9835167674062,2
2026,7,1993.3307421858194,3
2026,8,1927.1096889043447,6
2026,9,2073.648708262713,1
2026,10,1814.7174702684033,7
2026,1,2054.1257626911283,3
2026,2,1442.6973597140181,10
2026,3,1614.8623767738338,8
2026,4,2144.225546127007,2
2026,5,2208.590741304767,1
2026,6,1732.5346011690363,6
2026,7,1674.768044088082,7
2026,8,1598.348811111603,9
2026,9,1914.1745718344564,4
2026,10,1852.1738671174799,5
2026,1,1632.0318099136239,10
2026,2,1633.1227110712698,8
2026,3,1761.9109213883626,4
2026,4,1770.7407561630603,3
2026,5,1745.3819312618843,5
2026,6,1815.1320125360728,1
2026,7,1710.9575472702068,6
2026,8,1673.6281156613663,7
2026,9,1632.904521038524,9
2026,10,1810.0467949028898,2
2026,1,1744.7320909880684,4
2026,2,1737.0464558606436,5
2026,3,1697.2424228321759,8
2026,4,1799.6633698833182,2
2026,5,1581.2157935099053,9
2026,6,1782.1231749120798,3
2026,7,1713.321869981216,7
2026,8,1456.2496513283245,10
2026,9,1729.0156886638722,6
2026,10,1912.4917270270696,1
2026,1,1817.3880740502332,2
2026,2,1702.1758422639873,5
2026,3,1657.2123404638473,6
2026,4,1814.6410253466001,3
2026,5,1546.7359795961663,7
2026,6,1789.2490978208727,4
2026,7,1880.7918326108206,1
2026,8,1517.873565049681,8
2026,9,1497.192019724238,9
2026,10,1455.7099764153631,10
2026,1,1829.197156577141,5
2026,2,1971.5798286555869,3
2026,3,1768.752118947774,6
2026,4,1751.8466780283409,7
2026,5,1569.9940172139507,9
2026,6,2028.3848295039043,2
2026,7,1496.5629220341712,10
2026,8,1661.7326563035408,8
2026,9,2178.3637353665044,1
2026,10,1857.6506424201334,4
2026,1,1458.9295775046091,9
2026,2,1645.5829828408368,7
2026,3,1860.288396010822,1
2026,4,1800.0897780077862,3
2026,5,1728.256080097141,4
2026,6,1424.0511320302717,10
2026,7,1634.3989753180022,8
2026,8,1698.5691237719718,5
2026,9,1658.9884789953685,6
2026,10,1818.2378927294158,2
2026,1,1797.4192209467706,4
2026,2,1936.0684428113823,2
2026,3,1341.287972270431,10
2026,4,1790.612853659372,5
2026,5,1810.9754256346478,3
2026,6,1726.0971569136773,7
2026,7,1768.8079116460708,6
2026,8,1400.9229333431474,9
2026,9,1714.140422624264,8
2026,10,2002.8543290434468,1
2026,1,1935.7517953148285,1
2026,2,1857.686241151712,2
2026,3,1842.943735105851,4
2026,4,1581.7113879012502,10
2026,5,1698.2486920838355,7
2026,6,1593.928186334221,9
2026,7,1626.0811781256537,8
2026,8,1753.7290087570136,6
2026,9,1761.1520851636892,5
2026,10,1853.6687902310325,3
2026,1,1636.044907124032,6
2026,2,1742.1899704484395,3
2026,3,1676.5220329833426,4
2026,4,1397.5935880491763,10
2026,5,1651.078496503432,5
2026,6,1766.8611690073685,2
2026,7,1511.407970285998,7
2026,8,1457.6491750641367,9
2026,9,1886.5801771805568,1
2026,10,1475.4236821849624,8
2026,1,1967.2072910695865,3
2026,2,1699.070777298073,9
2026,3,1983.2279570212136,2
2026,4,1870.6744582118417,5
2026,5,2033.4204440450935,1
2026,6,1673.48904770646,10
2026,7,1705.8814044849235,7
2026,8,1774.3685370487233,6
2026,9,1907.3195804433913,4
2026,10,1702.2452614992385,8
2026,1,1541.6787702632719,9
2026,2,1852.9335979675673,5
2026,3,2048.55295495069,2
2026,4,1716.2434124433832,6
2026,5,1856.5044527745172,4
2026,6,1547.9453954946798,8
2026,7,1654.1638362316783,7
2026,8,1030.2890566642232,10
2026,9,1935.531676856819,3
2026,10,2119.567140604434,1
2026,1,1937.449266065435,3
2026,2,1662.0031283589653,7
2026,3,1783.6518448367228,6
2026,4,1859.3071643891212,5
2026,5,1875.5803780878443,4
2026,6,1987.2221728395587,1
2026,7,1949.992661416293,2
2026,8,1420.3633953375438,10
2026,9,1531.2462034679975,9
2026,10,1608.589679638017,8
2026,1,2043.2180076682396,1
2026,2,1739.4111224661096,6
2026,3,1710.720443400717,7
2026,4,1562.761662701772,10
2026,5,1772.6004575960696,5
2026,6,1816.4301598945178,2
2026,7,1634.4830708725888,9
2026,8,1803.5451460965264,3
2026,9,1801.4487604284159,4
2026,10,1667.4848067441626,8
2026,1,1949.2149002015585,3
2026,2,1777.1940819407907,6
2026,3,1599.48497301733,8
2026,4,1344.3885781836927,10
2026,5,2161.268408869534,1
2026,6,1499.9678693527235,9
2026,7,1896.8502095959102,4
2026,8,1983.435373650472,2
2026,9,1606.0985065755315,7
2026,10,1802.0853247704426,5
2026,1,1946.158788079742,4
2026,2,2181.3228539416136,1
2026,3,1714.5215456478613,6
2026,4,1623.4463199688862,8
2026,5,2145.6381863135143,2
2026,6,1448.8555689621269,10
2026,7,2005.1777989232314,3
2026,8,1792.537166670823,5
2026,9,1704.9667470769307,7
2026,10,1514.7778603948582,9
2026,1,1935.6611279406184,1
2026,2,1833.5324566762072,4
2026,3,1682.111464451191,9
2026,4,1608.809266720335,10
2026,5,1815.7654226489249,6
2026,6,1872.0461011478455,2
2026,7,1859.3989376336767,3
2026,8,1826.7014518075916,5
2026,9,1796.7831747125924,7
2026,10,1719.4595640505122,8
2026,1,1801.3286815667884,5
2026,2,1617.6334933726,9
2026,3,1833.0218007067274,3
2026,4,2086.527108436155,1
2026,5,1801.2269681288635,6
2026,6,1801.5023569990958,4
2026,7,1445.5341023936012,10
2026,8,2053.252438087071,2
2026,9,1770.2636716830164,7
2026,10,1662.9866306867716,8
2026,1,1862.4599016518173,6
2026,2,1906.6168213897229,4
2026,3,1636.6388315062834,10
2026,4,1974.6931041846153,1
2026,5,1743.6273384095864,9
2026,6,1945.7346220350507,2
2026,7,1887.660360429889,5
2026,8,1829.0872998420446,7
2026,9,1918.0288754943585,3
2026,10,1823.6731296765915,8
2026,1,2050.6210371952766,1
2026,2,1971.7628456473117,2
2026,3,1559.8826528981185,9
2026,4,1811.18518862152,3
2026,5,1504.2540734775282,10
2026,6,1664.5595216796128,7
2026,7,1689.3656161663555,5
2026,8,1682.7690128216743,6
2026,9,1652.2697726455285,8
2026,10,1771.6634665820493,4
2026,1,1974.3232217741834,1
2026,2,1638.7842643179465,10
2026,3,1724.1733549731198,6
2026,4,1908.8430505014169,2
2026,5,1639.2823274461775,9
2026,6,1659.882418923445,8
2026,7,1807.0214075185074,5
2026,8,1826.4109212725755,4
2026,9,1901.3938625091475,3
2026,10,1679.3268086053322,7
2026,1,1730.5461884672584,6
2026,2,1806.4096317700623,5
2026,3,1965.102600666428,1
2026,4,1648.8787815797327,8
2026,5,1819.7873067309702,4
2026,6,1906.8194219902443,2
2026,7,1589.0298067997346,10
2026,8,1695.9182919706097,7
2026,9,1853.0715128174395,3
2026,10,1632.5017616092366,9
2026,1,1588.8401504735189,10
2026,2,1845.1831811240847,2
2026,3,1754.2350986934496,6
2026,4,1815.5871062835636,3
2026,5,1648.3094664154803,9
2026,6,1780.3607574765956,4
2026,7,1696.339400045644,8
2026,8,1712.8691592360615,7
2026,9,1936.7772268384588,1
2026,10,1764.7399350841597,5
2026,1,1550.6240772988908,10
2026,2,1790.3796111474749,2
2026,3,1597.4828998840758,9
2026,4,1788.8413185764916,3
2026,5,1701.9385760973105,5
2026,6,1620.7965080880033,8
2026,7,1648.577117027001,7
2026,8,1889.8604401300104,1
2026,9,1688.7794495401329,6
2026,10,1770.8670704498982,4
2026,1,1820.1325793924884,5
2026,2,1662.148213741641,7
2026,3,1609.7418552613422,8
2026,4,1889.7220692511892,3
2026,5,1931.6213739220614,2
2026,6,1339.2172877036737,10
2026,7,1788.3941683465007,6
2026,8,1589.837087919582,9
2026,9,1865.9445280096559,4
2026,10,2179.896536204402,1
2026,1,1307.5525074068191,10
2026,2,1553.584318349222,7
2026,3,1671.9296852597176,5
2026,4,1938.0313165341927,1
2026,5,1599.7404546201972,6
2026,6,1530.3457728422668,8
2026,7,1685.7294323488172,4
2026,8,1310.3247659193828,9
2026,9,1711.0030298528236,3
2026,10,1867.0213915056347,2
2026,1,1744.1133656226127,5
2026,2,1856.065953965285,4
2026,3,1557.7358980462238,10
2026,4,1730.5666851809497,6
2026,5,1727.0864440263374,7
2026,6,1602.4450823127963,9
2026,7,1657.9051487981396,8
2026,8,2089.3623923687633,1
2026,9,1894.5615304960384,2
2026,10,1889.8630439044805,3
2026,1,1549.2168475187823,9
2026,2,1888.754286212768,2
2026,3,1323.1326284766997,10
2026,4,1754.5147733388699,6
2026,5,1704.9830948575454,7
2026,6,1796.6665754093656,3
2026,7,1784.0377266304206,4
2026,8,1763.4847104746218,5
2026,9,1948.6930061242738,1
2026,10,1624.552790616128,8
2026,1,1637.0972241966963,9
2026,2,1966.4163192774058,1
2026,3,1762.7995945865684,6
2026,4,1832.1612041737621,4
2026,5,1816.5762115253624,5
2026,6,1561.0012054269228,10
2026,7,1855.5643050703184,2
2026,8,1729.6924024853165,7
2026,9,1652.4675971316074,8
2026,10,1853.968198989051,3
2026,1,2019.5301303593576,2
2026,2,1899.5840051989844,3
2026,3,1733.2009129380826,5
2026,4,1687.4073377839009,9
2026,5,1587.0432702669887,10
2026,6,1705.0344935906983,7
2026,7,2047.7096852348677,1
2026,8,1704.506054594478,8
2026,9,1709.8623747946986,6
2026,10,1741.0101580073058,4
2026,1,1794.1518637486006,5
2026,2,1761.172919457293,8
2026,3,1910.5589187892542,2
2026,4,1805.7205193152265,3
2026,5,1594.8552771331856,9
2026,6,1523.754180648642,10
2026,7,1982.890645677019,1
2026,8,1795.3432936440045,4
2026,9,1778.0431806351044,6
2026,10,1765.3946986774868,7
2026,1,1816.0968407472108,3
2026,2,1583.4528581300738,9
2026,3,1820.0684601028202,2
2026,4,1712.67380364142,6
2026,5,1724.1469033410003,5
2026,6,1689.5272277127478,7
2026,7,1745.0342076530726,4
2026,8,1848.8478958332685,1
2026,9,1659.418776380234,8
2026,10,1538.8226172071843,10
2026,1,1885.5699808306395,2
2026,2,1475.5034175061178,10
2026,3,1668.2698402410688,7
2026,4,1544.667482065699,9
2026,5,1871.7469787835073,3
2026,6,1701.048096551799,5
2026,7,1676.9099592815605,6
2026,8,1868.2470206596108,4
2026,9,1917.5638584320377,1
2026,10,1658.850616940044,8
2026,1,1887.8339995008632,3
2026,2,1551.4359886173934,10
2026,3,1591.9509521268355,7
2026,4,1770.2227195748396,5
2026,5,1788.831903258224,4
2026,6,1897.3044897080786,2
2026,7,1566.7620904059704,9
2026,8,1743.5123805991739,6
2026,9,1581.8010734787829,8
2026,10,1970.0778816529712,1
2026,1,1616.2060426075584,9
2026,2,1829.1692332736739,4
2026,3,1723.0726195218956,7
2026,4,1591.0863237742815,10
2026,5,2008.8744860635425,2
2026,6,2104.035885776596,1
2026,7,1822.7939523348905,5
2026,8,1740.6930303269269,6
2026,9,1685.9353623572601,8
2026,10,1934.8739312976072,3
2026,1,1753.7786699424837,6
2026,2,1572.6714917058498,8
2026,3,2069.5276489541843,1
2026,4,1545.0016938350768,9
2026,5,1596.8929160672017,7
2026,6,1877.8270375664997,3
2026,7,1910.3147457394211,2
2026,8,1755.8667565691007,5
2026,9,1229.0057669460857,10
2026,10,1820.4955691577127,4
2026,1,1598.073855482906,9
2026,2,1651.966677398718,7
2026,3,1856.2564762162683,4
2026,4,1861.8747357518637,3
2026,5,1686.891071635639,6
2026,6,1478.9443825779001,10
2026,7,1905.6101732859502,2
2026,8,1964.6713050110445,1
2026,9,1638.8639734054395,8
2026,10,1749.957201842137,5
2026,1,2000.841582313953,1
2026,2,1709.992011516841,7
2026,3,1957.500955188295,3
2026,4,1353.674619022438,10
2026,5,1685.478076284476,9
2026,6,1708.881622313675,8
2026,7,1962.1946378900186,2
2026,8,1715.5301812988437,6
2026,9,1871.0326641436066,5
2026,10,1936.8437911870476,4
2026,1,2066.7035819408516,1
2026,2,1747.171032719303,8
2026,3,1918.9912487326549,4
2026,4,2053.311680925826,2
2026,5,1809.1465790991258,6
2026,6,1465.3068830399595,10
2026,7,1729.066226384983,9
2026,8,1774.7397370331282,7
2026,9,1833.0851695353576,5
2026,10,1937.6077640089816,3
2026,1,1452.1219091463713,10
2026,2,1462.5310925426631,9
2026,3,1882.8474172631836,2
2026,4,1967.8914369112683,1
2026,5,1791.5459041013576,4
2026,6,1789.7831425325542,5
2026,7,1751.2034542353435,6
2026,8,1540.488351495314,8
2026,9,1844.3246136333441,3
2026,10,1650.6218436479169,7
2026,1,1876.2803707845208,5
2026,2,2041.8749154701563,1
2026,3,1585.6022046682413,10
2026,4,1904.3270452474794,3
2026,5,1943.4534819921803,2
2026,6,1590.7494404972738,9
2026,7,1889.7328456548455,4
2026,8,1786.619096286916,6
2026,9,1764.2307065642203,7
2026,10,1754.4824118098186,8
2026,1,1788.044143064093,4
2026,2,1718.213597240909,9
2026,3,1783.6893568644546,5
2026,4,1779.156548340443,6
2026,5,1876.357530225924,1
2026,6,1770.0365415906858,7
2026,7,1504.038415310038,10
2026,8,1719.212918963265,8
2026,9,1807.4855767193676,3
2026,10,1855.5135053006895,2
2026,1,1739.774055672152,6
2026,2,2148.5802873132943,1
2026,3,2016.45613198587,2
2026,4,1378.8771961968014,10
2026,5,1762.2855644774058,5
2026,6,1769.0628188694843,4
2026,7,1649.9596910180135,7
2026,8,1777.8131298666874,3
2026,9,1409.6657893488314,9
2026,10,1539.137683966788,8
2026,1,1785.1987271709672,3
2026,2,1723.1189171271265,4
2026,3,1646.1562011551523,6
2026,4,1534.2625165204915,8
2026,5,1509.1147697826468,9
2026,6,1808.1248702439134,2
2026,7,1695.0033915032222,5
2026,8,1605.2591200351776,7
2026,9,1366.6960079060532,10
2026,10,1925.0580796566892,1
2026,1,1736.192004214266,5
2026,2,1352.3107230860687,10
2026,3,1737.517173997196,4
2026,4,1686.5632130676736,7
2026,5,1732.7460888100154,6
2026,6,1508.1075024283518,8
2026,7,1498.4855165486647,9
2026,8,1812.8655041161046,2
2026,9,1852.4469979070593,1
2026,10,1772.6423825547768,3
2026,1,1429.6769799100803,10
2026,2,1499.410318190081,8
2026,3,1639.3866454326553,6
2026,4,1659.9043702659462,5
2026,5,1843.261184773296,1
2026,6,1738.2907612664776,4
2026,7,1489.5722866584415,9
2026,8,1766.9280759061633,2
2026,9,1741.1426813232201,3
2026,10,1590.8344834579823,7
2026,1,1842.514458805708,5
2026,2,1898.808974354302,3
2026,3,1752.0847875158952,8
2026,4,2131.040521384913,1
2026,5,1856.4424762391204,4
2026,6,1804.3600659072986,6
2026,7,1555.0179097763285,10
2026,8,1803.4780109509254,7
2026,9,2052.087221002116,2
2026,10,1568.9141790427639,9
2026,1,1588.665817991095,10
2026,2,1619.3015731361422,8
2026,3,1642.8119442255552,6
2026,4,1819.4378670102676,3
2026,5,2081.3386599647456,1
2026,6,1619.2495060771548,9
2026,7,1764.9025733072276,4
2026,8,1634.2651063103233,7
2026,9,1654.2974264933482,5
2026,10,1842.020893350892,2
2026,1,1959.113930347563,3
2026,2,1976.94792509472,2
2026,3,1949.95999375542,5
2026,4,1664.4359794692855,10
2026,5,1705.388245880444,9
2026,6,1834.1903026280993,6
2026,7,1813.2426649075578,7
2026,8,1744.8347912282534,8
2026,9,2017.9827029162113,1
2026,10,1957.9277163125876,4
2026,1,1815.2828460521482,3
2026,2,1844.2703410201252,2
2026,3,1749.8651885505428,5
2026,4,1672.7880172252535,6
2026,5,2037.5087585960682,1
2026,6,1807.462042758381,4
2026,7,1642.5757548316965,8
2026,8,1657.723655613641,7
2026,9,1635.992022230391,9
2026,10,1379.3368214236027,10
2026,1,1694.082792964154,7
2026,2,1641.754456503037,9
2026,3,1555.528008842186,10
2026,4,1769.372293375843,3
2026,5,1744.7415686634613,4
2026,6,1937.6900831681662,2
2026,7,2142.479510118505,1
2026,8,1705.8248798589555,6
2026,9,1676.1486395733061,8
2026,10,1706.4574625796354,5
2026,1,1957.756264601714,1
2026,2,1795.911967251826,4
2026,3,1770.1220639343433,5
2026,4,1761.307466250949,6
2026,5,1929.2140079510286,2
2026,6,1404.2217381937148,10
2026,7,1689.267452415676,7
2026,8,1648.0649586296463,9
2026,9,1918.2526767222716,3
2026,10,1665.6092296158674,8
2026,1,1691.0870449394208,7
2026,2,1871.091228923133,3
2026,3,1519.1245900258837,10
2026,4,1708.076438177279,6
2026,5,2047.0529884527073,1
2026,6,1899.529627945241,2
2026,7,1535.5521359932563,9
2026,8,1672.134187176922,8
2026,9,1784.8394822705259,4
2026,10,1749.0383737382053,5
2026,1,1997.7724954404514,2
2026,2,1911.5661060458306,4
2026,3,1974.2465494736498,3
2026,4,1872.4894135600903,7
2026,5,1814.4791400896233,8
2026,6,1632.3554784754583,9
2026,7,2010.5275461656422,1
2026,8,1420.2798320195327,10
2026,9,1888.8977157365923,5
2026,10,1873.75100219992,6
2026,1,1839.4470839743879,3
2026,2,1698.4236054132716,5
2026,3,1675.887081664301,6
2026,4,1918.4660941914456,1
2026,5,1568.4331324871528,10
2026,6,1717.0377337933419,4
2026,7,1594.3434443435049,9
2026,8,1883.2627340641402,2
2026,9,1664.7637300849265,7
2026,10,1607.101302292701,8
2026,1,2015.1993332079865,2
2026,2,1705.7824159483514,7
2026,3,2027.9077102478345,1
2026,4,1757.4722520208506,5
2026,5,1766.6158964685474,4
2026,6,1576.8414321069808,9
2026,7,1579.7143304188708,8
2026,8,1541.454341365531,10
2026,9,1850.650634190575,3
2026,10,1730.3006828601888,6
2026,1,1652.4162216679595,7
2026,2,1790.1391505910842,3
2026,3,1645.9699242550491,8
2026,4,1725.844557832879,4
2026,5,1707.6463913980765,5
2026,6,1572.8941333300147,10
2026,7,1901.4971683922022,1
2026,8,1680.170627816166,6
2026,9,1885.0255003033492,2
2026,10,1619.3569088797583,9
2026,1,1923.4118986230026,2
2026,2,1710.877098245126,8
2026,3,1736.425935401311,7
2026,4,1758.8153544337658,6
2026,5,1639.5062131426039,9
2026,6,1986.632227790668,1
2026,7,1790.116842643783,5
2026,8,1888.3781262201524,4
2026,9,1611.4718005965342,10
2026,10,1922.9261625997615,3
2026,1,1760.283084415881,5
2026,2,2055.5065282031132,1
2026,3,2016.747153243743,2
2026,4,1901.0455456458326,3
2026,5,1846.7024538483784,4
2026,6,1286.0584984742638,10
2026,7,1692.157547399886,6
2026,8,1646.6894392196273,7
2026,9,1455.8229566076652,9
2026,10,1553.548327938935,8
2026,1,2035.7200619296823,2
2026,2,1857.6895004502207,6
2026,3,1878.982744167637,5
2026,4,1901.882345524845,4
2026,5,1854.3805238439095,7
2026,6,1618.1764284585263,10
2026,7,1902.590786807164,3
2026,8,2147.091980222149,1
2026,9,1726.4810168675524,9
2026,10,1772.8404591308295,8
2026,1,2024.6210622995075,1
2026,2,1887.4691692904762,3
2026,3,1805.5462648334124,5
2026,4,1743.3140212864748,7
2026,5,1876.322180391894,4
2026,6,1923.7612549055546,2
2026,7,1798.3349365171925,6
2026,8,1594.158849304155,10
2026,9,1616.4954518123063,9
2026,10,1658.7720829855475,8
2026,1,1724.8998912933996,4
2026,2,1616.3520010292273,6
2026,3,1852.066346476063,2
2026,4,1723.0918027253624,5
2026,5,1962.793473261809,1
2026,6,1491.3554265327912,9
2026,7,1513.7337392180823,8
2026,8,1533.3583901242232,7
2026,9,1489.2797826356032,10
2026,10,1761.3706642141365,3
2026,1,1761.6952293837167,4
2026,2,1634.9063794037775,7
2026,3,1880.8838585276908,2
2026,4,1761.2702447086424,5
2026,5,1907.1749986639704,1
2026,6,1375.2382810659153,10
2026,7,1828.682712561148,3
2026,8,1703.7726251422253,6
2026,9,1572.2380564762063,8
2026,10,1547.5797698290771,9
2026,1,2179.481631651014,1
2026,2,1810.3778095951247,5
2026,3,1661.1631894599384,8
2026,4,2108.1959622742493,2
2026,5,1780.2766429208348,6
2026,6,1772.5235225533638,7
2026,7,1604.0290580205756,9
2026,8,1952.9972861825786,3
2026,9,1940.6708535078437,4
2026,10,1337.474691736453,10
2026,1,1624.3724127387875,6
2026,2,1833.2151328033174,2
2026,3,1425.8761336720154,10
2026,4,1563.176184743873,8
2026,5,1621.9292286301056,7
2026,6,1788.2625527823525,5
2026,7,1797.8198492284205,4
2026,8,1831.2279983548744,3
2026,9,2010.4670939533441,1
2026,10,1490.0905101182682,9
2026,1,1868.4355604480843,4
2026,2,1454.2211367060993,10
2026,3,1921.2473879178006,2
2026,4,2049.0968841206527,1
2026,5,1821.1257367784224,5
2026,6,1915.3406981534627,3
2026,7,1480.8484318909136,9
2026,8,1645.3354640424595,7
2026,9,1805.5843804075223,6
2026,10,1643.4605118073498,8
2026,1,1789.7710779373674,4
2026,2,1629.7789518316897,7
2026,3,1525.599083004883,10
2026,4,1761.1930673794068,5
2026,5,2105.6255291753696,1
2026,6,1538.87573540239,8
2026,7,1528.7387236173442,9
2026,8,1914.6896708010156,3
2026,9,1971.9651266701142,2
2026,10,1726.5940465882877,6
2026,1,1967.0181911709537,2
2026,2,1898.499280830471,3
2026,3,1762.0029641388458,6
2026,4,1689.1128814018898,8
2026,5,1672.841523705809,9
2026,6,1768.1687412535239,5
2026,7,1745.8586631179712,7
2026,8,2161.3437471767625,1
2026,9,1851.6124783473133,4
2026,10,1607.8510133195614,10
2026,1,1567.5458933586642,8
2026,2,1900.953013713716,1
2026,3,1802.9390574157258,2
2026,4,1769.5244700495634,3
2026,5,1710.647012921133,5
2026,6,1417.7385257557671,10
2026,7,1736.7927117135862,4
2026,8,1618.7542891383723,7
2026,9,1511.3651402840903,9
2026,10,1669.2071355261683,6
2026,1,1649.5372609070446,7
2026,2,1763.36177402395,2
2026,3,1548.8102183390674,10
2026,4,1634.9513606439307,8
2026,5,1676.1293428024019,5
2026,6,1585.679610258689,9
2026,7,1761.1549494699268,3
2026,8,1710.2888162090096,4
2026,9,1778.1113932339065,1
2026,10,1675.357666848075,6
2026,1,1771.5307410574821,4
2026,2,1864.1897188737194,1
2026,3,1531.102379791391,10
2026,4,1788.4373746439305,3
2026,5,1627.6933757146187,5
2026,6,1553.8147386529793,9
2026,7,1612.0851203094562,6
2026,8,1862.1520945028278,2
2026,9,1561.1255094746443,8
2026,10,1563.5038447356096,7
2026,1,1794.9287448375208,4
2026,2,1441.8798348135344,10
2026,3,1702.6509765663845,6
2026,4,1782.9373607857874,5
2026,5,1938.7565654724472,1
2026,6,1674.7934958615162,7
2026,7,1816.2751748694354,3
2026,8,1933.3112692691568,2
2026,9,1634.8250410180788,8
2026,10,1517.1401048872876,9
2026,1,1692.7385807628407,7
2026,2,1703.6568739777354,6
2026,3,1719.1901616756686,4
2026,4,1794.3742727463573,3
2026,5,1676.7091140534792,9
2026,6,1844.9603539698383,1
2026,7,1687.5573183429817,8
2026,8,1601.266476749743,10
2026,9,1715.2930872939928,5
2026,10,1825.2336878540773,2
2026,1,1570.7846999645847,10
2026,2,1978.3815636208774,2
2026,3,2056.9034876745955,1
2026,4,1759.4784375534148,6
2026,5,1908.3078039495485,4
2026,6,1689.5471746805447,7
2026,7,1594.735025263832,9
2026,8,1685.8870011972385,8
2026,9,1813.8929717852727,5
2026,10,1975.3213919146724,3
2026,1,1751.3149376249276,5
2026,2,1558.65167140605,9
2026,3,1680.8502218093595,7
2026,4,2077.8807739285508,2
2026,5,1696.8201186129263,6
2026,6,1609.3031263075488,8
2026,7,1759.3908749775449,4
2026,8,1536.4614873036467,10
2026,9,2237.6385077398336,1
2026,10,1773.0600524086096,3
2026,1,1939.8569861006865,3
2026,2,2105.7890559458974,1
2026,3,1681.996141835622,6
2026,4,1643.0280670820468,8
2026,5,1743.3288637350347,5
2026,6,1671.3377476656026,7
2026,7,1747.878399325186,4
2026,8,1535.7890524154009,10
2026,9,1943.7604665638019,2
2026,10,1558.4637356651276,9
2026,1,1737.4365798853241,7
2026,2,1870.393176052449,2
2026,3,1679.752491913941,8
2026,4,1843.2072275590388,4
2026,5,1860.7101028605637,3
2026,6,1740.5873549911785,6
2026,7,1781.9531087377788,5
2026,8,1606.4402849926084,10
2026,9,1626.0614000388161,9
2026,10,2103.323581411404,1
2026,1,1828.2309344735786,5
2026,2,1908.2723570242078,2
2026,3,2055.261698970371,1
2026,4,1811.0235738721299,6
2026,5,1696.7992497531632,9
2026,6,1693.9274647534762,10
2026,7,1828.940247414213,4
2026,8,1703.216768468115,8
2026,9,1870.8473039607622,3
2026,10,1760.6715003754373,7
2026,1,1790.2113229453082,7
2026,2,1756.709502994348,8
2026,3,1823.8201797061397,5
2026,4,2050.2947452693656,1
2026,5,1618.1748510605673,10
2026,6,1627.731380032284,9
2026,7,1852.3970155888142,4
2026,8,1893.0821027983764,3
2026,9,1811.538050315186,6
2026,10,2001.9028100118246,2
2026,1,1599.173613629704,8
2026,2,1559.486478909819,10
2026,3,1738.9831450829738,7
2026,4,1833.0932589748772,1
2026,5,1774.693326639251,5
2026,6,1807.21692167627,4
2026,7,1572.734756008643,9
2026,8,1823.6736617700817,3
2026,9,1829.2917987492774,2
2026,10,1750.1988856673886,6
2026,1,1884.3792799835855,3
2026,2,1530.1562043930453,10
2026,3,1885.5786319021254,2
2026,4,1638.0070641444033,5
2026,5,1563.901021117709,9
2026,6,1845.2431805518534,4
2026,7,1587.2702944227917,7
2026,8,1565.070852014712,8
2026,9,1624.4846562186349,6
2026,10,1982.1511278501425,1
2026,1,1936.6921947446608,3
2026,2,1743.222494619079,6
2026,3,1874.028137564868,4
2026,4,1843.474884706876,5
2026,5,2108.8701050251752,2
2026,6,1657.6991744020738,9
2026,7,1608.1076468578394,10
2026,8,1722.8228972124762,7
2026,9,2136.8396875643575,1
2026,10,1689.8718630205394,8
2026,1,1804.7662116743263,6
2026,2,1862.704542494844,4
2026,3,1862.7697891746302,3
2026,4,1678.762407748872,10
2026,5,1828.8795517325561,5
2026,6,2005.324117552069,2
2026,7,1788.8909196290085,7
2026,8,1726.7933549167947,8
2026,9,2021.4498053216446,1
2026,10,1687.629564756078,9
2026,1,1718.8259322459885,7
2026,2,1863.1571696816377,3
2026,3,1775.849536213807,5
2026,4,1602.1226344215438,9
2026,5,1928.2427716463135,2
2026,6,1690.3959413392613,8
2026,7,1791.8518395744265,4
2026,8,1775.272296372205,6
2026,9,1478.5664152342908,10
2026,10,1972.3637341238523,1
2026,1,1840.5947617712277,4
2026,2,1785.6672892384229,5
2026,3,1512.9121661486492,8
2026,4,1533.317727136165,7
2026,5,1878.5791856926903,2
2026,6,1471.300843519488,9
2026,7,1349.4429779841753,10
2026,8,2036.6114021170472,1
2026,9,1750.9841943411095,6
2026,10,1843.0316812193646,3
2026,1,1877.8020849472787,3
2026,2,1342.8969019811902,10
2026,3,1875.446320023476,4
2026,4,1821.88976618308,6
2026,5,1897.964602142867,1
2026,6,1533.2726785974687,9
2026,7,1847.0480615617826,5
2026,8,1893.8551150746046,2
2026,9,1608.4679595119487,8
2026,10,1640.1438336192878,7
2026,1,1629.0278589325462,8
2026,2,1914.808399891299,3
2026,3,2041.3100563061212,2
2026,4,1560.4730028297574,9
2026,5,1420.2929960754918,10
2026,6,1642.2943112650582,7
2026,7,1848.8081272481045,4
2026,8,1802.1185012096398,5
2026,9,1714.7607367391297,6
2026,10,2044.0287222773468,1
2026,1,1684.8951473374723,7
2026,2,1563.8492991785542,10
2026,3,1859.3668921331664,3
2026,4,1757.5589033695321,6
2026,5,1659.140197047148,8
2026,6,1649.056034472566,9
2026,7,1774.6049340593293,5
2026,8,2011.8270607541435,1
2026,9,1847.2409854748603,4
2026,10,1881.4190549656446,2
2026,1,1668.6371496230495,6
2026,2,1377.2735559238308,10
2026,3,1653.0830395748073,7
2026,4,1493.4569172666738,9
2026,5,1710.6193197272685,4
2026,6,1539.3313754720969,8
2026,7,1680.3246144848733,5
2026,8,1937.397162126897,1
2026,9,1830.2204262071614,3
2026,10,1842.9484056743613,2
2026,1,1928.569235122895,2
2026,2,1558.1840700571406,10
2026,3,2026.365351848227,1
2026,4,1692.450717560448,6
2026,5,1724.1579779362874,4
2026,6,1720.7980280009376,5
2026,7,1768.103748274223,3
2026,8,1664.2361120110104,8
2026,9,1648.4335342901563,9
2026,10,1686.0930081819365,7
2026,1,1594.0639646488255,8
2026,2,1801.220806812341,5
2026,3,1845.8029193357725,3
2026,4,2129.2721119589414,1
2026,5,1919.3877619592772,2
2026,6,1666.9152645909098,6
2026,7,1840.756280801319,4
2026,8,1504.960736710137,10
2026,9,1621.9362479511233,7
2026,10,1592.3325014662867,9
2026,1,1684.387182853696,10
2026,2,1883.6186093030828,5
2026,3,1892.2797092563908,4
2026,4,2014.4202692371698,2
2026,5,1749.3402475097712,7
2026,6,1730.8436551643026,8
2026,7,1975.0153606375716,3
2026,8,2073.2474946725415,1
2026,9,1723.493890600859,9
2026,10,1872.2606086807064,6
2026,1,1765.7644200757616,7
2026,2,1479.4618122889865,9
2026,3,1446.803632573928,10
2026,4,1927.7081503305349,2
2026,5,1708.1189114494186,8
2026,6,1933.0920091915923,1
2026,7,1829.9331093997603,4
2026,8,1818.8641387341045,5
2026,9,1908.0112130371983,3
2026,10,1800.2739227045952,6
2026,1,1741.4265881198926,7
2026,2,1712.5168600180427,8
2026,3,2029.611472574324,1
2026,4,1681.2575941701102,9
2026,5,1955.997133823446,2
2026,6,1564.9333980196766,10
2026,7,1817.90398601091,4
2026,8,1945.1217905649835,3
2026,9,1768.5837358773194,6
2026,10,1791.34853975333,5
2026,1,1429.1210323842513,8
2026,2,1898.1955844763338,2
2026,3,1938.5999950304533,1
2026,4,1467.5045475082234,7
2026,5,1712.4017681234004,3
2026,6,1393.561721532087,9
2026,7,1634.349913982312,5
2026,8,1708.5078214452135,4
2026,9,1597.604763425276,6
2026,10,1388.3878648018904,10
2026,1,1891.3789568447405,5
2026,2,1879.2491936097424,6
2026,3,1453.518371255124,10
2026,4,1808.518818507548,7
2026,5,1724.7720219169648,8
2026,6,1964.2339134029244,4
2026,7,2147.3869855633043,1
2026,8,1986.2084754708058,3
2026,9,2109.4547854755983,2
2026,10,1696.1634730341364,9
2026,1,1844.9313865918195,2
2026,2,1754.5866631017084,3
2026,3,1642.1627457787288,5
2026,4,1634.2553905660932,7
2026,5,1474.5857174556095,9
2026,6,1604.7309506849147,8
2026,7,1634.9649988707868,6
2026,8,1472.830418466484,10
2026,9,1875.9652485491351,1
2026,10,1680.3306318545,4
2026,1,1930.6092149182437,3
2026,2,1863.1919195357582,5
2026,3,1689.7611452841102,7
2026,4,1662.3650639116636,8
2026,5,1632.9908922143863,9
2026,6,1966.3205797094893,2
2026,7,1876.5046558930064,4
2026,8,1744.3742864803346,6
2026,9,1990.2089603762226,1
2026,10,1561.8399328896,10
2026,1,1511.936601548993,8
2026,2,1414.2890899479476,10
2026,3,1910.822714085878,2
2026,4,1501.7103410395139,9
2026,5,1793.031953654098,4
2026,6,1675.378843460363,6
2026,7,1805.6242235215586,3
2026,8,1631.2631352703092,7
2026,9,1968.4924545055562,1
2026,10,1770.194261669595,5
2026,1,1939.664605687677,5
2026,2,1940.2391135500307,4
2026,3,1808.5677496876197,7
2026,4,1563.4528737120077,10
2026,5,1967.8572644936648,2
2026,6,1953.5711056625723,3
2026,7,2008.7708349950367,1
2026,8,1581.6836433545611,9
2026,9,1776.8458854650169,8
2026,10,1889.68207368848,6
2026,1,1981.8741781598403,2
2026,2,1615.5103733317915,8
2026,3,1734.8586616985824,5
2026,4,2237.2213927912767,1
2026,5,1638.2720376614457,7
2026,6,1873.8552769495911,3
2026,7,1598.3822518315822,9
2026,8,1757.899288954386,4
2026,9,1693.5846134098429,6
2026,10,1578.786680219093,10
2026,1,1668.9570006955253,6
2026,2,1760.2293731714299,4
2026,3,1901.0698513752618,2
2026,4,1943.3651625305308,1
2026,5,1814.269490065626,3
2026,6,1577.6131753592363,9
2026,7,1419.4147398793627,10
2026,8,1627.7085399163468,7
2026,9,1689.7190611299725,5
2026,10,1608.0461600978779,8
2026,1,1936.4235721792074,2
2026,2,1646.9338546855297,7
2026,3,1492.7458943920926,10
2026,4,1632.6070685244945,8
2026,5,1949.777692911572,1
2026,6,1733.6862132817464,6
2026,7,1778.8425958211174,5
2026,8,1842.3187910715958,4
2026,9,1522.8936458714556,9
2026,10,1851.792382789403,3
2026,1,1905.3396543816107,3
2026,2,1878.8108157046365,4
2026,3,1688.3092531178354,8
2026,4,2018.4184185548465,2
2026,5,2051.802469744702,1
2026,6,1534.0592169230497,10
2026,7,1776.302287172467,7
2026,8,1845.5219381315715,6
2026,9,1542.9023848996678,9
2026,10,1847.4814514212446,5
2026,1,1839.4821411268647,4
2026,2,1861.2504376720563,3
2026,3,1743.2371099256288,6
2026,4,1899.3482413449365,1
2026,5,1720.9587467933475,7
2026,6,1882.3886067922222,2
2026,7,1763.618141830344,5
2026,8,1636.0439797632125,10
2026,9,1641.0441709444008,8
2026,10,1638.3946695731304,9
2026,1,1832.180719436039,2
2026,2,1639.81632218777,7
2026,3,1710.8585181834978,6
2026,4,1504.58283252623,8
2026,5,1465.9112190643657,10
2026,6,1490.7479106620217,9
2026,7,1916.5580768503432,1
2026,8,1773.9679343518,5
2026,9,1815.8214508737212,3
2026,10,1812.3738963670203,4
2026,1,1594.0767431139848,8
2026,2,1621.0149785485144,7
2026,3,1518.8228432864034,10
2026,4,1642.186336673488,6
2026,5,1743.511390360755,3
2026,6,1743.0066396917034,4
2026,7,1801.6303410419978,2
2026,8,1725.9124799436918,5
2026,9,1955.3743959383814,1
2026,10,1557.2600001916585,9
2026,1,1594.059629530368,9
2026,2,1916.706885525955,1
2026,3,1696.7311319344387,5
2026,4,1719.050743123614,4
2026,5,1684.820808278917,6
2026,6,1535.8867813175934,10
2026,7,1791.3536625678248,2
2026,8,1661.6831063686432,7
2026,9,1730.3872297525613,3
2026,10,1603.442785359601,8
2026,1,1957.991952857828,4
2026,2,1993.6766163278403,1
2026,3,1618.8090086155626,9
2026,4,1272.458964005043,10
2026,5,1801.3906246429224,7
2026,6,1662.4289832249183,8
2026,7,1813.0011485971231,5
2026,8,1963.73080012015,2
2026,9,1961.4384726286557,3
2026,10,1810.9528241114367,6
2026,1,1848.785067037184,3
2026,2,1815.472760058371,5
2026,3,1792.7481293429842,6
2026,4,1667.9168002426354,9
2026,5,1763.1920159156325,7
2026,6,1930.572303346954,1
2026,7,1820.7609490813375,4
2026,8,1713.6006142907845,8
2026,9,1554.4608894496482,10
2026,10,1902.0592215847855,2
2026,1,1788.448658671631,2
2026,2,1550.579356164279,7
2026,3,1631.385965322679,6
2026,4,1462.1007295730367,10
2026,5,1463.7503518799044,9
2026,6,1673.6926838405661,3
2026,7,1653.4363031762155,5
2026,8,1811.6477262388107,1
2026,9,1545.6926736549988,8
2026,10,1664.8632466511503,4
2026,1,1674.4136248716743,8
2026,2,1887.9582566083507,2
2026,3,1826.2995351488453,6
2026,4,1879.4564052330866,3
2026,5,1563.052644263102,10
2026,6,2020.6846006531737,1
2026,7,1705.2829510279435,7
2026,8,1617.3579402377948,9
2026,9,1870.1890383558443,4
2026,10,1853.7807331199103,5
2026,1,1672.9882506704148,7
2026,2,1761.6250329376678,3
2026,3,1642.1010291725909,8
2026,4,1674.0615997723155,6
2026,5,1716.4901797023135,4
2026,6,1988.5635561506488,1
2026,7,1567.4684803947785,9
2026,8,1474.2759812595866,10
2026,9,1952.4474752554752,2
2026,10,1705.973501976991,5
2026,1,1813.9817849476003,3
2026,2,1616.2104957768747,8
2026,3,1904.8441502111737,2
2026,4,1767.5550613108207,7
2026,5,1930.004039784593,1
2026,6,1786.347676652881,5
2026,7,1606.9565533120558,9
2026,8,1775.4339129483992,6
2026,9,1802.6449739251916,4
2026,10,1542.7371578020861,10
2026,1,1708.552791116323,3
2026,2,1528.1438294908153,9
2026,3,1702.3814863581806,4
2026,4,1399.7370943522901,10
2026,5,1713.9060509436001,2
2026,6,1560.7109577617193,8
2026,7,1601.7536530787359,6
2026,8,1891.5238146487611,1
2026,9,1599.1647433937587,7
2026,10,1604.0477959737427,5
2026,1,2059.9720619020027,1
2026,2,1675.4770687559478,5
2026,3,1729.186253545732,4
2026,4,1654.052254763183,6
2026,5,1514.6066947407232,9
2026,6,1447.5470637877147,10
2026,7,1967.40591485045,2
2026,8,1872.5694908142991,3
2026,9,1549.403905334198,7
2026,10,1527.3138685949398,8
2026,1,1848.2444072550973,2
2026,2,1799.2553120242615,4
2026,3,1464.9454415186433,10
2026,4,1606.7643947386978,7
2026,5,1571.9597279200896,8
2026,6,1844.3722892240457,3
2026,7,1496.0406346969573,9
2026,8,1641.455163943739,6
2026,9,2006.9427328630336,1
2026,10,1790.3542221078042,5
2026,1,1867.3172701382773,6
2026,2,1881.9078005408428,4
2026,3,1878.0717518124272,5
2026,4,1954.191361432937,3
2026,5,2054.523551322043,2
2026,6,1668.5259216262127,9
2026,7,1762.1422610086838,7
2026,8,1623.095956412464,10
2026,9,2157.408394133736,1
2026,10,1712.7838798531168,8
2026,1,1750.6649395771747,4
2026,2,1685.6807973055109,6
2026,3,1408.0648100269057,10
2026,4,1730.1510312653518,5
2026,5,1605.2955095060265,8
2026,6,1827.2098283652133,2
2026,7,1793.2726554973983,3
2026,8,1507.5758551556323,9
2026,9,1924.7508356821122,1
2026,10,1643.2287061898037,7
2026,1,1817.290530274883,3
2026,2,1756.8069595086,5
2026,3,1416.0949976826275,10
2026,4,1550.9871312123637,9
2026,5,1910.0748275388369,2
2026,6,1620.0949029795984,8
2026,7,1750.0717423449323,6
2026,8,1951.9768479168001,1
2026,9,1703.1444075253874,7
2026,10,1771.7136849249005,4
2026,1,1769.2513807365851,4
2026,2,1809.8854688710064,3
2026,3,1852.085137055881,2
2026,4,1576.9109685783183,9
2026,5,1738.5061904859476,5
2026,6,1438.2359457804532,10
2026,7,1922.1772451535776,1
2026,8,1712.843275863776,6
2026,9,1654.76135943418,8
2026,10,1664.086671668219,7
2026,1,1480.7668041014515,10
2026,2,1559.0907778040396,9
2026,3,1736.4294969296652,5
2026,4,1693.0777275305177,7
2026,5,2136.9577840353086,1
2026,6,1650.6645952658023,8
2026,7,2133.530072854167,2
2026,8,2075.5702830244077,3
2026,9,1768.5226457971617,4
2026,10,1711.665345415644,6
2026,1,1845.61516437339,4
2026,2,1584.830413360958,9
2026,3,2002.1356203757596,2
2026,4,1735.0691985273204,6
2026,5,1913.4557456843881,3
2026,6,1641.70255387112,8
2026,7,2013.4108679774574,1
2026,8,1676.1293902887865,7
2026,9,1509.920403536122,10
2026,10,1764.3695397010404,5
2026,1,1860.4640461586832,5
2026,2,1877.7455783243138,4
2026,3,1435.8727005701653,10
2026,4,1984.9416227560064,1
2026,5,1949.6001932565982,2
2026,6,1478.1725019078153,9
2026,7,1860.4066033757717,6
2026,8,1882.9044850186174,3
2026,9,1632.835830973263,8
2026,10,1683.9238689989988,7
2026,1,1713.7580740518038,6
2026,2,2009.2124969824436,1
2026,3,1629.963838505807,8
2026,4,1741.0187844942543,4
2026,5,1721.149622221695,5
2026,6,1765.6074226923256,3
2026,7,1616.9740136683483,9
2026,8,1687.2058287269665,7
2026,9,1506.389138305071,10
2026,10,1847.3493678013401,2
2026,1,1607.6509368855625,9
2026,2,1759.217287290319,5
2026,3,1668.7867474517016,7
2026,4,1823.9786376424445,3
2026,5,1944.3959548321427,1
2026,6,1879.3618934742558,2
2026,7,1728.1724646333944,6
2026,8,1809.9838354323992,4
2026,9,1661.0983987994707,8
2026,10,1425.0883340588882,10
2026,1,1953.9683148429192,2
2026,2,1584.6204839511447,9
2026,3,1641.0762554385894,7
2026,4,1698.0616575465215,6
2026,5,1718.9943539550409,5
2026,6,1859.369302503164,4
2026,7,1941.0516447681798,3
2026,8,1962.846483097936,1
2026,9,1627.3140609905213,8
2026,10,1576.4442020016218,10
2026,1,1661.9070999107003,10
2026,2,1743.9291849464078,4
2026,3,1736.064384690835,6
2026,4,1767.0456441491704,2
2026,5,1663.2265302121336,9
2026,6,1735.0412309488986,7
2026,7,1744.9010551156468,3
2026,8,1741.5998001066594,5
2026,9,1886.010029516643,1
2026,10,1665.2443549478658,8
2026,1,1706.1673505933434,6
2026,2,1895.5477065359137,2
2026,3,1747.9348012847536,5
2026,4,1609.5310728858021,7
2026,5,1774.21703281063,3
2026,6,1601.3730671003477,8
2026,7,1577.2573160701795,9
2026,8,2024.8264053480307,1
2026,9,1772.2671989903856,4
2026,10,1515.5451380963755,10
2026,1,1621.5974605126103,7
2026,2,1671.2594589666958,6
2026,3,1848.2749697040094,3
2026,4,1951.5685802819748,1
2026,5,1832.6927547546072,4
2026,6,1830.0312456578827,5
2026,7,1913.757050740937,2
2026,8,1424.6495286884383,10
2026,9,1517.4108570217873,9
2026,10,1613.5010997259342,8
2026,1,1537.9991414956585,8
2026,2,1963.7663985245504,2
2026,3,1687.538202607304,6
2026,4,1820.555064292253,4
2026,5,1634.4954269516388,7
2026,6,1975.225027935675,1
2026,7,1952.1936053453762,3
2026,8,1763.6217096865323,5
2026,9,1478.343963530916,10
2026,10,1507.4101876106777,9
2026,1,1847.785448836206,4
2026,2,1734.1895282549813,6
2026,3,1614.2215440462828,9
2026,4,1626.8245944479954,8
2026,5,1880.536392228285,2
2026,6,1750.2491224396351,5
2026,7,2001.8720376662857,1
2026,8,1879.5494744947032,3
2026,9,1659.3491471191444,7
2026,10,1476.8991959818547,10
2026,1,2000.5026407222667,2
2026,2,1630.0077453791478,5
2026,3,1601.3537444789022,6
2026,4,1778.7294384677366,4
2026,5,1595.9420730833594,7
2026,6,1504.2026010546626,8
2026,7,1496.2868837516965,9
2026,8,1782.9330026290293,3
2026,9,1444.5059315842273,10
2026,10,2063.364321576397,1
2026,1,1705.3818282244383,6
2026,2,1741.273971225187,5
2026,3,1614.125534846994,9
2026,4,1754.8325509347674,4
2026,5,1776.0149311778503,2
2026,6,1696.7380084207816,8
2026,7,1702.3723307764149,7
2026,8,1756.1915346438382,3
2026,9,1788.3871962630942,1
2026,10,1425.84071312851,10
2026,1,1678.89358371483,9
2026,2,1761.6444105150717,2
2026,3,1474.677185143358,10
2026,4,1718.1467607521138,5
2026,5,1698.383777206608,6
2026,6,1691.2540402585485,8
2026,7,1721.2688825584758,4
2026,8,1694.3816875398109,7
2026,9,1736.3511355637143,3
2026,10,1791.1933333914521,1
2026,1,1988.5580928122322,2
2026,2,1830.0329114458905,4
2026,3,1483.9791664914094,8
2026,4,1848.4554888337668,3
2026,5,1603.6960266766087,5
2026,6,1296.1738229220878,10
2026,7,1483.293907812365,9
2026,8,1503.6127626608081,7
2026,9,1995.112514645246,1
2026,10,1513.7453512964607,6
2026,1,1802.8406630778763,3
2026,2,1607.584102909823,8
2026,3,1483.760166813953,10
2026,4,1802.9821291314051,2
2026,5,1656.2242569377818,6
2026,6,1847.9373891518462,1
2026,7,1695.7234832769477,5
2026,8,1627.7950304591407,7
2026,9,1606.6610952884596,9
2026,10,1702.0372171684803,4
2026,1,1831.2080192077908,4
2026,2,1665.8655311032635,7
2026,3,1890.3998154310577,3
2026,4,1695.0692214278765,6
2026,5,1438.4269575871572,8
2026,6,1772.1186846123728,5
2026,7,1998.1983062338609,2
2026,8,2027.0362749120416,1
2026,9,1275.2878894114697,10
2026,10,1382.1112203070672,9
2026,1,1921.2356217740867,4
2026,2,1990.450427241372,1
2026,3,1939.154374170761,3
2026,4,1940.1141937754019,2
2026,5,1672.8434805171214,7
2026,6,1854.3210142317334,5
2026,7,1625.5639008856838,8
2026,8,1589.198224369036,9
2026,9,1690.8390093556945,6
2026,10,1537.5520662843326,10
2026,1,1736.4015477563378,6
2026,2,1861.3640148190188,4
2026,3,2056.763544657799,1
2026,4,1686.8492454198247,7
2026,5,1905.5151313149872,2
2026,6,1474.0087187966244,10
2026,7,1904.1377238092748,3
2026,8,1621.895645412299,8
2026,9,1773.4952080805638,5
2026,10,1615.3148546422572,9
2026,1,1662.5163675388833,7
2026,2,1845.2000591239243,4
2026,3,1844.7800327158054,5
2026,4,1982.7313029353568,1
2026,5,1583.6179430447432,9
2026,6,1862.8318395585939,3
2026,7,1876.147460096769,2
2026,8,1606.512439001516,8
2026,9,1803.6605223193112,6
2026,10,1537.422769094915,10
2026,1,1942.63388878501,1
2026,2,1649.2075215393274,9
2026,3,1881.0739406300654,2
2026,4,1767.478761913376,6
2026,5,1758.9409466815405,7
2026,6,1482.3840034234292,10
2026,7,1863.9191651584533,3
2026,8,1697.1849134805666,8
2026,9,1860.831892223235,4
2026,10,1785.1723136396247,5
2026,1,1871.1015801451165,1
2026,2,1715.6218374887933,7
2026,3,1774.3080848039515,3
2026,4,1739.6214516115506,5
2026,5,1760.028336272836,4
2026,6,1536.1485661738552,10
2026,7,1806.5578105807026,2
2026,8,1726.785947026519,6
2026,9,1541.4623151306098,9
2026,10,1698.1877665686247,8
2026,1,1667.7703456604638,6
2026,2,1623.5209572424426,7
2026,3,1804.6843598054197,4
2026,4,1761.887965969797,5
2026,5,1959.5358263120183,1
2026,6,1882.3907137071196,2
2026,7,1593.3630543828642,10
2026,8,1596.4076177051222,9
2026,9,1830.7686368242903,3
2026,10,1603.385843078911,8
2026,1,1469.7554183418295,10
2026,2,1688.2877788369492,7
2026,3,1838.8565447702258,4
2026,4,1546.1273940474725,8
2026,5,1886.413007310753,3
2026,6,1706.2878634277022,6
2026,7,1907.5331428782583,2
2026,8,1913.4307821124803,1
2026,9,1477.977990575206,9
2026,10,1760.9688740951883,5
2026,1,1511.253563425404,9
2026,2,1450.4251059357784,10
2026,3,1646.0969932176758,6
2026,4,1852.7948351140935,4
2026,5,1593.3333536613695,7
2026,6,1917.4546644082716,2
2026,7,1581.927559779624,8
2026,8,1787.795998893666,5
2026,9,1912.673032573197,3
2026,10,2030.4401161045093,1
2026,1,1767.1295928579598,5
2026,2,1620.1656791727623,8
2026,3,1564.8624357866056,9
2026,4,1503.1882739226498,10
2026,5,1666.1263160466183,7
2026,6,1832.880708283825,4
2026,7,1848.6367351280521,3
2026,8,2020.9479190973793,1
2026,9,1961.287068543935,2
2026,10,1711.6677322130358,6
2026,1,1949.7243591730503,5
2026,2,1500.6666431229337,10
2026,3,1987.7711475590993,4
2026,4,1779.4207807133541,7
2026,5,2146.830869270748,2
2026,6,1844.7930482888544,6
2026,7,2057.3110328957655,3
2026,8,1708.939610723476,8
2026,9,2170.5453967518756,1
2026,10,1555.4838638699703,9
2026,1,1874.8814196026506,2
2026,2,1858.7068355140564,4
2026,3,1737.5425600542728,7
2026,4,1881.2615977019236,1
2026,5,1759.8432296157584,5
2026,6,1636.5035376955543,8
2026,7,1759.1270787761496,6
2026,8,1445.8826561145738,10
2026,9,1863.4693469997603,3
2026,10,1501.891765737451,9
2026,1,1722.7638660572993,6
2026,2,1727.4158606772883,5
2026,3,1649.601456091132,8
2026,4,1689.204786703474,7
2026,5,1928.4528133576493,2
2026,6,1849.2740233872194,3
2026,7,1938.0201953562282,1
2026,8,1613.5486410219874,10
2026,9,1811.8985677106584,4
2026,10,1621.0669831174691,9
2026,1,1608.8765333656302,8
2026,2,1826.2488539447413,3
2026,3,1684.5744286250913,7
2026,4,1736.746208236363,6
2026,5,1825.2802025327244,5
2026,6,1349.2735247863243,10
2026,7,2190.517682940961,1
2026,8,1826.2046319012798,4
2026,9,1859.2705415815717,2
2026,10,1376.836781238602,9
2026,1,1601.4448731037528,9
2026,2,1862.730800885765,3
2026,3,1733.0924819872757,5
2026,4,1664.2947239524558,7
2026,5,2124.7333741040416,1
2026,6,1958.3479493031778,2
2026,7,1694.8704690897857,6
2026,8,1654.7785159280697,8
2026,9,1833.6021110276852,4
2026,10,1539.377521297285,10
2026,1,1581.0245744082881,10
2026,2,1941.1516514705527,6
2026,3,1602.6600710592352,9
2026,4,2063.9485928767126,1
2026,5,2028.1614081390371,2
2026,6,1802.3692210017243,7
2026,7,1987.5893322821908,3
2026,8,1964.1898177156559,4
2026,9,1956.4590202426161,5
2026,10,1604.4215712679768,8
2026,1,1744.4598503489476,6
2026,2,1919.7153570574842,3
2026,3,1802.6719744795098,4
2026,4,1925.8687696937152,1
2026,5,1702.1178574890446,7
2026,6,1629.6707292263163,9
2026,7,1752.293513915927,5
2026,8,1921.8952253872858,2
2026,9,1673.3742498060396,8
2026,10,1616.7785422641591,10
2026,1,1685.7634292337216,9
2026,2,1983.2545243710351,1
2026,3,1799.1314984469673,7
2026,4,1858.3341947485624,6
2026,5,1556.57282975642,10
2026,6,1913.1247290029862,2
2026,7,1869.956957876961,4
2026,8,1868.1970787084542,5
2026,9,1745.4570422156803,8
2026,10,1910.8669311173096,3
2026,1,1918.2999100173429,2
2026,2,1638.7311259819862,8
2026,3,2032.2632588419178,1
2026,4,1833.9339022661804,4
2026,5,1716.82229546216,6
2026,6,1472.580234298104,9
2026,7,1882.2077454718444,3
2026,8,1324.4916731394196,10
2026,9,1740.3101125700734,5
2026,10,1648.4119748253495,7
2026,1,1432.6144795660923,10
2026,2,1753.9897346561027,6
2026,3,1652.1412764517759,8
2026,4,1928.340733345225,2
2026,5,1481.122189758885,9
2026,6,1719.6272438796773,7
2026,7,1820.7964720115147,4
2026,8,1769.1577270778284,5
2026,9,1869.7304147165473,3
2026,10,1929.1480487129688,1
2026,1,1820.6236163649758,6
2026,2,1846.6106181141186,5
2026,3,1793.777807048194,7
2026,4,1891.6076208945865,3
2026,5,2050.418101870367,1
2026,6,1733.3140153799473,9
2026,7,1883.3199640152823,4
2026,8,1742.693712035542,8
2026,9,1910.8547425509355,2
2026,10,1695.8294882993896,10
2026,1,1489.9271203200797,10
2026,2,1636.1816172926685,7
2026,3,1903.5659991136695,2
2026,4,1926.863983154033,1
2026,5,1576.8698954437396,9
2026,6,1860.1021522822225,3
2026,7,1698.219232321274,5
2026,8,1682.8049446276498,6
2026,9,1819.2007839842595,4
2026,10,1595.865811451692,8
2026,1,1868.8286558275493,4
2026,2,1581.648018544311,9
2026,3,1874.8962906027248,3
2026,4,1810.8119888825752,6
2026,5,1751.3031882723085,7
2026,6,1543.2852001963524,10
2026,7,1824.9274061067676,5
2026,8,2102.2349213540956,1
2026,9,1708.4504202245694,8
2026,10,1950.6534507663052,2
2026,1,1764.1236541218611,7
2026,2,1815.4684725894058,5
2026,3,1762.3909944683123,8
2026,4,1854.6751050712446,2
2026,5,1581.2350732097277,10
2026,6,1819.1635600376558,4
2026,7,1823.2995775528157,3
2026,8,1639.5512088199066,9
2026,9,1944.8426518345523,1
2026,10,1773.1539290112855,6
2026,1,1698.8217698675999,4
2026,2,1959.5330950979665,1
2026,3,1770.1312503360436,3
2026,4,1252.0961840484506,10
2026,5,1409.1701745901646,9
2026,6,1560.70000742953,7
2026,7,1493.8316068416875,8
2026,8,1686.308537910489,5
2026,9,1669.186470276245,6
2026,10,1821.3770341515524,2
2026,1,1684.0600982640385,6
2026,2,1921.9749073879102,3
2026,3,1946.990832517445,2
2026,4,1991.126049833841,1
2026,5,1651.1278127492787,9
2026,6,1681.8533622555115,7
2026,7,1661.7744062301854,8
2026,8,1781.7586785067156,5
2026,9,1589.9452301029764,10
2026,10,1835.4886357853063,4
2026,1,1934.09146112511,2
2026,2,1655.8223805118698,9
2026,3,1737.3200344051488,7
2026,4,1741.6106100610514,6
2026,5,2069.173243785517,1
2026,6,1744.2435739580171,5
2026,7,1868.0758470059468,3
2026,8,1760.6006694273633,4
2026,9,1658.1394991109141,8
2026,10,1481.5616577081482,10
2026,1,1984.687407762337,1
2026,2,1584.264375975772,10
2026,3,1637.3823807887557,8
2026,4,1770.0680336318007,5
2026,5,1803.8223927142842,3
2026,6,1799.2366484880915,4
2026,7,1627.6983154478467,9
2026,8,1837.1444570711963,2
2026,9,1739.848520874591,6
2026,10,1675.9438336949202,7
2026,1,2048.555963486714,2
2026,2,1649.7101175766807,8
2026,3,1726.1879287262684,7
2026,4,1498.25852321249,9
2026,5,2061.713876063888,1
2026,6,1820.393882933433,4
2026,7,1770.0052128739298,5
2026,8,1956.927125747491,3
2026,9,1731.2209738394483,6
2026,10,1495.3511449352968,10
2026,1,1840.6149432063335,4
2026,2,1640.3024868010846,9
2026,3,1989.7819293220036,2
2026,4,1804.1466651117591,6
2026,5,1475.068566713796,10
2026,6,1840.3721705218136,5
2026,7,1714.5879715231163,8
2026,8,1851.4371292748087,3
2026,9,1747.0059746077054,7
2026,10,2022.9848519401776,1
2026,1,1867.9807586910638,1
2026,2,1825.4877000689528,2
2026,3,1817.8900861111956,3
2026,4,1608.340241232956,9
2026,5,1750.9933393288918,6
2026,6,1764.2114697712232,4
2026,7,1725.885377081347,7
2026,8,1386.4240576563911,10
2026,9,1762.3721981561728,5
2026,10,1677.5443678135707,8
2026,1,1761.314383671997,4
2026,2,1772.6208951103977,3
2026,3,1638.2990055131143,9
2026,4,1724.0658605544668,5
2026,5,1797.9241108926003,1
2026,6,1704.2962460765893,7
2026,7,1791.9976478645144,2
2026,8,1630.5326697317737,10
2026,9,1685.4479569455077,8
2026,10,1723.6845096956092,6
2026,1,1874.4365644385284,4
2026,2,1654.6793750676788,8
2026,3,1859.7956348304656,5
2026,4,1879.6560218929144,3
2026,5,1570.8350308566255,9
2026,6,1966.122519573095,2
2026,7,1749.7339587345864,7
2026,8,2234.0869865747322,1
2026,9,1767.6788517670732,6
2026,10,1484.0020342789835,10
2026,1,1708.519444776842,7
2026,2,1794.523817827651,5
2026,3,1652.8257954643373,9
2026,4,1828.6297135972945,4
2026,5,1662.3302498811731,8
2026,6,1872.1532401925115,2
2026,7,1781.9391711248454,6
2026,8,1920.770857765484,1
2026,9,1865.498349902387,3
2026,10,1616.9947619962627,10
2026,1,2102.515180687392,1
2026,2,1620.4191641672332,9
2026,3,1658.123022064446,8
2026,4,1976.1327167928725,3
2026,5,1663.2231765923623,7
2026,6,2045.231468355971,2
2026,7,1840.389198693683,5
2026,8,1748.2292840094506,6
2026,9,1951.8302313153833,4
2026,10,1360.1716814812742,10
2026,1,1802.576736428405,2
2026,2,1424.1932094131398,10
2026,3,1840.209017071812,1
2026,4,1792.8388508156165,3
2026,5,1745.2939480365048,4
2026,6,1714.5610578243668,5
2026,7,1713.83652136635,6
2026,8,1659.117256375276,8
2026,9,1658.85560924744,9
2026,10,1700.208770119914,7
2026,1,1778.763398721801,7
2026,2,1825.1205194516042,6
2026,3,2048.1593700209182,1
2026,4,1747.6204341829323,8
2026,5,1833.3824569803405,5
2026,6,1871.8827444446429,4
2026,7,1476.0657725782742,10
2026,8,1597.8400977871947,9
2026,9,1937.0179231906416,2
2026,10,1898.6415729220203,3
2026,1,1822.3134820038426,4
2026,2,1513.0053381137147,9
2026,3,1668.9198847127232,6
2026,4,1784.9589666298361,5
2026,5,1959.29384229199,1
2026,6,1653.52284565957,8
2026,7,1506.1208148164937,10
2026,8,1831.6341242429994,3
2026,9,1896.3356441554442,2
2026,10,1654.3725083964746,7
2026,1,1840.7546630200484,6
2026,2,1943.395869165955,3
2026,3,2090.2011221302882,1
2026,4,1476.6028883553176,10
2026,5,1937.1113927055894,4
2026,6,1948.8531546703068,2
2026,7,1625.5281302543701,9
2026,8,1886.9160021990965,5
2026,9,1749.3450692655415,7
2026,10,1644.5846027654352,8
2026,1,1932.758785716818,4
2026,2,1673.5767598146274,9
2026,3,2097.5596616492076,1
2026,4,1525.0151420067987,10
2026,5,1697.5257292787478,8
2026,6,1787.433446428427,6
2026,7,2067.6812124756693,2
2026,8,1860.620824989729,5
2026,9,1728.0262624762809,7
2026,10,2062.8115727609234,3
2026,1,1700.9131099012463,5
2026,2,1700.9044083116046,6
2026,3,1826.5560229754406,3
2026,4,1622.8450227297242,10
2026,5,1871.5493356920297,1
2026,6,1678.715705255394,9
2026,7,1827.6400764814848,2
2026,8,1685.7444450839967,8
2026,9,1790.5889111169645,4
2026,10,1699.631835729295,7
2026,1,1889.8475363884745,4
2026,2,1888.0020932686311,5
2026,3,1691.502564420764,8
2026,4,2079.067182849811,1
2026,5,1951.367069418374,2
2026,6,1446.6118953263613,10
2026,7,1884.7349814834688,6
2026,8,1546.2423389844378,9
2026,9,1936.8794596156677,3
2026,10,1707.4966160910055,7
2026,1,1675.1599146246012,6
2026,2,1695.1418620006402,3
2026,3,1693.1919549472868,4
2026,4,1643.9586793372064,7
2026,5,1684.5592695175123,5
2026,6,1540.0847827113998,9
2026,7,1905.020386797904,1
2026,8,1793.3269375294053,2
2026,9,1622.5671441373756,8
2026,10,1362.2026970456607,10
2026,1,1508.7060804601651,10
2026,2,1970.5533636078462,2
2026,3,2192.103718645544,1
2026,4,1779.5101762011645,5
2026,5,1794.286058036876,4
2026,6,1943.1923360986993,3
2026,7,1670.3229261295367,8
2026,8,1777.3044359706812,6
2026,9,1685.2191212401249,7
2026,10,1592.0960879332129,9
2026,1,1620.3678427048158,9
2026,2,2040.7826174565116,1
2026,3,1934.30083798041,3
2026,4,1771.7738680331165,7
2026,5,1403.1116354248732,10
2026,6,1986.8059485075096,2
2026,7,1670.5448198448753,8
2026,8,1793.1846787110476,5
2026,9,1818.1649200623017,4
2026,10,1772.7481439704238,6
2026,1,1966.0594460549778,3
2026,2,1780.8216074597126,9
2026,3,1904.2120555061904,6
2026,4,1821.0550178604847,8
2026,5,2029.26842575054,2
2026,6,1897.0113226660942,7
2026,7,2053.952363384434,1
2026,8,1914.1715970847117,4
2026,9,1905.6261759306744,5
2026,10,1775.0816846547311,10
2026,1,1956.797830908319,1
2026,2,1726.948174350741,5
2026,3,1760.4679771299436,4
2026,4,1515.6284741435777,10
2026,5,1856.0820523550246,2
2026,6,1644.086861986109,7
2026,7,1723.3193160628575,6
2026,8,1594.8145606811045,9
2026,9,1806.9994337765997,3
2026,10,1640.303593269726,8
2026,1,1806.0955169386316,5
2026,2,1564.5693663793015,9
2026,3,1899.5252158032602,4
2026,4,2105.3289641223046,1
2026,5,1496.9159081265059,10
2026,6,1611.0339508608013,8
2026,7,1729.0279983524508,6
2026,8,1957.133396244296,2
2026,9,1722.0714155543687,7
2026,10,1919.0383592277385,3
2026,1,1601.0051095120054,9
2026,2,1792.2586123029687,6
2026,3,1910.197170368645,2
2026,4,1670.3400846294471,8
2026,5,1800.4887981390204,5
2026,6,1803.8760230674352,4
2026,7,1812.2723968091002,3
2026,8,1514.5437084822815,10
2026,9,1745.6199603849877,7
2026,10,1927.0193483011371,1
2026,1,1756.5477588452034,7
2026,2,1764.1452582857064,6
2026,3,1917.3909670625544,2
2026,4,1917.9916755990332,1
2026,5,1736.8729360245627,8
2026,6,1780.3414723331641,5
2026,7,1710.8860433156597,9
2026,8,1631.3524305158173,10
2026,9,1791.5757422279946,4
2026,10,1842.2227184321696,3
2026,1,1701.7408391224758,7
2026,2,1674.7737221476693,8
2026,3,1878.715905913326,2
2026,4,1728.513517768759,6
2026,5,1489.249779689138,9
2026,6,1845.0493365679606,4
2026,7,1853.2589977771536,3
2026,8,1909.4611743130704,1
2026,9,1794.1391626487987,5
2026,10,1390.6577755728536,10
2026,1,1723.0069266247178,7
2026,2,1679.7956195680986,8
2026,3,1674.7552047557965,9
2026,4,1736.3366882796854,4
2026,5,1732.8577018470426,6
2026,6,1370.8025486448464,10
2026,7,1797.1661964393957,3
2026,8,1858.1466237021355,2
2026,9,1735.4593585648645,5
2026,10,1877.4693039436638,1
2026,1,1616.6320575589275,8
2026,2,1885.9102124459278,3
2026,3,1704.075155885381,6
2026,4,1747.330884070244,4
2026,5,1715.1668760687865,5
2026,6,1599.7373104759959,9
2026,7,1915.973334696002,2
2026,8,1662.7184986660116,7
2026,9,1928.3334247306798,1
2026,10,1512.7328019071597,10
2026,1,1709.4365983220762,6
2026,2,1596.3709334847285,9
2026,3,1882.836708519425,2
2026,4,1714.3089125763865,5
2026,5,1381.4656161887758,10
2026,6,1616.1775016063484,8
2026,7,1695.2625067324382,7
2026,8,1881.8163095272557,3
2026,9,1863.7029754840046,4
2026,10,1998.4217519582928,1
2026,1,1689.4071136400867,4
2026,2,1803.2314697054321,2
2026,3,1615.512692452639,6
2026,4,1607.7247274983265,7
2026,5,1740.8041835459817,3
2026,6,1636.1201616509036,5
2026,7,1484.0582993465819,10
2026,8,1524.7003419783978,8
2026,9,1497.6071373519962,9
2026,10,1982.099722205176,1
2026,1,1600.6361076904407,9
2026,2,2167.7957809104446,1
2026,3,2020.4354178207318,2
2026,4,1935.301656470303,3
2026,5,1777.5216780835174,6
2026,6,1544.0495595918508,10
2026,7,1676.3434979307171,8
2026,8,1921.757696094177,4
2026,9,1703.6701420433174,7
2026,10,1813.3449949082205,5
2026,1,2040.2923021809058,2
2026,2,1560.2841074583482,9
2026,3,1780.9871343965228,3
2026,4,1657.8415999956183,6
2026,5,1594.241395318079,8
2026,6,1599.4946351457488,7
2026,7,1745.76984714545,4
2026,8,1703.0972057410704,5
2026,9,1439.6922252683453,10
2026,10,2044.5920054021562,1
2026,1,1745.5543751348205,6
2026,2,1854.163370463453,4
2026,3,1871.7766778052296,2
2026,4,1679.2651205462203,8
2026,5,1757.0686254537118,5
2026,6,1867.7452717508058,3
2026,7,1404.8436878683428,10
2026,8,1736.5114871390451,7
2026,9,1558.9129944651863,9
2026,10,1969.8078436677206,1
2026,1,1751.0931468190029,6
2026,2,2007.2131500465118,1
2026,3,1719.5681407983582,7
2026,4,1977.442559581717,2
2026,5,1707.5118359002768,8
2026,6,1757.050829639667,5
2026,7,1614.455915468639,10
2026,8,1687.8877810549434,9
2026,9,1826.832545865024,3
2026,10,1813.3305681633733,4
2026,1,1709.2591903910813,7
2026,2,1890.694721785812,1
2026,3,1723.3412628206706,5
2026,4,1593.4997147439622,9
2026,5,1452.8698458831298,10
2026,6,1646.3907651907011,8
2026,7,1833.253865693385,3
2026,8,1712.3493024906984,6
2026,9,1882.8666747221628,2
2026,10,1747.4411757873354,4
2026,1,1574.183463767152,10
2026,2,1679.0867781835823,5
2026,3,1754.0120688390762,3
2026,4,1755.9882057009866,2
2026,5,1659.993978215494,6
2026,6,1745.6167591780625,4
2026,7,1768.736612773616,1
2026,8,1614.9913111243143,8
2026,9,1603.7136392251039,9
2026,10,1654.0985281309838,7
2026,1,1738.2983847765988,5
2026,2,1897.3914778285798,2
2026,3,1623.2859723021274,9
2026,4,1727.18806693051,6
2026,5,1636.0557776877915,7
2026,6,1839.3633321832544,3
2026,7,1593.853513482816,10
2026,8,1774.7534075734552,4
2026,9,1631.551228733707,8
2026,10,1983.8135795881058,1
2026,1,1789.2511242283529,5
2026,2,1626.7435873964769,8
2026,3,1827.1653509617213,4
2026,4,1650.5198079320128,7
2026,5,1993.4143881107384,1
2026,6,1836.8313732504835,3
2026,7,1536.463297267027,10
2026,8,1868.2890905203594,2
2026,9,1716.5015690180035,6
2026,10,1593.068053291618,9
2026,1,1692.8754236990685,9
2026,2,2086.4133826282196,1
2026,3,1779.3445474455377,6
2026,4,1313.709686854308,10
2026,5,1978.3002673633782,2
2026,6,1888.2553133538938,3
2026,7,1792.6148477833883,5
2026,8,1742.4384000067753,7
2026,9,1712.5838625559636,8
2026,10,1828.0773543380742,4
2026,1,1676.7003116024948,7
2026,2,1679.1191375685412,6
2026,3,1598.011630369636,9
2026,4,1588.6361818905625,10
2026,5,1748.3503691661663,5
2026,6,1930.8097432445702,1
2026,7,1812.55151962332,3
2026,8,1649.197140159582,8
2026,9,1900.56961588495,2
2026,10,1811.6730503431868,4
2026,1,1806.2288864750258,4
2026,2,1889.9460716351996,1
2026,3,1462.796734114053,8
2026,4,1808.698148561657,3
2026,5,1695.7682304736086,7
2026,6,1429.0089765159364,9
2026,7,1858.7326837838805,2
2026,8,1428.8408572349888,10
2026,9,1756.2389890749,6
2026,10,1799.4632676340887,5
2026,1,1508.429450365292,10
2026,2,1779.1742452419448,3
2026,3,1713.1199134807712,6
2026,4,1803.2006157388973,2
2026,5,1767.6388869520665,4
2026,6,1654.6715426062976,8
2026,7,1761.2128832186404,5
2026,8,1537.267775813791,9
2026,9,1678.4176428368519,7
2026,10,1956.8469360978347,1
2026,1,1771.0539976760588,6
2026,2,1781.6267082255072,5
2026,3,1941.3131159699542,1
2026,4,1584.928929735073,9
2026,5,1872.8278037843402,2
2026,6,1765.5149090029304,7
2026,7,1786.1918528184858,4
2026,8,1806.5570900282528,3
2026,9,1495.5237454167166,10
2026,10,1700.971651247071,8
2026,1,1638.5173799164136,8
2026,2,1394.0148451096402,10
2026,3,1823.9195750471022,4
2026,4,1792.939598883358,5
2026,5,1748.0562527831264,6
2026,6,1853.676787950923,2
2026,7,1690.3430308248753,7
2026,8,1850.1313215751343,3
2026,9,1593.6400941332763,9
2026,10,1937.1185478135742,1
2026,1,1820.4125611004988,7
2026,2,1980.329581939656,4
2026,3,1870.9626802305645,5
2026,4,2145.4368893302567,1
2026,5,1638.0305102226994,10
2026,6,2004.072435896213,3
2026,7,1804.7297346077044,8
2026,8,2051.331597373306,2
2026,9,1649.9117463346054,9
2026,10,1850.6015261298185,6
2026,1,1993.1579302410616,1
2026,2,1705.1192951849205,7
2026,3,1601.8785374157992,10
2026,4,1752.3590380685246,3
2026,5,1682.162555227856,8
2026,6,1910.5864416905638,2
2026,7,1724.1009091351436,5
2026,8,1667.3208436056107,9
2026,9,1709.0302229483752,6
2026,10,1739.032821134294,4
2026,1,1807.9563253336669,5
2026,2,1656.1651887256116,9
2026,3,1810.9021210862616,4
2026,4,1755.483583503234,8
2026,5,1592.3080415651366,10
2026,6,2065.820028221732,1
2026,7,1756.6701101170952,7
2026,8,1783.55610461251,6
2026,9,1886.9362094212415,2
2026,10,1870.6877086644026,3
2026,1,1969.7634668601982,1
2026,2,1825.891054098176,5
2026,3,1691.3704995172293,8
2026,4,1709.3989726816894,6
2026,5,1951.7509833236572,3
2026,6,1648.4261119093726,10
2026,7,1687.245252427958,9
2026,8,1967.7873676349357,2
2026,9,1850.5038962934639,4
2026,10,1694.1887333741006,7
2026,1,1817.35922303882,6
2026,2,1544.6556163861665,10
2026,3,2007.291523837981,1
2026,4,2003.0332140798273,2
2026,5,1885.0019655464703,4
2026,6,1812.5315629463103,7
2026,7,1625.1692914654427,9
2026,8,1890.217259070209,3
2026,9,1681.5144765461314,8
2026,10,1875.6687389208346,5
2026,1,1666.617341168915,10
2026,2,2093.5163085109075,1
2026,3,1714.0702076231703,9
2026,4,1830.0081227666603,8
2026,5,2030.4936440969536,3
2026,6,1935.8583904306006,4
2026,7,1924.1967452563856,5
2026,8,1834.0306238376525,7
2026,9,2081.873700620892,2
2026,10,1864.6547625203661,6
2026,1,1593.1849128803963,9
2026,2,1537.9994715038565,10
2026,3,2067.0183355765344,1
2026,4,1869.6707698613804,2
2026,5,1863.891813804597,3
2026,6,1822.7686384556944,5
2026,7,1621.0169810716604,8
2026,8,1826.6167455946302,4
2026,9,1716.999005983967,7
2026,10,1762.3560055743496,6
2026,1,1579.275752265022,7
2026,2,1829.2558614573488,2
2026,3,1794.4289677742804,5
2026,4,1430.7874045854203,10
2026,5,2082.92975250413,1
2026,6,1499.2189632994678,9
2026,7,1512.126150298198,8
2026,8,1806.81006714343,4
2026,9,1816.9301326428222,3
2026,10,1595.8049995657286,6
2026,1,1777.3388261360983,9
2026,2,2039.3989563322448,1
2026,3,1892.3406651371433,4
2026,4,1843.020698330799,5
2026,5,1807.3771700891216,6
2026,6,1780.113933624178,8
2026,7,1917.3788820980699,3
2026,8,1544.4871614446001,10
2026,9,1804.249155823048,7
2026,10,1960.899793739376,2
2026,1,1600.0138899736492,7
2026,2,1983.56331443833,1
2026,3,1546.2182917638834,9
2026,4,1884.8459428849715,2
2026,5,1643.4323190307289,6
2026,6,1751.645116423907,4
2026,7,1670.5268702607514,5
2026,8,1579.8055801170863,8
2026,9,1877.3257156003503,3
2026,10,1537.9293649328956,10
2026,1,1855.3533380203057,2
2026,2,1707.080111824519,6
2026,3,1733.4328742067955,5
2026,4,1755.3241409832,4
2026,5,1670.6550787849737,7
2026,6,1929.1969205791547,1
2026,7,1529.3484009378417,10
2026,8,1602.6657752321792,9
2026,9,1643.4880007756592,8
2026,10,1850.2328027768212,3
2026,1,1891.4952713325793,3
2026,2,1587.1679645785316,9
2026,3,1721.6941066060858,7
2026,4,1814.452117014699,6
2026,5,2046.7825463297793,2
2026,6,1841.3374801283649,5
2026,7,2110.0761344361936,1
2026,8,1881.8957853098864,4
2026,9,1487.1262672288517,10
2026,10,1637.126073704326,8
2026,1,1660.730987142407,6
2026,2,1790.3656543472912,4
2026,3,1750.2745521562765,5
2026,4,1835.946264954649,3
2026,5,1652.6732160557522,7
2026,6,1883.4604417983237,1
2026,7,1641.8146049853276,8
2026,8,1870.238341533917,2
2026,9,1527.159414835364,10
2026,10,1544.0669786066128,9
2026,1,1721.80696826037,6
2026,2,1603.4272631940812,8
2026,3,1845.2933560807737,4
2026,4,1585.2068977652184,9
2026,5,1576.8966729990925,10
2026,6,1928.7601302142414,2
2026,7,1714.6870644231976,7
2026,8,1875.1929854317896,3
2026,9,1958.1606176184082,1
2026,10,1782.4304632068106,5
2026,1,1856.8648768337307,5
2026,2,1978.8718901205198,2
2026,3,1853.9190041237011,6
2026,4,1834.1095143168318,8
2026,5,1852.2833690427385,7
2026,6,2027.6514941333282,1
2026,7,1906.681246571472,3
2026,8,1827.0268663424386,9
2026,9,1866.1395357075326,4
2026,10,1585.568725082326,10
2026,1,1611.5053385391934,7
2026,2,1758.057304745125,3
2026,3,1506.9677466155736,10
2026,4,1843.9432165929402,1
2026,5,1706.6043753284873,5
2026,6,1724.5320917925837,4
2026,7,1830.1368572929978,2
2026,8,1690.7986005136704,6
2026,9,1508.987726088642,9
2026,10,1552.4690280945124,8
2026,1,1596.8502244444685,9
2026,2,1793.1789915421086,4
2026,3,1554.9544941728968,10
2026,4,1723.7077701020385,5
2026,5,1982.718375989094,1
2026,6,1801.3783643676602,3
2026,7,1603.0852732847607,8
2026,8,1721.082736816236,6
2026,9,1889.7386396208744,2
2026,10,1620.4225028715784,7
2026,1,1596.332288095049,9
2026,2,1670.3001046032136,7
2026,3,1748.6024081905634,6
2026,4,1849.0880351684082,3
2026,5,1659.6950046836146,8
2026,6,1830.5669763355675,4
2026,7,1750.3352094513343,5
2026,8,1528.035450403974,10
2026,9,1870.2006299319678,1
2026,10,1849.6191668601978,2
2026,1,1778.9533456065494,8
2026,2,1776.4876969313436,9
2026,3,1740.4345624394905,10
2026,4,2028.8882808691399,1
2026,5,1892.572671480304,4
2026,6,1834.99132564884,6
2026,7,1912.9883390364935,2
2026,8,1849.5931428701706,5
2026,9,1904.6535115185002,3
2026,10,1811.4924911554283,7
2026,1,1568.8663009209597,10
2026,2,1791.621123905121,4
2026,3,1710.6887873419098,5
2026,4,1934.171305518449,2
2026,5,1990.162843261654,1
2026,6,1680.0477720924096,7
2026,7,1708.8402045046505,6
2026,8,1679.8578215966888,8
2026,9,1645.079487970081,9
2026,10,1838.0396405269803,3
2026,1,1504.4844578555574,9
2026,2,1563.9212439167977,8
2026,3,1663.9693022016604,6
2026,4,1939.0516443197916,2
2026,5,1755.2780885356826,4
2026,6,1465.2091514952401,10
2026,7,2014.9263797402614,1
2026,8,1936.72552704961,3
2026,9,1600.3670842570227,7
2026,10,1729.2774580964453,5
2026,1,1972.5474332134525,1
2026,2,1906.7710632798983,2
2026,3,1815.5251100171247,4
2026,4,1650.9706219734103,8
2026,5,1749.818133430229,5
2026,6,1454.9819287495604,9
2026,7,1736.7043888595413,6
2026,8,1847.0640480155862,3
2026,9,1680.0691731119948,7
2026,10,1449.6556677221452,10
2026,1,1765.4616408669028,4
2026,2,1644.501254628551,8
2026,3,1655.5737217456187,7
2026,4,1715.5778077208356,6
2026,5,1740.0357680145494,5
2026,6,1318.0021820129857,10
2026,7,1874.6076132714757,2
2026,8,1573.8877196386882,9
2026,9,1775.2286053504408,3
2026,10,2026.1559333233804,1
2026,1,1728.4226842137039,6
2026,2,1620.049994349878,7
2026,3,1789.188920214353,4
2026,4,1730.265624469028,5
2026,5,1883.673431206681,1
2026,6,1613.389992169869,9
2026,7,1789.2337262562655,3
2026,8,1539.874805645306,10
2026,9,1797.5385083279298,2
2026,10,1616.3361738970852,8
2026,1,1768.7533847480677,6
2026,2,1540.3926835361954,10
2026,3,1895.4790932195954,1
2026,4,1816.7219424031955,3
2026,5,1855.3507070544329,2
2026,6,1712.064000403107,8
2026,7,1811.275679385943,4
2026,8,1791.352554984593,5
2026,9,1615.3991927779123,9
2026,10,1717.628237753121,7
2026,1,1777.8490143585886,5
2026,2,1895.636127327622,2
2026,3,1774.109374303841,6
2026,4,1737.4702228378885,7
2026,5,1720.5977984966612,8
2026,6,1895.5977260056302,3
2026,7,2060.8350777028645,1
2026,8,1573.4413648973673,10
2026,9,1701.9946831096418,9
2026,10,1889.7120551992334,4
2026,1,2143.8569462044543,1
2026,2,1749.4399256039196,6
2026,3,1629.130156512191,7
2026,4,1574.1681192956044,9
2026,5,1841.9607370525382,2
2026,6,1614.5155296922467,8
2026,7,1755.001835720761,5
2026,8,1364.7124777528156,10
2026,9,1813.129321541267,4
2026,10,1821.7722408099999,3
2026,1,1715.5820742417432,6
2026,2,1810.8194766053236,4
2026,3,1647.3756409062569,8
2026,4,1602.2084054664342,9
2026,5,1527.3567137452828,10
2026,6,1910.6867090483333,2
2026,7,1802.7287070472378,5
2026,8,1947.0007201693581,1
2026,9,1713.6367328089138,7
2026,10,1895.405759723529,3
2026,1,1824.2879205321951,2
2026,2,1758.798426041209,5
2026,3,1778.2234017863798,4
2026,4,1871.770664492978,1
2026,5,1601.1699673267262,7
2026,6,1790.7768639848155,3
2026,7,1608.8849850110923,6
2026,8,1574.7328002025092,9
2026,9,1511.5301541661595,10
2026,10,1600.9590534020715,8
2026,1,1769.3267514142046,5
2026,2,1730.8605070112535,7
2026,3,1418.1748421550549,9
2026,4,1752.875473027479,6
2026,5,1813.3429620669651,3
2026,6,1925.6265791444125,2
2026,7,1513.026246184038,8
2026,8,1972.177301179719,1
2026,9,1405.3286070195968,10
2026,10,1809.3692049722017,4
2026,1,1978.2131132020813,1
2026,2,1835.5049871233582,5
2026,3,1914.5812005224766,3
2026,4,1809.1950789388648,6
2026,5,1931.7563191081679,2
2026,6,1749.873806385806,8
2026,7,1699.3728917619133,9
2026,8,1843.7411461052175,4
2026,9,1621.7275398535696,10
2026,10,1753.3979510622878,7
2026,1,2225.1875114012414,1
2026,2,1620.5263396572445,9
2026,3,1772.1963873426466,7
2026,4,1791.783822892939,6
2026,5,1992.5487837873884,3
2026,6,1520.790035046176,10
2026,7,1723.803335190812,8
2026,8,1831.5992726300365,5
2026,9,2022.8904056420652,2
2026,10,1929.6726110900765,4
2026,1,1886.4445392238006,3
2026,2,1637.0549965654695,9
2026,3,1767.7574264277696,7
2026,4,1833.8028913694257,4
2026,5,2022.8185540356221,1
2026,6,1915.5450132311505,2
2026,7,1374.765608335754,10
2026,8,1801.8627667644892,5
2026,9,1642.5812811569995,8
2026,10,1772.9149415096517,6
2026,1,2171.560226894806,1
2026,2,1568.6252330608356,9
2026,3,1842.449876374923,6
2026,4,1922.171577818564,4
2026,5,1911.4323313145414,5
2026,6,2082.5414299573386,2
2026,7,1806.6574184479855,8
2026,8,1942.30963754702,3
2026,9,1392.399771018263,10
2026,10,1812.4416645340493,7
2026,1,1800.1931584779613,7
2026,2,1515.781844250948,9
2026,3,1815.6789600719512,6
2026,4,1841.2935306735278,3
2026,5,1994.0538463115645,2
2026,6,2106.013231906525,1
2026,7,1820.0912365271904,5
2026,8,1603.0704353750248,8
2026,9,1839.704408561478,4
2026,10,1497.9332898662321,10
2026,1,1783.7476594107743,4
2026,2,2059.8066610657233,3
2026,3,1605.7460710347764,8
2026,4,1691.0308236981373,5
2026,5,1638.0036668018556,7
2026,6,1541.9637494350852,10
2026,7,1648.4238996324034,6
2026,8,2139.7280475205885,1
2026,9,1575.153920806741,9
2026,10,2125.2639990922903,2
2026,1,1486.5714876071129,10
2026,2,1677.871961969946,6
2026,3,1881.066168429214,3
2026,4,1649.1536787029308,7
2026,5,1766.2566812274993,4
2026,6,1730.8645048324684,5
2026,7,1599.943084522406,8
2026,8,1900.5083566191938,2
2026,9,1496.5724377897577,9
2026,10,1987.6386326553275,1
2026,1,2168.9231747299136,1
2026,2,1430.9204894849227,10
2026,3,1451.672322558828,9
2026,4,1734.6451944343905,8
2026,5,1835.59129727036,6
2026,6,1735.1812981067387,7
2026,7,1860.6416360388496,5
2026,8,2033.267308989265,3
2026,9,2154.010425434638,2
2026,10,1882.106438644158,4
2026,1,1950.8982726661895,1
2026,2,1655.2227128069803,8
2026,3,1881.8585173190932,2
2026,4,1814.024844229588,4
2026,5,1789.9969019314065,5
2026,6,1610.9516429378134,10
2026,7,1772.1577917582636,6
2026,8,1624.1543079626597,9
2026,9,1881.274839791373,3
2026,10,1685.4232293061368,7
2026,1,1951.399531705548,1
2026,2,1816.6923936162977,5
2026,3,1519.764594234923,9
2026,4,1415.8473224122492,10
2026,5,1809.179810641205,6
2026,6,1836.2581719152995,3
2026,7,1822.0404817241288,4
2026,8,1849.5173591595021,2
2026,9,1771.6399715286038,7
2026,10,1589.0485647837504,8
2026,1,1652.58708168376,7
2026,2,1741.2986910421307,5
2026,3,1638.8894235357739,8
2026,4,1792.707295886783,3
2026,5,1971.7977111328464,1
2026,6,1791.997920411374,4
2026,7,1884.3475255592193,2
2026,8,1599.53103258077,10
2026,9,1664.6589045088388,6
2026,10,1611.7777589899697,9
2026,1,1754.8832486812948,6
2026,2,1644.2270066344215,10
2026,3,1865.768104592671,4
2026,4,1696.6215109990378,8
2026,5,1990.651811646047,2
2026,6,1835.9736252030948,5
2026,7,1742.8214454935257,7
2026,8,1997.0415429815375,1
2026,9,1652.9163040268375,9
2026,10,1957.5412791244298,3
2026,1,1561.7492627681038,10
2026,2,1975.9064905334453,1
2026,3,1605.5295118981612,9
2026,4,1826.6332086320017,3
2026,5,1797.6332851254033,4
2026,6,1716.7280804410539,6
2026,7,1922.230732313804,2
2026,8,1676.998098337339,8
2026,9,1693.385036804537,7
2026,10,1737.436352432417,5
2026,1,1700.5953968945396,7
2026,2,1759.3132633115895,5
2026,3,1502.324392574907,9
2026,4,1759.4837157864827,4
2026,5,1765.7415281476342,3
2026,6,1564.7313394848677,8
2026,7,1834.7165674742369,2
2026,8,1492.9873769957599,10
2026,9,1701.6553428047052,6
2026,10,1954.306102395401,1
2026,1,1751.3698619006943,4
2026,2,1732.8631550410682,5
2026,3,1667.2934913730005,6
2026,4,1635.6775477521292,8
2026,5,1793.506863928398,1
2026,6,1556.81542262746,9
2026,7,1773.801952974155,2
2026,8,1389.0763632400099,10
2026,9,1642.8610522486667,7
2026,10,1762.0408608219564,3
2026,1,1825.0250400989194,4
2026,2,1857.5027621573665,2
2026,3,1671.3737555580149,7
2026,4,1662.0103246376839,8
2026,5,1800.214582005969,5
2026,6,1674.2725362536544,6
2026,7,1940.5007898401796,1
2026,8,1636.2630684332294,10
2026,9,1642.4921452532303,9
2026,10,1846.5880773037677,3
2026,1,2138.4928143523393,1
2026,2,1782.8774964137276,6
2026,3,1741.732474288338,7
2026,4,1540.8153794969692,9
2026,5,1653.09972835275,8
2026,6,1823.559918503665,4
2026,7,1871.2921773082085,2
2026,8,1832.1884594321918,3
2026,9,1807.8753205612143,5
2026,10,1476.179705533877,10
2026,1,1685.700297956736,8
2026,2,1807.9832309660087,5
2026,3,1484.430922834626,10
2026,4,1879.6700826713854,4
2026,5,1668.5876518970317,9
2026,6,2003.1843217881747,2
2026,7,1735.0502514553461,6
2026,8,1692.116564997585,7
2026,9,1957.6361017339095,3
2026,10,2025.86341958034,1
2026,1,1882.91376088869,5
2026,2,1765.7593282982439,7
2026,3,1946.98045778405,2
2026,4,1726.1563651173933,8
2026,5,2092.035365536353,1
2026,6,1602.0262872829474,9
2026,7,1895.5425925935683,3
2026,8,1890.2442991988542,4
2026,9,1600.8828047125621,10
2026,10,1810.4835985459188,6
2026,1,2044.0902365553973,1
2026,2,1611.0480408097999,8
2026,3,1602.3218663214475,9
2026,4,1742.4796349906155,6
2026,5,1890.192866044858,2
2026,6,1838.8527904053337,3
2026,7,1830.4651807009393,4
2026,8,1795.094486945231,5
2026,9,1501.1620916157558,10
2026,10,1672.8713791459666,7
2026,1,1872.2423544836643,2
2026,2,1944.656387790185,1
2026,3,1743.7472755236354,6
2026,4,1779.070438842875,3
2026,5,1633.5910339364113,9
2026,6,1714.4461126908818,8
2026,7,1767.6255277742082,4
2026,8,1385.7885222488524,10
2026,9,1744.1944459463352,5
2026,10,1730.625024190928,7
2026,1,1941.0746369588564,2
2026,2,1867.605045583548,3
2026,3,1613.5182632573324,9
2026,4,1806.0295391020445,5
2026,5,2024.154625549108,1
2026,6,1727.0563903656202,6
2026,7,1857.9148009396308,4
2026,8,1716.9458173555604,7
2026,9,1655.2630448113455,8
2026,10,1529.1684388824829,10
2026,1,1330.894591833168,10
2026,2,1484.5747298035603,8
2026,3,1753.1425946710008,6
2026,4,2227.7990701695653,1
2026,5,1926.9457324598757,3
2026,6,1809.939550606592,5
2026,7,1443.4054960384622,9
2026,8,1659.892821007823,7
2026,9,1842.6818834729195,4
2026,10,1980.5840560567917,2
2026,1,1807.3549769862395,5
2026,2,1746.0628198830007,7
2026,3,2012.793923093076,1
2026,4,1601.03813614314,9
2026,5,1482.7221861587627,10
2026,6,1786.5513510986632,6
2026,7,1725.771065626308,8
2026,8,1938.593537562756,3
2026,9,1983.6636865230378,2
2026,10,1893.23688868347,4
2026,1,1910.5344238170228,3
2026,2,1873.1756246541831,4
2026,3,1926.1064310098395,2
2026,4,1625.0139196207278,7
2026,5,1600.5566904619704,9
2026,6,1715.1676453828154,5
2026,7,2012.6551981423936,1
2026,8,1411.2349903489107,10
2026,9,1620.7562882515604,8
2026,10,1658.996166584492,6
2026,1,1822.4198511866334,5
2026,2,1593.2074944239992,10
2026,3,1867.7390414829188,4
2026,4,1966.3805457343979,3
2026,5,1666.1857203993027,6
2026,6,1641.5043508873546,8
2026,7,2006.9334012574743,1
2026,8,1996.8311636631583,2
2026,9,1632.5859216816912,9
2026,10,1647.1213068461466,7
2026,1,1308.4893254853428,10
2026,2,1591.8231158109247,9
2026,3,1631.9287190723976,8
2026,4,2005.830125661878,1
2026,5,1787.4182740905453,4
2026,6,1776.2808601978727,6
2026,7,1834.3671539229538,2
2026,8,1824.2282953852246,3
2026,9,1754.8721569573781,7
2026,10,1785.4783838805447,5
2026,1,1808.6474266567773,5
2026,2,1864.1665776978325,4
2026,3,1932.3169986237997,3
2026,4,2013.1205452449171,1
2026,5,1588.7112764655244,10
2026,6,1989.6849501207876,2
2026,7,1689.591593023386,9
2026,8,1694.0456780316267,8
2026,9,1803.027273969129,7
2026,10,1804.1930564560557,6
2026,1,1693.3864386798527,7
2026,2,1617.5309037628701,10
2026,3,1661.4075010741308,9
2026,4,1671.549836571514,8
2026,5,1747.9723341708504,3
2026,6,1800.7851380024479,2
2026,7,1743.016557361459,4
2026,8,1929.2996565504686,1
2026,9,1700.194111815446,6
2026,10,1742.7269038112847,5
2026,1,1642.2350828015722,8
2026,2,1624.7618860100738,9
2026,3,1708.7479502228866,6
2026,4,1724.1305489659917,5
2026,5,1681.6078237969941,7
2026,6,1877.1300450046544,4
2026,7,1890.1675198085254,2
2026,8,1600.0882051238232,10
2026,9,1883.4909111658585,3
2026,10,1914.9301404337307,1
2026,1,1657.6067253423216,7
2026,2,1767.8910617587421,5
2026,3,1967.187764222334,3
2026,4,1974.592456502099,1
2026,5,1645.9844430489657,8
2026,6,1705.3757163219552,6
2026,7,1972.1380775805392,2
2026,8,1617.648122391583,9
2026,9,1455.4109123892395,10
2026,10,1888.159744295068,4
2026,1,1586.2885187002403,7
2026,2,1842.7226541802838,2
2026,3,1843.3813219859353,1
2026,4,1524.1009862417975,8
2026,5,1382.7462674232434,9
2026,6,1368.154962157073,10
2026,7,1654.8561000032,5
2026,8,1713.4501917825241,4
2026,9,1633.9132603829228,6
2026,10,1720.7710036415199,3
2026,1,1994.948437673061,2
2026,2,1599.2348842885635,8
2026,3,2049.8260167969966,1
2026,4,1855.4082993579545,3
2026,5,1651.8231885332534,7
2026,6,1674.2511846560906,6
2026,7,1453.778566977333,10
2026,8,1726.0966477249967,4
2026,9,1693.4145022858522,5
2026,10,1465.6234638864246,9
2026,1,1649.3058977287678,7
2026,2,1711.4300519334229,4
2026,3,1951.919426240333,2
2026,4,1597.3089159293513,8
2026,5,1698.1943972264353,5
2026,6,1967.659015855298,1
2026,7,1908.5523729679182,3
2026,8,1659.2160074139247,6
2026,9,1534.1082008266153,10
2026,10,1541.2640623235554,9
2026,1,1686.9701995738003,6
2026,2,2014.5176484363246,1
2026,3,1689.0426431550206,5
2026,4,1629.8960452987988,8
2026,5,1602.6336640387663,9
2026,6,1436.9229952405196,10
2026,7,1812.4257048234635,3
2026,8,1646.2391977770274,7
2026,9,1783.33986261729,4
2026,10,1926.0824232777977,2
2026,1,1505.0437849667142,8
2026,2,1487.2606582703902,10
2026,3,1801.1786576895856,2
2026,4,1764.9948123196737,3
2026,5,1489.7039861816118,9
2026,6,1728.5949521648283,4
2026,7,1661.6383839449927,6
2026,8,1580.9085284892021,7
2026,9,1839.3921166630034,1
2026,10,1669.876146914734,5
2026,1,1636.8350283766874,6
2026,2,1614.392020616012,7
2026,3,1457.70114346919,10
2026,4,1909.222746086003,3
2026,5,2099.347885957929,1
2026,6,1509.2945053369158,9
2026,7,2024.322874029338,2
2026,8,1828.1109391465088,4
2026,9,1649.2604602269598,5
2026,10,1559.4293585487574,8
2026,1,1758.9838052775972,5
2026,2,1567.6048437727886,9
2026,3,1923.3749045586412,1
2026,4,1646.2906205312427,8
2026,5,1769.7146851379844,4
2026,6,1679.6845614405436,7
2026,7,1712.0090514522662,6
2026,8,1784.9051384231536,3
2026,9,1456.737687993125,10
2026,10,1901.599412056834,2
2026,1,1741.476281490881,7
2026,2,1869.0214442435602,3
2026,3,1854.3025595144352,4
2026,4,1606.332781003961,10
2026,5,1682.8292162966882,9
2026,6,1950.379614947913,1
2026,7,1926.501781358641,2
2026,8,1740.2771677101748,8
2026,9,1773.447575060661,6
2026,10,1783.0003237531253,5
2026,1,1715.164412871451,8
2026,2,2065.433751434526,1
2026,3,1821.598395271087,4
2026,4,1816.361532261169,5
2026,5,1359.8572359191078,10
2026,6,1989.5272130031146,2
2026,7,1756.0468680243885,7
2026,8,1781.1600456040305,6
2026,9,1710.7309848961954,9
2026,10,1846.7586193450816,3
2026,1,1658.5441911575886,8
2026,2,2082.799746053949,1
2026,3,1716.312668672066,6
2026,4,1957.0071909435637,2
2026,5,1667.2823381080836,7
2026,6,1428.668993542274,10
2026,7,1743.345242355178,5
2026,8,1650.3628488631373,9
2026,9,1848.197481082549,3
2026,10,1759.0233832901852,4
2026,1,1563.7139021391836,8
2026,2,1779.2235393374149,4
2026,3,1814.9903956662429,3
2026,4,1689.3182526119183,6
2026,5,1522.0137474670337,9
2026,6,1577.6416641964315,7
2026,7,1840.9193188280256,2
2026,8,1463.8934931291287,10
2026,9,1868.9922871754673,1
2026,10,1719.3551063598597,5
2026,1,2060.2970088576217,2
2026,2,1557.4955358009024,9
2026,3,1924.0346587494919,3
2026,4,1611.8010588139573,8
2026,5,1702.9018709981517,6
2026,6,1876.9019894495693,4
2026,7,1767.2333104041309,5
2026,8,1689.5502042611076,7
2026,9,2103.3363324961756,1
2026,10,1509.6489017029194,10
2026,1,1876.9327073469226,3
2026,2,1613.8090960061265,8
2026,3,1575.177645031312,9
2026,4,1946.5821075221447,1
2026,5,1731.4068800805485,6
2026,6,1907.02858115143,2
2026,7,1743.89191081024,5
2026,8,1277.6201852226513,10
2026,9,1874.947614692514,4
2026,10,1664.0523609715237,7
2026,1,1675.227501491941,7
2026,2,1503.7337877560772,10
2026,3,1898.434697351956,4
2026,4,1870.0159156374639,5
2026,5,2023.7098546316454,1
2026,6,1619.3865633027426,9
2026,7,1962.241964642256,2
2026,8,1939.1178906591547,3
2026,9,1679.7535605308651,6
2026,10,1640.4652443617367,8
2026,1,1774.977348827701,5
2026,2,1833.8078334093002,3
2026,3,1535.1555941078657,8
2026,4,2061.140370445647,1
2026,5,1636.572974170632,6
2026,6,1507.7336787960257,9
2026,7,1908.6784362325338,2
2026,8,1469.430219853375,10
2026,9,1629.4013529519827,7
2026,10,1777.2876920443448,4
2026,1,1849.4818175770488,4
2026,2,1701.1686728162135,6
2026,3,1678.0581075237394,7
2026,4,1446.832950206071,10
2026,5,1779.3674167478773,5
2026,6,1600.2024535664368,8
2026,7,1494.0404974373873,9
2026,8,1885.3131664541402,3
2026,9,1938.202790196725,1
2026,10,1921.166601939215,2
2026,1,1722.6936150574552,3
2026,2,1517.9036620849847,9
2026,3,1651.248368664883,5
2026,4,1669.5804921500842,4
2026,5,1916.1696180865683,1
2026,6,1615.900304146146,7
2026,7,1570.0151820121844,8
2026,8,1632.9053179669288,6
2026,9,1510.4315121527632,10
2026,10,1849.6022790041964,2
2026,1,1707.345695229515,3
2026,2,1804.5292906556708,1
2026,3,1688.1567076053711,4
2026,4,1513.2184896944404,10
2026,5,1662.9769098093661,7
2026,6,1672.738326594508,6
2026,7,1517.1516074727172,9
2026,8,1685.8367100898663,5
2026,9,1610.6050934973773,8
2026,10,1781.880458620842,2
2026,1,1950.1508216638463,1
2026,2,1716.983988203181,7
2026,3,1721.8242126476803,5
2026,4,1557.2208250743195,8
2026,5,1426.7322507308968,9
2026,6,1916.1743859030921,2
2026,7,1408.407798025329,10
2026,8,1893.2288654418348,3
2026,9,1845.450262797609,4
2026,10,1720.0185736119242,6
2026,1,1761.4284230713256,5
2026,2,1651.6261423113206,7
2026,3,1845.5116427230685,2
2026,4,1777.197686838001,4
2026,5,1474.516496927387,10
2026,6,1715.0642919884212,6
2026,7,1533.6981424618712,8
2026,8,1800.3261376169535,3
2026,9,2037.3417030832015,1
2026,10,1490.296588241104,9
2026,1,1818.2569570973883,2
2026,2,1696.7769171857758,6
2026,3,1612.3009730643898,8
2026,4,1623.2981419696634,7
2026,5,1795.7165944356932,3
2026,6,1836.149154620784,1
2026,7,1493.3235668651328,10
2026,8,1714.2332801932967,5
2026,9,1554.0482251944225,9
2026,10,1794.2207642623644,4
2026,1,1893.9135297185512,3
2026,2,1647.6592800675821,9
2026,3,1661.2984423301803,8
2026,4,1767.2116990022146,4
2026,5,1899.4356740198007,2
2026,6,1718.5411771950346,5
2026,7,1916.7617640892736,1
2026,8,1493.0303080487142,10
2026,9,1716.5151284989665,6
2026,10,1698.6065347632436,7
2026,1,1823.4563631983658,6
2026,2,1836.3232865226337,5
2026,3,1339.0881964906876,10
2026,4,1806.182141461048,7
2026,5,1710.6195245805925,9
2026,6,1844.4351476998922,3
2026,7,1838.3264217067715,4
2026,8,1958.8442241304365,1
2026,9,1927.600899107575,2
2026,10,1741.0368229771502,8
2026,1,2009.1504209737532,1
2026,2,1617.8834959715714,8
2026,3,1674.1028030736907,7
2026,4,1699.7005468385319,6
2026,5,1529.2774291071353,9
2026,6,1889.0446745712918,4
2026,7,1910.7048972366551,3
2026,8,1430.3661053414467,10
2026,9,1930.9711978147814,2
2026,10,1830.4202492645195,5
2026,1,1647.292655012882,8
2026,2,1620.2511192796856,9
2026,3,2009.7227978318717,1
2026,4,1838.4638649129295,4
2026,5,1942.5818343619312,2
2026,6,1705.303821398118,7
2026,7,1852.0620112371405,3
2026,8,1744.9040801106287,6
2026,9,1758.6706126084312,5
2026,10,1516.765627369818,10
2026,1,1589.8978306137915,9
2026,2,1907.7423712195646,2
2026,3,1645.5335852782591,8
2026,4,1497.81827774401,10
2026,5,1652.364155815603,7
2026,6,1665.0556359997724,6
2026,7,1839.7342072513306,5
2026,8,1849.1366383866234,3
2026,9,1841.802961583839,4
2026,10,1950.8228646707196,1
2026,1,1859.4576056111448,2
2026,2,1726.011021125009,5
2026,3,1907.5064786242692,1
2026,4,1690.2372516349633,7
2026,5,1655.1007360945982,8
2026,6,1803.6778465713276,3
2026,7,1590.3284738765533,9
2026,8,1431.0379058743122,10
2026,9,1772.9388371726154,4
2026,10,1691.6611305874578,6
2026,1,2118.1202357734414,1
2026,2,1951.5837053887797,6
2026,3,1658.4711330783853,8
2026,4,1952.2530706577209,5
2026,5,2010.6861887691457,4
2026,6,1663.7434566859993,7
2026,7,1514.0744111611948,10
2026,8,2013.917520871048,3
2026,9,2022.5987708464431,2
2026,10,1528.4746727181987,9
2026,1,1868.9889549553784,2
2026,2,1995.308949160532,1
2026,3,1709.9443398652372,6
2026,4,1722.6080129787551,4
2026,5,1664.164594386516,8
2026,6,1767.8400244910704,3
2026,7,1391.1716094172593,10
2026,8,1722.5764636677081,5
2026,9,1700.3742219748092,7
2026,10,1416.6818532833936,9
2026,1,1695.7604753150872,6
2026,2,1450.4246375661123,10
2026,3,2018.473253480855,2
2026,4,1892.342598185391,3
2026,5,1827.929963475304,4
2026,6,1645.950474108863,8
2026,7,1526.395996919415,9
2026,8,1780.9366852674887,5
2026,9,2150.7613469055605,1
2026,10,1685.2185376047687,7
2026,1,1666.3744099019495,7
2026,2,1837.4940127392306,4
2026,3,1452.7853542106172,10
2026,4,2222.7282267543997,1
2026,5,2094.0933413363887,2
2026,6,1981.7236221079756,3
2026,7,1803.001401623631,5
2026,8,1628.5723554129745,8
2026,9,1793.9108096451635,6
2026,10,1570.6124360380923,9
2026,1,1768.5245344041343,5
2026,2,1959.7007106529315,1
2026,3,1508.2377411049065,9
2026,4,1560.6613813617548,8
2026,5,1376.3760311936776,10
2026,6,1855.6022920601768,3
2026,7,1806.1550390104208,4
2026,8,1593.259570059235,7
2026,9,1885.7899841721442,2
2026,10,1675.421790217981,6
2026,1,1746.6888773410847,5
2026,2,1586.8977061367464,9
2026,3,1920.9539928188574,2
2026,4,1962.0732837900507,1
2026,5,1623.742847892801,8
2026,6,1652.3164383291116,7
2026,7,1540.506805198502,10
2026,8,1725.3966820611297,6
2026,9,1811.5183472084866,3
2026,10,1796.6363242047266,4
2026,1,1700.7735671535538,10
2026,2,2023.664107576365,2
2026,3,1933.3295406864454,4
2026,4,1916.2211767041981,6
2026,5,2039.6503454886647,1
2026,6,1715.282273298681,9
2026,7,1926.849238554265,5
2026,8,1889.4677750564406,7
2026,9,2006.966790300748,3
2026,10,1743.056547725007,8
2026,1,1715.058239974349,7
2026,2,1913.9144814941885,2
2026,3,1530.4591697751057,9
2026,4,1822.6389560594976,3
2026,5,1577.6665533223445,8
2026,6,1718.2676295381052,5
2026,7,1715.9325159999212,6
2026,8,2060.1476082124395,1
2026,9,1749.2897768963326,4
2026,10,1507.800077280464,10
2026,1,1962.873990561538,2
2026,2,1748.0846129494676,7
2026,3,1706.4295321172895,8
2026,4,1612.7286286747649,9
2026,5,2181.2903432250273,1
2026,6,1789.1551501114016,4
2026,7,1753.7399880916726,5
2026,8,1504.7679615608633,10
2026,9,1825.5483065492224,3
2026,10,1749.8165886046413,6
2026,1,1878.3893147679473,2
2026,2,1802.6033307933494,6
2026,3,1772.1776208607325,7
2026,4,1532.9677207016848,10
2026,5,1898.1723730873578,1
2026,6,1837.1803577859187,3
2026,7,1806.5906929899004,5
2026,8,1553.658785772403,9
2026,9,1822.8464682018014,4
2026,10,1760.6525300849817,8
2026,1,1511.5363603976934,10
2026,2,1826.01168000799,5
2026,3,1777.5624824389142,6
2026,4,1751.6757463354452,7
2026,5,1832.1753933144648,4
2026,6,2064.854047452349,1
2026,7,1902.6790381407943,3
2026,8,1749.7706305134914,8
2026,9,1955.535905177282,2
2026,10,1734.0280875946196,9
2026,1,1612.2986958814292,8
2026,2,1935.379605911125,1
2026,3,1891.6998889049855,2
2026,4,1636.923988384928,7
2026,5,1695.8889035481238,4
2026,6,1886.2313541524243,3
2026,7,1508.6094408502597,10
2026,8,1544.9248143571058,9
2026,9,1644.0725712727503,6
2026,10,1657.4218271472187,5
2026,1,1920.8241714851404,1
2026,2,1740.0320143732577,6
2026,3,1715.497729126098,7
2026,4,1475.060756844854,10
2026,5,1812.0587200955033,3
2026,6,1808.856483821638,4
2026,7,1743.247574568496,5
2026,8,1499.0208911858335,9
2026,9,1645.809914872018,8
2026,10,1839.7280954880162,2
2026,1,1797.0157262381097,5
2026,2,1701.5890299682824,7
2026,3,1816.211051490512,4
2026,4,1557.6712269521668,9
2026,5,1436.1129627805533,10
2026,6,1796.6494014964164,6
2026,7,1955.1926775337192,1
2026,8,1868.1101311502039,3
2026,9,1903.7540182706086,2
2026,10,1643.8216068755191,8
2026,1,1812.985512194099,3
2026,2,1629.1799704034897,9
2026,3,1726.516133737439,7
2026,4,1631.458681021598,8
2026,5,1884.5841672070974,1
2026,6,1773.1582462289825,4
2026,7,1728.398664165948,5
2026,8,1727.4589288310362,6
2026,9,1608.7316801913914,10
2026,10,1848.0732790340323,2
2026,1,2144.4502893730823,1
2026,2,1654.220276205152,9
2026,3,2009.4703094627846,2
2026,4,1865.2648439074974,6
2026,5,1977.4242852772602,3
2026,6,1750.555893201088,8
2026,7,1898.5237327673924,5
2026,8,1619.529919661422,10
2026,9,1930.0587075127028,4
2026,10,1750.6928403289792,7
2026,1,1643.779803290844,7
2026,2,1614.9766837072957,9
2026,3,1833.63103667191,3
2026,4,1784.3883858056695,4
2026,5,1727.4918859679747,5
2026,6,1844.5217116544172,2
2026,7,1634.254383249799,8
2026,8,2001.1017805411777,1
2026,9,1714.8168371908546,6
2026,10,1429.220373398473,10
2026,1,1940.1778999928506,1
2026,2,1721.9097424358088,6
2026,3,1648.695074688469,8
2026,4,1716.6468908575525,7
2026,5,1851.0944567620904,2
2026,6,1734.3922165546232,5
2026,7,1792.597932713068,3
2026,8,1346.8082902001954,10
2026,9,1475.44350438572,9
2026,10,1779.987685622044,4
2026,1,1589.9152860347272,7
2026,2,1812.5009326202078,4
2026,3,1539.0300719239376,8
2026,4,1836.198591524827,3
2026,5,1662.7413253364311,5
2026,6,1630.3264121769719,6
2026,7,2096.750931233355,1
2026,8,1514.444403664946,10
2026,9,1900.1397225450437,2
2026,10,1523.5494237200928,9
2026,1,2061.571498432037,2
2026,2,1937.0981326289498,3
2026,3,1836.3803589785339,6
2026,4,1896.910557612627,4
2026,5,1791.6090335252734,8
2026,6,1724.1122595820275,9
2026,7,1869.5847338421777,5
2026,8,2304.798565719749,1
2026,9,1556.6476093202236,10
2026,10,1835.186629610585,7
2026,1,2069.3280730466845,1
2026,2,1647.0849316765414,9
2026,3,1983.8363684673325,2
2026,4,1834.1166545822023,5
2026,5,1688.7024682801516,6
2026,6,1874.9853425980477,4
2026,7,1951.9815883286165,3
2026,8,1672.2125909704373,7
2026,9,1653.5362929360615,8
2026,10,1526.6157185529296,10
2026,1,1759.470602846867,8
2026,2,2035.935505004395,1
2026,3,1885.9192200843304,3
2026,4,1808.4241257691378,7
2026,5,1755.1765645700395,9
2026,6,1514.1158197681566,10
2026,7,1956.888358561103,2
2026,8,1821.439357514786,5
2026,9,1835.539771046137,4
2026,10,1814.686642480497,6
2026,1,2145.136743781179,1
2026,2,1874.9491433555552,3
2026,3,1779.2287814653716,6
2026,4,1848.0434873205108,4
2026,5,1639.2989830097572,8
2026,6,1558.8651050104827,10
2026,7,1689.9955709234532,7
2026,8,1885.0204841342972,2
2026,9,1607.839049358201,9
2026,10,1783.1991129492035,5
2026,1,1204.05589318474,10
2026,2,1509.927171349385,8
2026,3,1811.082203851913,5
2026,4,1441.603282811086,9
2026,5,2028.2470584245077,1
2026,6,1555.0866616743447,7
2026,7,1660.962675732203,6
2026,8,1930.774370621879,3
2026,9,1877.5660584514255,4
2026,10,1982.7947348064038,2
2026,1,1717.3239527358817,8
2026,2,1866.3700375334515,2
2026,3,1635.8476951541616,9
2026,4,1837.13392476394,4
2026,5,1538.0214060874514,10
2026,6,1746.1404246553402,7
2026,7,1948.7256699359273,1
2026,8,1790.4459855309692,6
2026,9,1799.5203707689607,5
2026,10,1847.867826428837,3
2026,1,1749.7794721608927,6
2026,2,1624.5550724841696,9
2026,3,1524.2365928152049,10
2026,4,1625.6368566864876,8
2026,5,1875.6976656917996,2
2026,6,1855.4748638971541,4
2026,7,1828.9000186725261,5
2026,8,1865.1253179744058,3
2026,9,1635.9795561028,7
2026,10,1921.7264274557253,1
2026,1,1812.0921384713902,5
2026,2,1914.340072914466,1
2026,3,1859.9587704731791,4
2026,4,1396.3802140821927,10
2026,5,1777.1061415518984,6
2026,6,1908.3182742109082,2
2026,7,1873.062417729842,3
2026,8,1597.283325042881,9
2026,9,1702.5455760250727,7
2026,10,1623.3974215886576,8
2026,1,1967.5344888288357,2
2026,2,1695.6159987840535,6
2026,3,1595.930844555396,9
2026,4,1692.8777010842755,7
2026,5,2109.243878375297,1
2026,6,1567.119299319672,10
2026,7,1915.409909901838,3
2026,8,1710.6274965063772,5
2026,9,1758.1966206196378,4
2026,10,1649.594829939133,8
2026,1,1979.7721661682738,2
2026,2,1986.9761636826365,1
2026,3,1590.4532624719543,9
2026,4,1465.3672974669255,10
2026,5,1689.6842504924716,8
2026,6,1704.6463342954064,7
2026,7,1740.3345973638868,6
2026,8,1875.284556057871,5
2026,9,1890.769229410762,4
2026,10,1967.9640442353934,3
2026,1,1846.47958502067,3
2026,2,1590.1491203214114,9
2026,3,1902.9696050672414,2
2026,4,1737.1552819614299,5
2026,5,1601.4041777207765,7
2026,6,2059.1263951770998,1
2026,7,1599.828369454447,8
2026,8,1715.0849819916161,6
2026,9,1497.6838770573895,10
2026,10,1748.0268477373206,4
2026,1,1882.2244971601867,4
2026,2,1759.794297839538,6
2026,3,1942.342570200761,2
2026,4,1962.58374372677,1
2026,5,1812.0244705815153,5
2026,6,1611.3085267896795,8
2026,7,1899.533028552145,3
2026,8,1671.7755193993275,7
2026,9,1478.4266109637474,9
2026,10,1477.1839986622444,10
2026,1,1508.3161748060236,8
2026,2,1627.887085384682,6
2026,3,1571.8936697574454,7
2026,4,1505.7923982134027,9
2026,5,1408.5094826743664,10
2026,6,1975.3305640587187,1
2026,7,1831.2284642753916,3
2026,8,1863.222510339689,2
2026,9,1645.7726029827822,5
2026,10,1710.0078491059076,4
2026,1,1779.066611786699,5
2026,2,1825.9037569327231,3
2026,3,1629.6837779822158,9
2026,4,1486.7780691474363,10
2026,5,1935.6087608697521,1
2026,6,1824.3457724156206,4
2026,7,1830.9642941093477,2
2026,8,1642.6579431118487,8
2026,9,1778.4886576575482,6
2026,10,1708.0181723346186,7
2026,1,1600.2616978400579,10
2026,2,1797.7475869267787,4
2026,3,1947.125076982055,1
2026,4,1756.681302024662,5
2026,5,1855.116082116173,3
2026,6,1661.6554676728024,9
2026,7,1720.4232862244248,7
2026,8,1864.0168355874528,2
2026,9,1724.6549754453695,6
2026,10,1678.0506332131897,8
2026,1,1634.6782658347431,8
2026,2,1621.6450667994045,9
2026,3,1839.1270381044046,1
2026,4,1339.940457631173,10
2026,5,1693.0154618307406,6
2026,6,1744.2314687247874,4
2026,7,1821.768545622578,2
2026,8,1776.1380420281696,3
2026,9,1681.203217166741,7
2026,10,1707.647895276068,5
2026,1,1903.8176368509814,3
2026,2,1572.1637350919905,10
2026,3,1811.4289564846183,5
2026,4,1803.8053725236105,6
2026,5,1728.2884284644745,8
2026,6,1968.01271361295,2
2026,7,1863.791323560024,4
2026,8,1680.748822467344,9
2026,9,1745.5320225106893,7
2026,10,2081.532926590389,1
2026,1,2054.7856634424807,2
2026,2,2097.012520179905,1
2026,3,1676.5246008318534,8
2026,4,1557.849359748408,10
2026,5,1880.6058546767094,5
2026,6,1801.1199516992383,6
2026,7,1950.3907200523881,3
2026,8,1759.3709065482624,7
2026,9,1597.1557450542102,9
2026,10,1946.4853198820979,4
2026,1,1796.7438093323128,3
2026,2,1534.711609186263,10
2026,3,1785.208204880731,5
2026,4,1974.5334935038204,2
2026,5,1710.2579562023557,6
2026,6,1791.2541898501713,4
2026,7,1579.0700258003988,9
2026,8,1691.420830492026,7
2026,9,1988.738790400716,1
2026,10,1623.6027248607431,8
2026,1,1862.2697231115565,3
2026,2,1676.9111960289783,9
2026,3,1780.4791675654412,6
2026,4,1820.7722255400724,4
2026,5,1726.330447938022,8
2026,6,1735.5752757644707,7
2026,7,1810.3857205526742,5
2026,8,1636.0993579733126,10
2026,9,1913.9033283414115,2
2026,10,1971.2126415959137,1
2026,1,1906.441758085626,1
2026,2,1671.695360788075,8
2026,3,1795.7575065375609,5
2026,4,1843.8809484678507,4
2026,5,1618.5160041399954,9
2026,6,1876.224482793024,2
2026,7,1467.1981852550166,10
2026,8,1763.7710761730632,7
2026,9,1846.3450830035822,3
2026,10,1766.772035802483,6
2026,1,1802.6820277907052,5
2026,2,1794.7854154325664,6
2026,3,1675.6288201824698,9
2026,4,1677.0989434601452,8
2026,5,1944.8707395856618,2
2026,6,1969.3296906013309,1
2026,7,1723.9913646012742,7
2026,8,1832.4635420397556,4
2026,9,1927.3829049941273,3
2026,10,1665.5674659071542,10
2026,1,1719.7226434514964,5
2026,2,1666.2821360953722,8
2026,3,1604.1782832570698,9
2026,4,1941.4277525433258,1
2026,5,1574.7764140309223,10
2026,6,1728.4207581155026,4
2026,7,1752.5659274256786,3
2026,8,1674.2854264654889,7
2026,9,1695.663070983646,6
2026,10,1940.8562922756014,2
2026,1,1783.3693014851665,6
2026,2,1981.8256161111392,1
2026,3,1884.649178614302,3
2026,4,1799.5708393217983,5
2026,5,1742.9390343591049,7
2026,6,1962.404060520024,2
2026,7,1726.8792622755886,10
2026,8,1738.7465403129531,9
2026,9,1738.9864962171625,8
2026,10,1867.93391629292,4
2026,1,1748.1755557894526,4
2026,2,1682.074144231783,7
2026,3,1727.2435388065733,5
2026,4,1592.1157505821927,8
2026,5,1569.6264916013665,9
2026,6,1512.300275131872,10
2026,7,1811.8439554009183,2
2026,8,1682.9352505604222,6
2026,9,1789.70479960193,3
2026,10,2014.663034255032,1
2026,1,1765.8275378751973,3
2026,2,1694.2328970610452,5
2026,3,2216.0575696307337,1
2026,4,1691.0439122331195,6
2026,5,1828.8363634014495,2
2026,6,1602.2156946545306,8
2026,7,1664.4369316290604,7
2026,8,1539.019081350028,10
2026,9,1725.665249114231,4
2026,10,1600.4775509538617,9
2026,1,1924.5709970173189,2
2026,2,1572.6228414003735,9
2026,3,1616.0911066716558,8
2026,4,1661.0331156284747,7
2026,5,1757.756957766368,6
2026,6,1793.364371908899,5
2026,7,1453.8743954391034,10
2026,8,1798.6457882346444,4
2026,9,1928.2883530884728,1
2026,10,1823.5190712743029,3
2026,1,1696.9476873743329,6
2026,2,1641.598535441549,8
2026,3,1717.2788346561713,5
2026,4,1862.2315066321426,3
2026,5,1679.5315085375967,7
2026,6,1613.0620770712949,9
2026,7,2129.9333921000384,1
2026,8,1422.8015009017622,10
2026,9,1872.8983573746966,2
2026,10,1861.208278540316,4
2026,1,1579.7610349100908,7
2026,2,2034.8323000375735,1
2026,3,1831.0286273344195,4
2026,4,1555.911392683985,9
2026,5,1804.0005730180624,5
2026,6,1413.425405938638,10
2026,7,1579.0900415788701,8
2026,8,1834.8738191836155,3
2026,9,1839.2005586742625,2
2026,10,1612.9178914928773,6
2026,1,1720.8869295546874,8
2026,2,1870.9419487127186,3
2026,3,1957.0487227680126,2
2026,4,1838.5445187187102,4
2026,5,1776.683626419909,6
2026,6,1759.7558851504423,7
2026,7,1789.2663005589577,5
2026,8,1443.6802365506596,10
2026,9,1677.0457377048394,9
2026,10,1967.5424128074526,1
2026,1,1658.9605244585025,6
2026,2,1613.7582438409258,7
2026,3,1773.3582235983765,3
2026,4,1759.030304459677,4
2026,5,1570.0678215334442,8
2026,6,1717.3624856474607,5
2026,7,1854.5294061933253,2
2026,8,1526.3085650990438,10
2026,9,1562.3081975347104,9
2026,10,1946.9366735611686,1
2026,1,1627.0275869228865,9
2026,2,1625.0708219633234,10
2026,3,1702.7502620444627,7
2026,4,1920.0596350563017,2
2026,5,1702.7010667425282,8
2026,6,2037.3088219560705,1
2026,7,1867.297677763078,3
2026,8,1713.824866793217,5
2026,9,1710.998948725213,6
2026,10,1733.0931149812213,4
2026,1,1588.9337258401215,9
2026,2,1583.1225342389503,10
2026,3,1855.0020281785767,2
2026,4,1731.6937409574955,4
2026,5,1723.956601598577,5
2026,6,1627.1948336758649,7
2026,7,1960.7400902181807,1
2026,8,1589.9078288870712,8
2026,9,1691.5441136958973,6
2026,10,1814.4829085078402,3
2026,1,1779.7336167069486,5
2026,2,1705.151927249166,7
2026,3,1882.207523600523,3
2026,4,1897.8287229560347,1
2026,5,1505.7361207551996,10
2026,6,1576.7994764792193,9
2026,7,1889.4640672249648,2
2026,8,1818.2312225752564,4
2026,9,1598.785919224113,8
2026,10,1736.6289086836364,6
2026,1,1785.591373797484,3
2026,2,1716.34648891979,6
2026,3,1463.600753575235,10
2026,4,1608.0135469998943,9
2026,5,1679.63927954552,7
2026,6,1776.1039164387612,4
2026,7,1662.8684630295759,8
2026,8,1770.7607749192475,5
2026,9,2228.4264179711004,1
2026,10,1803.9025601674207,2
2026,1,1934.179191107912,1
2026,2,1780.4143660809723,4
2026,3,1763.2088578143503,5
2026,4,1737.622970720591,6
2026,5,1651.8373592099024,10
2026,6,1709.1121833406473,7
2026,7,1799.5194305472664,2
2026,8,1792.6701723851409,3
2026,9,1661.8171403909596,8
2026,10,1660.0502912565137,9
2026,1,1863.129092447407,4
2026,2,1908.2513905778812,3
2026,3,1745.8920645240205,8
2026,4,1809.333197046781,7
2026,5,1820.7394303715948,6
2026,6,1942.19264555966,2
2026,7,1708.1145839865185,10
2026,8,1738.5999127668388,9
2026,9,1956.6938371153565,1
2026,10,1845.5893521681223,5
2026,1,1745.359244908952,4
2026,2,1611.160204028066,8
2026,3,1850.950228350195,2
2026,4,1646.9240576570362,5
2026,5,1474.795831175942,10
2026,6,1626.549511316024,7
2026,7,2058.25469755415,1
2026,8,1565.4164085017774,9
2026,9,1827.8049268670727,3
2026,10,1630.4634556530214,6
2026,1,1859.8485832907088,3
2026,2,1809.487536029561,5
2026,3,1646.4388018697282,7
2026,4,1801.141579565912,6
2026,5,1958.7055783870028,2
2026,6,1833.2408143256466,4
2026,7,1642.3720830476436,8
2026,8,1629.3862372764365,9
2026,9,2117.732407332521,1
2026,10,1535.2878693867938,10
2026,1,1881.462079759076,5
2026,2,1691.1547033848155,8
2026,3,1624.6801959701124,9
2026,4,1904.7849642101505,4
2026,5,1772.5510128269452,6
2026,6,1720.813526549085,7
2026,7,1918.6058047996303,3
2026,8,2020.6445326408998,1
2026,9,1925.9615139311873,2
2026,10,1622.9102127473639,10
2026,1,1429.1326210640364,9
2026,2,1745.3017076208923,4
2026,3,1734.5558152484277,5
2026,4,1363.6802720089704,10
2026,5,1712.0537267223235,7
2026,6,1849.2565760986267,2
2026,7,1853.4600180039752,1
2026,8,1729.0453138544706,6
2026,9,1662.5338172595484,8
2026,10,1790.0189444812474,3
2026,1,1500.012786433683,7
2026,2,1810.4332731465743,3
2026,3,1968.972527166679,1
2026,4,1861.9880505745293,2
2026,5,1596.7197986383312,6
2026,6,1372.7626943487312,10
2026,7,1676.8719774336855,4
2026,8,1422.6512791955665,9
2026,9,1496.2392691044797,8
2026,10,1601.3140454816798,5
2026,1,1843.3174407081315,5
2026,2,1820.3625715399676,6
2026,3,1606.957203355655,9
2026,4,1546.9497517266798,10
2026,5,1613.65773255883,8
2026,6,2128.882359143135,1
2026,7,1866.1250426800882,4
2026,8,1921.8351910503648,2
2026,9,1917.3256312373205,3
2026,10,1722.4074602366823,7
2026,1,1854.6066007694772,5
2026,2,2089.5726126266836,1
2026,3,1948.2737710508945,3
2026,4,2077.91795395011,2
2026,5,1506.543880364409,9
2026,6,1551.4717294153381,8
2026,7,1900.1021127141912,4
2026,8,1461.2514457484851,10
2026,9,1666.879226574781,7
2026,10,1789.0897618302834,6
2026,1,1469.364135809774,10
2026,2,1592.343989370223,8
2026,3,1899.1647789243352,2
2026,4,1649.6803449948843,6
2026,5,2186.4802899223496,1
2026,6,1699.1886131332499,5
2026,7,1879.3486594662695,3
2026,8,1537.977044399664,9
2026,9,1858.4586612412686,4
2026,10,1639.4267350364762,7
2026,1,1542.920881577049,9
2026,2,1663.0117211294007,7
2026,3,1960.9639900241402,2
2026,4,1937.8610270609229,3
2026,5,1997.6795168143315,1
2026,6,1869.9155302765269,4
2026,7,1715.5283220760211,6
2026,8,1602.378784439852,8
2026,9,1728.664186826398,5
2026,10,1472.9278668525053,10
2026,1,2022.537292158292,1
2026,2,1819.8832047371475,4
2026,3,1777.2886220234454,6
2026,4,1795.247002441273,5
2026,5,1664.644622269342,7
2026,6,1900.745399709182,2
2026,7,1870.9322301350333,3
2026,8,1615.9673367819971,9
2026,9,1588.9162795431027,10
2026,10,1663.163369888326,8
2026,1,1622.3014679983085,7
2026,2,1585.5971818368507,8
2026,3,2066.946858129351,1
2026,4,1697.9624417629093,6
2026,5,1801.5384266697542,5
2026,6,1516.6372181354232,10
2026,7,1891.4239535461372,4
2026,8,1936.2759217564205,2
2026,9,1523.2087949588993,9
2026,10,1907.3757484855591,3
2026,1,1758.6449524190284,6
2026,2,1772.2457869064056,5
2026,3,1631.9344272700996,10
2026,4,1792.7303503446185,4
2026,5,1865.6406769113873,2
2026,6,1857.293604610529,3
2026,7,1745.2275953481612,7
2026,8,1936.4425855284492,1
2026,9,1738.7390154135715,8
2026,10,1641.6271036062856,9
2026,1,1939.8342211054753,2
2026,2,2027.7595380194246,1
2026,3,1643.7987626825643,8
2026,4,1831.8784586014792,5
2026,5,1890.29022941842,3
2026,6,1616.630193499571,9
2026,7,1881.7637833052756,4
2026,8,1764.6450071324446,7
2026,9,1517.8020299936384,10
2026,10,1775.3957101868482,6
2026,1,1936.0178075456824,3
2026,2,1853.2444022474376,5
2026,3,1614.2294334857884,8
2026,4,1695.636076784774,7
2026,5,1336.9757834788065,10
2026,6,1988.7924426383117,2
2026,7,1735.9000080624296,6
2026,8,1877.3141610324728,4
2026,9,1574.731627826864,9
2026,10,1993.266742628247,1
2026,1,1480.305656247505,10
2026,2,1778.5490562345317,6
2026,3,1738.2242792730822,8
2026,4,1862.7784090488792,3
2026,5,1941.0563637759728,2
2026,6,1846.700419922486,5
2026,7,1773.4995662985793,7
2026,8,1846.7914468600736,4
2026,9,1574.5162287667863,9
2026,10,2035.7142251256998,1
2026,1,1720.1959506012868,7
2026,2,1857.4364824920444,5
2026,3,1472.206179058912,10
2026,4,1962.7626410605615,4
2026,5,1557.076950191301,9
2026,6,1815.9623986143988,6
2026,7,1604.6115255966918,8
2026,8,2057.044457955408,2
2026,9,2006.750054674493,3
2026,10,2117.886837483303,1
2026,1,1886.3760874091936,2
2026,2,1865.6828575847053,3
2026,3,1648.6544549470934,6
2026,4,1497.854679241411,10
2026,5,1785.9944950755294,5
2026,6,1817.6561528429245,4
2026,7,1924.3882437082632,1
2026,8,1640.576450862443,7
2026,9,1619.7188688959714,9
2026,10,1640.1916582782612,8
2026,1,1776.3424984543835,7
2026,2,1365.9091492678263,10
2026,3,1860.3143462349672,3
2026,4,1630.0924065275804,8
2026,5,1823.76202073922,6
2026,6,1982.8689702671259,2
2026,7,1845.2843933805284,4
2026,8,1845.2618954735694,5
2026,9,2045.6155808248539,1
2026,10,1393.545877567772,9
2026,1,1643.2517651068033,8
2026,2,1949.9408877222413,1
2026,3,1614.6902691716716,9
2026,4,1601.1707441044184,10
2026,5,1794.3491643577856,2
2026,6,1791.323041311713,3
2026,7,1775.7502010830478,4
2026,8,1716.326536522547,5
2026,9,1682.6024529397732,6
2026,10,1668.9422727614412,7
2026,1,1893.511542631632,2
2026,2,1850.2305514892898,3
2026,3,1700.955891474318,6
2026,4,1819.5809945996507,5
2026,5,1473.6826718641773,10
2026,6,1649.8474403300725,7
2026,7,1826.1681179858783,4
2026,8,1986.297784429531,1
2026,9,1546.7965325038015,9
2026,10,1635.1003495456262,8
2026,1,1519.6436881675988,10
2026,2,1674.3596074443171,7
2026,3,1586.3142073243257,9
2026,4,1739.6253372256056,4
2026,5,1844.5702714621352,1
2026,6,1686.5906606469434,6
2026,7,1776.27161964799,3
2026,8,1734.969574387972,5
2026,9,1596.9402999614103,8
2026,10,1829.1771184348195,2
2026,1,1814.2352597518807,3
2026,2,1770.171675700748,5
2026,3,1826.0966878539311,2
2026,4,1741.0935964083974,8
2026,5,1647.8002423047565,10
2026,6,1764.5159046755311,7
2026,7,1768.1726571261252,6
2026,8,1965.3670816585898,1
2026,9,1722.0013282420564,9
2026,10,1802.3562197918586,4
2026,1,1772.337033552204,6
2026,2,1843.7293121460439,3
2026,3,1699.1417255926372,8
2026,4,1887.4921873591998,2
2026,5,1551.5003910389678,10
2026,6,1829.992041447194,4
2026,7,1959.663420470988,1
2026,8,1767.9156957386963,7
2026,9,1674.0121524323004,9
2026,10,1825.143631147195,5
2026,1,1703.933875677901,7
2026,2,1591.861082094809,9
2026,3,1793.0546357161134,6
2026,4,2093.1908178194167,1
2026,5,1799.2174956110862,5
2026,6,1334.8113739543915,10
2026,7,1847.8809851871001,3
2026,8,2008.4518737931767,2
2026,9,1597.6889034192905,8
2026,10,1810.2137249086795,4
2026,1,2023.8299522592404,1
2026,2,1569.0441142705681,9
2026,3,1608.4984514773441,8
2026,4,1943.6179312661104,2
2026,5,1659.6911941589694,7
2026,6,1559.1578548714608,10
2026,7,1854.4694022574545,5
2026,8,1720.4106583160687,6
2026,9,1880.003298959114,4
2026,10,1942.7017810375087,3
2026,1,1747.7540719605008,6
2026,2,1986.1918424437317,2
2026,3,1783.6985216687312,5
2026,4,1585.3321724339867,10
2026,5,1595.7086564890787,9
2026,6,1631.2214740695617,7
2026,7,2006.5289388113279,1
2026,8,1595.9093384713274,8
2026,9,1873.0165621442852,3
2026,10,1802.9429370112573,4
2026,1,1986.4886835059197,2
2026,2,2038.1637870938155,1
2026,3,1800.6745740675165,4
2026,4,1802.283835997017,3
2026,5,1516.583950177012,10
2026,6,1767.0927243761475,6
2026,7,1570.939567160082,9
2026,8,1770.693052457715,5
2026,9,1640.4288640078994,8
2026,10,1684.373601434875,7
2026,1,1534.103096372068,10
2026,2,1737.813041601214,5
2026,3,1789.1740290641533,3
2026,4,1709.8260555364764,7
2026,5,1733.2183640192368,6
2026,6,1895.114607144435,1
2026,7,1633.6216713034348,9
2026,8,1816.0629304277759,2
2026,9,1641.4121043616565,8
2026,10,1786.7878731364349,4
2026,1,1660.5994090270187,6
2026,2,1587.0279333603708,8
2026,3,1800.6205600102364,2
2026,4,1668.929342389762,5
2026,5,1608.5403987598572,7
2026,6,2102.9874602000336,1
2026,7,1314.067939166046,10
2026,8,1775.1146708140168,3
2026,9,1562.716904716503,9
2026,10,1746.276822432037,4
2026,1,1843.6085475575424,4
2026,2,1668.4911416741857,8
2026,3,1562.5772538052734,10
2026,4,2036.637259530278,2
2026,5,2181.622245673715,1
2026,6,1674.8436102544215,7
2026,7,1865.7354298098262,3
2026,8,1838.4848016753087,5
2026,9,1614.4059728356342,9
2026,10,1679.7184470962843,6
2026,1,1812.432093556029,3
2026,2,1949.6169416040345,1
2026,3,1623.842486093417,9
2026,4,1650.7147873927702,7
2026,5,1854.644124748785,2
2026,6,1742.9990257741256,4
2026,7,1449.986004231188,10
2026,8,1730.797751923234,5
2026,9,1721.1256652104732,6
2026,10,1645.0491731620618,8
2026,1,1652.4267440892595,10
2026,2,1883.6435278924544,3
2026,3,1964.6282768341362,1
2026,4,1746.726586086891,6
2026,5,1684.9789354724692,8
2026,6,1707.9236318339279,7
2026,7,1898.2184544385473,2
2026,8,1679.3797117859287,9
2026,9,1845.6425254857863,4
2026,10,1761.9852361324088,5
2026,1,1689.4830355244567,6
2026,2,1615.3267421200926,7
2026,3,1529.206259025684,10
2026,4,1787.3385780147737,4
2026,5,1733.6161992473212,5
2026,6,1558.443609640903,9
2026,7,2041.1386574223166,2
2026,8,1832.6956663199207,3
2026,9,2172.035303656747,1
2026,10,1561.858484285322,8
2026,1,1765.9530835438918,6
2026,2,1860.697960953738,4
2026,3,1537.5575399325141,10
2026,4,1891.5233747989935,2
2026,5,1676.1836682475873,8
2026,6,1656.2872366631777,9
2026,7,1796.8523022361305,5
2026,8,1723.6045543155553,7
2026,9,1982.843554282871,1
2026,10,1868.8071181964501,3
2026,1,1465.4918718169188,10
2026,2,1925.7777623976838,5
2026,3,1620.7476889912116,8
2026,4,1999.6128484014375,3
2026,5,1723.883900786097,6
2026,6,1942.4872219986826,4
2026,7,2012.5432900387787,2
2026,8,2022.7830523773234,1
2026,9,1591.7931783078889,9
2026,10,1670.3542215137293,7
2026,1,1571.4156907217143,8
2026,2,1738.4250250640694,6
2026,3,1391.5060692519435,9
2026,4,1870.0264684209278,2
2026,5,1188.728289332315,10
2026,6,1741.9552336641495,5
2026,7,1989.1372792729724,1
2026,8,1758.1168502559067,4
2026,9,1624.4097816606081,7
2026,10,1848.3473594628913,3
2026,1,1822.3902088105517,5
2026,2,1990.630385951506,4
2026,3,1718.4283526610811,9
2026,4,1787.4649742890483,7
2026,5,1648.1797717364568,10
2026,6,2024.7590306497718,2
2026,7,1993.8229076744933,3
2026,8,2066.0263582096723,1
2026,9,1743.6880686110549,8
2026,10,1790.0109933749477,6
2026,1,1817.7454477687384,3
2026,2,1753.336950177957,4
2026,3,1626.5555411952182,6
2026,4,1345.5612228706304,9
2026,5,1556.3209383059768,8
2026,6,1307.5650830568898,10
2026,7,1984.114082193637,2
2026,8,1604.262803386924,7
2026,9,1646.1840341608083,5
2026,10,2031.7943731093094,1
2026,1,1587.1638528808307,8
2026,2,1754.370946296698,5
2026,3,1836.5781557373905,3
2026,4,1514.1001136088553,10
2026,5,1560.5320502402574,9
2026,6,1596.6385093868387,7
2026,7,2014.6548431307638,1
2026,8,1647.2632835022193,6
2026,9,1855.1096783973949,2
2026,10,1791.2235977748653,4
2026,1,1665.755289228685,8
2026,2,1875.3645636211834,3
2026,3,1399.433494862044,10
2026,4,2009.9533266159835,2
2026,5,1784.7103049201046,5
2026,6,1754.410966369544,7
2026,7,1634.2371122081213,9
2026,8,1781.5956961634452,6
2026,9,2288.3546675342673,1
2026,10,1787.429732929767,4
2026,1,1916.5394000086653,2
2026,2,1590.3706298459574,9
2026,3,1811.9383169681068,6
2026,4,1592.135827547967,8
2026,5,1706.9103469009156,7
2026,6,1978.8757378427374,1
2026,7,1838.2422572750934,5
2026,8,1850.3449828289415,4
2026,9,1902.4097290052143,3
2026,10,1475.648278184392,10
2026,1,1457.1280604922545,10
2026,2,1528.9862997553298,8
2026,3,1766.9453333022707,5
2026,4,1481.4231040417167,9
2026,5,1894.2610818200244,2
2026,6,1812.0303146468195,3
2026,7,1914.2330703091018,1
2026,8,1670.3496890634233,7
2026,9,1740.7454405198891,6
2026,10,1774.3895302723222,4
2026,1,1838.9135839305177,3
2026,2,1838.713424212332,4
2026,3,1513.1356398064354,9
2026,4,1581.4926985111802,7
2026,5,1899.6604315349439,2
2026,6,1648.0724082693566,6
2026,7,1797.482217490134,5
2026,8,1439.1696174600345,10
2026,9,2046.3864569672262,1
2026,10,1552.4097223747756,8
2026,1,2067.5130021135433,1
2026,2,1547.510816193207,9
2026,3,1771.4881732567817,5
2026,4,1584.8953420965809,8
2026,5,1730.5906502633793,6
2026,6,1612.08915040035,7
2026,7,1350.5128400582755,10
2026,8,1805.7476511926898,4
2026,9,1868.4285695615592,2
2026,10,1855.8703158485237,3
2026,1,1544.9852558073112,9
2026,2,1735.809889123617,5
2026,3,1513.0047738517544,10
2026,4,1810.2124590688436,4
2026,5,1661.5377552780924,7
2026,6,1666.2783473750926,6
2026,7,1580.5320807026771,8
2026,8,1969.6544812432276,2
2026,9,1822.2613287857237,3
2026,10,2153.3901998445754,1
2026,1,1596.2723244548026,9
2026,2,1792.0467627045036,5
2026,3,1750.9192979023856,6
2026,4,1750.0614468558608,7
2026,5,2026.4989259943702,2
2026,6,1881.3952770151407,3
2026,7,1819.515136577453,4
2026,8,1608.599857213581,8
2026,9,2111.5394854682545,1
2026,10,1568.9430777591954,10
2026,1,1676.0983056611904,6
2026,2,1457.5332940439826,10
2026,3,1722.3584331528373,4
2026,4,1907.1468825780667,2
2026,5,1638.926848805263,7
2026,6,1953.462306196151,1
2026,7,1608.7574661483118,8
2026,8,1705.264111235625,5
2026,9,1774.3710206142568,3
2026,10,1505.5605668841908,9
2026,1,1745.8439904937497,3
2026,2,1727.8054873284534,4
2026,3,1698.8874168991606,7
2026,4,1789.1472089927056,1
2026,5,1712.0527548837367,5
2026,6,1710.1381771119331,6
2026,7,1608.6783959706956,10
2026,8,1761.7885494094276,2
2026,9,1667.2515384114677,9
2026,10,1670.0588979221802,8
2026,1,1572.2860077279574,9
2026,2,1640.588332180349,7
2026,3,1409.725777884138,10
2026,4,2017.0560463748354,2
2026,5,1857.2350015786044,5
2026,6,1906.3700369574917,4
2026,7,1620.4330488504465,8
2026,8,1837.160288913771,6
2026,9,1938.188393911881,3
2026,10,2084.5415153176164,1
2026,1,1933.1084271581194,3
2026,2,1975.9192930883305,1
2026,3,1810.6335141669579,7
2026,4,1942.6417985208545,2
2026,5,1587.6315262331887,10
2026,6,1799.1521220687882,8
2026,7,1828.5654784202661,6
2026,8,1879.0939306786372,4
2026,9,1874.6609152955584,5
2026,10,1631.9201628752944,9
2026,1,1562.5781214119506,9
2026,2,1696.5662267638313,7
2026,3,1718.5514896075488,4
2026,4,1504.3601367815872,10
2026,5,1759.7724067761933,3
2026,6,2142.893762228936,1
2026,7,1833.6380500158562,2
2026,8,1717.1044669543169,5
2026,9,1632.5450068205262,8
2026,10,1701.905471536075,6
2026,1,1574.6666963992534,8
2026,2,1984.1748210423818,2
2026,3,1827.244258991595,3
2026,4,2006.7582724470058,1
2026,5,1662.2684470855247,7
2026,6,1774.4749963686586,5
2026,7,1535.8933760012212,9
2026,8,1667.639973687409,6
2026,9,1515.62987596395,10
2026,10,1784.7278027161972,4
2026,1,1973.5123829609126,1
2026,2,1681.9275185024965,7
2026,3,1956.3006597627625,2
2026,4,1486.434746580976,10
2026,5,1724.8323992548894,5
2026,6,1522.27867119156,9
2026,7,1689.9740007606426,6
2026,8,1833.0927603416326,4
2026,9,1552.469155952603,8
2026,10,1865.4010857561555,3
2026,1,1612.360349326268,9
2026,2,1922.809950813154,2
2026,3,1759.9324149446018,5
2026,4,1933.2297947471238,1
2026,5,1709.8193133714299,6
2026,6,1670.479183825881,8
2026,7,1821.257609349853,3
2026,8,1531.5390732330907,10
2026,9,1788.9326668956992,4
2026,10,1700.167090307435,7
2026,1,1889.5458034499343,2
2026,2,1728.466029579568,6
2026,3,1490.0655296960265,10
2026,4,1764.6706162844494,4
2026,5,1834.5253175550426,3
2026,6,1905.516207470112,1
2026,7,1596.0521951049861,9
2026,8,1642.9691423676404,8
2026,9,1712.1066543896034,7
2026,10,1755.2982596742247,5
2026,1,1573.6868979207807,7
2026,2,1740.027427472047,3
2026,3,1663.5368117370435,5
2026,4,1840.9921313420157,2
2026,5,1641.205952219876,6
2026,6,1735.123406810974,4
2026,7,1430.6544183951369,9
2026,8,1309.2504726317702,10
2026,9,1527.0327766042274,8
2026,10,1847.8214334208258,1
2026,1,1290.8639933344202,10
2026,2,1560.6105093754068,9
2026,3,1717.2117308981376,6
2026,4,1803.96064158999,4
2026,5,1746.5143977062207,5
2026,6,1960.1522861815788,1
2026,7,1673.8021449714881,7
2026,8,1856.532003301884,3
2026,9,1637.8794327927994,8
2026,10,1922.4473332651105,2
2026,1,1789.666238263539,8
2026,2,1354.0843054451916,10
2026,3,1900.4874402575092,5
2026,4,2170.4731835097828,1
2026,5,1933.4444936294385,3
2026,6,1819.1654226108321,6
2026,7,1916.8332949244732,4
2026,8,1713.139768578788,9
2026,9,1810.0080067303547,7
2026,10,1992.6248970964389,2
2026,1,1626.440614660356,8
2026,2,1498.3619512286853,10
2026,3,1848.059190445495,2
2026,4,1634.666015997404,7
2026,5,1739.2324180594787,3
2026,6,1545.973853526126,9
2026,7,2022.2145194911752,1
2026,8,1677.0305338042695,5
2026,9,1669.6599570286498,6
2026,10,1701.8842838833125,4
2026,1,1539.9646154082593,9
2026,2,1622.309541445093,6
2026,3,1403.5941365844315,10
2026,4,1833.6809468729318,3
2026,5,1614.305139783877,7
2026,6,1600.2114507149447,8
2026,7,1960.503445193243,1
2026,8,1654.8863469837363,4
2026,9,1627.0391162997335,5
2026,10,1892.7605003557928,2
2026,1,2102.310491191781,1
2026,2,1616.6791835627357,10
2026,3,1668.866712795826,7
2026,4,1807.4054430058554,5
2026,5,1761.2794645530564,6
2026,6,1653.9411032873059,8
2026,7,1817.6133864384296,4
2026,8,2027.101741638181,2
2026,9,1960.410493942186,3
2026,10,1653.3003819399626,9
2026,1,2189.0437463620115,1
2026,2,1733.3635651293057,9
2026,3,2010.0151952941933,3
2026,4,2002.8562790769056,4
2026,5,2012.4880031261805,2
2026,6,1864.8585384453434,5
2026,7,1171.8509478727156,10
2026,8,1757.2543884404167,8
2026,9,1757.8499145777237,7
2026,10,1774.8085591670251,6
2026,1,1856.6978079044636,3
2026,2,1828.1115230082792,4
2026,3,1722.7226483174134,6
2026,4,1583.2721920316233,8
2026,5,1423.0981834587928,10
2026,6,2039.1336610085418,1
2026,7,1770.8176632170944,5
2026,8,1985.3422969561836,2
2026,9,1721.3587716115362,7
2026,10,1581.2598377358527,9
2026,1,1602.6385410637233,5
2026,2,1679.5860371824685,4
2026,3,1532.8985173686106,9
2026,4,1551.8247490378048,8
2026,5,1942.847053530526,2
2026,6,1451.5965605104766,10
2026,7,1974.4251956367937,1
2026,8,1839.2776201409024,3
2026,9,1596.8564091343223,6
2026,10,1562.568484205867,7
2026,1,2044.9901753699999,1
2026,2,1857.0139073780351,4
2026,3,1912.9831921282394,3
2026,4,1765.7362117738103,6
2026,5,1792.5941513073703,5
2026,6,1640.548399508088,8
2026,7,1672.8543670995884,7
2026,8,1442.8869894467293,10
2026,9,1628.99051494509,9
2026,10,1935.202976201716,2
2026,1,1656.9885391789708,6
2026,2,1504.5307784374622,8
2026,3,1844.5373111089937,2
2026,4,1887.3188069967525,1
2026,5,1459.9864182954057,9
2026,6,1790.4005444068328,4
2026,7,1667.9415132787421,5
2026,8,1573.5786627198927,7
2026,9,1795.5252667286518,3
2026,10,1458.1643368810157,10
2026,1,1846.5983081364757,3
2026,2,1823.365862232328,4
2026,3,1596.644786908258,9
2026,4,2017.6432617336807,1
2026,5,1751.4242890872956,5
2026,6,1857.2218171040972,2
2026,7,1371.210894459164,10
2026,8,1682.5509518382164,6
2026,9,1607.170900170028,8
2026,10,1675.9318888664284,7
2026,1,1963.0677979063144,1
2026,2,1750.0951164855446,6
2026,3,1703.4134019672474,9
2026,4,1730.998215829155,7
2026,5,1720.27856977899,8
2026,6,1862.4678542899142,4
2026,7,1373.7730957806634,10
2026,8,1953.312725508391,2
2026,9,1908.3585589207876,3
2026,10,1805.835415818281,5
2026,1,1883.6921958309385,3
2026,2,1823.4431441026097,5
2026,3,1747.055352242981,7
2026,4,1863.6551112942805,4
2026,5,1711.30833362516,9
2026,6,1894.2541387162319,2
2026,7,1422.7822053419236,10
2026,8,1714.2052087838483,8
2026,9,1924.592548048996,1
2026,10,1793.4572484440312,6
2026,1,1774.0661688410116,3
2026,2,1690.858712998478,4
2026,3,1833.6132472088298,2
2026,4,1866.2457080568297,1
2026,5,1661.794838748422,6
2026,6,1480.9224865438075,10
2026,7,1590.508219788347,8
2026,8,1492.9450776003077,9
2026,9,1682.8901703676804,5
2026,10,1625.6055297823768,7
2026,1,1895.7029593861046,3
2026,2,1702.904161249011,8
2026,3,1695.1578156475125,9
2026,4,1612.2010999864033,10
2026,5,1857.5744710722706,4
2026,6,1750.285725028696,7
2026,7,1908.6872067479958,1
2026,8,1829.5885305314323,5
2026,9,1896.0703994049775,2
2026,10,1758.8196676033374,6
2026,1,1794.4264488092115,4
2026,2,1982.6970732493269,1
2026,3,1852.311587078231,3
2026,4,1742.7547321884626,8
2026,5,1530.80926073767,9
2026,6,1529.463239256921,10
2026,7,1941.869953005009,2
2026,8,1774.3759339985957,7
2026,9,1791.9911879425517,5
2026,10,1778.9634390831552,6
2026,1,1291.6732783791413,10
2026,2,1630.5406320542907,7
2026,3,1680.293806031531,5
2026,4,1524.8116196104668,9
2026,5,2024.3496447947496,1
2026,6,1751.4373421863454,4
2026,7,1579.0518477637002,8
2026,8,1774.4487202007392,3
2026,9,1666.8539475700884,6
2026,10,1889.0634021041994,2
2026,1,1408.3484447300766,9
2026,2,1970.6222607698533,1
2026,3,1622.5067205975079,7
2026,4,1510.1214899817185,8
2026,5,1952.5012064151229,2
2026,6,1721.9733962897644,6
2026,7,1792.1770974063706,5
2026,8,1948.832578439887,3
2026,9,1901.0396013659422,4
2026,10,1211.6062573156378,10
2026,1,1539.7779261997885,9
2026,2,1650.4735998414342,8
2026,3,1413.9329340348359,10
2026,4,1906.7207418298733,1
2026,5,1821.4266813947993,3
2026,6,1770.6224034590916,6
2026,7,1797.5709142519431,4
2026,8,1867.260023997953,2
2026,9,1757.7484160554093,7
2026,10,1786.7014605130703,5
2026,1,1970.9436182070685,1
2026,2,1873.8309398132192,3
2026,3,1897.094936498222,2
2026,4,1584.2980836515596,9
2026,5,1801.4296230975897,4
2026,6,1646.8907142130206,8
2026,7,1684.450326312044,7
2026,8,1425.170612070659,10
2026,9,1732.9102412115615,5
2026,10,1718.8347599105446,6
2026,1,1836.1640817111188,3
2026,2,1815.3799353876364,5
2026,3,1680.1769836778726,9
2026,4,1701.1179678887215,8
2026,5,1851.1381434321695,2
2026,6,1785.4380073341554,7
2026,7,1803.2342138959516,6
2026,8,1960.1210464418803,1
2026,9,1545.829122173186,10
2026,10,1819.243897512114,4
2026,1,1686.9251348924686,8
2026,2,1514.021968722937,9
2026,3,1962.8640354697454,1
2026,4,1714.395052473849,5
2026,5,1853.8195336953431,4
2026,6,1891.7830107537134,3
2026,7,1692.5686849267063,7
2026,8,1422.8100403657888,10
2026,9,1918.9594781004694,2
2026,10,1705.759121820569,6
2026,1,1886.2925048467728,2
2026,2,1830.5162170956596,4
2026,3,1723.433170454884,6
2026,4,1876.7813222763957,3
2026,5,1962.1545866542488,1
2026,6,1649.2507163108833,7
2026,7,1824.556086442635,5
2026,8,1471.6079864928652,10
2026,9,1604.4035874914048,9
2026,10,1644.4427320701247,8
2026,1,1701.6565837374117,9
2026,2,1910.6215386745243,3
2026,3,1931.4603665247319,2
2026,4,1895.1132848475404,4
2026,5,1846.9297940792035,6
2026,6,1641.1274754449332,10
2026,7,1953.1067430186808,1
2026,8,1847.083519299521,5
2026,9,1741.5866889329484,8
2026,10,1754.9959019928701,7
2026,1,1732.2142670731996,8
2026,2,2125.9145278624846,1
2026,3,1855.3867391509011,5
2026,4,1893.9461024477444,3
2026,5,1961.3961165941696,2
2026,6,1768.4291727532618,7
2026,7,1780.9458567979827,6
2026,8,1631.2561102246093,10
2026,9,1880.9818744776103,4
2026,10,1662.0158985114608,9
2026,1,1459.807270146885,10
2026,2,1928.830924770879,2
2026,3,1697.4238659583011,6
2026,4,1775.2396005994171,5
2026,5,1882.5261128085967,3
2026,6,1665.542360336939,7
2026,7,1599.2319343577747,8
2026,8,1577.7411123513507,9
2026,9,1815.125862701758,4
2026,10,2031.7330571632665,1
2026,1,1953.394902312205,2
2026,2,2013.9886407150104,1
2026,3,1613.1225615901424,10
2026,4,1849.9416850670038,3
2026,5,1711.4639784288622,7
2026,6,1681.9939144335785,9
2026,7,1798.5403581425235,4
2026,8,1704.3352558861484,8
2026,9,1794.8235065032438,5
2026,10,1790.6978982304645,6
2026,1,1830.6579501949777,3
2026,2,1727.4998861751947,7
2026,3,1524.533000169538,10
2026,4,1619.5304056847679,8
2026,5,1776.367880025721,6
2026,6,1792.4918588119363,4
2026,7,1790.4668689540742,5
2026,8,1582.0320691759048,9
2026,9,1933.182980415843,1
2026,10,1904.2287938825789,2
2026,1,1877.3797346475235,3
2026,2,1873.0012001993255,4
2026,3,1593.2487152115843,8
2026,4,1680.1439101664096,6
2026,5,2028.3041003420462,2
2026,6,1491.8275325360949,9
2026,7,1807.5190500984904,5
2026,8,2176.2933552666855,1
2026,9,1446.9873334910314,10
2026,10,1593.4050861436476,7
2026,1,1906.9811667905165,2
2026,2,1803.3055061544724,6
2026,3,1762.782275968386,8
2026,4,1843.0594217729217,4
2026,5,1513.7424619494882,10
2026,6,1540.1468999164765,9
2026,7,1802.7257962355802,7
2026,8,1981.5411210675554,1
2026,9,1813.1633868760232,5
2026,10,1882.3366423604893,3
2026,1,1666.4003658471886,8
2026,2,2044.319738708934,2
2026,3,2177.716834272441,1
2026,4,1627.5064257810643,9
2026,5,1986.7126098670033,3
2026,6,1937.0161015287727,4
2026,7,1807.5555541796189,6
2026,8,1591.9062271018224,10
2026,9,1689.225123522746,7
2026,10,1874.8274693587928,5
2026,1,1727.284590101577,7
2026,2,1743.7112898892851,6
2026,3,1586.402382589509,10
2026,4,1986.0873387613976,1
2026,5,1770.1965410032974,5
2026,6,1608.0356465046239,9
2026,7,1967.712217072031,3
2026,8,1982.3277735211327,2
2026,9,1677.883467429014,8
2026,10,1889.2954844119208,4
2026,1,1585.1934796693085,9
2026,2,1865.0422265187162,3
2026,3,1681.2627978988153,5
2026,4,1595.396847431457,8
2026,5,1692.937670976526,4
2026,6,2027.6778992734107,1
2026,7,1624.7393765580766,7
2026,8,1917.9136076785371,2
2026,9,1509.459036793322,10
2026,10,1670.6849915726132,6
2026,1,1856.4311929606042,2
2026,2,1866.5740954482897,1
2026,3,1823.947197259107,3
2026,4,1637.487409153969,5
2026,5,1472.4062834522465,10
2026,6,1476.1358242783185,9
2026,7,1597.6683296181961,7
2026,8,1724.1704810309961,4
2026,9,1611.957958344784,6
2026,10,1483.6863715273405,8
2026,1,2140.4894190116065,1
2026,2,1800.1012607263362,3
2026,3,1408.5377817827637,10
2026,4,1730.0899639167262,6
2026,5,2051.6708064807353,2
2026,6,1775.1547842627335,4
2026,7,1486.1503429269578,9
2026,8,1720.3719762383794,7
2026,9,1582.8044939982497,8
2026,10,1730.165206104983,5
2026,1,1682.116370580992,7
2026,2,1727.7198918963882,4
2026,3,1371.3815110025503,10
2026,4,2145.4764539261882,1
2026,5,1654.0519742994902,8
2026,6,2065.0361623906274,2
2026,7,1702.457216278713,6
2026,8,1639.693888072587,9
2026,9,1725.6571353835927,5
2026,10,1765.961790518839,3
2026,1,1744.4569056851465,7
2026,2,1724.0423267977078,8
2026,3,1785.020671581245,5
2026,4,1401.2463488624091,10
2026,5,1833.7666195403472,4
2026,6,1776.2613874204785,6
2026,7,1956.3536094004705,2
2026,8,1904.6322564687798,3
2026,9,1592.1351566456758,9
2026,10,2085.1104294354363,1
2026,1,1792.7150561169271,3
2026,2,1684.2634987027807,6
2026,3,1877.2084241128991,1
2026,4,1717.5630490226877,5
2026,5,1453.7952777360747,10
2026,6,1502.973407236105,9
2026,7,1605.845280537379,7
2026,8,1848.0656785812275,2
2026,9,1754.1213187394121,4
2026,10,1603.6414875647406,8
2026,1,1538.2207395730052,10
2026,2,2081.2738698092544,1
2026,3,1873.975478546363,3
2026,4,1575.7657832028294,7
2026,5,1801.0840784382342,4
2026,6,1538.2676439857953,9
2026,7,1902.9948876637484,2
2026,8,1727.9352135523231,6
2026,9,1568.7509730950603,8
2026,10,1771.7409802539937,5
2026,1,1590.2686821551029,9
2026,2,1735.3500679833787,5
2026,3,1877.1580516029358,1
2026,4,1802.2008538728894,2
2026,5,1624.8068224178176,8
2026,6,1671.1543164502787,6
2026,7,1633.8433279419937,7
2026,8,1756.6835305671716,4
2026,9,1775.2771445921437,3
2026,10,1546.5827301507431,10
2026,1,1932.1053436732727,3
2026,2,1583.1121779013793,10
2026,3,1904.5905972117407,4
2026,4,1788.6697316167406,6
2026,5,1763.5222727876342,8
2026,6,1806.4498839856692,5
2026,7,1970.272801924849,2
2026,8,1779.2148735398496,7
2026,9,1660.7176300675146,9
2026,10,2072.0332163477983,1
2026,1,1970.633981875662,2
2026,2,1685.7745923530017,10
2026,3,1905.9890832837368,4
2026,4,1772.6721819968484,8
2026,5,1876.8999801200418,6
2026,6,1743.6984270559315,9
2026,7,1941.8327388303776,3
2026,8,1851.2275930336118,7
2026,9,1897.7281435605582,5
2026,10,1997.6722054977868,1
2026,1,1653.9835207557567,7
2026,2,1717.7295122636258,5
2026,3,1733.243167530548,4
2026,4,1923.190567642297,1
2026,5,1777.5838280857947,2
2026,6,1754.7986511062184,3
2026,7,1562.3179271177696,8
2026,8,1518.9177059167714,9
2026,9,1657.2203739214783,6
2026,10,1408.6864520299448,10
2026,1,1678.9456037910056,9
2026,2,2004.1843231601479,2
2026,3,2015.685709206859,1
2026,4,1764.2533922472483,7
2026,5,1947.5026783028075,3
2026,6,1922.7662724050829,4
2026,7,1647.65719430951,10
2026,8,1876.5541668642984,5
2026,9,1751.3829900301105,8
2026,10,1867.473622327159,6
2026,1,2008.8761915685136,2
2026,2,1629.9349834599977,9
2026,3,1838.4952123861683,5
2026,4,1850.4012564013892,4
2026,5,1683.2699163553264,8
2026,6,1903.5172417944682,3
2026,7,1533.9251998526465,10
2026,8,1726.2736626931219,7
2026,9,1814.6126236284158,6
2026,10,2019.9116091459705,1
2026,1,1487.3573612698838,10
2026,2,1708.2323795781033,5
2026,3,1833.2140124496168,3
2026,4,1694.0471537067067,6
2026,5,1970.0958976926122,1
2026,6,1760.1892317654174,4
2026,7,1658.232716659157,7
2026,8,1916.6261417535986,2
2026,9,1648.9205638037606,8
2026,10,1544.693465983668,9
2026,1,1838.3395432838374,5
2026,2,1609.1611737138758,9
2026,3,1241.3028158520647,10
2026,4,1890.7159737895863,1
2026,5,1789.8367351358347,6
2026,6,1866.4766289515728,4
2026,7,1882.2235647738341,2
2026,8,1874.8759815092649,3
2026,9,1736.7415284394835,7
2026,10,1684.6801822103955,8
2026,1,1493.650891010731,10
2026,2,1753.9899999813235,6
2026,3,1902.1690900122412,3
2026,4,1878.221013348792,4
2026,5,1533.8057692233629,8
2026,6,1648.5935318148372,7
2026,7,1528.7616030742247,9
2026,8,1961.1936723769018,1
2026,9,1783.3304457595952,5
2026,10,1914.0923337175495,2
2026,1,2070.509267668387,1
2026,2,1842.3966578257887,4
2026,3,1867.3066309777714,3
2026,4,1915.9166609786298,2
2026,5,1640.8776969679843,9
2026,6,1764.4689172804365,5
2026,7,1512.623930859993,10
2026,8,1749.8756190995587,6
2026,9,1727.319823819303,7
2026,10,1685.6445588035438,8
2026,1,1572.8692659496555,9
2026,2,1707.7494596983252,5
2026,3,1621.5723136212305,7
2026,4,1828.5867044981997,2
2026,5,1705.308845419611,6
2026,6,1598.9388743225845,8
2026,7,1739.429745342241,4
2026,8,1785.0189760085275,3
2026,9,1950.603336191666,1
2026,10,1482.8275501499638,10
2026,1,1587.3980748669157,9
2026,2,1591.9435697878514,8
2026,3,1719.2577715978493,3
2026,4,1596.5896305359227,7
2026,5,1688.8016162416536,4
2026,6,1635.8889640578404,6
2026,7,2034.4680849879696,1
2026,8,1880.460587914252,2
2026,9,1665.7454370532173,5
2026,10,1503.8416334466565,10
2026,1,1656.8817913499854,7
2026,2,1572.9504083645315,8
2026,3,1823.6102047223733,3
2026,4,1960.4583908779414,1
2026,5,1755.5843104516518,6
2026,6,1543.9165462649762,9
2026,7,1484.8585876839775,10
2026,8,1811.7235265014176,4
2026,9,1917.9033127483513,2
2026,10,1776.7276734466855,5
2026,1,1892.8471430958257,4
2026,2,1941.8580613188526,1
2026,3,1922.4835123582523,3
2026,4,1769.9375344462346,7
2026,5,1937.9048655331708,2
2026,6,1659.3628192053336,9
2026,7,1804.4924250195618,5
2026,8,1737.3670576514444,8
2026,9,1774.2513451510506,6
2026,10,1560.2041442642426,10
2026,1,1655.4885704561254,10
2026,2,1771.3566491177007,5
2026,3,1764.342290912084,6
2026,4,1873.2678527021826,2
2026,5,1665.6858214515146,9
2026,6,1887.8810777868136,1
2026,7,1731.1608176004438,8
2026,8,1796.2985099206005,4
2026,9,1858.8567566674133,3
2026,10,1760.0921627331522,7
2026,1,2048.4764157931295,3
2026,2,1701.4008660181757,9
2026,3,1713.8040819034504,8
2026,4,2126.139789363239,1
2026,5,1848.1288819395081,4
2026,6,1659.812904461095,10
2026,7,2099.123432332592,2
2026,8,1737.9661716813707,7
2026,9,1748.7760016608968,6
2026,10,1785.041105987936,5
2026,1,1700.9984534441555,5
2026,2,1835.1961815591417,2
2026,3,1709.4342325857438,4
2026,4,1674.3312937056826,6
2026,5,1640.238007470957,7
2026,6,1818.1616722761262,3
2026,7,1412.737561595759,10
2026,8,1949.9629065792228,1
2026,9,1420.4433881877721,9
2026,10,1512.0244402027936,8
2026,1,2082.208616649095,1
2026,2,1746.1390997704598,7
2026,3,1574.7583396194816,9
2026,4,1944.1382353642377,2
2026,5,1715.911341182209,8
2026,6,1764.7744960819987,6
2026,7,1910.3696951508537,3
2026,8,1850.6435250130285,5
2026,9,1516.53591156403,10
2026,10,1861.3483319973934,4
2026,1,1879.5600489095111,5
2026,2,1884.0358773805233,4
2026,3,1831.235902424161,6
2026,4,1943.5269713533564,3
2026,5,1650.5191724783658,8
2026,6,1596.9371162599111,9
2026,7,1947.4447465279054,2
2026,8,1991.8513139864542,1
2026,9,1773.8532402693554,7
2026,10,1549.69831203509,10
2026,1,2192.223223669569,1
2026,2,1652.302769196885,9
2026,3,1918.358413310112,3
2026,4,1859.8782752725326,4
2026,5,1724.512320521663,8
2026,6,1830.641528104452,5
2026,7,1539.1305523908454,10
2026,8,1943.548242777227,2
2026,9,1817.3482730450992,6
2026,10,1775.6508355799706,7
2026,1,1868.2278307684837,3
2026,2,1897.9978369905748,2
2026,3,1599.8804856420907,10
2026,4,1757.4247326883265,7
2026,5,1712.6425799783087,9
2026,6,1837.977265038415,4
2026,7,1723.4460484549077,8
2026,8,1966.9961669245195,1
2026,9,1762.2823910939856,6
2026,10,1826.9988240039038,5
2026,1,1821.5182188562085,3
2026,2,1759.195458787508,4
2026,3,1607.3242557768883,6
2026,4,2071.716724069793,1
2026,5,1738.7767407019674,5
2026,6,1880.7475153712444,2
2026,7,1523.2246159937063,10
2026,8,1567.6543430456386,8
2026,9,1592.155573666451,7
2026,10,1554.109212636671,9
2026,1,1742.584232313434,6
2026,2,1930.1170558764825,1
2026,3,1830.3787167695937,2
2026,4,1575.8707241452998,9
2026,5,1684.0809728706122,7
2026,6,1819.753179703333,3
2026,7,1634.4277967798546,8
2026,8,1748.8618059018236,5
2026,9,1522.8835122992068,10
2026,10,1803.6355758241657,4
2026,1,1821.9106357565552,3
2026,2,1572.8774210195863,8
2026,3,1661.9309688166807,7
2026,4,1470.3291591888596,10
2026,5,1563.1496935107425,9
2026,6,2060.899158960248,1
2026,7,1720.91684307029,4
2026,8,1694.7847297241,6
2026,9,1897.1937952773715,2
2026,10,1718.2565176592848,5
2026,1,1580.550920228156,9
2026,2,2097.443126901287,1
2026,3,1656.7595921956163,7
2026,4,1899.3427968276887,2
2026,5,1786.0037956469794,4
2026,6,1497.268687570287,10
2026,7,1622.9161647748028,8
2026,8,1787.0874045822743,3
2026,9,1744.8191631948143,5
2026,10,1697.202447133869,6
2026,1,1739.6118337813427,7
2026,2,1907.251161372321,3
2026,3,1621.4084252589587,9
2026,4,1815.841359747506,5
2026,5,1497.0691817687152,10
2026,6,1691.3495310088952,8
2026,7,1747.9519661879463,6
2026,8,1987.536467674394,1
2026,9,1935.185743485607,2
2026,10,1828.7096882426479,4
2026,1,1835.2812475141789,4
2026,2,1938.2462229797416,1
2026,3,1794.309846329838,5
2026,4,1845.5648531864167,3
2026,5,1422.8236912418974,10
2026,6,1609.194459487759,8
2026,7,1899.8246666894051,2
2026,8,1619.5403439627275,7
2026,9,1725.036894926374,6
2026,10,1583.8530126223295,9
2026,1,1754.727903604206,4
2026,2,1604.0529801564774,8
2026,3,1721.9500726724732,5
2026,4,1717.6438540314887,6
2026,5,1583.8890065956,9
2026,6,1545.2693761781193,10
2026,7,1626.7035444210069,7
2026,8,1768.7997160398704,3
2026,9,1923.561266115951,1
2026,10,1773.900711185371,2
2026,1,1846.0511702981053,4
2026,2,1809.9252862633325,5
2026,3,2196.4460105072612,1
2026,4,1888.122545258809,2
2026,5,1791.9458034346105,6
2026,6,1719.4108915573715,9
2026,7,1741.8981837393058,8
2026,8,1781.7949834650383,7
2026,9,1859.1174403054297,3
2026,10,1669.1007300361969,10
2026,1,1734.315648928553,8
2026,2,1819.6025729718017,5
2026,3,1772.5470245282809,6
2026,4,2067.8536456007796,3
2026,5,2077.223520696741,2
2026,6,1628.7784916291325,10
2026,7,2164.0102299783225,1
2026,8,1871.822783632037,4
2026,9,1755.330199372237,7
2026,10,1681.6965913490908,9
2026,1,1581.7691300029633,9
2026,2,1558.4857351706323,10
2026,3,1865.2707851131415,6
2026,4,1742.8888669090425,7
2026,5,2118.431143093011,1
2026,6,2055.7155369015372,2
2026,7,1892.381614683733,5
2026,8,2002.0742032570834,4
2026,9,1666.0243162857555,8
2026,10,2017.4125745368212,3
2026,1,1731.6542161962846,6
2026,2,1866.6071473441957,2
2026,3,1852.5825600171627,3
2026,4,1940.0982376461357,1
2026,5,1772.6848825060251,5
2026,6,1519.2252238837689,9
2026,7,1709.7495575547966,7
2026,8,1790.3827007640318,4
2026,9,1500.1611900027183,10
2026,10,1635.045801573227,8
2026,1,1924.8407995879961,2
2026,2,1667.471905007859,8
2026,3,1816.9121524372047,5
2026,4,1778.7217001380227,6
2026,5,1837.9934114540197,3
2026,6,2141.665579513492,1
2026,7,1666.5500762497647,9
2026,8,1778.5314573094965,7
2026,9,1558.7282862207255,10
2026,10,1821.5746620306963,4
2026,1,1732.1111235339267,8
2026,2,1830.8150631643687,4
2026,3,1926.855543004887,3
2026,4,2197.694755430757,1
2026,5,1800.983568297462,5
2026,6,1742.8502017948213,7
2026,7,1957.5931576735961,2
2026,8,1773.3812001829476,6
2026,9,1570.588336187722,10
2026,10,1693.664851843358,9
2026,1,1861.6574389087734,1
2026,2,1759.2397893944697,3
2026,3,1424.397362590563,10
2026,4,1807.2664059762233,2
2026,5,1618.3520108193873,7
2026,6,1530.8448074018288,8
2026,7,1709.8671804799435,5
2026,8,1669.6253322170674,6
2026,9,1441.8783067709664,9
2026,10,1751.670590173584,4
2026,1,1877.239252040799,1
2026,2,1469.7947337113083,9
2026,3,1739.199911211661,4
2026,4,1383.7416563071142,10
2026,5,1677.596034409854,6
2026,6,1745.2398211472,3
2026,7,1711.7200086490438,5
2026,8,1750.922569083595,2
2026,9,1577.8799548547543,8
2026,10,1656.7685143515641,7
2026,1,1679.7591083714524,6
2026,2,1319.393947339293,10
2026,3,1939.4887980705726,2
2026,4,1724.4296831358292,5
2026,5,1776.3339577572756,4
2026,6,1465.6430439511316,9
2026,7,1540.2127059574061,8
2026,8,1972.0184526474359,1
2026,9,1545.4978200139178,7
2026,10,1806.5266224865882,3
2026,1,1820.9323149055558,2
2026,2,1707.3745163976425,5
2026,3,1814.38335458608,3
2026,4,1771.5485947583106,4
2026,5,1644.1567223282652,6
2026,6,1547.252943394918,9
2026,7,1608.4936131375969,8
2026,8,1828.6912185646793,1
2026,9,1630.6074073337754,7
2026,10,1368.4206058927475,10
2026,1,1372.4594577662822,10
2026,2,1635.7372676816394,6
2026,3,1570.1535274363216,8
2026,4,1886.57029535481,1
2026,5,1802.5133705643084,3
2026,6,1812.629319155158,2
2026,7,1651.5260174209407,5
2026,8,1555.1283211715597,9
2026,9,1782.803706703958,4
2026,10,1619.6660106783434,7
2026,1,1635.4901931808404,8
2026,2,1629.1594605203986,9
2026,3,1820.6320247748665,5
2026,4,1747.7227776714215,6
2026,5,1560.1445501524345,10
2026,6,1689.105759579379,7
2026,7,1853.3387928594457,4
2026,8,1912.104487823201,3
2026,9,2106.2216230687427,1
2026,10,1984.8603088822206,2
2026,1,1927.200584795074,4
2026,2,2032.32535276557,1
2026,3,1973.1576175629457,2
2026,4,1569.1177515742231,9
2026,5,1630.3694304310313,7
2026,6,1679.0193263531464,5
2026,7,1632.0199611012258,6
2026,8,1356.960018286633,10
2026,9,1935.5016255240278,3
2026,10,1630.1319943461706,8
2026,1,1800.749222566784,4
2026,2,1479.569963460926,9
2026,3,2031.0817863260704,1
2026,4,1307.3166290171139,10
2026,5,1885.027015237837,2
2026,6,1792.611876034298,5
2026,7,1716.2834706792332,7
2026,8,1687.435067078588,8
2026,9,1817.8732303506654,3
2026,10,1716.6059181276337,6
2026,1,1495.6965998324708,9
2026,2,1397.2397689650861,10
2026,3,1557.9644818495224,7
2026,4,1574.7604561870314,6
2026,5,1661.0019046367786,5
2026,6,1820.933457634963,2
2026,7,1884.4859653294366,1
2026,8,1539.742987217641,8
2026,9,1724.9069314347234,4
2026,10,1774.032011731188,3
2026,1,1709.8276303236842,7
2026,2,1486.511833214413,9
2026,3,1754.3547693532305,5
2026,4,1796.468665158308,4
2026,5,1640.027182716828,8
2026,6,1722.9463751085182,6
2026,7,1860.668491692662,2
2026,8,1384.6269934102525,10
2026,9,1844.2002075155128,3
2026,10,1982.124274602229,1
2026,1,1574.8562665642144,8
2026,2,1794.970952197142,4
2026,3,1951.8804697510213,1
2026,4,1532.0375116218977,9
2026,5,1792.0827654212699,5
2026,6,1651.1294663514684,7
2026,7,1357.9755649208973,10
2026,8,1738.4864246554398,6
2026,9,1870.512586746373,2
2026,10,1835.7813957784329,3
2026,1,1776.981451600088,7
2026,2,1691.416884130662,9
2026,3,1732.1829417138006,8
2026,4,1848.7137135644975,5
2026,5,1412.8444394667163,10
2026,6,1791.9023361575055,6
2026,7,1906.1585118211551,2
2026,8,1882.7778779129314,4
2026,9,2029.7402240089195,1
2026,10,1882.981710467415,3
2026,1,1514.7621700018058,8
2026,2,1854.7600875282255,2
2026,3,1937.2212976448695,1
2026,4,1641.065047727702,6
2026,5,1655.5334659761656,4
2026,6,1702.0353199477124,3
2026,7,1644.5960175507907,5
2026,8,1581.109333065815,7
2026,9,1473.189585347693,10
2026,10,1486.4311724506435,9
2026,1,1772.6626392832695,7
2026,2,1842.7383173559192,3
2026,3,1838.1692834270643,4
2026,4,1813.0221928277224,6
2026,5,1921.965357725713,1
2026,6,1877.3737334670004,2
2026,7,1680.7476434334892,9
2026,8,1758.4924627825987,8
2026,9,1654.846595984872,10
2026,10,1822.4956919578074,5
2026,1,1811.9957195071825,5
2026,2,1827.897447823784,3
2026,3,1805.5376053821774,6
2026,4,1832.5710620618752,2
2026,5,1600.1495554461412,10
2026,6,1631.3153048102995,9
2026,7,1718.01961177896,7
2026,8,1689.6167583567592,8
2026,9,1824.2769738471757,4
2026,10,1898.189668239841,1
2026,1,1587.2514150939764,9
2026,2,1772.504272386912,5
2026,3,1793.032619717133,4
2026,4,1907.1768474100554,3
2026,5,1714.324069295306,8
2026,6,1972.0055136702013,1
2026,7,1490.5999519461834,10
2026,8,1757.5699514153148,7
2026,9,1928.5512330753058,2
2026,10,1769.7693735197563,6
2026,1,1650.6287066400973,10
2026,2,1753.083309844054,6
2026,3,1742.0762589761616,7
2026,4,1807.0212843184347,5
2026,5,2040.2651953541374,2
2026,6,2062.574357177246,1
2026,7,1701.893436087773,8
2026,8,1657.4246631524222,9
2026,9,1921.6227231448124,3
2026,10,1808.0101823183054,4
2026,1,1823.1940295912116,7
2026,2,1891.5714430493178,6
2026,3,1573.5203277630371,10
2026,4,1738.618527133733,9
2026,5,1897.3544672178155,5
2026,6,1955.2787227404033,3
2026,7,2143.3061819488726,1
2026,8,1956.4309420196298,2
2026,9,1907.9975958316309,4
2026,10,1805.0123261092367,8
2026,1,1727.446463232159,4
2026,2,1653.8184822725175,6
2026,3,1895.6223761371573,1
2026,4,1539.4086737408031,8
2026,5,1820.5198531521796,2
2026,6,1508.6840112515704,9
2026,7,1658.779438015366,5
2026,8,1496.679924790014,10
2026,9,1643.380798616321,7
2026,10,1804.3379970539,3
2026,1,1602.2867878936104,7
2026,2,1440.1536842175906,10
2026,3,1968.0342099605302,2
2026,4,1998.1985695738308,1
2026,5,1599.8671056541407,8
2026,6,1786.1759362150833,5
2026,7,1825.229563790532,4
2026,8,1865.9323354050282,3
2026,9,1706.954919201732,6
2026,10,1597.5947931105,9
2026,1,1896.2660386006999,3
2026,2,1589.83766871055,8
2026,3,1595.1641581144245,7
2026,4,1538.6888997577425,10
2026,5,1808.331135478048,5
2026,6,1691.9651404795648,6
2026,7,1909.2613657590896,2
2026,8,1589.2418925301886,9
2026,9,2189.3046560458006,1
2026,10,1874.5535702695765,4
2026,1,1750.7363264777337,6
2026,2,1798.7526909721475,4
2026,3,1760.7279921238483,5
2026,4,1815.3195390431556,3
2026,5,1920.0830472360717,2
2026,6,1643.1289277620822,10
2026,7,1669.0878589124568,9
2026,8,1678.8823988900144,8
2026,9,1717.1291892600516,7
2026,10,2060.3729137007167,1
2026,1,1602.6124467272098,10
2026,2,1866.1033765633863,7
2026,3,1835.3464037610104,8
2026,4,1886.5213336042534,6
2026,5,1940.637552873085,4
2026,6,1896.7270911280061,5
2026,7,2057.8302161599954,2
2026,8,2167.3582077567735,1
2026,9,1757.9360357925748,9
2026,10,1979.0732741668107,3
2026,1,1599.7357307533366,9
2026,2,1773.4911655278327,5
2026,3,1661.847839975794,8
2026,4,1948.6475343464535,2
2026,5,1671.4247831699745,7
2026,6,1854.0506068752338,4
2026,7,1867.3179223701504,3
2026,8,1483.3259183230823,10
2026,9,2168.919108460079,1
2026,10,1685.0416036784352,6
2026,1,1588.9736381086268,8
2026,2,1608.9527633814052,7
2026,3,1641.0770126855637,6
2026,4,1694.7695644575629,4
2026,5,1641.3746250983104,5
2026,6,1725.3668174683369,3
2026,7,1562.6745858605395,10
2026,8,1786.7149987760147,2
2026,9,1575.7552422196732,9
2026,10,1863.5325886698888,1
2026,1,1991.7940766489467,2
2026,2,1806.1648367778148,6
2026,3,1668.9563406404086,9
2026,4,1741.2755710918443,8
2026,5,1854.7714373798096,5
2026,6,1962.1762897640226,3
2026,7,1651.211523310686,10
2026,8,1865.769524915626,4
2026,9,2002.5018987977294,1
2026,10,1750.5472255792697,7
2026,1,1577.2761777199662,10
2026,2,1579.991149428147,8
2026,3,1970.5893501030469,1
2026,4,1813.0330901142565,4
2026,5,1579.6819452839022,9
2026,6,1967.2725682455516,2
2026,7,1663.4296262006635,7
2026,8,1748.4025591734207,5
2026,9,1936.970250633598,3
2026,10,1745.5606326555173,6
2026,1,1824.7487093821871,3
2026,2,1682.5152999867655,8
2026,3,1823.9291956324168,4
2026,4,1856.358553496725,2
2026,5,1729.1703801501849,7
2026,6,1672.657499429511,9
2026,7,1546.3769969864384,10
2026,8,1789.0199271276858,5
2026,9,1956.252900816184,1
2026,10,1768.8516429739675,6
2026,1,1842.1413231180122,5
2026,2,1602.6991721472687,10
2026,3,1609.1728314526263,9
2026,4,1616.2595651155507,8
2026,5,2129.1356581169116,1
2026,6,1911.9376443748629,3
2026,7,1722.076423270943,7
2026,8,1935.457801976032,2
2026,9,1868.0316267404187,4
2026,10,1787.78753009495,6
2026,1,1927.166392115626,2
2026,2,1864.012526392583,4
2026,3,1596.5395379568456,10
2026,4,1669.8351720631904,9
2026,5,1674.5587696424534,8
2026,6,1767.5380680395556,7
2026,7,1973.0447050479897,1
2026,8,1803.3165164345687,6
2026,9,1810.6481664677394,5
2026,10,1880.4214709857629,3
2026,1,1760.5713401787111,3
2026,2,1662.2476342935202,5
2026,3,1702.7446414646656,4
2026,4,2063.284976337704,1
2026,5,1610.3581085721376,9
2026,6,1196.6221757236428,10
2026,7,1781.607344209234,2
2026,8,1620.8999463400241,8
2026,9,1632.859020668076,6
2026,10,1628.161811693333,7
2026,1,1581.0503786102872,8
2026,2,1768.4990895923104,1
2026,3,1548.3756475750422,9
2026,4,1746.2965394041116,2
2026,5,1506.003730704032,10
2026,6,1726.0581903945777,5
2026,7,1635.162685123279,7
2026,8,1703.663387951728,6
2026,9,1726.8148042187768,4
2026,10,1737.9285238241698,3
2026,1,1844.1344226057345,6
2026,2,1855.6563654518202,5
2026,3,1858.7175580001372,4
2026,4,1744.2581368252395,7
2026,5,1654.065678802062,8
2026,6,1883.3806180648055,3
2026,7,1447.8685475056968,10
2026,8,1920.411509586248,2
2026,9,1935.5197424127225,1
2026,10,1629.2804921296429,9
2026,1,1953.9572672825582,3
2026,2,1941.3371946217017,4
2026,3,1888.7615574139347,5
2026,4,1865.3360305207325,7
2026,5,2096.319264597029,1
2026,6,1652.8336233466518,9
2026,7,1888.4744112104463,6
2026,8,1722.5200637107318,8
2026,9,2016.792105219267,2
2026,10,1434.6874188349173,10
2026,1,1735.0489632978438,4
2026,2,1666.180786299833,8
2026,3,1478.7846637522655,10
2026,4,1605.7191378581601,9
2026,5,1883.1692611495737,3
2026,6,1721.7584619061731,6
2026,7,1958.6349641322595,2
2026,8,1717.0055492440547,7
2026,9,2228.2380915375497,1
2026,10,1730.0145391357244,5
2026,1,1710.9261672256005,2
2026,2,1462.8794098733297,10
2026,3,1668.880529788226,3
2026,4,1610.3932291784004,5
2026,5,1522.626026363917,8
2026,6,1570.6754159664815,7
2026,7,1511.694351829618,9
2026,8,1647.3289790948852,4
2026,9,1868.2540477792995,1
2026,10,1596.9801740407374,6
2026,1,1821.556978292963,3
2026,2,1702.1076036065676,6
2026,3,1833.502893584588,2
2026,4,1735.7429879426102,5
2026,5,1973.829558272268,1
2026,6,1590.201695269871,10
2026,7,1658.9529062735892,9
2026,8,1695.5283600485413,7
2026,9,1744.7455824153722,4
2026,10,1687.4465420870379,8
2026,1,1828.3248155945766,7
2026,2,1892.0802730981059,3
2026,3,1578.6009430543907,10
2026,4,1815.838119859471,8
2026,5,1889.6294607031627,5
2026,6,1898.4625546002953,2
2026,7,1707.6264755189043,9
2026,8,2109.582657346533,1
2026,9,1861.6583481644284,6
2026,10,1891.1544547571207,4
2026,1,1837.5310246355698,5
2026,2,1545.6297249763709,10
2026,3,2010.5357424724498,2
2026,4,1601.1802017918872,8
2026,5,1847.9456064200576,4
2026,6,1556.2268503810546,9
2026,7,1965.467633363627,3
2026,8,1700.3259148346774,6
2026,9,1680.812947774052,7
2026,10,2133.6871755841767,1
2026,1,1898.4660067281811,2
2026,2,1892.2829198329453,3
2026,3,1982.959558655842,1
2026,4,1710.5735933181716,5
2026,5,1698.113822808646,7
2026,6,1637.911151244523,10
2026,7,1669.5860667620314,8
2026,8,1668.2265456257069,9
2026,9,1860.0065128523552,4
2026,10,1703.1814913731191,6
2026,1,1811.1421906253595,6
2026,2,1393.3913827165993,10
2026,3,1547.9673748844687,9
2026,4,1890.282069782226,3
2026,5,1588.450097351109,8
2026,6,1823.8482613644364,5
2026,7,1825.4233755929895,4
2026,8,2016.6191540361888,2
2026,9,1721.2338151212118,7
2026,10,2029.4698082877671,1
2026,1,1654.8997490852419,4
2026,2,1536.6967514566604,8
2026,3,1941.3692716547234,2
2026,4,1571.0455638348838,7
2026,5,1338.2948559847032,10
2026,6,2093.4329347311786,1
2026,7,1599.148042618378,6
2026,8,1644.1973968400785,5
2026,9,1696.2758897073888,3
2026,10,1526.5276595657692,9
2026,1,1764.1619414317906,5
2026,2,1832.0877771535459,4
2026,3,1735.5714638849322,6
2026,4,1962.2622671471356,2
2026,5,1620.325254228277,9
2026,6,1672.7848697278678,8
2026,7,1496.403850234833,10
2026,8,1697.6271334306343,7
2026,9,1983.0752874561233,1
2026,10,1943.019473860435,3
2026,1,1739.861027335743,7
2026,2,1889.3206858484266,2
2026,3,1341.7464944352287,10
2026,4,1821.8544236390217,4
2026,5,1701.2359817405024,8
2026,6,1496.8633679611223,9
2026,7,1883.7130001878722,3
2026,8,1923.6551336874547,1
2026,9,1751.4737112106372,6
2026,10,1797.6683990029553,5
2026,1,1589.1521704570328,8
2026,2,1688.9271842458795,6
2026,3,1993.963806386976,1
2026,4,1893.0893629500995,4
2026,5,1471.2230591037217,10
2026,6,1971.384364479211,2
2026,7,1710.3736454752152,5
2026,8,1596.1285014999628,7
2026,9,1584.4841264194897,9
2026,10,1932.9408784585062,3
2026,1,1843.136487457613,3
2026,2,1903.640510160074,1
2026,3,1508.163351945375,10
2026,4,1804.6022621560996,4
2026,5,1875.7619321218276,2
2026,6,1714.5563740713324,6
2026,7,1571.4779074717685,8
2026,8,1801.9926971871928,5
2026,9,1682.603293256047,7
2026,10,1538.03313359959,9
2026,1,1662.924939543244,9
2026,2,1901.8110051812782,4
2026,3,1774.2243093030738,7
2026,4,1974.1248254972722,1
2026,5,1609.0523546297138,10
2026,6,1950.6179788711472,2
2026,7,1910.8211206131573,3
2026,8,1702.0367499328645,8
2026,9,1876.7816581694833,5
2026,10,1840.3360168576942,6
2026,1,1538.8052582047208,9
2026,2,1921.3911133593938,1
2026,3,1757.6800756035896,6
2026,4,1679.6001259312093,8
2026,5,1493.1387711525826,10
2026,6,1907.347390007992,2
2026,7,1799.6385750080296,4
2026,8,1763.4873427748407,5
2026,9,1684.8016542974124,7
2026,10,1868.2489037397618,3
2026,1,1926.8268148885327,3
2026,2,1717.255761950959,8
2026,3,1887.9712017711308,4
2026,4,1763.2661423018412,7
2026,5,1927.2095617992286,2
2026,6,2030.2062869957244,1
2026,7,1872.2507093809672,5
2026,8,1645.380779049359,10
2026,9,1780.9385769388878,6
2026,10,1678.771578119966,9
2026,1,1901.0193607996562,2
2026,2,1882.919949974244,3
2026,3,2046.245837178973,1
2026,4,1579.1253912546476,8
2026,5,1822.1121581700886,4
2026,6,1609.938520420162,7
2026,7,1576.0897512072847,9
2026,8,1732.8666750858808,5
2026,9,1529.368276218359,10
2026,10,1672.153220700396,6
2026,1,1878.13033530276,2
2026,2,1867.5282414961334,3
2026,3,1717.0880083213792,8
2026,4,1613.6774449878467,10
2026,5,1728.306764882616,7
2026,6,1681.8469798622496,9
2026,7,2007.0453651524222,1
2026,8,1780.7270280762468,6
2026,9,1804.4576293522782,4
2026,10,1790.2569020869328,5
2026,1,1721.593631451633,6
2026,2,1891.7928772587989,3
2026,3,1669.923650911506,7
2026,4,1517.2140537176647,9
2026,5,1914.8229765424965,2
2026,6,1939.4018892769786,1
2026,7,1723.1002602122285,5
2026,8,1553.7541780422307,8
2026,9,1255.9908196870342,10
2026,10,1843.9778667630426,4
2026,1,1811.7004997089564,3
2026,2,1467.9671113833156,10
2026,3,1811.805431677431,2
2026,4,1785.2656329539664,4
2026,5,1615.23975468834,8
2026,6,1868.7536434365652,1
2026,7,1739.3342145298202,5
2026,8,1593.4458795979747,9
2026,9,1716.9249075056578,6
2026,10,1620.0003203567214,7
2026,1,1700.3729195055403,7
2026,2,1704.1549939093354,6
2026,3,2128.0881133724633,1
2026,4,1742.9418023777666,4
2026,5,1627.373379634161,9
2026,6,1718.300668790478,5
2026,7,1649.7181314162199,8
2026,8,1597.6068926466105,10
2026,9,1778.691353024742,3
2026,10,1807.1551879342824,2
2026,1,1615.1211194473015,7
2026,2,1771.6252747772758,3
2026,3,1703.9406776023095,5
2026,4,2132.349813323468,1
2026,5,1755.9419889631315,4
2026,6,1673.4787141514378,6
2026,7,1468.317234532829,10
2026,8,1482.40014043684,9
2026,9,1560.1294359444983,8
2026,10,1815.1092509733153,2
2026,1,2008.0831000771934,1
2026,2,1677.0793422154675,7
2026,3,1767.499665658746,6
2026,4,1807.4454384526252,4
2026,5,1493.873927734655,10
2026,6,1980.1288259572013,2
2026,7,1664.070469165029,8
2026,8,1658.1759555581787,9
2026,9,1782.3904903360062,5
2026,10,1819.2920081583588,3
2026,1,1528.8298146842774,10
2026,2,1643.1727899469008,7
2026,3,1913.7132786982818,1
2026,4,1783.2305621021708,5
2026,5,1880.5430339388183,2
2026,6,1630.976078767973,8
2026,7,1805.8819906606273,3
2026,8,1793.3307977549634,4
2026,9,1583.2663800725823,9
2026,10,1742.5116570673567,6
2026,1,2049.232238867069,1
2026,2,1724.279339369942,6
2026,3,1707.5920942053658,7
2026,4,1603.320338173947,9
2026,5,1741.280017156725,4
2026,6,1601.6350767276804,10
2026,7,1791.3444330912364,3
2026,8,1740.7029085643317,5
2026,9,1984.0073040395719,2
2026,10,1643.083659919656,8
2026,1,2054.7549194993667,1
2026,2,1768.1051715913004,5
2026,3,1408.9489926559609,10
2026,4,1569.0143211244058,9
2026,5,1869.650353258324,2
2026,6,1666.6221923362061,6
2026,7,1631.0112210804973,8
2026,8,1825.5740708899564,4
2026,9,1843.3942348403502,3
2026,10,1645.8869944301746,7
2026,1,1512.0513452999116,8
2026,2,1796.2173202445451,5
2026,3,1734.1554034424378,6
2026,4,1926.9601416949067,2
2026,5,1845.7357264341838,3
2026,6,2091.7409551507512,1
2026,7,1796.5595119858929,4
2026,8,1498.5761139139424,9
2026,9,1629.0145286541551,7
2026,10,1491.291123158868,10
2026,1,1740.269184742048,5
2026,2,1609.455424141003,7
2026,3,1441.5966442847257,8
2026,4,2041.2563091452191,2
2026,5,1685.5606486382667,6
2026,6,1992.6892236139731,3
2026,7,1824.1911293839994,4
2026,8,2101.7065989980547,1
2026,9,1306.3920441196715,10
2026,10,1420.5505437654492,9
2026,1,1803.3853101674397,7
2026,2,2061.2968113934235,1
2026,3,1815.526123386294,5
2026,4,1812.0892330785491,6
2026,5,1823.8441849456328,3
2026,6,1623.4027057729988,9
2026,7,1819.079014616022,4
2026,8,1958.7859915562422,2
2026,9,1536.685703953222,10
2026,10,1761.4623842793362,8
2026,1,1862.5777459007982,1
2026,2,1839.9288335210263,2
2026,3,1669.5535916214242,6
2026,4,1550.8427732129735,9
2026,5,1647.379991004781,7
2026,6,1430.038734749513,10
2026,7,1733.8702109196386,5
2026,8,1765.7906121567917,4
2026,9,1601.6667694694586,8
2026,10,1804.2539843858933,3
2026,1,2052.1908914995934,1
2026,2,1740.481966581906,8
2026,3,1758.695126819686,6
2026,4,2051.0130946562795,2
2026,5,1796.7082626837578,5
2026,6,1990.1518013348707,4
2026,7,1745.1871901259292,7
2026,8,1441.147870846828,10
2026,9,2034.1526143114538,3
2026,10,1490.3411494652853,9
2026,1,1750.186811239213,3
2026,2,1727.9353173379086,5
2026,3,1731.9743611561316,4
2026,4,1413.2322271547073,10
2026,5,1750.3855245738087,2
2026,6,1700.2292259860587,6
2026,7,1986.222563977611,1
2026,8,1668.723495804521,7
2026,9,1568.970853827946,9
2026,10,1652.675461375578,8
2026,1,1897.3167234079904,3
2026,2,1992.1577046980751,1
2026,3,1553.1853266881556,9
2026,4,1713.2374285197138,6
2026,5,1833.2582277852484,4
2026,6,1936.249189344921,2
2026,7,1588.2954427979048,8
2026,8,1670.002585189663,7
2026,9,1737.6921166823465,5
2026,10,1400.3570629500541,10
2026,1,1767.4176321578354,6
2026,2,1902.996298991159,3
2026,3,1723.615977834852,8
2026,4,1748.5244231512002,7
2026,5,1626.780097730215,9
2026,6,1938.7452578006187,2
2026,7,1781.5415223072234,4
2026,8,2077.0539284433453,1
2026,9,1549.1076578663437,10
2026,10,1772.8782044114066,5
2026,1,1644.3185745451942,8
2026,2,1855.8207564896468,4
2026,3,1884.8935818837124,3
2026,4,1663.8252671133366,7
2026,5,2011.6988864469472,1
2026,6,1291.1318037966737,10
2026,7,1721.9469465183092,5
2026,8,1365.0374566813882,9
2026,9,1935.6507393891575,2
2026,10,1669.2072135857052,6
2026,1,1725.4133827994071,5
2026,2,1643.9083511624622,7
2026,3,1509.131724565027,10
2026,4,1767.7900538468502,3
2026,5,1551.9950753706569,9
2026,6,1599.717491677009,8
2026,7,1691.5480210908365,6
2026,8,2012.3132518148843,1
2026,9,1780.9219257885638,2
2026,10,1761.1046404251704,4
2026,1,1679.7231303262595,6
2026,2,1826.343696980746,4
2026,3,1906.6490601510889,3
2026,4,1473.7052276117843,10
2026,5,2121.266578130138,1
2026,6,1620.8734179768487,9
2026,7,1673.8347149603842,7
2026,8,1658.0093440424707,8
2026,9,2000.6874347741411,2
2026,10,1680.052219535219,5
2026,1,1992.0916760630244,1
2026,2,1675.415297423659,5
2026,3,1515.2296099621492,9
2026,4,1562.921404451721,8
2026,5,1432.699004825374,10
2026,6,1927.9866046682027,2
2026,7,1889.637005015582,3
2026,8,1629.6691254654054,6
2026,9,1792.0714276555848,4
2026,10,1579.3267705971157,7
2026,1,1899.0632028837792,2
2026,2,1544.0209199096216,10
2026,3,1768.9852874155968,4
2026,4,1601.269572876225,8
2026,5,1714.9979109199412,6
2026,6,1772.4854596793336,3
2026,7,1727.2820209342299,5
2026,8,1969.9501640240019,1
2026,9,1699.916996325016,7
2026,10,1562.7332911532308,9
2026,1,1869.8159964519355,4
2026,2,1660.9440311773922,9
2026,3,1719.3428458954952,7
2026,4,2010.1622501179522,2
2026,5,2257.4393293955277,1
2026,6,1891.5678952017101,3
2026,7,1747.8729570514765,6
2026,8,1798.18846789141,5
2026,9,1716.6669148909218,8
2026,10,1654.0852188035024,10
2026,1,1860.1935741147306,5
2026,2,1741.1633200026567,6
2026,3,1870.522665957519,4
2026,4,1897.4492718461706,1
2026,5,1887.218498764815,2
2026,6,1875.8293142598618,3
2026,7,1608.6101177130165,10
2026,8,1656.8238451397697,8
2026,9,1685.5609037813256,7
2026,10,1638.4341766611096,9
2026,1,1736.7318687532352,2
2026,2,1623.5091458974953,6
2026,3,1592.4020210664894,7
2026,4,1676.780815929601,4
2026,5,1216.4466231024921,10
2026,6,1634.7622595811788,5
2026,7,1533.7018263016428,9
2026,8,1720.3747994081134,3
2026,9,1560.087276446644,8
2026,10,1752.012501001243,1
2026,1,1475.6008644639255,9
2026,2,1864.4231884647666,6
2026,3,1886.3645044762907,4
2026,4,1405.8844946411123,10
2026,5,1919.5705935101937,2
2026,6,1967.1284803798608,1
2026,7,1876.1909462088934,5
2026,8,1911.0569567501582,3
2026,9,1582.159805511366,8
2026,10,1807.9763701953275,7
2026,1,1725.7510836643864,4
2026,2,1556.7105288359103,9
2026,3,1704.618627805771,5
2026,4,1693.0037904359779,6
2026,5,1594.7013596434513,8
2026,6,2001.6628384005473,1
2026,7,1684.8275390548279,7
2026,8,1536.0378317433344,10
2026,9,1783.8936010410785,3
2026,10,1905.9699433327123,2
2026,1,1764.6623106435486,6
2026,2,1907.7952408649662,2
2026,3,1828.4909699013137,4
2026,4,1956.97923548141,1
2026,5,1682.0478676218663,8
2026,6,1797.1982963025564,5
2026,7,1738.2493005076562,7
2026,8,1679.9856968690606,9
2026,9,1901.9795100339813,3
2026,10,1576.446173227033,10
2026,1,1683.352713055625,6
2026,2,1709.1030688405117,5
2026,3,1462.8721066110006,10
2026,4,1951.9881866011888,1
2026,5,1752.3169230920748,4
2026,6,1943.4258577371502,2
2026,7,1637.4471005119694,8
2026,8,1553.243542088148,9
2026,9,1838.8638445366164,3
2026,10,1677.5514179704169,7
2026,1,1710.9749438754461,6
2026,2,1623.2427745392956,9
2026,3,1697.3120125421633,7
2026,4,2088.19070670204,1
2026,5,1971.6503073344777,2
2026,6,1578.0344732165734,10
2026,7,1940.9689927166582,3
2026,8,1877.7762205703648,4
2026,9,1719.0425834377852,5
2026,10,1696.1361950059108,8
2026,1,1622.9210922304042,9
2026,2,1637.6775733682844,8
2026,3,1919.0118962525703,3
2026,4,1984.4240092571222,2
2026,5,1522.7906835487402,10
2026,6,1833.3757992175647,5
2026,7,2035.1834432671892,1
2026,8,1817.785555961937,6
2026,9,1885.8808885844999,4
2026,10,1730.5669796504985,7
2026,1,1555.5063534234166,9
2026,2,2034.410425081052,1
2026,3,1490.9619839898573,10
2026,4,1573.0969376905937,8
2026,5,1655.4659020393524,4
2026,6,1650.864987962526,5
2026,7,1970.8456170721747,2
2026,8,1837.6819893587626,3
2026,9,1609.9273887426134,7
2026,10,1627.2773420383282,6
2026,1,1819.3900606302736,5
2026,2,1703.5001986389188,8
2026,3,1639.158817181333,9
2026,4,1959.7377420442278,1
2026,5,1921.561530272427,2
2026,6,1584.8029693412068,10
2026,7,1902.540398559237,3
2026,8,1731.5307976251454,7
2026,9,1759.2067670868403,6
2026,10,1838.6841910671276,4
2026,1,1786.2312105665462,6
2026,2,1645.6467549361137,9
2026,3,1981.3025837777632,2
2026,4,1789.0850755461183,5
2026,5,1714.0464214091749,7
2026,6,1792.912479625249,4
2026,7,1894.0397833023317,3
2026,8,1632.8270985122824,10
2026,9,1998.7730986571833,1
2026,10,1674.9726671312499,8
2026,1,1995.7191227709661,2
2026,2,1894.658518347517,4
2026,3,1556.3651116636963,8
2026,4,1935.235600972115,3
2026,5,2157.517040959717,1
2026,6,1517.768219978214,9
2026,7,1720.7607909105159,7
2026,8,1470.5510152378286,10
2026,9,1732.3389372712531,6
2026,10,1831.3370080717855,5
2026,1,1692.3668947530905,5
2026,2,1896.4024780482455,1
2026,3,1886.769077822557,2
2026,4,1431.1900608786575,10
2026,5,1742.9105222635012,4
2026,6,1562.7931046845447,9
2026,7,1751.1329073120285,3
2026,8,1577.9113183865377,8
2026,9,1681.0865821896136,6
2026,10,1645.3356412767992,7
2026,1,1736.46978460586,4
2026,2,1963.5265297613678,1
2026,3,1685.633556921568,7
2026,4,1748.09476228386,3
2026,5,1551.2702834873553,10
2026,6,1804.0038542856028,2
2026,7,1646.3556713679604,8
2026,8,1723.5921912505626,5
2026,9,1645.6515387288262,9
2026,10,1686.0764774863667,6
2026,1,1564.200729931522,8
2026,2,1740.5874510393407,4
2026,3,1659.202950319408,7
2026,4,1827.482277866542,2
2026,5,1509.6850393125815,10
2026,6,1760.8763607422131,3
2026,7,1705.9673866283451,5
2026,8,1525.0257946033194,9
2026,9,2008.9190903100325,1
2026,10,1684.0728730113292,6
2026,1,1957.8252385330632,3
2026,2,1537.4332678495887,10
2026,3,1947.4551013807513,4
2026,4,1793.4105061505338,7
2026,5,1786.4758727150124,8
2026,6,1972.3607970304097,2
2026,7,1883.707990238178,6
2026,8,1754.517255578309,9
2026,9,1887.8665738383102,5
2026,10,2157.9100585996707,1
2026,1,1659.1490887862417,9
2026,2,1761.3458349354821,6
2026,3,2049.659934051449,1
2026,4,1773.971277408959,4
2026,5,1597.7964368180978,10
2026,6,1662.2305407023798,8
2026,7,1886.5689168524277,3
2026,8,1759.303947059508,7
2026,9,1766.481331436526,5
2026,10,1895.5800438630213,2
2026,1,2054.709117449588,2
2026,2,2093.26328936927,1
2026,3,1970.3305061764497,3
2026,4,1847.8490474919474,5
2026,5,1660.7920326428805,10
2026,6,1711.4431414991132,9
2026,7,1724.3105328108386,8
2026,8,1803.4889738519541,6
2026,9,1739.2464434849194,7
2026,10,1957.2020052331864,4
2026,1,1664.3436936096768,8
2026,2,1816.601454877627,3
2026,3,1642.437019425935,9
2026,4,1944.5771701436106,1
2026,5,1701.8407669730539,7
2026,6,1716.9700744588658,6
2026,7,1853.6329570875312,2
2026,8,1797.4357810955414,4
2026,9,1584.78547929568,10
2026,10,1724.136639298036,5
2026,1,1673.8994792808219,7
2026,2,1613.5874825615758,9
2026,3,1665.3387804887284,8
2026,4,1711.0192617716207,5
2026,5,1856.8496797145617,3
2026,6,1732.9187283869228,4
2026,7,2049.8764270423662,1
2026,8,1707.0231656195542,6
2026,9,1903.3499948243314,2
2026,10,1592.238704321238,10
2026,1,1759.4025561886456,5
2026,2,1933.9291774232224,2
2026,3,1730.1828870513145,6
2026,4,2108.975371896686,1
2026,5,1662.3795208235779,7
2026,6,1843.6338305576355,3
2026,7,1784.9917493455173,4
2026,8,1618.224800362697,9
2026,9,1430.966321951627,10
2026,10,1653.891000849479,8
2026,1,1737.641750434816,7
2026,2,1875.9479899542084,4
2026,3,1953.5765430102697,1
2026,4,1654.5856855847255,9
2026,5,1938.9205048212893,2
2026,6,1759.0537934506392,6
2026,7,1829.6927506022062,5
2026,8,1897.9605108697924,3
2026,9,1440.726063254293,10
2026,10,1685.9559943872146,8
2026,1,1645.3055125590827,8
2026,2,1609.2096426654707,9
2026,3,1827.2709988676156,6
2026,4,1930.384484618344,4
2026,5,2116.2502578115,2
2026,6,1526.8720056554052,10
2026,7,1755.1585098714754,7
2026,8,1925.0622270126164,5
2026,9,2047.1156067673317,3
2026,10,2289.37550923689,1
2026,1,1591.3428937832746,10
2026,2,1788.3769098990815,2
2026,3,1704.8796792031433,5
2026,4,1856.8077499886144,1
2026,5,1705.333086954549,4
2026,6,1618.8767272565526,9
2026,7,1692.5202958129244,6
2026,8,1652.2405236769541,7
2026,9,1711.8204015019605,3
2026,10,1626.108313127465,8
2026,1,1651.4157489679176,8
2026,2,1752.0903226197697,7
2026,3,1766.9923801959858,6
2026,4,1629.824863629389,9
2026,5,1405.348610888222,10
2026,6,1815.9316375406465,4
2026,7,2116.154216834105,1
2026,8,1790.488438657679,5
2026,9,1875.381258114159,3
2026,10,1929.9344085708376,2
2026,1,1760.2128477939987,7
2026,2,1779.8624055551536,6
2026,3,1915.1001019214161,3
2026,4,1896.7473011807706,4
2026,5,1815.7933122365387,5
2026,6,1542.131214484879,9
2026,7,2017.9151480535695,2
2026,8,2018.4587025136618,1
2026,9,1376.1826893410532,10
2026,10,1649.0204672926423,8
2026,1,1748.2894435108265,5
2026,2,1912.4509849800138,2
2026,3,1421.201087331359,10
2026,4,1991.6930723982466,1
2026,5,1666.027730540756,8
2026,6,1734.1159022154447,6
2026,7,1670.8320750935898,7
2026,8,1800.883520621324,4
2026,9,1633.4103952341407,9
2026,10,1803.6886543925248,3
2026,1,1961.1034144217933,1
2026,2,1726.1979811990573,8
2026,3,1791.4942772770369,5
2026,4,1783.5909019108997,6
2026,5,1706.598568668195,9
2026,6,1798.3351202236765,4
2026,7,1580.3087896304269,10
2026,8,1754.1954857219903,7
2026,9,1853.6013820487956,3
2026,10,1882.0966895103088,2
2026,1,1709.8854353047327,8
2026,2,1699.7459077850035,9
2026,3,1651.8348312182427,10
2026,4,1750.1643518214028,5
2026,5,1773.3706079850595,3
2026,6,1851.6123792388175,2
2026,7,1717.8077887475129,7
2026,8,1978.8069462314265,1
2026,9,1769.4806961751901,4
2026,10,1744.0207036743586,6
2026,1,1706.3003030890025,5
2026,2,1459.9969193131428,10
2026,3,1922.1265498230987,1
2026,4,1510.5525374819542,8
2026,5,1665.524992134573,6
2026,6,1865.2306894692224,2
2026,7,1864.5492140244633,3
2026,8,1463.8442545775015,9
2026,9,1830.3982301013561,4
2026,10,1586.6908782548198,7
2026,1,1674.469179839574,6
2026,2,1749.7815591929327,5
2026,3,1811.8949676463628,3
2026,4,1750.3577666779097,4
2026,5,1493.9703927841415,9
2026,6,1470.8673205861307,10
2026,7,1660.5385899410699,7
2026,8,1565.5402190686275,8
2026,9,1873.168047200195,2
2026,10,1939.1226026078375,1
2026,1,1454.7226154346617,10
2026,2,1781.0029604033352,4
2026,3,1776.393812902933,5
2026,4,1908.9385785231336,2
2026,5,1559.513194164442,8
2026,6,1589.6835957717176,7
2026,7,1466.2467338723911,9
2026,8,2053.643468190056,1
2026,9,1831.8433632444542,3
2026,10,1599.4931642391796,6
2026,1,1851.6030691984129,2
2026,2,1706.0132769257218,7
2026,3,1989.4088857216316,1
2026,4,1781.4139236796468,5
2026,5,1575.1336475620728,9
2026,6,1777.9989460002957,6
2026,7,1790.0799563061314,4
2026,8,1537.3360826650144,10
2026,9,1654.993383648015,8
2026,10,1807.670572776956,3
2026,1,1790.8055572816775,4
2026,2,1500.268880312099,10
2026,3,1664.260081321157,7
2026,4,1778.080918938914,5
2026,5,1869.8936740332542,2
2026,6,1613.6212914885314,8
2026,7,1811.5922633539421,3
2026,8,1922.2813515096504,1
2026,9,1600.6669183688318,9
2026,10,1674.5224532858433,6
2026,1,1738.9046400921775,4
2026,2,1770.1496703975472,3
2026,3,1727.736438490987,6
2026,4,1990.674792468426,1
2026,5,1728.5572126369223,5
2026,6,1660.6336523476648,8
2026,7,1711.7208698928057,7
2026,8,1606.915658209973,10
2026,9,1614.7714152658464,9
2026,10,1801.862246770541,2
2026,1,1662.903378927501,6
2026,2,1250.688705022761,10
2026,3,1557.6632149839365,9
2026,4,1640.8971480070172,8
2026,5,1712.5178226787577,5
2026,6,1830.8230589617851,3
2026,7,1654.7232109898519,7
2026,8,1926.1329857809712,1
2026,9,1851.993988939983,2
2026,10,1783.5393461738129,4
2026,1,1424.4702262097458,10
2026,2,1894.5939904834227,4
2026,3,1581.674280639902,6
2026,4,1991.6933060441359,1
2026,5,1523.168265771019,8
2026,6,1806.075455396914,5
2026,7,1513.4280507903868,9
2026,8,1552.017199500572,7
2026,9,1946.604203274907,2
2026,10,1931.9802681365027,3
2026,1,1500.544230825371,10
2026,2,1698.4042819252304,5
2026,3,1785.4510772919527,1
2026,4,1548.6507671222248,9
2026,5,1633.0066617578414,8
2026,6,1701.6429753120533,4
2026,7,1687.6639693233028,6
2026,8,1768.5305656335158,2
2026,9,1674.4878684547716,7
2026,10,1765.8464346809478,3
2026,1,1666.0845762811816,7
2026,2,2000.886545981125,1
2026,3,1574.4602826240966,10
2026,4,1812.9121963635164,5
2026,5,1614.8456343693192,9
2026,6,1815.2863022727283,4
2026,7,1830.902499846019,3
2026,8,1806.5619116357966,6
2026,9,1653.7292680826276,8
2026,10,1890.6808769792942,2
2026,1,1610.351077468977,9
2026,2,1885.595370533255,1
2026,3,1824.8485818392073,3
2026,4,1842.4210900833145,2
2026,5,1698.386539966919,6
2026,6,1717.4492430330945,5
2026,7,1649.121132154705,8
2026,8,1728.9771463262325,4
2026,9,1577.019131374813,10
2026,10,1690.259657331703,7
2026,1,1757.7979802822733,5
2026,2,1419.4535224718043,10
2026,3,1762.1779975469954,4
2026,4,1734.5518993340909,6
2026,5,1719.500044761531,7
2026,6,2065.740647151474,1
2026,7,1632.6602749272538,9
2026,8,1650.149790683462,8
2026,9,1788.2422320272572,3
2026,10,1964.352793442238,2
2026,1,1514.7309964777698,10
2026,2,2036.2730507315848,1
2026,3,1518.7830371169557,9
2026,4,1599.27823841996,7
2026,5,1534.544144104946,8
2026,6,1926.2082895255003,2
2026,7,1793.0480441937725,5
2026,8,1648.5956920318868,6
2026,9,1797.3067395713397,4
2026,10,1805.0195426472221,3
2026,1,1738.5992893355074,6
2026,2,1872.918877494364,3
2026,3,1635.6346045353444,9
2026,4,1737.2584938357404,7
2026,5,1807.4855413454823,4
2026,6,1984.3070573200348,1
2026,7,1720.5709063172253,8
2026,8,1544.1441307649752,10
2026,9,1893.5890122847193,2
2026,10,1776.3564645333477,5
2026,1,1884.7992288186515,4
2026,2,1781.8368746969738,9
2026,3,1809.1254263817084,7
2026,4,1927.900800171121,3
2026,5,2003.8649130851247,1
2026,6,1812.723510708634,6
2026,7,1805.1693200072355,8
2026,8,1655.514416031547,10
2026,9,1933.882408294888,2
2026,10,1858.0245967304022,5
2026,1,1628.6796762468214,8
2026,2,1841.8187186896985,3
2026,3,1840.6783374532,4
2026,4,1722.4353355996768,5
2026,5,1893.242947434084,1
2026,6,1860.6078143313491,2
2026,7,1711.3281162165306,6
2026,8,1665.8784598143554,7
2026,9,1421.6695551832809,9
2026,10,1382.9315963708536,10
2026,1,1801.6178670308789,5
2026,2,1765.4134372491333,6
2026,3,1754.689425473888,7
2026,4,1887.698963519483,4
2026,5,1911.245633376572,3
2026,6,1918.9723042704086,2
2026,7,1604.3086056907132,9
2026,8,1919.939567062976,1
2026,9,1567.6229405072631,10
2026,10,1606.056527500541,8
2026,1,1733.5930123789494,3
2026,2,1594.1590973545003,8
2026,3,1720.1431839247807,4
2026,4,1695.908129323032,5
2026,5,1521.1378292379968,10
2026,6,1859.6485917625416,1
2026,7,1680.68050111632,6
2026,8,1579.9764859085449,9
2026,9,1814.5163404449706,2
2026,10,1632.6676455782338,7
2026,1,1781.4721538119902,6
2026,2,1847.1283294357522,2
2026,3,1611.0132274663724,9
2026,4,1677.8038525076574,8
2026,5,1922.8268305687716,1
2026,6,1712.0510534903274,7
2026,7,1781.610210460085,5
2026,8,1784.2543750878062,4
2026,9,1800.7619057981847,3
2026,10,1520.069706542963,10
2026,1,1734.4729965447477,7
2026,2,1644.6262383686462,9
2026,3,1884.929119966203,2
2026,4,1817.42884165756,3
2026,5,1783.8382095668212,5
2026,6,1780.3560198409564,6
2026,7,1812.414446304425,4
2026,8,1381.4270944912307,10
2026,9,2136.7216761581844,1
2026,10,1680.3828792611682,8
2026,1,1735.0044633471393,4
2026,2,1893.0955939087055,2
2026,3,1732.608934674976,5
2026,4,1681.9134470367685,8
2026,5,1582.8018313401249,10
2026,6,1714.8914445320286,6
2026,7,1804.1218433020447,3
2026,8,1682.777227966283,7
2026,9,1668.7972979551084,9
2026,10,1899.8706255410527,1
2026,1,1908.2749348847508,2
2026,2,1817.7284484546403,6
2026,3,1703.151800709026,9
2026,4,1705.0110060176364,8
2026,5,1648.5412881411219,10
2026,6,1829.9520822699192,5
2026,7,1871.7956210738862,4
2026,8,1795.9101038839808,7
2026,9,1914.0522912502706,1
2026,10,1878.920100827194,3
2026,1,1459.944056826573,10
2026,2,1692.0323003941983,7
2026,3,1675.6018803092284,8
2026,4,1956.4014526753895,2
2026,5,1720.395770580877,6
2026,6,1770.3813909866828,4
2026,7,1750.5359305449592,5
2026,8,2017.454175126345,1
2026,9,1867.9768489761145,3
2026,10,1502.1612959995105,9
2026,1,1505.280196362829,9
2026,2,1824.8286344727635,3
2026,3,1362.7480656175962,10
2026,4,1750.5264628922528,6
2026,5,1627.302548929339,8
2026,6,1774.7288137345454,5
2026,7,1682.0872179892635,7
2026,8,1806.113426077527,4
2026,9,1842.5323694518368,2
2026,10,1950.6228012497772,1
2026,1,1953.5290141258122,2
2026,2,1440.977192980201,10
2026,3,1608.8039499046502,7
2026,4,1802.7568160175217,4
2026,5,1815.41666544169,3
2026,6,1600.1899681179177,8
2026,7,1706.4565658591314,6
2026,8,1473.2199284087144,9
2026,9,1998.4149144731578,1
2026,10,1730.3797405623018,5
2026,1,1699.937644025434,6
2026,2,1843.4834981764761,3
2026,3,1606.8561298006402,7
2026,4,1798.1586415978682,4
2026,5,2026.9699496406383,1
2026,6,1721.327604586183,5
2026,7,1598.9107996623534,8
2026,8,1857.167961062718,2
2026,9,1575.1951692813145,9
2026,10,1504.821846510341,10
2026,1,1780.501960467319,7
2026,2,1877.3257693857604,3
2026,3,1740.420250408802,8
2026,4,1731.9793188223186,9
2026,5,1937.4032884104122,2
2026,6,2012.9673465614442,1
2026,7,1790.9701523394147,6
2026,8,1832.3946684437308,4
2026,9,1679.4359422001119,10
2026,10,1826.383025062911,5
2026,1,1970.7354282331712,2
2026,2,1922.8441293026303,3
2026,3,1859.2102695051879,4
2026,4,1456.6506046756901,10
2026,5,1847.626829763748,5
2026,6,1600.923110169197,9
2026,7,1818.2371306177915,6
2026,8,1971.3020857098995,1
2026,9,1764.8601429411272,8
2026,10,1772.7281929437283,7
2026,1,1619.2353750723746,9
2026,2,1764.9765995729542,5
2026,3,1836.0775299833317,2
2026,4,1749.6409454320892,7
2026,5,2075.6015522445387,1
2026,6,1752.3825065773021,6
2026,7,1765.783761094644,4
2026,8,1592.7754727512356,10
2026,9,1834.1217130300736,3
2026,10,1747.5679919056,8
2026,1,1900.2098262581144,1
2026,2,1793.9850965047362,3
2026,3,1765.883666943259,5
2026,4,1599.221498320678,8
2026,5,1590.7457668611987,9
2026,6,1796.0036113360798,2
2026,7,1540.0894161520323,10
2026,8,1730.8284633012395,6
2026,9,1705.3101994887097,7
2026,10,1793.323931910934,4
2026,1,1436.0945248983442,9
2026,2,1743.0867737125022,4
2026,3,1572.42068459778,7
2026,4,1665.140697576549,5
2026,5,1651.4065651343208,6
2026,6,1908.113511197922,1
2026,7,1529.2594832596985,8
2026,8,1874.2269442787194,2
2026,9,1384.957444117551,10
2026,10,1779.501842478901,3
2026,1,1535.8418782100734,9
2026,2,1556.2606268084887,8
2026,3,1520.0868701779118,10
2026,4,1831.6059729218443,2
2026,5,1665.39780470103,3
2026,6,1637.271874317672,5
2026,7,1637.3718991995772,4
2026,8,1556.3126231531146,7
2026,9,1918.958727489156,1
2026,10,1620.594672936883,6
2026,1,1689.008508248162,7
2026,2,2060.7161386782345,1
2026,3,1730.064129057451,5
2026,4,1647.7826435222291,9
2026,5,1712.401072590593,6
2026,6,1654.4833409311614,8
2026,7,1458.1071550632596,10
2026,8,1789.859622410449,4
2026,9,1911.7619687754677,2
2026,10,1857.3208915875448,3
2026,1,1523.4784973067456,8
2026,2,1677.4242217842861,7
2026,3,1819.7609869165333,4
2026,4,1766.7932879735476,5
2026,5,1860.8409942245594,3
2026,6,1488.5291606140622,9
2026,7,1877.9286497523572,1
2026,8,1446.933609826433,10
2026,9,1872.2693860332315,2
2026,10,1686.1837803781095,6
2026,1,1663.7726572340462,8
2026,2,1744.7788479272763,5
2026,3,1597.1411312958687,10
2026,4,1643.8083710027547,9
2026,5,1700.2471816222396,6
2026,6,1913.0519189253791,2
2026,7,1936.895802011546,1
2026,8,1679.9370279857433,7
2026,9,1894.4559881445157,3
2026,10,1827.579476918189,4
2026,1,2037.991311300545,1
2026,2,1918.2508229828618,3
2026,3,1647.7415391621562,9
2026,4,1833.5392293488426,4
2026,5,1994.6313888968684,2
2026,6,1605.5368805131357,10
2026,7,1780.4044155756667,5
2026,8,1673.9113195818454,7
2026,9,1648.598287461589,8
2026,10,1756.1223465797725,6
2026,1,1978.3980741643643,2
2026,2,1810.506527500378,5
2026,3,1806.415664631786,6
2026,4,1589.5706885788672,10
2026,5,1797.995684226165,8
2026,6,1799.3861803213972,7
2026,7,1844.807227071491,3
2026,8,1660.5139985436788,9
2026,9,1829.8479831535326,4
2026,10,1993.178541973309,1
2026,1,1930.751537337473,1
2026,2,1900.4764460465622,2
2026,3,1588.243101151891,7
2026,4,1743.4348043125744,4
2026,5,1446.8601231369698,10
2026,6,1489.033961776393,9
2026,7,1792.672783262668,3
2026,8,1682.3456466861376,5
2026,9,1522.3850560475626,8
2026,10,1603.2534421428663,6
2026,1,1777.586818390293,2
2026,2,1508.6564537431832,10
2026,3,1703.1070480730268,7
2026,4,1767.55053196273,4
2026,5,1777.123382487069,3
2026,6,1711.3102750077558,6
2026,7,1700.1459854073437,8
2026,8,1910.8028030394012,1
2026,9,1747.0988398310355,5
2026,10,1681.1553340656587,9
2026,1,1827.575889164626,5
2026,2,1575.834687736769,10
2026,3,1894.174855553253,3
2026,4,1891.9193779377574,4
2026,5,1926.8591444948297,2
2026,6,2050.0594882481623,1
2026,7,1598.5906068828017,9
2026,8,1735.8277448345852,8
2026,9,1748.642281605275,7
2026,10,1789.147966218171,6
2026,1,1796.3170400636138,2
2026,2,1741.9078327692896,3
2026,3,1664.3566917590094,6
2026,4,1556.446547477973,9
2026,5,1695.7802832414905,4
2026,6,1484.3453085321598,10
2026,7,1586.3263690328404,8
2026,8,1691.1941378795836,5
2026,9,1908.8348313816753,1
2026,10,1618.0899098920247,7
2026,1,1781.698188419807,4
2026,2,1700.6892947191693,6
2026,3,1580.5692932602092,8
2026,4,1886.8805401611953,3
2026,5,1742.0868988471025,5
2026,6,1557.8320901828017,9
2026,7,1528.6963560315264,10
2026,8,1989.836602401617,1
2026,9,1629.0979661113292,7
2026,10,1918.6150493700716,2
2026,1,1991.4776327421125,1
2026,2,1883.5965409054547,3
2026,3,1723.2477366523199,8
2026,4,1771.344654756913,6
2026,5,1978.6802794065065,2
2026,6,1792.0883966029287,4
2026,7,1505.252965024094,10
2026,8,1745.4164306956645,7
2026,9,1648.1276460033218,9
2026,10,1778.9397313141785,5
2026,1,1699.8385778647794,5
2026,2,1611.6905664342985,7
2026,3,1613.4863619624966,6
2026,4,1743.3322292192288,4
2026,5,1769.1128895146521,3
2026,6,1925.388893630363,2
2026,7,2092.1336591528748,1
2026,8,1323.269505629174,10
2026,9,1561.8643932154996,8
2026,10,1534.5204599426547,9
2026,1,1770.323409861333,5
2026,2,1789.6917922599557,4
2026,3,1539.699675631389,10
2026,4,1614.4179057461392,8
2026,5,1753.2275387849372,6
2026,6,1791.8029139201985,3
2026,7,2162.0243148867194,1
2026,8,1729.347992894931,7
2026,9,1824.4261298415165,2
2026,10,1569.9783387026464,9
2026,1,1698.1483463131153,5
2026,2,1761.954127138033,3
2026,3,1718.559365744565,4
2026,4,1661.6367914041198,6
2026,5,1645.7370562604801,7
2026,6,1631.0106848327976,8
2026,7,1533.7619502509788,10
2026,8,1553.1297528180785,9
2026,9,1944.5143582895757,2
2026,10,2120.561043131715,1
2026,1,1642.330647292192,9
2026,2,1658.6952846131794,8
2026,3,1992.884946189925,1
2026,4,1785.7820261596023,6
2026,5,1987.6100778215982,2
2026,6,1904.450020116025,4
2026,7,1977.5638576692409,3
2026,8,1717.3052582253376,7
2026,9,1887.3543381898735,5
2026,10,1545.0098384737241,10
2026,1,1700.6741707217639,4
2026,2,1554.5080622148307,8
2026,3,1525.1406571071827,9
2026,4,1977.6715790097405,1
2026,5,1838.629156772645,2
2026,6,1687.686451051612,5
2026,7,1504.5735865599108,10
2026,8,1624.4047524165226,6
2026,9,1567.7244511229487,7
2026,10,1730.8249890342295,3
2026,1,1733.057660025981,7
2026,2,2033.0330034728893,1
2026,3,1892.738004431216,4
2026,4,1622.845991868905,10
2026,5,1693.2356279763417,8
2026,6,1947.4086355446843,3
2026,7,1812.239206566558,6
2026,8,2001.540756974197,2
2026,9,1691.768357135565,9
2026,10,1845.4934733551572,5
2026,1,1861.1419931013884,4
2026,2,1590.48347111882,9
2026,3,1923.6300815384357,2
2026,4,1598.1122777963262,8
2026,5,1488.0739330941265,10
2026,6,1835.2064067226815,6
2026,7,1882.8951844406847,3
2026,8,2047.6441424450795,1
2026,9,1849.499125919679,5
2026,10,1780.7765380703252,7
2026,1,1779.3479654905054,3
2026,2,1789.6092166361304,2
2026,3,1428.1704361096217,10
2026,4,1734.7637952245125,4
2026,5,1648.7598748546006,6
2026,6,1434.1885389597785,9
2026,7,1689.4713102561743,5
2026,8,1607.936074873795,8
2026,9,1901.6657168331662,1
2026,10,1627.8136098616067,7
2026,1,1745.59041720051,6
2026,2,1671.5867719836801,7
2026,3,1884.0255895315318,4
2026,4,1612.8167253627664,9
2026,5,1628.7843436977948,8
2026,6,1770.2300595910772,5
2026,7,1382.0061245976829,10
2026,8,1923.6454902194976,3
2026,9,1981.0711675323466,2
2026,10,1989.6692297371321,1
2026,1,1882.0447654574689,4
2026,2,1961.9040082196148,3
2026,3,1629.0725324916275,6
2026,4,1616.8568067507967,7
2026,5,1570.7782847830188,9
2026,6,1508.4666602001137,10
2026,7,2016.2731249324768,1
2026,8,1583.0311801671298,8
2026,9,1978.574165021002,2
2026,10,1649.346494156957,5
2026,1,1748.1654664023833,3
2026,2,1538.8396500524454,8
2026,3,1547.3861513208628,7
2026,4,1788.9605060009403,2
2026,5,1581.0186045774396,6
2026,6,1633.7024130323357,5
2026,7,1737.027595210006,4
2026,8,1959.4271117947153,1
2026,9,1363.7074210161702,10
2026,10,1532.5837977247095,9
2026,1,1701.304207180614,6
2026,2,1699.861304164694,7
2026,3,1608.5392894094236,8
2026,4,1600.0253395815043,9
2026,5,1768.031149342612,3
2026,6,1789.1778671384925,2
2026,7,1535.7152246562582,10
2026,8,1741.4842845316698,5
2026,9,1761.2178497216914,4
2026,10,1829.8922006214107,1
2026,1,1698.2543532886505,7
2026,2,1722.2289974300343,5
2026,3,1834.2456441287404,4
2026,4,1966.464161220055,2
2026,5,1700.4270558286548,6
2026,6,1678.6784216109686,8
2026,7,1967.2690946128714,1
2026,8,1870.2380951188707,3
2026,9,1403.0023453016524,10
2026,10,1640.81087831752,9
2026,1,1801.458108430059,4
2026,2,1759.9901904430901,7
2026,3,1908.89343156117,2
2026,4,1979.441013116503,1
2026,5,1685.8709266949538,9
2026,6,1795.3841471233702,6
2026,7,1633.2967810535183,10
2026,8,1816.5241114248165,3
2026,9,1798.1519236269023,5
2026,10,1699.1053059770848,8
2026,1,1575.7991605712696,10
2026,2,2001.1938979633994,2
2026,3,1618.6917173896595,9
2026,4,1791.788626381486,4
2026,5,1784.7796803244232,5
2026,6,1736.4887555275736,7
2026,7,2082.937086799287,1
2026,8,1801.7147030853052,3
2026,9,1742.8560144399748,6
2026,10,1716.80817454577,8
2026,1,1863.5353532887734,1
2026,2,1799.4282816750908,4
2026,3,1726.855473774603,7
2026,4,1838.727868382679,2
2026,5,1721.3946590224905,8
2026,6,1624.1088908424326,9
2026,7,1792.826098511921,5
2026,8,1790.996038647006,6
2026,9,1823.874368327922,3
2026,10,1557.4690928624736,10
2026,1,1658.7034309212495,7
2026,2,1578.96583953087,10
2026,3,1745.136521232905,4
2026,4,1615.9368993794005,9
2026,5,1809.6273459213562,2
2026,6,1657.1613748700813,8
2026,7,1726.6989631475585,5
2026,8,1782.5788331385402,3
2026,9,1966.6009356266502,1
2026,10,1717.844932975163,6
2026,1,2037.520368456111,2
2026,2,1953.5328251437636,3
2026,3,1679.123989049284,8
2026,4,1785.6325254675344,6
2026,5,1578.482001827335,9
2026,6,1822.9158331657127,4
2026,7,1694.0282995767213,7
2026,8,1814.9539052528362,5
2026,9,1575.304076778143,10
2026,10,2050.2983706729738,1
2026,1,2141.4686977145725,2
2026,2,2021.657609269515,3
2026,3,1871.5851496560995,7
2026,4,1930.4609825586222,5
2026,5,1669.5740700556821,10
2026,6,1808.245098958424,8
2026,7,1708.488903844544,9
2026,8,1874.9748270249474,6
2026,9,2170.389720919796,1
2026,10,2011.9466663831192,4
2026,1,1649.8980006407078,7
2026,2,1750.110652303721,5
2026,3,1740.5768617259955,6
2026,4,1633.133352793991,9
2026,5,1879.9918598354766,2
2026,6,1643.8893249288644,8
2026,7,2013.522466652957,1
2026,8,1764.338370848644,3
2026,9,1547.2907421663008,10
2026,10,1753.3334539220823,4
2026,1,1513.595599591616,9
2026,2,1961.0017682910166,1
2026,3,1896.045574435519,3
2026,4,1694.1545963684625,8
2026,5,1877.5849729117929,4
2026,6,1902.6470613884826,2
2026,7,1873.3293229865335,5
2026,8,1393.5237770895255,10
2026,9,1782.361908762221,6
2026,10,1700.3056194185306,7
2026,1,1715.0979657837852,4
2026,2,1687.0535863976108,6
2026,3,1540.7998450733016,9
2026,4,1880.116638520621,2
2026,5,1650.3577299371666,7
2026,6,1778.6977032243444,3
2026,7,1704.0894437397883,5
2026,8,1448.6467384454681,10
2026,9,1573.291996240639,8
2026,10,1901.9503757962198,1
2026,1,1885.8043044199867,1
2026,2,1848.1695946630769,2
2026,3,1655.7324790216871,7
2026,4,1706.0085946279871,6
2026,5,1805.161903107779,3
2026,6,1626.5678448371823,8
2026,7,1594.035256216943,9
2026,8,1737.3474981685263,5
2026,9,1511.5109354036226,10
2026,10,1785.455581763033,4
2026,1,1788.4704415204465,6
2026,2,1572.6454243666933,9
2026,3,1811.4367844291316,4
2026,4,1736.0676949505532,7
2026,5,1909.2600276649746,1
2026,6,1879.3857875810502,3
2026,7,1428.4748724918948,10
2026,8,1684.034818500949,8
2026,9,1902.6628292123564,2
2026,10,1797.5215879848074,5
2026,1,1692.1259662168884,7
2026,2,1988.6294497244853,2
2026,3,2118.0075396701423,1
2026,4,1651.7340754586085,9
2026,5,1523.902945389466,10
2026,6,1737.5607099317444,5
2026,7,1669.2281549413826,8
2026,8,1715.2054369644588,6
2026,9,1737.5826489426468,4
2026,10,1855.355963207452,3
2026,1,1489.6198453927655,10
2026,2,1752.4362778621105,3
2026,3,1626.3532692621911,8
2026,4,1821.7501550077184,2
2026,5,1571.7848937629085,9
2026,6,1966.2540784877265,1
2026,7,1663.945609461648,6
2026,8,1670.6481434855002,5
2026,9,1671.6800254902366,4
2026,10,1659.0135731904074,7
2026,1,1616.1988313627908,10
2026,2,1821.5894283262999,5
2026,3,1682.2368994414478,8
2026,4,1908.9378016432502,3
2026,5,1800.1108812396142,6
2026,6,1842.4443002868284,4
2026,7,1682.0725017971938,9
2026,8,1956.0272092376968,1
2026,9,1925.715429267332,2
2026,10,1776.9256388000877,7
2026,1,1997.862091351636,1
2026,2,1641.4614182517264,7
2026,3,1700.1705068130348,4
2026,4,1586.4400697637668,9
2026,5,1773.0553944516832,3
2026,6,1659.9376664191484,5
2026,7,1483.6598747211667,10
2026,8,1590.0997426213821,8
2026,9,1658.758100181316,6
2026,10,1928.4144430488036,2
2026,1,1636.471360832626,7
2026,2,2033.8173669167734,1
2026,3,1562.8940134189284,10
2026,4,1609.3338794920628,8
2026,5,1786.6296490941509,3
2026,6,1895.9209675997606,2
2026,7,1729.7155652652752,5
2026,8,1764.0130805645235,4
2026,9,1673.6710705987605,6
2026,10,1577.1756578109037,9
2026,1,1837.8486341560856,4
2026,2,1805.4875917685024,5
2026,3,1964.6509068072626,1
2026,4,1537.4954817786731,10
2026,5,1947.8824625132859,2
2026,6,1655.3004709691945,7
2026,7,1803.5212783228105,6
2026,8,1616.800843142726,8
2026,9,1846.4105105978279,3
2026,10,1607.5845073971072,9
2026,1,1655.368567963407,8
2026,2,1662.828469917284,7
2026,3,1654.403794549164,9
2026,4,1848.7317666306312,4
2026,5,1859.1066773114546,3
2026,6,1733.181144529095,6
2026,7,1778.9841806342658,5
2026,8,2048.249506990195,1
2026,9,1932.8260748966622,2
2026,10,1558.1851673018564,10
2026,1,1722.5134620346525,4
2026,2,1417.4891340564286,10
2026,3,1708.8268348334368,5
2026,4,1806.065148512987,2
2026,5,1496.9927720890053,9
2026,6,1523.5507756110626,8
2026,7,1780.4747367846626,3
2026,8,1898.2820142331605,1
2026,9,1646.8343488984005,7
2026,10,1708.2272877334858,6
2026,1,1469.6013432773902,9
2026,2,1692.3729047828879,5
2026,3,1764.3260258594983,3
2026,4,1485.8891325842205,8
2026,5,1428.402830181514,10
2026,6,1590.1114847054803,7
2026,7,1796.719486347818,2
2026,8,1904.2300028990248,1
2026,9,1616.0534768073464,6
2026,10,1763.6307849516202,4
2026,1,2024.4465793508607,1
2026,2,1638.2651825463247,7
2026,3,1696.1567515108939,4
2026,4,1875.917239501291,2
2026,5,1425.123526014031,10
2026,6,1584.113281715997,8
2026,7,1563.7132372856381,9
2026,8,1685.75066507736,5
2026,9,1652.1448763997,6
2026,10,1739.5011979091132,3
2026,1,1778.0277341186954,5
2026,2,1662.0716104415283,6
2026,3,1824.9148977832679,2
2026,4,1919.3224374415877,1
2026,5,1809.5993914793066,4
2026,6,1579.897046333162,8
2026,7,1549.0003224848688,9
2026,8,1812.9436402780202,3
2026,9,1438.5759849920742,10
2026,10,1598.104422090444,7
2026,1,1391.9379214390124,10
2026,2,1864.301993811328,2
2026,3,1569.7674977611728,7
2026,4,1694.605827345295,4
2026,5,1587.9870222046443,6
2026,6,1507.602201380135,9
2026,7,1818.000630532273,3
2026,8,1672.9377656547822,5
2026,9,1514.6676314395354,8
2026,10,1935.796551379445,1
2026,1,1743.7569620021268,4
2026,2,1566.0864498330661,8
2026,3,1767.5092422338314,2
2026,4,1901.751971635561,1
2026,5,1500.4433418227045,10
2026,6,1745.721689923582,3
2026,7,1668.6628311446043,6
2026,8,1500.6411887853087,9
2026,9,1720.4826901012389,5
2026,10,1606.3673880337824,7
2026,1,1583.3397407807295,9
2026,2,1505.5438367389445,10
2026,3,2012.1011619256028,2
2026,4,1987.9968928027909,3
2026,5,1871.463823192066,4
2026,6,1704.6885526041492,7
2026,7,1794.7790713262502,5
2026,8,1688.6952527975163,8
2026,9,1756.780876392118,6
2026,10,2227.9569916081514,1
2026,1,1428.1690952990018,10
2026,2,1600.2696090436416,7
2026,3,1578.3003999670814,8
2026,4,1966.2693973684907,1
2026,5,1661.060896170748,5
2026,6,1855.0429624355606,3
2026,7,1864.825114849465,2
2026,8,1678.6030720342765,4
2026,9,1641.4357482984813,6
2026,10,1470.571876223696,9
2026,1,1958.6242673481026,4
2026,2,1749.6603090098279,9
2026,3,1992.7889393275343,2
2026,4,1874.8407517657263,5
2026,5,1970.0897181890641,3
2026,6,1801.362652083253,7
2026,7,1787.2373093948854,8
2026,8,1635.7484911389977,10
2026,9,2035.0817752341861,1
2026,10,1867.2614988522978,6
2026,1,1691.7869973545967,7
2026,2,1906.7449227221746,1
2026,3,1867.5090907328815,2
2026,4,1683.9224751085167,8
2026,5,1823.1698404078109,4
2026,6,1759.5971496922507,5
2026,7,1855.9967783776874,3
2026,8,1582.4162070144198,10
2026,9,1671.5250785107548,9
2026,10,1700.7945969633631,6
2026,1,1632.2070288545785,8
2026,2,1789.132654049274,5
2026,3,1977.2426181839023,1
2026,4,1841.5145039024019,4
2026,5,1637.948026191136,7
2026,6,1468.9990091921977,10
2026,7,1693.38684729909,6
2026,8,1542.2969101566785,9
2026,9,1906.459454090781,2
2026,10,1857.6911614547773,3
2026,1,1613.2077572616422,10
2026,2,1793.6508337103764,4
2026,3,1749.8114022979312,7
2026,4,1775.7430018688674,5
2026,5,1844.365867064368,3
2026,6,1707.7722647408414,8
2026,7,1771.373427805193,6
2026,8,1688.5165501445085,9
2026,9,2021.0239046258107,1
2026,10,1882.4035333183874,2
2026,1,1807.2634950732227,3
2026,2,1641.9867371761106,8
2026,3,1732.903672646331,5
2026,4,1492.109484414209,10
2026,5,1753.5692789567966,4
2026,6,1731.11487937794,6
2026,7,1842.0231726462528,2
2026,8,1671.9888376233816,7
2026,9,2118.4890553010587,1
2026,10,1621.935926788733,9
2026,1,2066.7439448868668,1
2026,2,1978.3247628495942,2
2026,3,1553.292050026636,9
2026,4,1435.7834423885495,10
2026,5,1869.362871899358,3
2026,6,1610.840339426434,8
2026,7,1715.7250011003873,6
2026,8,1742.0265108286349,5
2026,9,1668.1020071617247,7
2026,10,1754.6031306529876,4
2026,1,1677.0329650886788,7
2026,2,1723.5745659774338,5
2026,3,1632.3175493932881,9
2026,4,2011.9558739726374,1
2026,5,1889.897281096112,2
2026,6,1789.5643280538402,4
2026,7,1702.3502983072012,6
2026,8,1791.4430782597528,3
2026,9,1582.8866641549157,10
2026,10,1643.557454009268,8
2026,1,1638.7046229039404,8
2026,2,1769.807843829592,4
2026,3,1793.1443123859021,2
2026,4,1566.3889250189734,10
2026,5,1646.5477456842282,7
2026,6,1809.9888998492036,1
2026,7,1673.338476917726,6
2026,8,1583.567586243478,9
2026,9,1773.7697612390277,3
2026,10,1759.549876454154,5
2026,1,1914.0175513663012,3
2026,2,1882.5635879865852,5
2026,3,1806.7333520905177,8
2026,4,1746.706354682173,9
2026,5,1817.96388883627,7
2026,6,1910.6419953632358,4
2026,7,1850.4084918402864,6
2026,8,2068.9595122250357,1
2026,9,1722.1138827858115,10
2026,10,2045.175845131857,2
2026,1,1594.3287316821354,10
2026,2,1737.6725634115,4
2026,3,2003.051828077429,1
2026,4,1740.1794059739054,3
2026,5,1669.86960863433,5
2026,6,1627.4780471097984,8
2026,7,1594.4044022752764,9
2026,8,1775.8289113239157,2
2026,9,1630.0704760579783,7
2026,10,1637.32528496124,6
2026,1,1825.9583515678014,4
2026,2,1455.3888460992985,9
2026,3,1862.0138495410056,2
2026,4,1301.0622137514706,10
2026,5,1743.81242562851,5
2026,6,1585.1872894049125,7
2026,7,1851.2004937985344,3
2026,8,1562.8488565722685,8
2026,9,2044.4407440080818,1
2026,10,1692.6077146372404,6
2026,1,1640.212621274692,7
2026,2,1556.26454933343,9
2026,3,1686.461453147046,5
2026,4,1811.2832442194476,2
2026,5,1617.236241423078,8
2026,6,1552.4151968460596,10
2026,7,1873.260573541987,1
2026,8,1752.4102174717461,3
2026,9,1678.774478383693,6
2026,10,1736.5457220063977,4
2026,1,1586.6041272677062,8
2026,2,1472.8755714936408,10
2026,3,1734.0415144151373,6
2026,4,1828.1163174668582,2
2026,5,1781.4742172432652,4
2026,6,1738.1001013501445,5
2026,7,1708.1201676196376,7
2026,8,1986.423039336366,1
2026,9,1498.8285226205167,9
2026,10,1812.8701247513416,3
2026,1,1731.9574812843116,4
2026,2,1490.172373202127,10
2026,3,1656.6757785165032,8
2026,4,1703.824924470523,5
2026,5,1664.305544615726,7
2026,6,1573.7065846774067,9
2026,7,1812.473722013812,3
2026,8,1665.653153918101,6
2026,9,1813.652158198098,2
2026,10,1864.0880331108374,1
2026,1,1611.1952375425494,9
2026,2,1691.9742820722258,7
2026,3,1749.8164486536955,3
2026,4,1738.7876081386796,5
2026,5,1749.4324980187853,4
2026,6,2002.5874599242147,1
2026,7,1509.0050692719028,10
2026,8,1652.2546507618208,8
2026,9,1763.7201455645236,2
2026,10,1717.6114334206554,6
2026,1,1733.1624430544414,5
2026,2,1994.7851024761308,2
2026,3,1601.079077895352,8
2026,4,1807.229105502322,3
2026,5,2030.1672960412977,1
2026,6,1476.647890184311,10
2026,7,1647.6107656758613,6
2026,8,1523.1030906534295,9
2026,9,1633.2794294400387,7
2026,10,1802.2587790839445,4
2026,1,1841.2799744561128,2
2026,2,1622.9761250221231,8
2026,3,1776.4533878500388,6
2026,4,1800.263021167378,4
2026,5,1778.7540257975515,5
2026,6,1527.9925480899503,10
2026,7,1837.3512690039781,3
2026,8,1874.9639141181092,1
2026,9,1679.7099757885935,7
2026,10,1543.2871573773389,9
2026,1,1591.8574349872501,10
2026,2,1975.3904194310626,1
2026,3,1654.2552257472278,9
2026,4,1758.2091237369177,5
2026,5,1906.0080972561846,2
2026,6,1734.2507012008539,7
2026,7,1751.1037641619787,6
2026,8,1662.207446985708,8
2026,9,1828.8788189074567,4
2026,10,1890.467354355737,3
2026,1,1856.2400631016847,6
2026,2,2004.4112980154578,1
2026,3,1839.2956890755586,7
2026,4,1755.563094462696,8
2026,5,1912.4517069999831,4
2026,6,1751.235653373416,9
2026,7,1925.3648682127998,3
2026,8,1647.906953994,10
2026,9,1997.4247580207802,2
2026,10,1879.2912010353375,5
2026,1,2216.651750455317,1
2026,2,1775.9074540988188,4
2026,3,1843.177957323252,3
2026,4,1773.159845810401,5
2026,5,1762.7815283546806,6
2026,6,1907.017384022265,2
2026,7,1626.6744467068079,8
2026,8,1680.1383238174255,7
2026,9,1616.0208780408393,9
2026,10,1567.1187434025678,10
2026,1,1647.211191876232,3
2026,2,1632.8672265131072,5
2026,3,1923.6328190824202,1
2026,4,1547.3053214177837,8
2026,5,1637.1986437104408,4
2026,6,1583.401642431416,7
2026,7,1493.0818641931296,9
2026,8,1438.3630374760605,10
2026,9,1894.381384893628,2
2026,10,1610.291518842973,6
2026,1,1995.2144352816265,2
2026,2,1815.730447827772,6
2026,3,1745.1557776700952,9
2026,4,1826.5284006748404,4
2026,5,1655.4561114857324,10
2026,6,1819.1870079366083,5
2026,7,2073.6101610220826,1
2026,8,1798.0693791326344,7
2026,9,1793.7162606324923,8
2026,10,1829.2789922354132,3
2026,1,1633.1624215524516,7
2026,2,1705.7091991364646,4
2026,3,1635.1402850795753,6
2026,4,1708.0390787353115,3
2026,5,1280.9688010221194,10
2026,6,1764.2200940876965,2
2026,7,1651.2130061441426,5
2026,8,1817.0479759935406,1
2026,9,1593.8170256352487,8
2026,10,1566.0418922037934,9
2026,1,1859.404630627288,6
2026,2,1947.7309673693276,2
2026,3,1874.2653015982728,5
2026,4,1441.8408419041684,10
2026,5,1948.9019312562914,1
2026,6,1929.2710888459994,3
2026,7,1921.5777924244771,4
2026,8,1771.334279517081,7
2026,9,1507.2491815794947,9
2026,10,1652.0227807602928,8
2026,1,1583.0435217326115,10
2026,2,1726.2168662366844,6
2026,3,1862.9741962042044,1
2026,4,1843.1549702210098,2
2026,5,1841.4856474814083,3
2026,6,1739.5785674378362,5
2026,7,1604.4497087830632,9
2026,8,1622.1775783034495,8
2026,9,1623.5958709191655,7
2026,10,1804.1456320864309,4
2026,1,1781.825316523828,6
2026,2,1829.7472012843061,4
2026,3,1749.5588951161276,7
2026,4,1797.4381814487106,5
2026,5,1743.148014584729,8
2026,6,1671.5314206431033,10
2026,7,1977.6245493155611,1
2026,8,1886.4325412756625,3
2026,9,1710.3522588926912,9
2026,10,1908.6927246873677,2
2026,1,1779.5279854906253,6
2026,2,1634.6091708545846,7
2026,3,1848.9562549642244,4
2026,4,1626.3566411189,9
2026,5,1846.6399375888295,5
2026,6,1988.1496896909575,1
2026,7,1862.4649775217054,3
2026,8,1626.5408893838319,8
2026,9,1961.3180267610232,2
2026,10,1512.4003285745557,10
2026,1,1967.9321765172876,2
2026,2,1514.7110542635137,10
2026,3,1634.7648141634754,8
2026,4,2016.5509440383425,1
2026,5,1717.5476830940472,7
2026,6,1808.48882860308,4
2026,7,1730.667245362698,6
2026,8,1556.9975105608332,9
2026,9,1734.5953817980658,5
2026,10,1876.3635887610772,3
2026,1,1987.5045398308343,2
2026,2,1993.813950803872,1
2026,3,1704.3283312082722,7
2026,4,1742.1543188329827,5
2026,5,1668.7120188789654,8
2026,6,1871.6442998736065,4
2026,7,1405.452451444965,10
2026,8,1727.1435769227246,6
2026,9,1566.410024900375,9
2026,10,1905.0237172257662,3
2026,1,1548.0121408796604,8
2026,2,1642.4764063385499,6
2026,3,2028.8904831802747,1
2026,4,1800.0069506279328,3
2026,5,1598.6891275411608,7
2026,6,1655.5928056139983,4
2026,7,1646.850731026728,5
2026,8,1417.7794108797852,10
2026,9,1492.1517960193041,9
2026,10,1821.7989979284237,2
2026,1,1808.8516811308677,6
2026,2,1593.444301407907,10
2026,3,1659.1890905086484,9
2026,4,1928.3378771944958,3
2026,5,1772.3693454617337,8
2026,6,1858.3815983499157,5
2026,7,1924.3936912881372,4
2026,8,2071.5253885692678,1
2026,9,2005.707887553045,2
2026,10,1789.4053519770669,7
2026,1,1874.212944977793,1
2026,2,1611.8627237630049,8
2026,3,1613.6537884931927,7
2026,4,1814.2735943761782,2
2026,5,1803.252156971586,3
2026,6,1661.0025107834335,5
2026,7,1631.2870430904015,6
2026,8,1792.6135849200234,4
2026,9,1502.9322630421002,10
2026,10,1609.452616473827,9
2026,1,2074.542966164247,1
2026,2,1612.0323414163547,7
2026,3,1885.1753741959114,2
2026,4,1800.6749025268925,3
2026,5,1556.7732595857046,9
2026,6,1509.6109853581142,10
2026,7,1593.268695414426,8
2026,8,1698.9388173165285,5
2026,9,1703.797992031362,4
2026,10,1658.6979802204341,6
2026,1,1625.8435178509544,7
2026,2,1575.1848290425514,9
2026,3,1665.9946007834544,4
2026,4,2166.848727722978,2
2026,5,2169.2778470030225,1
2026,6,1636.9605101901877,6
2026,7,1657.1108325073076,5
2026,8,1623.2107437712355,8
2026,9,1750.9903918857547,3
2026,10,1518.7790688521281,10
2026,1,1629.591308154782,7
2026,2,1748.2382785313673,4
2026,3,1963.904172572857,1
2026,4,1385.295895590663,10
2026,5,1413.7813500114582,9
2026,6,1806.9481620399124,3
2026,7,1529.354062384194,8
2026,8,1915.0148874603906,2
2026,9,1655.6090553229633,6
2026,10,1696.6046246976794,5
2026,1,1713.7028761134559,6
2026,2,1594.9370636070103,10
2026,3,1925.8269520690899,2
2026,4,1760.4019156234253,4
2026,5,1900.2719718355725,3
2026,6,1626.8128081726254,7
2026,7,1604.4909776426111,8
2026,8,1758.5400147708447,5
2026,9,1944.039651583796,1
2026,10,1596.2890727594704,9
2026,1,1390.5325298877085,10
2026,2,1922.6757926222767,2
2026,3,1908.338775298715,3
2026,4,1970.7061050451093,1
2026,5,1690.6716374375674,8
2026,6,1400.026644178777,9
2026,7,1724.5105109670055,6
2026,8,1749.6560792467653,5
2026,9,1805.676191959714,4
2026,10,1712.9489992536091,7
2026,1,1636.6687047384817,9
2026,2,1909.8394705873138,2
2026,3,1873.1130610692107,4
2026,4,1887.5332131830924,3
2026,5,1980.500437778334,1
2026,6,1745.9334742905294,6
2026,7,1500.8888290630612,10
2026,8,1840.2661087280344,5
2026,9,1657.1815580370824,7
2026,10,1643.036167693227,8
2026,1,1683.777204666305,8
2026,2,2001.6206037326688,2
2026,3,1672.5813569028749,9
2026,4,1865.3039213982593,4
2026,5,1727.6456869105205,7
2026,6,1913.9756604746913,3
2026,7,1858.3939575769446,5
2026,8,1825.8138924156867,6
2026,9,2083.245838208126,1
2026,10,1615.5552774150074,10
2026,1,1807.027610836192,4
2026,2,1526.887373082662,9
2026,3,1703.6587991339493,7
2026,4,1800.2004110445218,5
2026,5,2167.4264455293146,1
2026,6,1474.8683489559944,10
2026,7,1886.2104504117528,3
2026,8,1933.716466215385,2
2026,9,1787.867675956907,6
2026,10,1688.0724424893774,8
2026,1,1963.686083185567,2
2026,2,1837.4542573791541,6
2026,3,1986.6953044193233,1
2026,4,1618.497953867752,9
2026,5,1903.6972566783884,3
2026,6,1548.9856112796126,10
2026,7,1800.1165155020108,7
2026,8,1846.6703079343267,5
2026,9,1736.5532272316607,8
2026,10,1868.454317909705,4
2026,1,1809.2318553650289,3
2026,2,1851.7713337531823,2
2026,3,1708.8800497444252,7
2026,4,1768.191628655794,5
2026,5,1645.6639232208427,8
2026,6,1760.759001889792,6
2026,7,1799.9455629463139,4
2026,8,1617.739067296107,9
2026,9,1875.739483759568,1
2026,10,1504.8538756416065,10
2026,1,1777.3031863623764,5
2026,2,1613.733494830166,9
2026,3,1846.0648320753212,3
2026,4,1671.035072931578,7
2026,5,1480.094045704831,10
2026,6,1672.7229515125305,6
2026,7,2028.1112696011846,1
2026,8,2027.3655693172193,2
2026,9,1811.8809921328036,4
2026,10,1614.856644873596,8
2026,1,2006.9104664888887,1
2026,2,1969.5662483828578,2
2026,3,1729.4899433313085,3
2026,4,1586.605868377906,8
2026,5,1548.4602765993986,10
2026,6,1597.0665464308145,7
2026,7,1667.357848785032,5
2026,8,1573.2491423152005,9
2026,9,1692.3880882078852,4
2026,10,1630.4684157712063,6
2026,1,1500.3581399463505,9
2026,2,1777.258625955514,5
2026,3,2202.1145817820025,2
2026,4,1812.503950472103,4
2026,5,1875.2769247196893,3
2026,6,1633.5661052490336,7
2026,7,1640.707818177347,6
2026,8,1572.4497385158656,8
2026,9,2240.100483775375,1
2026,10,1470.3368857203664,10
2026,1,1700.0115642245933,6
2026,2,1777.5381821010842,3
2026,3,1685.1321562014973,7
2026,4,1529.6931247904129,9
2026,5,1733.0372055315515,4
2026,6,1663.6664139281093,8
2026,7,1707.981358232367,5
2026,8,1923.0566828262304,1
2026,9,1488.2567383020853,10
2026,10,1878.2605464597248,2
2026,1,1659.0102396899135,8
2026,2,1758.8751679634215,3
2026,3,1648.758555919981,9
2026,4,1819.7760995045123,2
2026,5,1670.365573247648,7
2026,6,1711.3429948762464,6
2026,7,1721.0816174202573,5
2026,8,1834.6483518513687,1
2026,9,1756.345175523401,4
2026,10,1258.0784786872332,10
2026,1,1782.9982051741258,4
2026,2,1416.9896026555707,10
2026,3,1754.865501335888,6
2026,4,1743.9926996980312,7
2026,5,1770.1275260352372,5
2026,6,1805.7045721774382,3
2026,7,1484.3662047996493,9
2026,8,1877.2395528154002,1
2026,9,1593.232335248622,8
2026,10,1852.911995522921,2
2026,1,1897.220428366702,3
2026,2,1439.5886718101633,10
2026,3,1552.2611757484701,9
2026,4,1792.7528822830368,4
2026,5,1773.0788406857869,5
2026,6,2005.998329740744,2
2026,7,1602.030366141835,8
2026,8,1613.2713273483514,7
2026,9,2090.7777493794233,1
2026,10,1624.8203674080398,6
2026,1,1477.3082242516846,9
2026,2,1544.4210964245872,8
2026,3,1551.7223397265943,6
2026,4,1711.202233482124,4
2026,5,1588.362032208785,5
2026,6,1548.0105300693242,7
2026,7,1859.168154479842,2
2026,8,1955.7329482048497,1
2026,9,1827.796170099513,3
2026,10,1424.6047531817776,10
2026,1,1709.2479838972922,6
2026,2,1851.9031700176336,2
2026,3,1775.1594732022384,4
2026,4,1700.283922596232,7
2026,5,1992.5401315983133,1
2026,6,1759.1460530258025,5
2026,7,1663.0296063138287,8
2026,8,1275.5130102465762,10
2026,9,1611.7227040295686,9
2026,10,1801.0355433510601,3
2026,1,1762.62095132081,4
2026,2,2227.3148760981503,1
2026,3,1635.9159664005078,6
2026,4,1712.9801783970113,5
2026,5,1886.7021338246354,3
2026,6,1545.519483240916,8
2026,7,1510.051140105074,10
2026,8,1950.5885105358655,2
2026,9,1534.292821446442,9
2026,10,1624.1809081617616,7
2026,1,1972.6106855464272,2
2026,2,2001.4633474424695,1
2026,3,1699.5430797490135,7
2026,4,1579.08613120661,9
2026,5,1575.718711434832,10
2026,6,1781.3339878290658,4
2026,7,1638.5135237706481,8
2026,8,1948.2319370064597,3
2026,9,1760.547755561879,5
2026,10,1722.0372042954937,6
2026,1,1819.571374348071,3
2026,2,2118.8041103358332,1
2026,3,1645.2308034930518,7
2026,4,1694.801525512846,5
2026,5,1960.9294377339402,2
2026,6,1607.4967446378332,9
2026,7,1762.2488296010547,4
2026,8,1607.7167830645965,8
2026,9,1690.8194878803674,6
2026,10,1513.4931031656424,10
2026,1,1669.478784274874,8
2026,2,1669.8062271074025,7
2026,3,1763.2984771655567,5
2026,4,1643.629640820412,9
2026,5,1810.2604585195556,3
2026,6,1408.3287299685999,10
2026,7,1874.5999658328865,1
2026,8,1766.2785094887026,4
2026,9,1813.4987720892855,2
2026,10,1755.0178843040487,6
2026,1,1822.5592611862176,4
2026,2,1731.3591234292917,6
2026,3,1775.6053080983227,5
2026,4,2026.1593028128304,2
2026,5,1934.3149585336855,3
2026,6,1599.4827054283578,9
2026,7,1707.6724936681978,7
2026,8,2270.2764446021633,1
2026,9,1552.9013634725816,10
2026,10,1649.461687898879,8
2026,1,2037.1534324253184,1
2026,2,1472.2577745239234,10
2026,3,1951.3170963368518,3
2026,4,1955.4435949074518,2
2026,5,1626.0128010170895,7
2026,6,1562.5680938897751,9
2026,7,1729.2400081619664,6
2026,8,1797.9622987075986,5
2026,9,1826.8846909675055,4
2026,10,1623.5681443451067,8
2026,1,1495.3814757754697,10
2026,2,1748.8774195354677,5
2026,3,1860.2703614958261,3
2026,4,1722.6142502432706,7
2026,5,1558.4275911941475,9
2026,6,1743.7181681317475,6
2026,7,1907.8077521985595,2
2026,8,1719.2614231663483,8
2026,9,1797.6597822901356,4
2026,10,2020.815508108877,1
2026,1,1841.2493565809623,3
2026,2,1956.0657035769705,1
2026,3,1589.0599090931182,7
2026,4,1457.7739872858447,9
2026,5,1797.6681966870356,5
2026,6,1457.4847816834629,10
2026,7,1830.209344287676,4
2026,8,1884.4582497801407,2
2026,9,1777.8590518683673,6
2026,10,1495.7187667484995,8
2026,1,1843.5732984948067,2
2026,2,1537.0808192470233,9
2026,3,1549.8662259606222,8
2026,4,1949.6810964051197,1
2026,5,1817.7965672727769,4
2026,6,1509.1486758875753,10
2026,7,1567.7356486850567,7
2026,8,1655.761202615196,6
2026,9,1818.9368589468963,3
2026,10,1660.7304864710422,5
2026,1,1655.3772314521125,9
2026,2,1811.6908601136151,4
2026,3,1677.1506416895772,8
2026,4,1806.8625992424477,5
2026,5,1576.3499267435168,10
2026,6,1922.4471449857851,2
2026,7,1846.1030921667148,3
2026,8,1789.500478314005,6
2026,9,1786.2426612210843,7
2026,10,1936.2137196422782,1
2026,1,1694.0058204444792,4
2026,2,1648.8014995616686,7
2026,3,1662.4413438264883,5
2026,4,1657.5565577129405,6
2026,5,2077.079982894202,1
2026,6,1760.6602317065228,3
2026,7,1597.1770270898128,10
2026,8,1907.6962894086846,2
2026,9,1619.1520908998634,8
2026,10,1615.6936213475115,9
2026,1,1783.6211478397613,6
2026,2,1762.4895381757951,7
2026,3,1871.4882846982755,2
2026,4,1713.4015039313958,8
2026,5,1935.907246740354,1
2026,6,1866.4597742052347,3
2026,7,1708.7124880796307,9
2026,8,1797.8406954530947,5
2026,9,1708.5887856655534,10
2026,10,1817.1153449931085,4
2026,1,1583.4422628599882,9
2026,2,1772.4318773626044,5
2026,3,1644.0588613268847,7
2026,4,1994.7246958079013,1
2026,5,1784.263613061077,4
2026,6,1621.4176109098744,8
2026,7,1402.7575401263375,10
2026,8,1731.436403028767,6
2026,9,1964.1849501374998,2
2026,10,1900.2422315350009,3
2026,1,1831.8785349951422,3
2026,2,1889.4263783863855,2
2026,3,1660.5958532973036,8
2026,4,1706.2787372838213,7
2026,5,1791.9587979325415,5
2026,6,1815.9382127111048,4
2026,7,1748.129847164018,6
2026,8,2008.3611686767706,1
2026,9,1501.7860550061919,9
2026,10,1500.4383540201547,10
2026,1,1760.5537683975563,5
2026,2,1918.336765704255,3
2026,3,1536.1517416997394,9
2026,4,1585.3462983520676,8
2026,5,1484.0529934150431,10
2026,6,1921.1944811524206,2
2026,7,1855.1298663219243,4
2026,8,1678.9449388729695,7
2026,9,1718.5884317867972,6
2026,10,2095.917470770785,1
2026,1,1913.0551713171658,2
2026,2,1809.2783792091009,4
2026,3,1597.2648685801623,8
2026,4,1953.665762299265,1
2026,5,1896.7209694968278,3
2026,6,1666.8964386558066,7
2026,7,1334.4404154329013,10
2026,8,1775.0441020142453,5
2026,9,1576.575882741466,9
2026,10,1744.3295666293407,6
2026,1,1909.2548282653438,2
2026,2,1696.1815193510888,7
2026,3,1888.7902540700306,3
2026,4,1490.414634483035,10
2026,5,1847.9183386603945,6
2026,6,1620.3196518288096,8
2026,7,1595.3969524592524,9
2026,8,1927.6457367148748,1
2026,9,1877.7587451950758,5
2026,10,1883.8399518839926,4
2026,1,1742.320547571757,6
2026,2,1888.5968460633221,2
2026,3,1627.4021351048505,8
2026,4,1600.1834723728387,9
2026,5,1779.8992564638036,5
2026,6,1880.8293706681588,3
2026,7,1827.947237868982,4
2026,8,1644.0667851276446,7
2026,9,1588.8294737753959,10
2026,10,1950.5224741015243,1
2026,1,1756.023476030347,7
2026,2,1690.436281173415,8
2026,3,1881.3245102348117,5
2026,4,1815.0154617101655,6
2026,5,1886.0520178366328,4
2026,6,1478.7148954302502,10
2026,7,2099.9260097466354,1
2026,8,1918.3246449757044,3
2026,9,1933.914805943381,2
2026,10,1553.2714096499453,9
2026,1,1804.4857564557524,4
2026,2,1925.971050242023,1
2026,3,1854.416942046285,3
2026,4,1893.0416217803918,2
2026,5,1500.3402598417329,9
2026,6,1775.9157878395815,5
2026,7,1696.2751091107084,7
2026,8,1570.7370003895912,8
2026,9,1428.2012589286537,10
2026,10,1751.7936718869732,6
2026,1,1917.469981964105,3
2026,2,1619.1800663203394,7
2026,3,1925.231166682964,2
2026,4,1798.6057348248203,5
2026,5,1612.9832877423028,8
2026,6,1979.614696113364,1
2026,7,1774.7658833197265,6
2026,8,1359.1242010661877,10
2026,9,1873.253785502279,4
2026,10,1537.783073501918,9
2026,1,1563.9861318421636,10
2026,2,1682.8455410296351,7
2026,3,1605.530094505261,9
2026,4,1890.4622817024497,3
2026,5,2018.38055719903,1
2026,6,1700.5860738070473,6
2026,7,1746.9869587762287,5
2026,8,1938.2164593426,2
2026,9,1614.3557462720223,8
2026,10,1773.8421974362793,4
2026,1,1993.761023338684,3
2026,2,2024.443062053794,1
2026,3,1811.906620853641,6
2026,4,1558.1122762080436,9
2026,5,1527.8102300627902,10
2026,6,1671.2015203615783,8
2026,7,1996.178668485522,2
2026,8,1707.3968379032249,7
2026,9,1876.423753817162,5
2026,10,1938.3607449901992,4
2026,1,1906.8051832718947,1
2026,2,1758.9532331498667,3
2026,3,1639.7949738346288,8
2026,4,1644.5016687530256,7
2026,5,1846.2867410410738,2
2026,6,1570.2413509111714,9
2026,7,1698.2481164670535,5
2026,8,1536.9886531559396,10
2026,9,1657.9507265097056,6
2026,10,1750.938703656344,4
2026,1,1957.4062522521378,1
2026,2,1615.6397819933181,8
2026,3,1816.8456830944447,5
2026,4,1899.4657396485754,2
2026,5,1517.1874453434937,10
2026,6,1754.9154696660528,6
2026,7,1835.1261976466183,4
2026,8,1862.6505543666462,3
2026,9,1681.2109789711915,7
2026,10,1556.0802487034762,9
2026,1,1674.7737282686292,8
2026,2,1737.3178502252547,7
2026,3,1424.9297618498413,10
2026,4,2094.519431879355,1
2026,5,1835.035043318873,4
2026,6,1766.8765302141842,5
2026,7,1915.623982691246,2
2026,8,1884.2399150915483,3
2026,9,1756.0902266565586,6
2026,10,1567.3187116573185,9
2026,1,1450.4249474445612,9
2026,2,1361.3755772868171,10
2026,3,1709.4516125822424,5
2026,4,1774.1270696620436,4
2026,5,1934.3910768961384,3
2026,6,1704.3023585772257,7
2026,7,1707.0504688092346,6
2026,8,2054.0041533535887,1
2026,9,1635.118833524075,8
2026,10,1940.423591013261,2
2026,1,1798.4483367809876,4
2026,2,1770.454605828871,5
2026,3,1753.4108151123264,6
2026,4,1707.3033495150105,8
2026,5,1800.9757136594892,3
2026,6,1844.948990583882,2
2026,7,1470.4099879013484,10
2026,8,1751.1114812114815,7
2026,9,2224.9197649547737,1
2026,10,1508.3453066185687,9
2026,1,1590.6429974610996,9
2026,2,1973.6671513645779,2
2026,3,1752.429223920095,7
2026,4,1874.745925388298,3
2026,5,1788.6098926539912,5
2026,6,1786.5786090870959,6
2026,7,1551.5923737331445,10
2026,8,1830.9587050556572,4
2026,9,1734.3442423843426,8
2026,10,2086.79306726928,1
2026,1,1785.0349581051055,5
2026,2,1771.0215341787643,7
2026,3,1764.6909432469843,8
2026,4,2164.864148345385,1
2026,5,1857.6923435766685,2
2026,6,1846.8171994914042,3
2026,7,1492.0094005590645,10
2026,8,1777.90394929091,6
2026,9,1843.9697700291176,4
2026,10,1522.4358270343814,9
2026,1,1870.944733674132,2
2026,2,1463.8820142160776,10
2026,3,1545.7468852594204,9
2026,4,1725.1151948786696,4
2026,5,1653.6813311117683,7
2026,6,1715.0232720125523,6
2026,7,1722.4552272512692,5
2026,8,1872.0830131764287,1
2026,9,1820.9797335845067,3
2026,10,1633.855083374744,8
2026,1,1964.6210036337213,1
2026,2,1628.7759209887236,8
2026,3,1845.7851861614608,3
2026,4,1784.1925446138314,5
2026,5,1756.433269995023,6
2026,6,1839.9934257167652,4
2026,7,1750.0030128878493,7
2026,8,1591.3881252003684,10
2026,9,1616.9071395308265,9
2026,10,1910.3241029471499,2
2026,1,1817.8131293470692,2
2026,2,1628.3549163840844,10
2026,3,1739.581160474841,6
2026,4,1754.9058971894,4
2026,5,2018.1001485168863,1
2026,6,1703.8649772351423,8
2026,7,1752.7905439944345,5
2026,8,1727.9493776729828,7
2026,9,1687.500070574415,9
2026,10,1783.076428250895,3
2026,1,2080.197588667096,1
2026,2,1823.0946711455113,4
2026,3,1450.3760858351725,10
2026,4,1545.9589015413167,9
2026,5,1546.2651485944652,8
2026,6,1953.404958398146,2
2026,7,1661.9854344320388,6
2026,8,1847.229458097078,3
2026,9,1796.7502218967086,5
2026,10,1604.89278178978,7
2026,1,1982.4389171934158,2
2026,2,1834.410285752654,4
2026,3,1706.491745956001,7
2026,4,1795.2969043885805,6
2026,5,1618.032429512938,8
2026,6,1833.4136913174916,5
2026,7,2014.7851194984878,1
2026,8,1848.018673033551,3
2026,9,1523.7083553302505,10
2026,10,1583.291452358977,9
2026,1,1779.5741035762635,3
2026,2,1621.9579509099779,8
2026,3,1667.2120992270893,7
2026,4,1755.5128212166428,4
2026,5,1866.8362441987579,2
2026,6,1690.6699279563522,6
2026,7,1539.7516886323606,9
2026,8,1701.6756957024468,5
2026,9,1471.5123187934096,10
2026,10,2085.4541692604575,1
2026,1,1545.6861783224415,10
2026,2,1878.9272561578919,2
2026,3,1564.501547143449,9
2026,4,1852.1388808251224,3
2026,5,1704.2665383556746,5
2026,6,1651.5352340895438,8
2026,7,1835.4446465938308,4
2026,8,1681.1908109780543,6
2026,9,1665.5661168768406,7
2026,10,1969.8450301092034,1
2026,1,2014.3011060120814,2
2026,2,1543.9815360902476,9
2026,3,1610.830984043147,7
2026,4,1841.7731960246472,4
2026,5,1832.8831686533772,5
2026,6,1535.0183546765165,10
2026,7,1924.5505850331629,3
2026,8,1751.6094974306088,6
2026,9,1559.6806136157238,8
2026,10,2202.386822018047,1
2026,1,1829.7931335577935,4
2026,2,1481.4083094737355,10
2026,3,1701.7781911536804,6
2026,4,1900.1265563385496,3
2026,5,1961.3380580677826,2
2026,6,1521.2580118296146,9
2026,7,1633.2371592115971,8
2026,8,1681.071278257744,7
2026,9,2138.2518664898757,1
2026,10,1798.2349463193073,5
2026,1,1609.0467934368376,10
2026,2,1901.8334089145408,3
2026,3,1884.9077100433133,4
2026,4,1621.9028636719404,9
2026,5,1796.6690507712897,7
2026,6,1678.0087326552289,8
2026,7,1996.6145233698085,1
2026,8,1943.534980254395,2
2026,9,1823.641205730124,6
2026,10,1881.0077896392118,5
2026,1,1608.3271651507525,10
2026,2,1713.748250264045,6
2026,3,1769.5760522602673,4
2026,4,1635.6845612837087,8
2026,5,1917.048592088734,2
2026,6,1608.8982229283602,9
2026,7,1810.4730246860813,3
2026,8,2025.0625287513367,1
2026,9,1761.0182210949715,5
2026,10,1689.7315791776487,7
2026,1,1974.6563979162097,1
2026,2,1699.0524078731553,7
2026,3,1503.9960699853743,10
2026,4,1849.6129895979668,4
2026,5,1746.6936855112954,6
2026,6,1895.2374018162245,3
2026,7,1646.7879929600163,9
2026,8,1763.0189792144004,5
2026,9,1928.535437430014,2
2026,10,1657.1935982985408,8
2026,1,1491.0263801910417,10
2026,2,1891.641579412772,2
2026,3,1759.3598672603991,5
2026,4,1790.5597483725005,4
2026,5,1642.469580372186,8
2026,6,1717.105919999899,7
2026,7,2006.1483318293403,1
2026,8,1874.5891879682413,3
2026,9,1583.5117134332359,9
2026,10,1732.9469033617802,6
2026,1,1885.7131036483365,4
2026,2,1544.736983041817,10
2026,3,1770.2352199852812,6
2026,4,1562.8487584751774,9
2026,5,2084.673057966761,1
2026,6,1625.1477861444755,8
2026,7,1681.4488311197838,7
2026,8,2079.3150781756194,2
2026,9,2020.7353031586447,3
2026,10,1834.3345871135023,5
2026,1,2083.1632241184075,1
2026,2,1822.7927618433532,6
2026,3,1922.650520558119,4
2026,4,1775.7734520685617,7
2026,5,2005.1506742629833,2
2026,6,1677.012246201154,9
2026,7,1525.8168811351413,10
2026,8,1947.606151790161,3
2026,9,1903.4037473324202,5
2026,10,1728.6884466536096,8
2026,1,1895.2567519004626,2
2026,2,1889.3535760775717,3
2026,3,1787.5936327016602,6
2026,4,1854.2720329417243,5
2026,5,1580.0584859009737,10
2026,6,1878.6873428915487,4
2026,7,1712.8274217491496,8
2026,8,1737.9135246795272,7
2026,9,2244.8753066090035,1
2026,10,1595.3891479906106,9
2026,1,1868.3904668708137,1
2026,2,1693.334100375554,5
2026,3,1650.8941402033531,9
2026,4,1554.1382288065608,10
2026,5,1773.4950082608643,4
2026,6,1683.8063504525362,6
2026,7,1677.7649964358834,7
2026,8,1836.9942143821072,2
2026,9,1827.6324151230292,3
2026,10,1674.918574712232,8
2026,1,1850.0001368737003,3
2026,2,2088.206313840332,1
2026,3,1551.1980876692994,9
2026,4,1893.7614278317947,2
2026,5,1793.6850578756998,5
2026,6,1519.5998761219112,10
2026,7,1620.2998343219565,7
2026,8,1845.4527342684923,4
2026,9,1617.8897742513689,8
2026,10,1690.338541362994,6
2026,1,1826.8811282718036,3
2026,2,1589.8326446412607,5
2026,3,1836.7482933808164,2
2026,4,1582.3129571925515,6
2026,5,1538.4179746918417,7
2026,6,1425.9165844915603,9
2026,7,1616.4269742567676,4
2026,8,1483.6801910754164,8
2026,9,1847.8739743338356,1
2026,10,1389.8354493092797,10
2026,1,1610.0102457381515,8
2026,2,1854.0776356511924,3
2026,3,1924.7406263766302,2
2026,4,1797.1295733452591,5
2026,5,1673.4713279647556,6
2026,6,1925.0383055826792,1
2026,7,1807.1431828881905,4
2026,8,1521.9858639240044,10
2026,9,1666.3870293560094,7
2026,10,1597.3208374473993,9
2026,1,2011.1911408882277,2
2026,2,1999.470036174993,3
2026,3,2050.6351338065715,1
2026,4,1459.331407094679,9
2026,5,1739.7833926133358,6
2026,6,1298.5634991314514,10
2026,7,1739.1025596602976,8
2026,8,1739.513374379668,7
2026,9,1929.420779158889,4
2026,10,1820.0317045011693,5
2026,1,1747.4160485845587,5
2026,2,1788.171537816332,4
2026,3,1673.10574734398,6
2026,4,1660.2833467576224,7
2026,5,1830.4914469640412,2
2026,6,1574.0303302489815,9
2026,7,1866.5001492708277,1
2026,8,1826.502471961198,3
2026,9,1627.8757112791868,8
2026,10,1294.0853700641273,10
2026,1,1456.821147479816,9
2026,2,1693.49321152898,7
2026,3,1929.4798346438056,1
2026,4,1404.720100239992,10
2026,5,1736.8945296426,6
2026,6,1855.9146032453298,2
2026,7,1520.8782539758547,8
2026,8,1768.6214736426211,5
2026,9,1826.5976920950657,4
2026,10,1832.6638295896046,3
2026,1,1871.3346912327388,3
2026,2,1598.0529994282808,9
2026,3,1661.7133628574777,8
2026,4,1975.9673298428736,1
2026,5,1811.789130416236,4
2026,6,1676.8116959292297,7
2026,7,1752.4874434251678,5
2026,8,1594.7426052406033,10
2026,9,1721.538947715916,6
2026,10,1887.4680814841279,2
2026,1,1668.3234462584073,9
2026,2,1739.4796746600432,8
2026,3,1852.2132933731987,5
2026,4,1767.6177291452225,6
2026,5,2083.415718474681,1
2026,6,1546.8690237892226,10
2026,7,2062.8307842639756,2
2026,8,1966.489022303645,3
2026,9,1752.172837102808,7
2026,10,1925.6658388994158,4
2026,1,1705.2072571185247,4
2026,2,1588.6362296616858,7
2026,3,1572.6824130021162,8
2026,4,1906.8834348210244,1
2026,5,1822.1982185989461,2
2026,6,1633.9093685412668,5
2026,7,1707.3785549619597,3
2026,8,1545.9735310759163,9
2026,9,1541.506726130447,10
2026,10,1624.8860079519345,6
2026,1,1728.1111502488384,6
2026,2,1706.1975511343585,8
2026,3,1831.0445779080799,3
2026,4,1919.6072571915677,1
2026,5,1842.5355967507007,2
2026,6,1725.8799754977467,7
2026,7,1823.196501393731,4
2026,8,1751.6997129631513,5
2026,9,1681.6307584975373,10
2026,10,1699.2339828854708,9
2026,1,1901.5405013216143,2
2026,2,1923.0428555722106,1
2026,3,1607.4500058803553,9
2026,4,1649.7960605297194,7
2026,5,1725.7745856847737,5
2026,6,1646.0520782489903,8
2026,7,1535.6643875579593,10
2026,8,1834.7481548555647,3
2026,9,1690.8535357457654,6
2026,10,1782.5239759985807,4
2026,1,1623.3851080527434,7
2026,2,1466.68423202345,9
2026,3,1826.4061758088396,2
2026,4,1815.620556732169,3
2026,5,1463.340448895322,10
2026,6,1575.472268554962,8
2026,7,1725.6848425472047,5
2026,8,1798.3987671416623,4
2026,9,1706.2904867805628,6
2026,10,1961.3885050199772,1
2026,1,1700.000009965895,9
2026,2,1716.9533531990257,8
2026,3,1935.3943844886885,2
2026,4,1619.3464484363503,10
2026,5,1898.6119605573454,4
2026,6,1923.9482066940272,3
2026,7,1817.8520216691784,6
2026,8,1725.3242026601604,7
2026,9,1838.704267460088,5
2026,10,2219.31719666885,1
2026,1,1543.538323527005,8
2026,2,1777.060079401926,4
2026,3,1767.5257833184726,5
2026,4,1825.1898221711256,3
2026,5,1423.3354775777093,10
2026,6,1718.7662952877606,6
2026,7,1939.5230144616148,1
2026,8,1458.4550068110254,9
2026,9,1859.3238992537858,2
2026,10,1660.6366385273586,7
2026,1,1969.8886495724992,1
2026,2,1680.7167799270674,7
2026,3,1777.8127054148486,4
2026,4,1588.8544556241354,8
2026,5,1543.2806279784545,9
2026,6,1373.392417855561,10
2026,7,1722.3087692260895,6
2026,8,1757.9149423398744,5
2026,9,1888.103021034839,2
2026,10,1798.9384651224711,3
2026,1,1750.7469508533381,4
2026,2,1683.4379292188444,5
2026,3,1671.0328593698544,6
2026,4,1646.744259058683,7
2026,5,1819.6930373045338,3
2026,6,1397.750508700531,10
2026,7,1624.1901595973877,8
2026,8,1822.891046714581,2
2026,9,1889.6012280014547,1
2026,10,1600.8245956188866,9
2026,1,2014.2163842353013,1
2026,2,1943.8694874171786,2
2026,3,1423.4019313075987,10
2026,4,1707.5391066343886,7
2026,5,1839.860405315608,3
2026,6,1805.8878303278443,5
2026,7,1598.886387220687,9
2026,8,1719.3909229101196,6
2026,9,1641.6235924735033,8
2026,10,1807.9691393122225,4
2026,1,1815.5703166102066,5
2026,2,1996.9271454376315,2
2026,3,2004.31922886451,1
2026,4,1679.101535275638,8
2026,5,1864.0737103687316,3
2026,6,1422.1327292599335,10
2026,7,1703.2315412994149,7
2026,8,1848.445456989108,4
2026,9,1670.2660079780012,9
2026,10,1781.49920980368,6
2026,1,1897.8286136554352,1
2026,2,1848.7827072097034,3
2026,3,1811.6509024273232,4
2026,4,1739.5173743057082,5
2026,5,1851.3121405166405,2
2026,6,1649.7861181908581,6
2026,7,1622.6203130195663,8
2026,8,1433.5895075911224,10
2026,9,1645.4479798098641,7
2026,10,1612.9912331495211,9
2026,1,1788.5691543869916,2
2026,2,1680.9095551611779,7
2026,3,1543.519784769091,10
2026,4,1803.920544694197,1
2026,5,1680.5236866405883,8
2026,6,1746.4910809136404,4
2026,7,1688.2233693482776,6
2026,8,1693.952386151805,5
2026,9,1561.7437685439168,9
2026,10,1773.2198571985534,3
2026,1,1605.370182384525,8
2026,2,1490.3989813266378,9
2026,3,1956.3939379109602,2
2026,4,1813.5684147347279,4
2026,5,1714.7130013833525,6
2026,6,1675.0291231331375,7
2026,7,1753.4022741674798,5
2026,8,1943.0196065444782,3
2026,9,2027.1853671097506,1
2026,10,1435.126597355059,10
2026,1,1604.7928059198332,9
2026,2,2006.0216836343761,1
2026,3,1700.1166863414724,8
2026,4,1766.6606574245416,5
2026,5,1738.9317698781738,6
2026,6,1921.005523121509,2
2026,7,1718.329925045487,7
2026,8,1805.2750546173468,4
2026,9,1848.2599487558584,3
2026,10,1527.2626957216762,10
2026,1,2036.2023070428272,1
2026,2,1799.9024472656374,5
2026,3,2000.1884649166198,2
2026,4,1934.265180098566,4
2026,5,1497.9906190387123,10
2026,6,1661.6580804850998,8
2026,7,1590.7853237260492,9
2026,8,1988.2295380107203,3
2026,9,1672.2581034640368,7
2026,10,1786.3225379761911,6
2026,1,2088.5350801209947,1
2026,2,1757.499689881746,8
2026,3,1863.0308490473603,6
2026,4,1623.3481517943524,10
2026,5,2032.4075634451488,3
2026,6,1742.5834614749667,9
2026,7,2013.3139160943765,4
2026,8,2044.1780874111016,2
2026,9,1834.7099048516848,7
2026,10,1906.3106529306378,5
2026,1,2017.631299363565,2
2026,2,2027.4375662018542,1
2026,3,1842.25764843688,6
2026,4,1862.1894890792823,5
2026,5,1677.2107474706795,10
2026,6,1985.7681075904968,3
2026,7,1707.8354127869302,9
2026,8,1907.5583449130763,4
2026,9,1722.4816069364804,8
2026,10,1785.0226242321842,7
2026,1,1793.0164733371973,4
2026,2,2013.2278521480603,1
2026,3,1627.2624536830945,7
2026,4,1604.963710749995,9
2026,5,1575.4146216110257,10
2026,6,1929.5041765973056,3
2026,7,1610.1245168361638,8
2026,8,1943.0669638616905,2
2026,9,1681.4370968569672,6
2026,10,1765.2836065070385,5
2026,1,1773.8638739129967,5
2026,2,1857.0659735588358,2
2026,3,1711.2191303954169,9
2026,4,1850.4614749043285,3
2026,5,1668.1563343402208,10
2026,6,1757.4680241924946,8
2026,7,1995.1528404108208,1
2026,8,1786.0429652223916,4
2026,9,1764.408953280979,6
2026,10,1758.9856336569746,7
2026,1,1511.243407736882,9
2026,2,1698.4964209461027,8
2026,3,1933.4393494887006,4
2026,4,1981.0683866498357,2
2026,5,1854.6057478692574,7
2026,6,2084.8127557124662,1
2026,7,1959.5170037199177,3
2026,8,1856.3335598176564,6
2026,9,1465.1786879394076,10
2026,10,1873.88355180081,5
2026,1,1605.8249883836224,7
2026,2,1682.7401141524424,5
2026,3,1761.7986813271975,3
2026,4,1417.1450196023825,10
2026,5,1448.6724434313824,9
2026,6,1492.5498432715465,8
2026,7,1648.477709737731,6
2026,8,1854.1513791434725,2
2026,9,1686.9117287321633,4
2026,10,1913.7055506207814,1
2026,1,1607.3495242406686,6
2026,2,1589.4397296214431,7
2026,3,1848.7211565282546,2
2026,4,1811.1093515632074,5
2026,5,1961.151470139218,1
2026,6,1821.9959607756482,4
2026,7,1499.1368356440175,9
2026,8,1829.1454343641744,3
2026,9,1371.577766189535,10
2026,10,1570.9597927987436,8
2026,1,1838.0456496356628,4
2026,2,1939.572130429573,2
2026,3,2051.650367425241,1
2026,4,1616.7761335726075,8
2026,5,1824.3774715808179,5
2026,6,1541.4089591662805,10
2026,7,1873.7596179440993,3
2026,8,1770.8299436676123,6
2026,9,1722.8900070001723,7
2026,10,1579.1843980978779,9
2026,1,1803.3087572827485,7
2026,2,1631.7047933931372,8
2026,3,1527.1313910037306,10
2026,4,1582.227219646447,9
2026,5,1932.4186710489541,3
2026,6,1968.3106690666018,1
2026,7,1920.1977154182605,4
2026,8,1964.7310146229854,2
2026,9,1850.916331091209,5
2026,10,1812.4455098030853,6
2026,1,1796.7127323868986,4
2026,2,1875.2617866053786,1
2026,3,1853.9266706862495,2
2026,4,1645.5788192400237,8
2026,5,1719.8589460912433,5
2026,6,1812.2790334023025,3
2026,7,1704.6784817139767,6
2026,8,1646.7185351083126,7
2026,9,1527.9408369445005,9
2026,10,1434.2237855662747,10
2026,1,1533.8526322222651,8
2026,2,1760.6581923307954,4
2026,3,1714.512881211715,5
2026,4,1907.7401801860624,1
2026,5,1520.9037730357215,9
2026,6,1859.3685407086118,2
2026,7,1610.2597736488538,7
2026,8,1489.140894433464,10
2026,9,1713.607997652482,6
2026,10,1766.5133986543115,3
2026,1,1609.895948565471,7
2026,2,1831.8761732779112,2
2026,3,1806.113430978199,4
2026,4,1502.297720571841,9
2026,5,1547.4184204143887,8
2026,6,1838.2132563100831,1
2026,7,1779.285483723194,5
2026,8,1818.0957066216993,3
2026,9,1494.7780350899272,10
2026,10,1772.4445068205641,6
2026,1,1636.147613457364,8
2026,2,1730.3076886664462,6
2026,3,1774.2217343310986,5
2026,4,1477.6300539033036,9
2026,5,1325.0931968808236,10
2026,6,1802.7664890975311,4
2026,7,1653.5404017713495,7
2026,8,1978.3567716883126,1
2026,9,1822.1176012956914,3
2026,10,1859.7448418346357,2
2026,1,1749.7067817031054,4
2026,2,1790.4569672050688,3
2026,3,1709.8078783597027,7
2026,4,1735.3248524978442,6
2026,5,1412.8001748710676,10
2026,6,1818.732296718777,2
2026,7,1644.8491651655067,8
2026,8,1736.9963148690972,5
2026,9,2095.38642599833,1
2026,10,1511.9228094745497,9
2026,1,1790.0749238877506,2
2026,2,1775.070471005271,3
2026,3,1664.262177861367,8
2026,4,1673.5651400705215,7
2026,5,1480.2983009349973,10
2026,6,1555.8069064833853,9
2026,7,1722.7085298690165,5
2026,8,1761.8242847804072,4
2026,9,1722.5965727060307,6
2026,10,1895.8589853304625,1
2026,1,1552.121737093906,8
2026,2,1867.0564976569435,4
2026,3,1653.972082061007,6
2026,4,1577.6399501205,7
2026,5,1881.3303972245553,3
2026,6,1911.1577927316955,2
2026,7,1770.0857734560232,5
2026,8,2020.7738328560167,1
2026,9,1458.9780135492895,10
2026,10,1468.0216929863143,9
2026,1,1962.2096206688366,2
2026,2,1684.9930132968882,7
2026,3,1841.2970188668817,3
2026,4,1568.2390855148317,10
2026,5,1966.7521766475224,1
2026,6,1724.8436728908905,6
2026,7,1841.2148940535449,4
2026,8,1577.2887853147195,9
2026,9,1789.2304477051232,5
2026,10,1621.9714463393639,8
2026,1,1906.9359465823027,1
2026,2,1654.6723064560986,8
2026,3,1674.4208623315058,6
2026,4,1666.264295476047,7
2026,5,1770.2364333198598,2
2026,6,1649.2192057733216,9
2026,7,1485.5147151769688,10
2026,8,1693.531552905303,5
2026,9,1697.4169714028767,4
2026,10,1730.3333575525257,3
2026,1,1803.2469835752258,3
2026,2,1674.606831791488,5
2026,3,1558.362345074282,9
2026,4,1499.1026456564828,10
2026,5,1608.2545404100465,7
2026,6,1594.373600810162,8
2026,7,1640.2313166861022,6
2026,8,1728.0169059985126,4
2026,9,1969.885097743343,1
2026,10,1804.510862839371,2
2026,1,1669.896950671802,7
2026,2,2083.133504422835,1
2026,3,1604.2432205520006,9
2026,4,1604.7016302689308,8
2026,5,1934.0468428711856,2
2026,6,1718.479956976584,6
2026,7,1747.201559799633,5
2026,8,1522.2304806886866,10
2026,9,1782.5193802354481,4
2026,10,1845.9193952199766,3
2026,1,1691.5562659110508,7
2026,2,1865.8488417164851,1
2026,3,1703.738734432443,6
2026,4,1822.9644604315897,2
2026,5,1594.5996720700373,9
2026,6,1807.480822259592,3
2026,7,1716.4039445806893,4
2026,8,1664.792408153801,8
2026,9,1706.9701838277051,5
2026,10,1587.0323452406485,10
2026,1,1999.803531104328,1
2026,2,1522.331142074207,10
2026,3,1526.4219416341164,9
2026,4,1874.5759000818366,4
2026,5,1896.201239172266,3
2026,6,1836.219351028306,6
2026,7,1914.1637835661672,2
2026,8,1563.4688160937485,8
2026,9,1842.8127840124391,5
2026,10,1616.5583010427827,7
2026,1,1666.525756837465,6
2026,2,1713.9310042959887,5
2026,3,1503.615290691368,9
2026,4,1887.7600030629014,3
2026,5,1336.4398916135258,10
2026,6,1571.1146290433715,7
2026,7,1774.1323495686552,4
2026,8,1903.3027570540344,2
2026,9,1535.7163478194982,8
2026,10,1943.3541480304402,1
2026,1,1821.1526479987501,5
2026,2,1601.665119690296,7
2026,3,1558.2322372738877,8
2026,4,1864.5781951888703,2
2026,5,1834.4033680855846,3
2026,6,1673.4174624205161,6
2026,7,1833.4518720944557,4
2026,8,1990.6788831032886,1
2026,9,1452.371165942623,10
2026,10,1465.1981834887683,9
2026,1,1615.9756972106902,9
2026,2,1375.1285260340721,10
2026,3,1987.057533275143,2
2026,4,1764.631988240591,5
2026,5,2148.297894351637,1
2026,6,1874.3748560132688,3
2026,7,1647.4634061674922,8
2026,8,1671.002722772334,7
2026,9,1851.3693667499683,4
2026,10,1748.005632571482,6
2026,1,1668.896344613323,7
2026,2,1685.0769644484958,6
2026,3,1721.7601881557284,5
2026,4,2056.745738202859,1
2026,5,1922.4080684742225,3
2026,6,1564.4085773180523,8
2026,7,1927.285937534355,2
2026,8,1462.5914111109437,10
2026,9,1812.5656425754314,4
2026,10,1562.2704847096384,9
2026,1,1482.3264093597204,9
2026,2,1837.5354120189409,4
2026,3,1922.8856712264765,3
2026,4,1819.8147352441347,5
2026,5,1678.7147745014688,7
2026,6,2016.978719049282,1
2026,7,1996.5606480198282,2
2026,8,1358.5206912398166,10
2026,9,1757.8427774359307,6
2026,10,1606.0190787506012,8
2026,1,1814.6180319360537,2
2026,2,1653.2218159261151,7
2026,3,1695.7393172466307,5
2026,4,1785.109307345366,3
2026,5,1779.4501930965182,4
2026,6,1574.079807225089,10
2026,7,1912.0975578937405,1
2026,8,1641.8721397268753,9
2026,9,1694.5747642668068,6
2026,10,1652.8681330234003,8
2026,1,2121.5990309582976,1
2026,2,1787.0471756154113,6
2026,3,1864.3561514410662,3
2026,4,1855.4415219681619,4
2026,5,1615.0922022675286,8
2026,6,1592.19321565251,9
2026,7,1869.0306213365839,2
2026,8,1790.6148531853996,5
2026,9,1720.5142344423944,7
2026,10,1577.9345106221328,10
2026,1,1893.8629825897824,3
2026,2,1587.7852601301447,9
2026,3,1829.0647386257563,6
2026,4,1885.8722270318183,4
2026,5,1861.676314774684,5
2026,6,1715.0586122756677,7
2026,7,1914.6221425870624,2
2026,8,1711.644700739999,8
2026,9,1487.3824203522618,10
2026,10,1928.4456383775137,1
2026,1,1407.1760768916788,9
2026,2,1767.2505808476844,6
2026,3,1778.43447909872,5
2026,4,1405.218730324216,10
2026,5,1741.61798805856,7
2026,6,1976.979747635823,1
2026,7,1830.302520913459,3
2026,8,1920.3775488307083,2
2026,9,1586.304905017375,8
2026,10,1783.4226005336643,4
2026,1,1776.7114660015782,4
2026,2,1519.0372516287284,10
2026,3,1720.700501524735,6
2026,4,1523.5115969527205,9
2026,5,1791.7456498206307,3
2026,6,1606.419226819463,8
2026,7,1925.748773284165,1
2026,8,1690.8468652233526,7
2026,9,1818.967149680093,2
2026,10,1742.807396224682,5
2026,1,1597.0540755245129,7
2026,2,1870.8986798518488,3
2026,3,1650.1218477989037,6
2026,4,1388.6824100810968,10
2026,5,1999.2306197963553,1
2026,6,1859.7175703010494,4
2026,7,1833.2714692260859,5
2026,8,1567.1996047750476,8
2026,9,1525.9085290199455,9
2026,10,1935.0827380556743,2
2026,1,1504.6645464664307,9
2026,2,1731.7410386250995,4
2026,3,1394.4816136982738,10
2026,4,1974.5105569149243,2
2026,5,1550.5358205233817,7
2026,6,1681.659107813805,6
2026,7,1536.5240369156675,8
2026,8,1986.1037615461448,1
2026,9,1917.0180063899336,3
2026,10,1685.59962341273,5
2026,1,1709.325114306619,7
2026,2,1715.375962590545,6
2026,3,1726.4781951820444,4
2026,4,1689.8531214061463,8
2026,5,1978.9508891651449,1
2026,6,1812.085334686425,3
2026,7,1817.158616459978,2
2026,8,1672.6183189484645,9
2026,9,1720.9677182741618,5
2026,10,1579.9355098563462,10
2026,1,1572.572841598258,9
2026,2,1694.5401559267168,4
2026,3,1406.020723623951,10
2026,4,1657.2978484677033,6
2026,5,1992.3546496681713,2
2026,6,1683.7905451068013,5
2026,7,2042.6728482189483,1
2026,8,1628.5816399392115,7
2026,9,1740.0539529102098,3
2026,10,1601.2124140437545,8
2026,1,1729.6343139201692,4
2026,2,1663.8705838905455,5
2026,3,1661.8579455570175,6
2026,4,1623.1960930873458,8
2026,5,1612.0885763336478,9
2026,6,1916.8095473651297,1
2026,7,1799.817583945433,3
2026,8,1645.221010505948,7
2026,9,1560.4448584486277,10
2026,10,1899.321364693443,2
2026,1,1670.2624205697584,8
2026,2,1684.32432227569,7
2026,3,1719.9928222759095,6
2026,4,1971.680168983439,2
2026,5,2054.427603719036,1
2026,6,1571.0621536416688,9
2026,7,1939.4428009053045,3
2026,8,1835.6091749337252,4
2026,9,1758.8835400590683,5
2026,10,1523.7256326901947,10
2026,1,1814.8349558821235,4
2026,2,1763.8492421120873,5
2026,3,1748.170410458033,6
2026,4,1520.4762693116643,8
2026,5,1366.9501613898085,10
2026,6,1504.1590969974795,9
2026,7,1849.6071523756773,3
2026,8,1911.5315800596948,1
2026,9,1639.6575433511964,7
2026,10,1871.4515458134488,2
2026,1,1640.046819862697,9
2026,2,1683.0098417564027,8
2026,3,1883.5532449959098,1
2026,4,1686.1644285231534,6
2026,5,1811.4914191652479,5
2026,6,1684.9556037510683,7
2026,7,1860.43663254718,2
2026,8,1819.0657986296062,4
2026,9,1584.913243075804,10
2026,10,1832.9418153177683,3
2026,1,1676.5605220567784,5
2026,2,1568.3966014012574,9
2026,3,1729.1553232006434,3
2026,4,1413.6584334025852,10
2026,5,1808.665526943478,2
2026,6,1906.4639578517053,1
2026,7,1628.178331382845,7
2026,8,1723.4460016540004,4
2026,9,1626.0820286820083,8
2026,10,1644.4339349417596,6
2026,1,1384.0712891385238,10
2026,2,2088.580264098919,1
2026,3,1486.2058625265224,9
2026,4,1810.1678247677783,4
2026,5,1850.9235604600399,3
2026,6,1999.2998173529031,2
2026,7,1614.9684650711142,7
2026,8,1735.316108976909,6
2026,9,1743.5187525356519,5
2026,10,1599.9600970410856,8
2026,1,1710.3225791919328,8
2026,2,1792.8553994935864,5
2026,3,1775.3962218545337,6
2026,4,1852.0540395542985,3
2026,5,1755.426196556754,7
2026,6,1708.548383071798,9
2026,7,1879.05763005894,2
2026,8,1676.5672448098499,10
2026,9,1815.8869922615131,4
2026,10,1938.9103273438957,1
2026,1,1788.0468901024165,2
2026,2,1758.8975467114378,4
2026,3,1543.632166086916,7
2026,4,1736.7827800866303,6
2026,5,1752.193106186443,5
2026,6,1820.1116911122124,1
2026,7,1472.1572529776504,10
2026,8,1535.4084926139553,8
2026,9,1514.022498935351,9
2026,10,1779.5241995821004,3
2026,1,1777.0748679839876,8
2026,2,1829.1792522901387,7
2026,3,2011.4088725567499,3
2026,4,1708.377530100603,9
2026,5,2079.3138019256066,1
2026,6,2069.483359861777,2
2026,7,1972.4806998457077,4
2026,8,1895.1757869177598,6
2026,9,1924.4289172117542,5
2026,10,1669.8996566486276,10
2026,1,1813.5566636362066,3
2026,2,1685.8716947357243,7
2026,3,1998.7724679739895,1
2026,4,1685.4160731454149,8
2026,5,1836.1451321083441,2
2026,6,1709.9331823903021,6
2026,7,1404.375424528429,10
2026,8,1570.0578515386123,9
2026,9,1755.446218237596,4
2026,10,1737.4598756254027,5
2026,1,1847.676823422482,3
2026,2,1578.9888870944783,10
2026,3,1634.9609930912934,7
2026,4,1596.92478404145,9
2026,5,1853.2904953757015,2
2026,6,1796.0218749787962,5
2026,7,1947.9397145090556,1
2026,8,1615.5492002503913,8
2026,9,1709.0855795111877,6
2026,10,1817.5970002253116,4
2026,1,1670.7147393260038,7
2026,2,1907.2542008971886,3
2026,3,1558.42402853049,10
2026,4,1578.514170647174,9
2026,5,1872.3810976377001,4
2026,6,1727.377040317082,6
2026,7,1814.919697571525,5
2026,8,1589.6975562241046,8
2026,9,1917.018806967204,2
2026,10,1973.6137651365962,1
2026,1,1937.3331327305127,2
2026,2,1622.5312715271757,8
2026,3,2012.6852300546316,1
2026,4,1344.9269052184363,10
2026,5,1911.8647337656644,3
2026,6,1638.6676193907674,7
2026,7,1834.8040005871658,5
2026,8,1658.0993181987549,6
2026,9,1875.7972481730258,4
2026,10,1545.1939510650645,9
2026,1,1582.2117918085833,8
2026,2,1828.4481153366994,3
2026,3,1891.4507818228242,2
2026,4,1667.2644968651848,6
2026,5,1749.2285331295561,4
2026,6,1553.2360651615095,9
2026,7,2028.407760541912,1
2026,8,1703.4495378446209,5
2026,9,1416.115189457245,10
2026,10,1647.4143905562205,7
2026,1,1598.1665497992765,7
2026,2,1797.7038259892206,2
2026,3,1850.68107588604,1
2026,4,1657.8707981739215,6
2026,5,1711.3656208164107,4
2026,6,1788.5809426785609,3
2026,7,1662.6271185860446,5
2026,8,1592.7878951120806,9
2026,9,1595.6854039287148,8
2026,10,1467.879943445945,10
2026,1,1806.4270319569134,3
2026,2,1707.330376162342,6
2026,3,1712.6190249215915,4
2026,4,1652.3949174520528,8
2026,5,1607.2813351839932,10
2026,6,1622.44905842925,9
2026,7,1688.2238000347836,7
2026,8,1711.0488380515267,5
2026,9,1950.0831809960962,1
2026,10,1828.6109884865937,2
2026,1,1596.1776321539876,8
2026,2,1782.6051886412863,3
2026,3,1643.7159973238224,7
2026,4,1699.4450866405114,5
2026,5,1982.168819731231,1
2026,6,1803.5416141974133,2
2026,7,1441.6363458758765,9
2026,8,1392.7388439611398,10
2026,9,1706.1091801114042,4
2026,10,1672.901224126311,6
2026,1,1436.0509485916118,10
2026,2,1851.1013529904553,4
2026,3,1807.9129617833414,5
2026,4,1614.7671826802168,7
2026,5,1570.949318840004,9
2026,6,1862.3723277318236,3
2026,7,1887.5293781874539,2
2026,8,1741.7729333810548,6
2026,9,1952.11024509446,1
2026,10,1591.1335885990507,8
2026,1,1846.7588650520934,5
2026,2,1852.5512607232154,4
2026,3,1811.8290983255804,7
2026,4,1504.1768505500863,9
2026,5,1817.015732213502,6
2026,6,1443.7755555863648,10
2026,7,2158.100645865572,1
2026,8,1981.7707135661458,3
2026,9,1706.7975950223054,8
2026,10,2152.955887596735,2
2026,1,1394.8677819284246,10
2026,2,1580.5182502116445,8
2026,3,1760.3738418465637,4
2026,4,1699.9541412323026,6
2026,5,1755.7552988757325,5
2026,6,1688.3966949523629,7
2026,7,1913.380955855414,1
2026,8,1899.5224484429793,2
2026,9,1487.2462225667161,9
2026,10,1881.7715997124396,3
2026,1,1703.03077363908,7
2026,2,1576.8856519075118,8
2026,3,1832.7045837330577,2
2026,4,1545.3026025479057,10
2026,5,1832.6914525674615,3
2026,6,1558.6940149188217,9
2026,7,1774.8163798136827,5
2026,8,1809.2093820029302,4
2026,9,1885.856072595411,1
2026,10,1771.059541646122,6
2026,1,1746.7078919156825,5
2026,2,1675.4966672286596,7
2026,3,1753.742784234885,4
2026,4,1721.3627745828637,6
2026,5,1765.2373940953976,3
2026,6,1634.2888505645242,8
2026,7,1830.4749753062642,2
2026,8,1577.4219956646477,9
2026,9,1469.007194424245,10
2026,10,1895.7798873061975,1
2026,1,1603.5756765056533,10
2026,2,1817.2350808052438,3
2026,3,1604.298213327259,9
2026,4,1764.91607191273,4
2026,5,1673.7829396860868,6
2026,6,1740.2366749928367,5
2026,7,1638.6767654991318,8
2026,8,1662.8441814382763,7
2026,9,2007.9592176028984,2
2026,10,2042.8522236092986,1
2026,1,1713.8349435543305,7
2026,2,1782.3030669204634,6
2026,3,1683.7184419020487,8
2026,4,1922.6339562792912,2
2026,5,1897.5343795791096,3
2026,6,1805.5302022498354,5
2026,7,2030.7629665569295,1
2026,8,1594.0490572903605,9
2026,9,1846.8135274875651,4
2026,10,1472.0021558528902,10
2026,1,1623.546105001917,9
2026,2,1857.5334922822499,4
2026,3,1519.8957349892703,10
2026,4,1844.836370114423,5
2026,5,1640.8865572967584,8
2026,6,2211.0375400449416,1
2026,7,1873.0146650985228,3
2026,8,1885.3881850117955,2
2026,9,1664.5524128727407,7
2026,10,1740.7186501778501,6
2026,1,1573.3733462169857,7
2026,2,1429.2100739031714,10
2026,3,1492.9892056904582,8
2026,4,1599.7539526091982,6
2026,5,1431.7551587570076,9
2026,6,1716.8312930481468,5
2026,7,2062.545220993678,1
2026,8,1794.4498087597574,3
2026,9,1740.9730995420255,4
2026,10,1796.2777452406126,2
2026,1,1743.918405414325,6
2026,2,1794.2181460731026,3
2026,3,1691.4063590870658,8
2026,4,1748.1164747550717,5
2026,5,1773.8251379255744,4
2026,6,1650.5236395368925,10
2026,7,1816.2407356722333,2
2026,8,1702.609371259865,7
2026,9,1842.0625177673217,1
2026,10,1664.0811056670946,9
2026,1,1738.9978936058264,7
2026,2,1870.5575533916833,2
2026,3,1888.666296741295,1
2026,4,1853.942842185416,3
2026,5,1728.123737136209,9
2026,6,1799.6441687421743,5
2026,7,1662.5101279503901,10
2026,8,1795.6514690592232,6
2026,9,1843.9105673908653,4
2026,10,1728.3006945622242,8
2026,1,1912.9757958287719,4
2026,2,2072.1116307602933,1
2026,3,2065.603296494807,2
2026,4,1587.8615793757986,7
2026,5,1463.9867531809227,10
2026,6,2013.7843820808957,3
2026,7,1743.229564455099,6
2026,8,1759.8725045378508,5
2026,9,1528.2837923840223,8
2026,10,1521.025055772698,9
2026,1,1943.256037868718,3
2026,2,1981.9333413191362,2
2026,3,1775.997137879036,8
2026,4,1783.275283211349,7
2026,5,2118.2351423363393,1
2026,6,1885.6894496709324,4
2026,7,1796.8085283897885,6
2026,8,1752.9598675306306,9
2026,9,1869.4493688621267,5
2026,10,1682.016153963074,10
2026,1,1600.0332359098597,9
2026,2,1872.979447537273,2
2026,3,1840.1776805359796,4
2026,4,1512.5287568980534,10
2026,5,1788.5273847270932,5
2026,6,1729.5146218178052,6
2026,7,1937.3283677840273,1
2026,8,1714.7911432749054,7
2026,9,1617.2908771761151,8
2026,10,1867.5241444390153,3
2026,1,1832.4759636820725,5
2026,2,1914.4035853971313,3
2026,3,1638.4102482945405,9
2026,4,1931.543982262734,2
2026,5,1715.8987583907947,7
2026,6,1696.8289958339888,8
2026,7,2006.9583391815133,1
2026,8,1329.5920937432077,10
2026,9,1857.3179898526796,4
2026,10,1738.9270182503824,6
2026,1,1948.5562802620384,2
2026,2,2002.291723554007,1
2026,3,1691.1826187674553,4
2026,4,1373.2037086738464,10
2026,5,1546.37560465757,7
2026,6,1434.743730328172,9
2026,7,1740.3944270220748,3
2026,8,1532.0879086602195,8
2026,9,1681.2384482229202,5
2026,10,1572.2444454371673,6
2026,1,1983.760014616815,5
2026,2,2016.0955265153507,2
2026,3,1885.965772677907,6
2026,4,2002.782988265936,3
2026,5,1267.4595562437353,10
2026,6,1987.776897633039,4
2026,7,1873.691361394486,7
2026,8,1730.9461183736323,8
2026,9,2044.4574877468926,1
2026,10,1538.6138041553465,9
2026,1,1747.793983521805,5
2026,2,1861.5453234897518,2
2026,3,1835.9239100988439,3
2026,4,1665.932269653022,7
2026,5,1618.597796616278,9
2026,6,1967.1831119006033,1
2026,7,1619.550165149809,8
2026,8,1690.767897897585,6
2026,9,1559.4998094835669,10
2026,10,1835.3434701899807,4
2026,1,1860.3125780520522,1
2026,2,1713.5065918738385,7
2026,3,1814.7501054644413,3
2026,4,1664.7019258313228,9
2026,5,1525.6945464966157,10
2026,6,1698.9798403289524,8
2026,7,1807.4284018714052,4
2026,8,1843.237380886954,2
2026,9,1722.6007210777716,6
2026,10,1769.9134650123515,5
2026,1,1883.6233725563334,2
2026,2,1507.803901137952,10
2026,3,1894.5333659939897,1
2026,4,1881.264668059586,3
2026,5,1699.3466388240727,5
2026,6,1865.2828312028428,4
2026,7,1555.7891604371407,9
2026,8,1648.657058772226,6
2026,9,1634.925619839707,8
2026,10,1645.875620187238,7
2026,1,1621.1885384534303,6
2026,2,1798.57945428552,3
2026,3,1779.592953023008,5
2026,4,1590.8920548096785,8
2026,5,1822.6829302123376,2
2026,6,1594.4564973190893,7
2026,7,1509.9767200630479,10
2026,8,1888.9705305696546,1
2026,9,1589.046246047833,9
2026,10,1797.3084427203823,4
2026,1,1576.298511444571,7
2026,2,1861.09016764176,3
2026,3,1402.9076563230592,9
2026,4,1675.9437664766829,5
2026,5,1402.2186581240876,10
2026,6,1580.9804376965794,6
2026,7,1818.7361869077438,4
2026,8,1455.6274605592002,8
2026,9,1904.9029013340353,2
2026,10,2060.5746133728553,1
2026,1,1827.1031450903092,4
2026,2,1873.2244320134564,2
2026,3,1538.0064864214748,10
2026,4,1574.8797454787123,9
2026,5,1795.404144389387,6
2026,6,1738.3205510272055,8
2026,7,1855.7197392405533,3
2026,8,1807.1701472366517,5
2026,9,1982.8927329205467,1
2026,10,1748.9911400863907,7
2026,1,1646.8698457273035,10
2026,2,1870.2859974554783,3
2026,3,1746.7841692832708,6
2026,4,1674.5052726209433,8
2026,5,1813.4073692554784,5
2026,6,1901.580195363067,2
2026,7,1713.9185697834341,7
2026,8,1996.7915390005105,1
2026,9,1652.7032874068425,9
2026,10,1866.476426084667,4
2026,1,1531.8015846333228,9
2026,2,1782.0765325527805,4
2026,3,1945.971337844335,1
2026,4,1529.0004351656476,10
2026,5,1774.4097904111136,5
2026,6,1789.9139705129178,3
2026,7,1548.1478261440798,8
2026,8,1661.5141419813242,6
2026,9,1555.28733543288,7
2026,10,1884.971648134157,2
2026,1,1901.9219249859007,3
2026,2,1878.4675648456735,5
2026,3,1872.552872262034,6
2026,4,1726.066198194244,9
2026,5,1584.3966894078708,10
2026,6,1996.783625460623,1
2026,7,1898.8446984024652,4
2026,8,1783.3228897682127,8
2026,9,1861.0247399492066,7
2026,10,1967.8075581878932,2
2026,1,1792.254613123573,6
2026,2,1856.8230141574777,3
2026,3,1819.1102698266045,4
2026,4,1535.5963321068568,9
2026,5,1692.3046866342522,7
2026,6,2173.967315786076,1
2026,7,1971.6934054372273,2
2026,8,1429.938541391139,10
2026,9,1809.5695320138666,5
2026,10,1629.3424239934561,8
2026,1,1495.892841080397,10
2026,2,1848.1074110423579,3
2026,3,1718.1567872501328,5
2026,4,1938.8359163028913,1
2026,5,1635.86655518843,7
2026,6,1702.4898092071644,6
2026,7,1736.8520595921123,4
2026,8,1523.1115333667308,9
2026,9,1578.1534211331573,8
2026,10,1914.649453056726,2
2026,1,1726.3207160001266,9
2026,2,1883.9180080541257,5
2026,3,1929.2228425006688,3
2026,4,1863.7217053732652,6
2026,5,1760.5808659292265,7
2026,6,1497.4810523895806,10
2026,7,2013.5967456276537,1
2026,8,1895.4335014512058,4
2026,9,1733.8503260610742,8
2026,10,1959.7837463892402,2
2026,1,1740.4395474263217,5
2026,2,1735.1937739844757,6
2026,3,1611.9127900899155,9
2026,4,1766.8380312587096,4
2026,5,1711.1256497251097,7
2026,6,1565.6284022391746,10
2026,7,2056.7790405725023,2
2026,8,1864.8962307579375,3
2026,9,1617.8851191944136,8
2026,10,2086.9349956723718,1
2026,1,1786.7335166924279,5
2026,2,1799.543543985628,4
2026,3,1775.2799300448437,6
2026,4,1845.5375934196873,3
2026,5,1889.3056903487732,2
2026,6,1626.6204844728663,9
2026,7,1680.1313430068903,8
2026,8,1988.9445701828552,1
2026,9,1752.7265073742985,7
2026,10,1583.8194090542574,10
2026,1,1721.1564912018928,8
2026,2,1895.8723959535928,1
2026,3,1356.592791312862,10
2026,4,1779.8181861955668,4
2026,5,1739.133404930757,6
2026,6,1740.7584813579897,5
2026,7,1819.8467988040773,2
2026,8,1601.8732236219391,9
2026,9,1798.312497467247,3
2026,10,1733.5357085480887,7
2026,1,2135.0405071620416,1
2026,2,1850.1044755798216,4
2026,3,1541.1129355479204,9
2026,4,1725.11065562275,7
2026,5,1774.0116866337094,6
2026,6,1790.375707980936,5
2026,7,1866.64932484555,3
2026,8,1669.0030898214573,8
2026,9,1517.208179344716,10
2026,10,1892.826202620885,2
2026,1,1983.842767807267,3
2026,2,1893.9935130027689,4
2026,3,1556.0199978743894,9
2026,4,1882.733894876484,5
2026,5,1668.993533035691,7
2026,6,1472.2540085405194,10
2026,7,2032.2926657098897,2
2026,8,1626.3690716557292,8
2026,9,1848.92328437589,6
2026,10,2065.718990369519,1
2026,1,1857.5572524939967,3
2026,2,1913.2526281054113,1
2026,3,1577.3567449755528,10
2026,4,1680.9543045920036,9
2026,5,1898.2590908137495,2
2026,6,1759.2385433006411,6
2026,7,1786.061767220664,4
2026,8,1731.2231409275844,8
2026,9,1763.9379237931375,5
2026,10,1733.1869623347134,7
2026,1,1588.6448522308413,8
2026,2,2066.1749867970093,1
2026,3,1728.6708244156857,3
2026,4,1594.3899905608637,7
2026,5,1498.603800270723,9
2026,6,1420.4290344912533,10
2026,7,1618.9403913507435,6
2026,8,1644.273970711404,5
2026,9,1907.779978950393,2
2026,10,1701.2239307778104,4
2026,1,1644.4714962702546,10
2026,2,1673.612420601966,9
2026,3,1744.8956794824003,4
2026,4,1814.1941610413273,1
2026,5,1691.2103677417006,7
2026,6,1754.007664205149,3
2026,7,1685.232677889229,8
2026,8,1728.4117683276015,5
2026,9,1812.3125095306282,2
2026,10,1714.3054729885034,6
2026,1,1788.8130968029582,5
2026,2,1917.2840008736614,3
2026,3,1891.1255348988448,4
2026,4,2029.849625093125,1
2026,5,1759.0979474812457,6
2026,6,1612.3417920381664,9
2026,7,1670.0023955014954,8
2026,8,1931.2131495856825,2
2026,9,1703.6921710156175,7
2026,10,1582.506402193573,10
2026,1,2034.4449237042356,2
2026,2,1668.5112765738113,8
2026,3,1778.1185683813708,7
2026,4,1227.6845481044763,10
2026,5,2041.311005064008,1
2026,6,1662.9795960027961,9
2026,7,1858.3427439559368,3
2026,8,1820.3032663509812,4
2026,9,1797.4320141960602,6
2026,10,1803.5138281353848,5
2026,1,1787.5298726215617,5
2026,2,1819.5953202748942,3
2026,3,1470.9431132250306,9
2026,4,1725.9092221024184,8
2026,5,1762.260868164235,7
2026,6,1838.7105261921556,1
2026,7,1777.5623199508025,6
2026,8,1833.5793730478026,2
2026,9,1467.5630994127437,10
2026,10,1812.609908091365,4
2026,1,1942.206162827132,1
2026,2,1786.2597938508889,3
2026,3,1439.030879559385,10
2026,4,1709.5115575874838,5
2026,5,1519.897573706254,9
2026,6,1931.6987543237442,2
2026,7,1641.6368025934519,7
2026,8,1778.303845223596,4
2026,9,1709.4789703991196,6
2026,10,1521.039463974047,8
2026,1,1751.385122242103,5
2026,2,1807.601601345597,2
2026,3,1723.7000716324658,7
2026,4,1569.5011907577098,9
2026,5,1753.4810232912318,4
2026,6,1444.3724154560286,10
2026,7,1800.6280192930808,3
2026,8,1731.3935463914127,6
2026,9,1918.7359633222122,1
2026,10,1599.7150385809996,8
2026,1,1687.3026198115772,8
2026,2,2068.375329091525,1
2026,3,1801.962137142274,6
2026,4,1702.610638023688,7
2026,5,1860.222587970073,4
2026,6,1488.1572348053544,10
2026,7,1822.9890197301406,5
2026,8,1873.0424001444585,2
2026,9,1598.3244713644208,9
2026,10,1865.902514479705,3
2026,1,1534.3270225178762,10
2026,2,1727.72411416263,7
2026,3,1826.1717383430494,4
2026,4,1823.499320045741,5
2026,5,1940.2670860969697,1
2026,6,1842.2345006020673,3
2026,7,1558.674280172972,9
2026,8,1811.2091072580588,6
2026,9,1883.624607577907,2
2026,10,1669.5510610189476,8
2026,1,1831.9576399164903,2
2026,2,1816.3799664843727,3
2026,3,1813.5993301161711,4
2026,4,1638.219956000286,9
2026,5,1692.6780634918962,8
2026,6,1807.4526852269846,5
2026,7,1716.453426611069,7
2026,8,1538.519402199626,10
2026,9,1888.84578092274,1
2026,10,1776.530462818791,6
2026,1,1872.576990697975,5
2026,2,1614.1416723250147,8
2026,3,1616.2814795653735,7
2026,4,2016.5200139230483,1
2026,5,1927.3427576181705,4
2026,6,2009.8113396059,2
2026,7,1749.6179137377185,6
2026,8,1548.9894309368938,9
2026,9,1945.7618744980828,3
2026,10,1494.589129215454,10
2026,1,1647.8562442344114,4
2026,2,1684.4454258309945,2
2026,3,1588.428985077305,7
2026,4,1860.125813276241,1
2026,5,1679.2989119484375,3
2026,6,1571.245086749742,9
2026,7,1427.3511194971566,10
2026,8,1627.1387555280496,6
2026,9,1638.312462763837,5
2026,10,1572.8063704711521,8
2026,1,1821.9458699726251,4
2026,2,1733.183052812311,6
2026,3,1715.4668092496581,8
2026,4,1587.2284163708096,10
2026,5,2013.530533655227,1
2026,6,1642.94121477502,9
2026,7,1822.8755583678007,3
2026,8,1717.7556985134268,7
2026,9,1911.5665395497572,2
2026,10,1812.7840835829106,5
2026,1,1698.6565849399121,8
2026,2,1844.7340729200023,6
2026,3,1821.964360754836,7
2026,4,1628.3782182192194,10
2026,5,1992.2989567271986,2
2026,6,1689.1593352358086,9
2026,7,1866.3088290022897,5
2026,8,1867.55718662283,4
2026,9,1904.7215644878943,3
2026,10,2005.5176131739756,1
2026,1,1831.2847474650864,1
2026,2,1323.8605179850365,10
2026,3,1423.851691412209,9
2026,4,1757.1249020017938,3
2026,5,1728.7066748706466,5
2026,6,1788.5906240335116,2
2026,7,1650.3682520497155,7
2026,8,1721.1877305378857,6
2026,9,1626.6738139870838,8
2026,10,1756.4351946354486,4
2026,1,2057.940552578614,1
2026,2,1860.3352965225454,4
2026,3,2043.784347362842,2
2026,4,1691.2104355490399,7
2026,5,1665.0738973020914,8
2026,6,1657.3519893737825,9
2026,7,1723.286236017214,6
2026,8,1652.5413110709378,10
2026,9,1795.6278056746646,5
2026,10,2011.3477091260859,3
2026,1,1891.002144451952,2
2026,2,1686.8798534848656,8
2026,3,1783.686867293508,5
2026,4,1480.0521669967989,10
2026,5,1883.9911814610991,3
2026,6,1697.5360256866597,7
2026,7,1581.8080997710226,9
2026,8,1914.5397070268455,1
2026,9,1753.2656701018277,6
2026,10,1830.3114087837837,4
2026,1,1658.6599910236173,7
2026,2,1832.6204770419695,4
2026,3,1302.2186450500305,10
2026,4,1779.0345982645501,6
2026,5,1817.8171929948016,5
2026,6,1968.6345852655095,1
2026,7,1860.3634860890775,3
2026,8,1599.652455129464,8
2026,9,1523.877617544611,9
2026,10,1896.5947029432773,2
2026,1,1730.487170581705,10
2026,2,2079.0413657473237,2
2026,3,2094.8033801191355,1
2026,4,2038.2407515376563,3
2026,5,1877.4393424120572,5
2026,6,1806.8887194889207,6
2026,7,1736.1830334606348,9
2026,8,2023.4247856661423,4
2026,9,1755.7545456893076,8
2026,10,1791.7532758803218,7
2026,1,1829.6304771965788,3
2026,2,1759.4931011689666,6
2026,3,1201.7277645399934,10
2026,4,1634.5750861247493,8
2026,5,1813.0137648505038,4
2026,6,1969.4218840014455,2
2026,7,1799.4873277143108,5
2026,8,1450.2012431408195,9
2026,9,1728.9412204820553,7
2026,10,2006.448447778075,1
2026,1,1693.5445167804276,9
2026,2,1918.4828016070337,2
2026,3,1949.6857056519666,1
2026,4,1704.9889675501881,7
2026,5,1793.458193597369,5
2026,6,1823.823241385535,4
2026,7,1596.7083508652483,10
2026,8,1699.5484895882707,8
2026,9,1783.3617090035648,6
2026,10,1825.3332691784217,3
2026,1,1813.0203981686643,5
2026,2,1757.4460004181374,6
2026,3,1863.737528150945,4
2026,4,1909.4610544226339,2
2026,5,1983.9213656060906,1
2026,6,1890.1901327471078,3
2026,7,1483.6797288891412,10
2026,8,1589.2935092384898,8
2026,9,1732.5592479679005,7
2026,10,1587.4318126721923,9
2026,1,1457.4935938014096,10
2026,2,1625.807413181467,7
2026,3,1661.3049843789386,5
2026,4,1760.403171724713,3
2026,5,1849.9612917105394,1
2026,6,1793.0887826709463,2
2026,7,1574.9836919882578,8
2026,8,1659.7851655625955,6
2026,9,1473.0317501588588,9
2026,10,1735.7438812535129,4
2026,1,1270.6030367321164,10
2026,2,1758.6707431151717,5
2026,3,1706.7734019787495,7
2026,4,1852.9255229927217,4
2026,5,1913.8707356028017,2
2026,6,1939.5500756611286,1
2026,7,1703.5709236448263,8
2026,8,1855.5120990964217,3
2026,9,1749.3901117419846,6
2026,10,1638.022068912113,9
2026,1,1829.563324533608,4
2026,2,1652.629699763411,9
2026,3,1755.2071827291911,7
2026,4,1910.6366277118627,2
2026,5,1943.4302016214465,1
2026,6,1761.1812501729,6
2026,7,1540.565350148951,10
2026,8,1821.1501121735262,5
2026,9,1664.4322114853344,8
2026,10,1849.0647796726098,3
2026,1,1803.1567751496386,6
2026,2,1860.2802882144365,4
2026,3,1653.6350812957285,8
2026,4,1996.0945323356561,1
2026,5,1619.367154666732,9
2026,6,1810.4177025340941,5
2026,7,1931.2776897608483,2
2026,8,1788.4161702660442,7
2026,9,1916.4536988273599,3
2026,10,1520.7070882471953,10
2026,1,1507.4991457586243,10
2026,2,1831.6074498036262,1
2026,3,1810.6193668273863,2
2026,4,1796.7864200843069,3
2026,5,1733.1339087420802,5
2026,6,1629.0636576655575,6
2026,7,1768.9572231866487,4
2026,8,1626.4646109345458,7
2026,9,1580.5512629180107,8
2026,10,1529.479814397666,9
2026,1,1829.8526448698424,6
2026,2,1624.1056774384238,9
2026,3,1931.532355059448,5
2026,4,1707.915109829494,8
2026,5,1595.8613217856896,10
2026,6,1957.960920554898,4
2026,7,2147.5888895646076,1
2026,8,1757.4169518635274,7
2026,9,2002.821705756525,3
2026,10,2066.5723128890154,2
2026,1,1807.6369055174264,3
2026,2,1597.763286149669,10
2026,3,1630.4440620693506,9
2026,4,1675.662927831625,5
2026,5,1701.9528087267597,4
2026,6,1838.0348627741555,2
2026,7,1659.1017476018794,6
2026,8,1639.0291017827876,8
2026,9,1656.2302855008975,7
2026,10,1852.0344693791899,1
2026,1,1802.9370271366306,5
2026,2,2029.8623002930117,1
2026,3,1841.2476520494956,3
2026,4,1706.906359689978,9
2026,5,1907.51815843204,2
2026,6,1772.6119639665148,7
2026,7,1775.3432025013312,6
2026,8,1837.6777646555665,4
2026,9,1352.094925923885,10
2026,10,1709.3939017607102,8
2026,1,1807.7257601344913,6
2026,2,1877.3213238584424,3
2026,3,1950.4131876015595,2
2026,4,2167.18374997962,1
2026,5,1734.6823096941725,7
2026,6,1666.8048139528248,9
2026,7,1810.1788194726716,5
2026,8,1870.384937383552,4
2026,9,1677.9240460845176,8
2026,10,1586.7102994733432,10
2026,1,1548.5079643888998,10
2026,2,1992.6668762099744,1
2026,3,1605.3548253647245,8
2026,4,1656.5718148245091,6
2026,5,1767.8115002994523,4
2026,6,1687.3553365953558,5
2026,7,1597.4435749898548,9
2026,8,1781.276602667144,3
2026,9,1644.0142808222358,7
2026,10,1964.9035123723575,2
2026,1,1712.8895268634515,6
2026,2,1945.479854432488,2
2026,3,1580.409101119753,8
2026,4,1811.9871578791103,3
2026,5,1619.0219059767342,7
2026,6,1421.8135624017632,9
2026,7,1805.5362469437123,4
2026,8,1718.8775730932011,5
2026,9,2044.9284527182467,1
2026,10,1259.871483489915,10
2026,1,1959.2079854327726,1
2026,2,1801.7525058225792,6
2026,3,1905.9012564133182,2
2026,4,1584.6977308846294,10
2026,5,1747.701890688525,8
2026,6,1624.7855942135943,9
2026,7,1872.382790142869,3
2026,8,1777.958917495931,7
2026,9,1833.2753758823292,5
2026,10,1837.0284752300872,4
2026,1,1868.1378448343821,4
2026,2,1791.061314202877,5
2026,3,1778.0260772413858,6
2026,4,1754.265163393737,7
2026,5,1924.3450269107216,3
2026,6,1589.7734858180086,9
2026,7,2036.3814759155885,1
2026,8,1964.7241998447093,2
2026,9,1501.7207839468413,10
2026,10,1630.8716112570319,8
2026,1,1529.179695555521,10
2026,2,2016.0191050597596,2
2026,3,2040.9832554236189,1
2026,4,1565.5773438319907,9
2026,5,1635.5550143080752,7
2026,6,1685.6676396326566,6
2026,7,1616.284230546216,8
2026,8,1773.402120341179,5
2026,9,1851.2524790341754,4
2026,10,1855.2521053559276,3
2026,1,1512.6597072373315,9
2026,2,1791.2725409582124,4
2026,3,1999.8343037159552,2
2026,4,1614.3544072157963,8
2026,5,2012.1358761880147,1
2026,6,1679.3506750970732,6
2026,7,1789.1325433176398,5
2026,8,1401.402869116797,10
2026,9,1631.413257529204,7
2026,10,1874.8180262761653,3
2026,1,1776.2016579821575,4
2026,2,1853.757241781254,2
2026,3,1644.7529851720317,7
2026,4,1646.48716790458,6
2026,5,1825.1559501923082,3
2026,6,1562.0345793321567,8
2026,7,1873.8151380856452,1
2026,8,1691.4691324454027,5
2026,9,1402.7902143755166,10
2026,10,1557.0213381975836,9
2026,1,1753.3172528398604,5
2026,2,1825.2425242739798,4
2026,3,1595.8390580298353,8
2026,4,1462.6960574682557,9
2026,5,1881.5263875310088,3
2026,6,1649.7209527479013,7
2026,7,1911.9896852762868,1
2026,8,1439.8803681810691,10
2026,9,1902.874687262157,2
2026,10,1689.2623394603374,6
2026,1,2051.167442395131,2
2026,2,2025.8523413002495,3
2026,3,1698.902624676409,9
2026,4,1790.6945856149932,5
2026,5,1746.1293635097636,7
2026,6,1627.3106739562204,10
2026,7,2083.0894202368095,1
2026,8,1727.0405209501696,8
2026,9,1753.1999193700296,6
2026,10,1826.2942943010182,4
2026,1,1861.0649060356652,2
2026,2,1472.2131242749947,10
2026,3,1581.5946919613841,9
2026,4,1630.2506566470997,8
2026,5,1761.0202454851287,6
2026,6,1963.294548932917,1
2026,7,1810.4661844610332,4
2026,8,1777.0998541351987,5
2026,9,1706.1556868676676,7
2026,10,1827.3927117024182,3
2026,1,2013.6672040968142,2
2026,2,1942.3399673465608,3
2026,3,1680.5300101060766,9
2026,4,2015.877738256957,1
2026,5,1453.7124297983037,10
2026,6,1819.1271167963007,4
2026,7,1718.8016435048698,8
2026,8,1818.9183566103486,5
2026,9,1736.4630213237122,6
2026,10,1724.20367877338,7
2026,1,1772.155776083664,4
2026,2,1762.0707583120484,5
2026,3,1657.1692615138736,8
2026,4,1905.680036080986,2
2026,5,1695.750218873653,6
2026,6,1537.599363880008,9
2026,7,1973.6954314024256,1
2026,8,1431.8635972645175,10
2026,9,1865.5514541843945,3
2026,10,1668.185039657505,7
2026,1,1789.662486779553,5
2026,2,1835.7436103831528,2
2026,3,1694.4785736761212,8
2026,4,1705.618252331183,7
2026,5,1814.7719459834495,4
2026,6,1500.541402054073,10
2026,7,1617.9791081887067,9
2026,8,1746.7764302775713,6
2026,9,1816.878331545875,3
2026,10,1835.9817901738325,1
2026,1,1638.0561301433074,8
2026,2,1808.9020365731496,2
2026,3,1784.0586526350885,4
2026,4,1904.4094962426952,1
2026,5,1686.9415450266047,6
2026,6,1600.2881945678687,10
2026,7,1785.6661947919954,3
2026,8,1623.8753697821548,9
2026,9,1653.9741569340003,7
2026,10,1765.2625724468144,5
2026,1,1630.1166195706885,8
2026,2,1664.2594874480822,7
2026,3,1823.5604165504144,1
2026,4,1691.6155742307183,5
2026,5,1613.051062143972,9
2026,6,1814.918291151022,4
2026,7,1821.2465173485616,3
2026,8,1687.3776461108887,6
2026,9,1821.9596314542155,2
2026,10,1575.5230435713845,10
2026,1,1733.4439245820254,7
2026,2,1553.1422862508534,9
2026,3,2000.754931317218,3
2026,4,1712.9335277411117,8
2026,5,1330.916054238795,10
2026,6,1936.154836690269,4
2026,7,2144.1257688052233,1
2026,8,2083.088768493373,2
2026,9,1751.1580113228617,6
2026,10,1873.543459071684,5
2026,1,1905.482053427236,2
2026,2,1720.0098229964804,7
2026,3,1788.3300210289378,3
2026,4,1685.0170450378598,8
2026,5,1604.874504922583,9
2026,6,1992.363984185727,1
2026,7,1761.0522890116185,5
2026,8,1729.196207564599,6
2026,9,1773.489436322806,4
2026,10,1561.5005211736313,10
2026,1,1657.0175976055011,7
2026,2,1793.6389110482212,2
2026,3,1813.9641311749378,1
2026,4,1662.4844411845243,6
2026,5,1712.1526555177106,4
2026,6,1642.4520392199342,9
2026,7,1736.6380596912145,3
2026,8,1653.2855107638106,8
2026,9,1555.276591920414,10
2026,10,1685.6927210883591,5
2026,1,1858.6971557256643,5
2026,2,1738.562832302306,8
2026,3,1982.5717333791242,1
2026,4,1766.2006737426618,6
2026,5,1925.6408960111949,3
2026,6,1901.2560739561416,4
2026,7,1954.3607263958045,2
2026,8,1669.2016408486274,9
2026,9,1760.4050726972514,7
2026,10,1384.697299300792,10
2026,1,1777.1754304155402,3
2026,2,1786.508581259165,2
2026,3,1646.3520554213587,9
2026,4,1461.777261142323,10
2026,5,1746.585534271503,4
2026,6,1660.0547229220247,8
2026,7,1696.1695754874609,6
2026,8,1716.6829390688044,5
2026,9,1688.1593882102502,7
2026,10,1810.9114341171705,1
2026,1,1876.0522524836742,1
2026,2,1721.7366951990368,5
2026,3,1696.479543144707,7
2026,4,1683.647805651864,8
2026,5,1569.6452486200646,10
2026,6,1708.497762347799,6
2026,7,1605.3418451269697,9
2026,8,1779.591671425832,3
2026,9,1753.073369097438,4
2026,10,1835.7540463170296,2
2026,1,1877.7203093486203,1
2026,2,1865.804081885592,2
2026,3,1740.878440243049,5
2026,4,1542.8399072378795,10
2026,5,1757.8710551909069,4
2026,6,1624.137433186772,9
2026,7,1811.539241193604,3
2026,8,1704.5768292721605,6
2026,9,1681.2949984550626,7
2026,10,1627.3868363146553,8
2026,1,1718.538961941625,4
2026,2,1694.8561591221437,5
2026,3,1689.7581443203567,6
2026,4,1806.2369034523917,2
2026,5,1652.5711612399518,7
2026,6,1586.8964875931376,8
2026,7,1880.4885971997405,1
2026,8,1584.8751774073194,9
2026,9,1747.9426568345627,3
2026,10,1489.6024908369855,10
2026,1,1831.6431749983276,6
2026,2,1814.6022705273176,7
2026,3,2188.2241817143486,1
2026,4,1424.8430481074267,10
2026,5,1885.6513447091318,3
2026,6,1693.2147123018694,8
2026,7,1677.622219249094,9
2026,8,1845.5803582947374,5
2026,9,1918.7024565235251,2
2026,10,1880.3863575729706,4
2026,1,2184.640405018547,1
2026,2,1698.8519430027873,6
2026,3,1773.8592116615957,3
2026,4,1668.8286755179488,8
2026,5,1682.03383879914,7
2026,6,1648.6190348687724,9
2026,7,1738.581474666989,5
2026,8,1757.3562296300972,4
2026,9,1494.7416994838343,10
2026,10,1874.2923105043199,2
2026,1,1768.8946470388282,2
2026,2,1690.3820275189423,5
2026,3,1724.4302457118442,3
2026,4,1680.538067200211,7
2026,5,1708.418310013487,4
2026,6,1636.7016821139598,10
2026,7,1685.4343422345742,6
2026,8,1643.9872305963324,9
2026,9,1810.5296043890212,1
2026,10,1669.3055178892487,8
2026,1,1682.0388629458887,8
2026,2,1568.8278736260695,10
2026,3,1884.4141243735712,2
2026,4,1827.9794653405356,5
2026,5,1834.6977429963758,4
2026,6,1708.4218206776807,7
2026,7,1674.7157355380982,9
2026,8,1849.473725028591,3
2026,9,1785.042280267195,6
2026,10,2047.1675108211277,1
2026,1,1840.5836723101977,4
2026,2,1956.9622518824572,2
2026,3,1778.8157626152813,7
2026,4,1777.1123988518884,8
2026,5,1707.0903126147418,9
2026,6,1850.57319256201,3
2026,7,2224.6678710545602,1
2026,8,1794.5287287055196,6
2026,9,1834.1212514660879,5
2026,10,1692.7022191929434,10
2026,1,1972.760243342471,1
2026,2,1656.7896985997045,8
2026,3,1789.2317261052533,4
2026,4,1889.0304412653193,2
2026,5,1715.365175715675,7
2026,6,1761.5605078885358,5
2026,7,1637.7378422592974,10
2026,8,1649.9028160526875,9
2026,9,1730.2066931555762,6
2026,10,1803.3618092670088,3
2026,1,1657.567810398051,8
2026,2,1675.499097398193,6
2026,3,1882.698286941835,3
2026,4,1430.856975654578,10
2026,5,1690.792630447435,5
2026,6,1607.465597809588,9
2026,7,1891.4447883571456,2
2026,8,1917.7847576678037,1
2026,9,1753.2895682345134,4
2026,10,1675.370306193853,7
2026,1,1665.6791332371702,7
2026,2,1773.069813972878,4
2026,3,1493.2151690347832,10
2026,4,1788.443427822925,3
2026,5,1631.806420953551,8
2026,6,1832.2472191764887,2
2026,7,1769.6775986536736,5
2026,8,1614.2744960092032,9
2026,9,1869.3256619492436,1
2026,10,1704.5728315380925,6
2026,1,1637.0117007091058,10
2026,2,1798.1205118170606,4
2026,3,1827.939465524988,3
2026,4,1759.7978269889863,6
2026,5,1669.2755332106049,9
2026,6,1765.4652075567933,5
2026,7,2151.8941994476636,1
2026,8,1671.231466396497,8
2026,9,1891.9151971420279,2
2026,10,1714.2950370497742,7
2026,1,1800.3680886599186,4
2026,2,1688.057069683025,6
2026,3,1676.9542696495419,7
2026,4,1839.328066135736,3
2026,5,1623.9292409820969,9
2026,6,1938.3117575286979,2
2026,7,1665.3082458518072,8
2026,8,2093.286966812855,1
2026,9,1755.5044233758863,5
2026,10,1385.7460548530516,10
2026,1,1751.4037091183975,5
2026,2,1517.0110204208374,10
2026,3,1839.1455977361704,4
2026,4,1701.800818361759,8
2026,5,1853.9238519966607,3
2026,6,2040.8830041243668,1
2026,7,1712.0708760136627,7
2026,8,1674.8787271762844,9
2026,9,1751.3767315751275,6
2026,10,1945.4517541304326,2
2026,1,1839.1450919925437,5
2026,2,1872.5697475345148,4
2026,3,1968.8562578674882,2
2026,4,1484.2342134728742,8
2026,5,1973.8021060009637,1
2026,6,1402.3559167837684,10
2026,7,1931.8826398091535,3
2026,8,1740.7903533396038,6
2026,9,1733.584032611449,7
2026,10,1472.4735846823241,9
2026,1,1661.883821189822,9
2026,2,1357.953625186729,10
2026,3,2034.264788527751,2
2026,4,2121.880546306198,1
2026,5,1791.85544670762,4
2026,6,1747.546293193228,6
2026,7,1709.4838929310167,8
2026,8,1741.2173515136556,7
2026,9,1857.6337640274253,3
2026,10,1768.490274815726,5
2026,1,1890.4093364575228,1
2026,2,1584.0093622762095,9
2026,3,1754.050937832087,5
2026,4,1872.117217334992,2
2026,5,1501.2912985764692,10
2026,6,1755.8054424186737,4
2026,7,1749.9476178351833,6
2026,8,1595.280505367693,8
2026,9,1646.3157567393753,7
2026,10,1853.8202339493255,3
2026,1,1722.8242631694466,8
2026,2,1306.994732053125,9
2026,3,1943.3928067884763,2
2026,4,2223.597213099803,1
2026,5,1932.5838447030733,3
2026,6,1275.6953755914726,10
2026,7,1733.0538412034493,6
2026,8,1726.8732258433288,7
2026,9,1867.195953163752,4
2026,10,1790.8864988523305,5
2026,1,1926.0430818147934,1
2026,2,1862.1049352316197,2
2026,3,1743.515906439656,4
2026,4,1689.074632625613,6
2026,5,1488.8859395745044,9
2026,6,1491.3137810254311,8
2026,7,1710.024299014388,5
2026,8,1408.4150220521847,10
2026,9,1794.6891023494943,3
2026,10,1688.3877932112978,7
2026,1,1778.4756162830265,6
2026,2,1906.8301729477243,2
2026,3,1590.6032098592975,8
2026,4,1448.4747153379085,10
2026,5,1831.3697311232625,5
2026,6,1771.028432935963,7
2026,7,1904.4018846312006,3
2026,8,1587.9212073705148,9
2026,9,1959.1411396810036,1
2026,10,1873.830125684561,4
2026,1,1624.1974243453105,8
2026,2,1638.392899725845,7
2026,3,1485.2841749339423,10
2026,4,1981.5107910358784,2
2026,5,1780.575694764845,4
2026,6,2104.6240303618906,1
2026,7,1917.793918273302,3
2026,8,1759.6604164541368,6
2026,9,1762.3210515163582,5
2026,10,1602.8301762987867,9
2026,1,1908.0161337340874,2
2026,2,1571.89253616332,9
2026,3,1718.331020248558,7
2026,4,1745.5781835386786,6
2026,5,1576.521984376345,8
2026,6,1779.8906021659839,5
2026,7,1864.3365846146658,3
2026,8,1938.5762397587896,1
2026,9,1541.521776475769,10
2026,10,1803.447031177954,4
2026,1,1937.261356964532,1
2026,2,1821.010697859621,6
2026,3,1772.43846342496,9
2026,4,1936.0446692515352,2
2026,5,1792.119637111048,8
2026,6,1860.753952664504,5
2026,7,1929.58304360392,3
2026,8,1552.49352789474,10
2026,9,1798.9042893610422,7
2026,10,1889.1055721605667,4
2026,1,1589.5779173415362,7
2026,2,1764.2173689832791,3
2026,3,1953.5311278091835,2
2026,4,1659.222626951066,5
2026,5,1526.2750542334752,10
2026,6,1552.6796740974728,8
2026,7,2062.006982322393,1
2026,8,1544.9016102149126,9
2026,9,1656.804491681167,6
2026,10,1701.2335789881445,4
2026,1,1668.0819645647657,8
2026,2,1724.090282260443,5
2026,3,1670.6953999119557,7
2026,4,1721.090958499585,6
2026,5,1640.686265541949,9
2026,6,1775.245655709392,2
2026,7,1744.1653892187442,4
2026,8,1567.6160198752468,10
2026,9,2058.039942513176,1
2026,10,1767.542692000301,3
2026,1,1867.7217171327527,3
2026,2,1614.6953309997602,8
2026,3,1575.0827909546874,9
2026,4,1687.7952498929224,7
2026,5,1842.3858100074176,5
2026,6,1874.2777679762048,1
2026,7,1348.5230126592796,10
2026,8,1869.4133921457983,2
2026,9,1861.7838020477345,4
2026,10,1691.6560814914249,6
2026,1,1728.940124596636,7
2026,2,1679.280887008803,8
2026,3,1797.9264760204605,4
2026,4,1830.9204552246274,3
2026,5,1771.7205105745015,5
2026,6,1354.358182282372,10
2026,7,1877.7908437932665,2
2026,8,1738.8899322485588,6
2026,9,1548.7340540276707,9
2026,10,2163.7424996352806,1
2026,1,1856.27290008256,5
2026,2,2012.9169753562635,1
2026,3,1960.8468393528055,2
2026,4,1593.0671526589604,9
2026,5,1950.151239869231,3
2026,6,1709.1231169664343,6
2026,7,1649.885856638651,8
2026,8,1911.5691157080987,4
2026,9,1686.0924122606398,7
2026,10,1584.8064143043948,10
2026,1,1586.902834369202,8
2026,2,1957.7041243094022,2
2026,3,1480.4445231466957,10
2026,4,1720.6709280980795,5
2026,5,1695.8886824252704,6
2026,6,2085.0336923992627,1
2026,7,1745.1758479369473,4
2026,8,1666.8008427444497,7
2026,9,1790.3803406354305,3
2026,10,1564.3965389037905,9
2026,1,1736.0683076209702,6
2026,2,1547.6291580305674,9
2026,3,1783.786798480885,4
2026,4,1502.3672778988612,10
2026,5,1652.7310249673005,8
2026,6,1958.7059265302137,1
2026,7,1921.8897147750727,2
2026,8,1742.4232824360818,5
2026,9,1805.1025243532417,3
2026,10,1658.4265452754914,7
2026,1,1617.725706352777,7
2026,2,1719.2818276925518,6
2026,3,1930.2192765223335,4
2026,4,1481.2749678627474,9
2026,5,1428.701004113365,10
2026,6,2044.3857274254344,2
2026,7,1834.6841002721333,5
2026,8,2316.383189477562,1
2026,9,1595.664554132264,8
2026,10,1953.9567435739389,3
2026,1,1578.0359252282435,9
2026,2,1916.5789846190833,1
2026,3,1723.373333611834,5
2026,4,1542.170680042582,10
2026,5,1582.1820942601162,8
2026,6,1707.623009399708,6
2026,7,1637.6238697456693,7
2026,8,1893.485101723495,3
2026,9,1826.0786201771687,4
2026,10,1906.2894082671196,2
2026,1,1850.26988953563,2
2026,2,1795.3008515415436,3
2026,3,1996.209737603967,1
2026,4,1660.5935018759433,7
2026,5,1705.3619384615272,5
2026,6,1743.008801017332,4
2026,7,1704.3677225243268,6
2026,8,1448.9698680435322,9
2026,9,1361.264239768701,10
2026,10,1592.4534516476085,8
2026,1,1466.28331513568,8
2026,2,1775.7979161044098,4
2026,3,1571.0286427802744,5
2026,4,1819.1091680707398,2
2026,5,1998.6458774713124,1
2026,6,1784.4851994082394,3
2026,7,1348.3580754060195,10
2026,8,1356.098642986055,9
2026,9,1474.805277320768,7
2026,10,1548.439557924621,6
2026,1,1812.0196591643721,5
2026,2,1866.3306055186567,3
2026,3,2061.4599840352603,1
2026,4,1569.5679435981015,10
2026,5,1819.40935478148,4
2026,6,1751.9369138286168,7
2026,7,1794.9694363009594,6
2026,8,2001.092847626245,2
2026,9,1669.5914716530249,9
2026,10,1674.522093627138,8
2026,1,1897.9897069884714,2
2026,2,1895.5217769283618,3
2026,3,1775.619461088891,4
2026,4,1471.0606467504442,10
2026,5,1907.9656830625388,1
2026,6,1715.5984590694734,5
2026,7,1591.5471970403578,8
2026,8,1653.6525475519245,6
2026,9,1651.8075428240254,7
2026,10,1559.6846347194373,9
2026,1,1436.8459524956656,10
2026,2,1729.7934741948466,4
2026,3,1528.5783640133563,9
2026,4,1779.3072002636122,2
2026,5,1719.3847092653555,6
2026,6,1634.8028449896315,7
2026,7,1553.0004690302324,8
2026,8,1720.0433842469172,5
2026,9,1776.1916800540387,3
2026,10,1866.8362643454088,1
2026,1,1808.8002935855347,5
2026,2,1607.8228507459567,10
2026,3,1824.6072472081516,4
2026,4,1961.310440826174,2
2026,5,1706.5919803177528,7
2026,6,2098.413758689199,1
2026,7,1785.0783641452535,6
2026,8,1658.2760619019323,8
2026,9,1611.7443018585345,9
2026,10,1941.67747769248,3
2026,1,1814.1758929746456,3
2026,2,1880.4030143029595,2
2026,3,1941.3323290476915,1
2026,4,1533.3230071151054,9
2026,5,1163.7021820380755,10
2026,6,1765.0365162094308,5
2026,7,1805.934337086974,4
2026,8,1578.5277914031158,8
2026,9,1761.192586077053,7
2026,10,1763.3322800962633,6
2026,1,1857.4084532179097,5
2026,2,2044.3007917120588,2
2026,3,1608.787309789035,8
2026,4,1566.554246799181,9
2026,5,1982.6063397311832,3
2026,6,1843.483322786029,6
2026,7,1742.4841089992497,7
2026,8,2115.6653431165114,1
2026,9,1524.2163163102548,10
2026,10,1932.0889728756777,4
2026,1,1809.0150515035461,4
2026,2,1504.782449889349,10
2026,3,1656.6625313630702,8
2026,4,1720.579764449323,5
2026,5,1666.2697855603938,7
2026,6,1603.9093666394751,9
2026,7,1892.0671640500732,3
2026,8,1984.6186605209891,2
2026,9,2076.4538981052206,1
2026,10,1700.902525466187,6
2026,1,1592.5843419491666,7
2026,2,1543.1385961420606,9
2026,3,1463.220031906154,10
2026,4,1709.3549312072387,4
2026,5,1699.287928117259,5
2026,6,1574.1179464991023,8
2026,7,1730.0466213352797,3
2026,8,1692.059583606999,6
2026,9,1884.3667827438367,2
2026,10,2158.9767271285214,1
2026,1,1858.3061287523349,4
2026,2,1888.020054845468,3
2026,3,1799.5486762442565,5
2026,4,1757.7210316808705,8
2026,5,1759.9476748621955,7
2026,6,1974.6634535297512,2
2026,7,2005.896529135533,1
2026,8,1553.0549559367394,10
2026,9,1593.1223720211215,9
2026,10,1785.024783033583,6
2026,1,1886.092054523854,2
2026,2,1848.8711162023153,3
2026,3,1583.6352842420824,9
2026,4,1916.8989082040932,1
2026,5,1727.3059704343204,6
2026,6,1620.9919934789546,8
2026,7,1840.1276186341124,4
2026,8,1826.7607174935115,5
2026,9,1653.9718398811785,7
2026,10,1565.5650125629618,10
2026,1,1717.0731685046762,5
2026,2,1635.139981141658,6
2026,3,1717.7367085537821,4
2026,4,1754.6932622507143,3
2026,5,1582.2601967496653,9
2026,6,1626.546630647947,7
2026,7,2022.5689721091128,1
2026,8,1563.165297906792,10
2026,9,1622.8262197045317,8
2026,10,1990.9668969629765,2
2026,1,2006.1247801906502,1
2026,2,1641.7911573187203,7
2026,3,1371.1001645037,10
2026,4,1669.2355597053677,6
2026,5,1686.0835516433185,5
2026,6,1528.9153320631544,9
2026,7,1571.4962167433878,8
2026,8,1967.936410495565,2
2026,9,1778.163855393262,3
2026,10,1696.4695356033203,4
2026,1,1780.796085064761,4
2026,2,1713.5443912608637,5
2026,3,1464.0255949615955,10
2026,4,1951.8163665965571,1
2026,5,1701.3671218883046,7
2026,6,1673.1874264554451,9
2026,7,1701.9826465978406,6
2026,8,1782.9191604252492,3
2026,9,1691.6558616840878,8
2026,10,1839.0265890564865,2
2026,1,1779.8796761561377,5
2026,2,1714.2185025885126,7
2026,3,1917.6143685223954,1
2026,4,1658.1604550590919,8
2026,5,1430.7808349720929,10
2026,6,1822.5968519579797,2
2026,7,1612.516043095411,9
2026,8,1751.7777807707657,6
2026,9,1811.4770868450016,3
2026,10,1799.6001683223935,4
2026,1,1688.8593570653316,8
2026,2,1816.1887328763225,3
2026,3,1774.6842040946906,5
2026,4,1916.645812334073,1
2026,5,1730.5660038093208,7
2026,6,1890.7238104513385,2
2026,7,1535.8459615479005,10
2026,8,1679.6994432815452,9
2026,9,1812.1366351108222,4
2026,10,1753.0754732137677,6
2026,1,1552.2725792524193,10
2026,2,2022.4668921331395,1
2026,3,1870.7763914020775,6
2026,4,1615.3208483891826,9
2026,5,2010.456097886106,2
2026,6,1930.3877161895184,3
2026,7,1673.9170105372202,8
2026,8,1903.9285370929815,4
2026,9,1884.3084917874592,5
2026,10,1712.0020555587244,7
2026,1,1419.6848276474948,10
2026,2,2073.4504364039494,1
2026,3,1639.885082821977,6
2026,4,1597.5167654299562,8
2026,5,2012.6328661454495,2
2026,6,1629.4781734937765,7
2026,7,1878.8191269668891,4
2026,8,1906.6220083529572,3
2026,9,1578.553119928882,9
2026,10,1866.381630450216,5
2026,1,1812.8506402804041,4
2026,2,1791.2950477830768,6
2026,3,1927.3171266199813,2
2026,4,1514.0881722740796,8
2026,5,1801.9925585953672,5
2026,6,1956.7798418712205,1
2026,7,1697.535047906125,7
2026,8,1812.9560250070303,3
2026,9,1446.543106787608,9
2026,10,1379.8957111269103,10
2026,1,1798.4863068719774,4
2026,2,2002.8729433366666,1
2026,3,1673.9056320533311,8
2026,4,1858.6391861611764,3
2026,5,1685.630259418528,7
2026,6,1739.6607286075334,6
2026,7,1766.428488072018,5
2026,8,1955.5581329422616,2
2026,9,1538.3000876066071,10
2026,10,1564.7882576717977,9
2026,1,1830.1133335963705,5
2026,2,1585.8531289841883,9
2026,3,1785.7876620412835,7
2026,4,1687.8319250988425,8
2026,5,1953.7698207007543,2
2026,6,1922.721772594796,3
2026,7,1984.1088625596467,1
2026,8,1573.944516152185,10
2026,9,1819.185814279092,6
2026,10,1906.740234555185,4
2026,1,1803.5285790699295,7
2026,2,1799.3205202005443,8
2026,3,1774.6487875019043,10
2026,4,1833.4830207960617,5
2026,5,1826.645491379334,6
2026,6,1940.9104364406016,2
2026,7,1778.8629426815398,9
2026,8,1888.1858002700862,3
2026,9,2008.3748307598557,1
2026,10,1878.3973644171276,4
2026,1,1997.0834016416734,1
2026,2,1858.1906154210092,3
2026,3,1906.1472566832056,2
2026,4,1626.582618004807,6
2026,5,1583.6338691056967,7
2026,6,1578.340402117306,8
2026,7,1637.8352838985402,5
2026,8,1543.3848104406152,10
2026,9,1698.5578013554366,4
2026,10,1576.308280946227,9
2026,1,1832.7011502952046,4
2026,2,1730.9764487536534,6
2026,3,1730.2798626784697,7
2026,4,1691.1172276858051,10
2026,5,1830.4879918372767,5
2026,6,1727.9346391172444,8
2026,7,1889.860761393719,3
2026,8,1715.6629361685957,9
2026,9,2005.8689225466142,1
2026,10,1895.797783946292,2
2026,1,1758.1640330021328,6
2026,2,2123.6518924061147,1
2026,3,1690.1482272806481,8
2026,4,1873.245231880585,3
2026,5,1647.0737851459858,9
2026,6,1904.0935237512572,2
2026,7,1633.128917795546,10
2026,8,1843.4811086462278,4
2026,9,1742.0353490216944,7
2026,10,1772.153803138316,5
2026,1,1598.823852571148,8
2026,2,1738.3424467754894,4
2026,3,1913.3281752662115,1
2026,4,1736.426718510284,5
2026,5,1557.5917006893467,10
2026,6,1899.751996065465,2
2026,7,1558.3783310171184,9
2026,8,1693.080235220961,7
2026,9,1695.809194329664,6
2026,10,1774.7570832767196,3
2026,1,1902.2471635552697,5
2026,2,1779.6327193319278,6
2026,3,1938.9648891506904,4
2026,4,1974.3259440028246,2
2026,5,1767.2683682041666,8
2026,6,1773.5624295936373,7
2026,7,1638.7245511729657,10
2026,8,1679.146461272759,9
2026,9,2062.127889828892,1
2026,10,1966.4021023259938,3
2026,1,1740.9020927083502,6
2026,2,2057.3171852656415,1
2026,3,1398.5706943282266,10
2026,4,1972.5356452056421,2
2026,5,1846.1779402731217,4
2026,6,1625.3834734490908,8
2026,7,1717.6197112251316,7
2026,8,1826.3844972763425,5
2026,9,1926.7210157390305,3
2026,10,1453.0214567696992,9
2026,1,1654.5659508944816,7
2026,2,1518.430998397223,10
2026,3,1886.0041163634128,2
2026,4,1811.785159871781,3
2026,5,1799.152800723355,4
2026,6,1557.5547375296564,9
2026,7,1685.6382548126462,6
2026,8,1788.9874660082476,5
2026,9,1981.696915879097,1
2026,10,1577.2074368693868,8
2026,1,1632.524706629331,5
2026,2,2063.9908636082746,1
2026,3,1935.8682126022345,2
2026,4,1850.3700145232974,3
2026,5,1603.7361330938772,7
2026,6,1606.61733736116,6
2026,7,1551.0278535988057,9
2026,8,1594.1551386038752,8
2026,9,1473.853281253225,10
2026,10,1843.5434063813054,4
2026,1,1888.6191959980138,2
2026,2,1829.47185891845,5
2026,3,1881.4525912477095,3
2026,4,1834.6109619824242,4
2026,5,1984.880594288129,1
2026,6,1697.5100461260606,8
2026,7,1718.5839868254618,7
2026,8,1545.6650654609468,9
2026,9,1452.4483407100804,10
2026,10,1807.018472202206,6
2026,1,1747.5854271117917,5
2026,2,1906.2964304980176,1
2026,3,1728.4475592340955,6
2026,4,1803.079857894961,2
2026,5,1581.9613687234664,9
2026,6,1370.7259351828989,10
2026,7,1773.2022193137207,3
2026,8,1748.5252659880916,4
2026,9,1582.4004397243507,8
2026,10,1722.5271894777147,7
2026,1,1902.365962818491,2
2026,2,1437.7532621374298,10
2026,3,1900.8163214557144,3
2026,4,1688.637229093263,6
2026,5,1860.080285469886,4
2026,6,1679.9211192318876,7
2026,7,1648.53144987814,8
2026,8,1626.2594834126735,9
2026,9,2015.8152732878245,1
2026,10,1830.900734871624,5
2026,1,1922.5293231551948,3
2026,2,2017.2286836552073,1
2026,3,1699.4166388599533,7
2026,4,1830.9813028164208,5
2026,5,1904.7755729071075,4
2026,6,1457.6342582909692,9
2026,7,1396.285296534159,10
2026,8,1698.3969154682218,8
2026,9,1815.4100271236368,6
2026,10,1926.1599712578736,2
2026,1,1749.1253429122949,4
2026,2,1658.6431649324384,6
2026,3,1733.5501187807356,5
2026,4,1412.2322992760903,10
2026,5,1604.9559233330033,8
2026,6,1646.2159947541286,7
2026,7,1935.6827359695037,3
2026,8,1566.3773127328523,9
2026,9,2019.9877323614944,2
2026,10,2076.341323692932,1
2026,1,1764.7846936293,7
2026,2,2090.9611067088817,1
2026,3,1789.7919404825304,6
2026,4,1617.8604430889645,9
2026,5,1738.6778171082688,8
2026,6,1790.6920493499244,5
2026,7,1854.49756700394,3
2026,8,1837.303244541102,4
2026,9,1612.4293237790675,10
2026,10,1917.7561522605486,2
