season,player_id,player_display_name,team,age,pos_rank,top5,prob,season_prob_rank,position
2015,00-0010346,Peyton Manning,DEN,39.43874058863792,34.0,0,0.13721315798065184,11,QB
2015,00-0019596,Tom Brady,NE,38.07802874743327,2.0,1,0.1367448670946709,12,QB
2015,00-0020531,Drew Brees,NO,36.62696783025325,6.0,0,0.19561183884162794,6,QB
2015,00-0021206,Josh McCown,CLE,36.16153319644079,27.0,0,0.03331158420099831,27,QB
2015,00-0021678,Tony Romo,DAL,35.36208076659822,42.0,0,0.08837319431355309,18,QB
2015,00-0022803,Eli Manning,NYG,34.65845311430527,10.0,0,0.10263115831151003,16,QB
2015,00-0022924,Ben Roethlisberger,PIT,33.50034223134839,20.0,0,0.2382853025283477,3,QB
2015,00-0022942,Philip Rivers,LAC,33.73032169746749,12.0,0,0.1148972101081173,15,QB
2015,00-0023436,Alex Smith,KC,31.318275154004105,16.0,0,0.12432120853505663,14,QB
2015,00-0023459,Aaron Rodgers,GB,31.74811772758385,7.0,0,0.22751663020781293,4,QB
2015,00-0023682,Ryan Fitzpatrick,NYJ,32.76933607118412,11.0,0,0.07445536343659025,21,QB
2015,00-0024226,Jay Cutler,CHI,32.342231348391515,21.0,0,0.08545206930466516,19,QB
2015,00-0025430,Drew Stanton,ARI,31.318275154004105,73.0,0,0.044879127400811854,26,QB
2015,00-0026143,Matt Ryan,ATL,30.29158110882957,19.0,0,0.17397221279284567,7,QB
2015,00-0026158,Joe Flacco,BAL,30.622861054072555,26.0,0,0.12637288283839587,13,QB
2015,00-0026498,Matthew Stafford,DET,27.564681724846,9.0,0,0.15211459679166636,10,QB
2015,00-0026625,Brian Hoyer,HOU,29.883641341546884,25.0,0,0.054652722473994796,24,QB
2015,00-0027939,Cam Newton,CAR,26.308008213552363,1.0,1,0.20887149886083553,5,QB
2015,00-0027973,Andy Dalton,CIN,27.84120465434634,18.0,0,0.08491563675868927,20,QB
2015,00-0027974,Colin Kaepernick,SF,27.82751540041068,31.0,0,0.15860948734836938,9,QB
2015,00-0029263,Russell Wilson,SEA,26.75427789185489,3.0,1,0.31313808346872946,1,QB
2015,00-0029567,Nick Foles,LA,26.611909650924023,32.0,0,0.06607669512652278,22,QB
2015,00-0029668,Andrew Luck,IND,25.968514715947983,28.0,0,0.25638790167947506,2,QB
2015,00-0029701,Ryan Tannehill,MIA,27.096509240246405,17.0,0,0.16996827883618773,8,QB
2015,00-0031237,Teddy Bridgewater,MIN,22.806297056810404,23.0,0,0.0902461678325242,17,QB
2015,00-0031280,Derek Carr,LV,24.42984257357974,15.0,0,0.0533144421497164,25,QB
2015,00-0031407,Blake Bortles,JAX,23.342915811088297,4.0,1,0.06102938390667026,23,QB
2016,00-0019596,Tom Brady,NE,39.08008213552361,15.0,0,0.2049321414826011,4,QB
2016,00-0020531,Drew Brees,NO,37.6290212183436,3.0,1,0.1765194159930949,7,QB
2016,00-0021206,Josh McCown,CLE,37.163586584531146,38.0,0,0.08046055309352328,26,QB
2016,00-0021429,Carson Palmer,ARI,36.681724845995895,19.0,0,0.12938984924533503,12,QB
2016,00-0022803,Eli Manning,NYG,35.66050650239562,22.0,0,0.09605144066617921,18,QB
2016,00-0022924,Ben Roethlisberger,PIT,34.502395619438744,18.0,0,0.16206551446642464,8,QB
2016,00-0022942,Philip Rivers,LAC,34.732375085557834,14.0,0,0.11240922752692317,17,QB
2016,00-0023436,Alex Smith,KC,32.32032854209446,21.0,0,0.1790658854493317,6,QB
2016,00-0023459,Aaron Rodgers,GB,32.7501711156742,1.0,1,0.12936430729238046,13,QB
2016,00-0023662,Matt Cassel,TEN,34.2943189596167,49.0,0,0.023640731889635936,30,QB
2016,00-0023682,Ryan Fitzpatrick,NYJ,33.77138945927447,29.0,0,0.14523405719986204,11,QB
2016,00-0024226,Jay Cutler,CHI,33.34428473648186,39.0,0,0.07623171398158778,28,QB
2016,00-0026143,Matt Ryan,ATL,31.29363449691992,2.0,1,0.12485291281299672,15,QB
2016,00-0026158,Joe Flacco,BAL,31.6249144421629,20.0,0,0.08542047623385889,22,QB
2016,00-0026498,Matthew Stafford,DET,28.566735112936342,7.0,0,0.12004643148778879,16,QB
2016,00-0026625,Brian Hoyer,CHI,30.885694729637237,31.0,0,0.05034361340914325,29,QB
2016,00-0027854,Sam Bradford,MIN,28.815879534565365,23.0,0,0.0835313469501483,25,QB
2016,00-0027939,Cam Newton,CAR,27.310061601642712,17.0,0,0.4592259863197102,1,QB
2016,00-0027948,Blaine Gabbert,SF,26.88021902806297,33.0,0,0.09498051043242779,19,QB
2016,00-0027973,Andy Dalton,CIN,28.843258042436688,12.0,0,0.18781449691087143,5,QB
2016,00-0027974,Colin Kaepernick,SF,28.829568788501028,25.0,0,0.08387778889871218,24,QB
2016,00-0028118,Tyrod Taylor,BUF,27.08008213552361,9.0,0,0.2940574207430122,3,QB
2016,00-0029263,Russell Wilson,SEA,27.756331279945243,10.0,0,0.3054996035918369,2,QB
2016,00-0029604,Kirk Cousins,WAS,28.03559206023272,5.0,1,0.12584251943949754,14,QB
2016,00-0029682,Brock Osweiler,HOU,25.77686516084873,28.0,0,0.08692848891199935,21,QB
2016,00-0029701,Ryan Tannehill,MIA,28.098562628336754,27.0,0,0.09034379979376339,20,QB
2016,00-0031280,Derek Carr,LV,25.43189596167009,11.0,0,0.0790436729398095,27,QB
2016,00-0031407,Blake Bortles,JAX,24.34496919917865,8.0,0,0.15502576310343244,10,QB
2016,00-0031503,Jameis Winston,TB,22.652977412731005,16.0,0,0.15839350004625286,9,QB
2016,00-0032268,Marcus Mariota,TEN,22.83915126625599,13.0,0,0.08448604510043035,23,QB
2017,00-0019596,Tom Brady,NE,40.07939767282683,3.0,1,0.1553072656012932,13,QB
2017,00-0020531,Drew Brees,NO,38.62833675564682,9.0,0,0.1974048920894987,5,QB
2017,00-0021429,Carson Palmer,ARI,37.68104038329911,32.0,0,0.09017312057615812,20,QB
2017,00-0022803,Eli Manning,NYG,36.65982203969884,23.0,0,0.05914570124064438,23,QB
2017,00-0022924,Ben Roethlisberger,PIT,35.501711156741955,10.0,0,0.09233326442133834,19,QB
2017,00-0022942,Philip Rivers,LAC,35.73169062286105,8.0,0,0.07054579972793523,22,QB
2017,00-0023436,Alex Smith,KC,33.31964407939768,4.0,1,0.1117031175600731,18,QB
2017,00-0023459,Aaron Rodgers,GB,33.74948665297741,29.0,0,0.3418723440453316,1,QB
2017,00-0023682,Ryan Fitzpatrick,TB,34.770704996577685,35.0,0,0.02843639470765806,26,QB
2017,00-0026143,Matt Ryan,ATL,32.29295003422313,15.0,0,0.19798355615150515,4,QB
2017,00-0026158,Joe Flacco,BAL,32.62422997946612,24.0,0,0.11480321764090615,17,QB
2017,00-0026498,Matthew Stafford,DET,29.56605065023956,7.0,0,0.17092764579826802,10,QB
2017,00-0027939,Cam Newton,CAR,28.309377138945926,2.0,1,0.18313089958713946,7,QB
2017,00-0027973,Andy Dalton,CIN,29.842573579739906,17.0,0,0.1648094377671814,11,QB
2017,00-0028118,Tyrod Taylor,BUF,28.079397672826836,16.0,0,0.21950746602940732,2,QB
2017,00-0028986,Case Keenum,MIN,29.53867214236824,14.0,0,0.03440573419282164,25,QB
2017,00-0029263,Russell Wilson,SEA,28.75564681724846,1.0,1,0.18861064248952994,6,QB
2017,00-0029604,Kirk Cousins,WAS,29.03490759753593,6.0,0,0.21425215359837851,3,QB
2017,00-0029682,Brock Osweiler,DEN,26.77618069815195,36.0,0,0.05041144072354549,24,QB
2017,00-0031280,Derek Carr,LV,26.431211498973305,19.0,0,0.15774768636955575,12,QB
2017,00-0031407,Blake Bortles,JAX,25.34428473648186,13.0,0,0.17359742582649104,9,QB
2017,00-0031503,Jameis Winston,TB,23.652292950034223,22.0,0,0.1371137753439488,14,QB
2017,00-0032156,Trevor Siemian,DEN,25.683778234086244,30.0,0,0.07706247785476825,21,QB
2017,00-0032268,Marcus Mariota,TEN,23.838466803559207,18.0,0,0.12573682110880216,15,QB
2017,00-0032950,Carson Wentz,PHI,24.670773442847366,5.0,1,0.12526847095828744,16,QB
2017,00-0033077,Dak Prescott,DAL,24.09308692676249,11.0,0,0.17646563285861552,8,QB
2018,00-0019596,Tom Brady,NE,41.07871321013005,14.0,0,0.13720821132672448,7,QB
2018,00-0020531,Drew Brees,NO,39.62765229295003,8.0,0,0.12272516218093714,9,QB
2018,00-0021206,Josh McCown,NYJ,39.162217659137575,47.0,0,0.07126189033144742,20,QB
2018,00-0022803,Eli Manning,NYG,37.659137577002056,17.0,0,0.045868039131098055,24,QB
2018,00-0022924,Ben Roethlisberger,PIT,36.50102669404517,3.0,1,0.12244665020421067,10,QB
2018,00-0022942,Philip Rivers,LAC,36.73100616016427,11.0,0,0.10625836667231699,15,QB
2018,00-0023436,Alex Smith,WAS,34.31895961670089,31.0,0,0.20165882951398112,4,QB
2018,00-0026143,Matt Ryan,ATL,33.29226557152635,2.0,1,0.0940536903133105,18,QB
2018,00-0026158,Joe Flacco,BAL,33.62354551676933,32.0,0,0.05298284357135749,23,QB
2018,00-0026498,Matthew Stafford,DET,30.56536618754278,20.0,0,0.11214984971109133,12,QB
2018,00-0026625,Brian Hoyer,NE,32.884325804243666,69.0,0,0.017906021100122772,26,QB
2018,00-0027939,Cam Newton,CAR,29.308692676249144,13.0,0,0.3331064501519679,1,QB
2018,00-0027973,Andy Dalton,CIN,30.84188911704312,25.0,0,0.045414767081472,25,QB
2018,00-0028118,Tyrod Taylor,CLE,29.078713210130047,41.0,0,0.1395792576914707,6,QB
2018,00-0028986,Case Keenum,DEN,30.537987679671456,19.0,0,0.09536926557202469,17,QB
2018,00-0029263,Russell Wilson,SEA,29.75496235455168,9.0,0,0.2845729613617305,2,QB
2018,00-0029604,Kirk Cousins,MIN,30.034223134839152,12.0,0,0.1290490167508558,8,QB
2018,00-0031280,Derek Carr,LV,27.430527036276523,18.0,0,0.06616927115148813,21,QB
2018,00-0031407,Blake Bortles,JAX,26.34360027378508,26.0,0,0.14463712338424153,5,QB
2018,00-0031503,Jameis Winston,TB,24.65160848733744,22.0,0,0.10738335615128294,14,QB
2018,00-0032268,Marcus Mariota,TEN,24.83778234086242,24.0,0,0.12074081955172779,11,QB
2018,00-0032950,Carson Wentz,PHI,25.67008898015058,23.0,0,0.21195539709370498,3,QB
2018,00-0033077,Dak Prescott,DAL,25.09240246406571,10.0,0,0.10839742152164876,13,QB
2018,00-0033106,Jared Goff,LA,23.88227241615332,7.0,0,0.10544336276462021,16,QB
2018,00-0033119,Jacoby Brissett,IND,25.72210814510609,70.0,0,0.09240336967575544,19,QB
2018,00-0033869,Mitchell Trubisky,CHI,24.032854209445585,15.0,0,0.06118388415863271,22,QB
2019,00-0019596,Tom Brady,NE,42.07802874743327,12.0,0,0.13220307003826132,11,QB
2019,00-0020531,Drew Brees,NO,40.62696783025325,21.0,0,0.16989197219927782,7,QB
2019,00-0022803,Eli Manning,NYG,38.65845311430527,39.0,0,0.10640240268961185,15,QB
2019,00-0022942,Philip Rivers,LAC,37.73032169746749,18.0,0,0.10074328744850218,17,QB
2019,00-0023459,Aaron Rodgers,GB,35.748117727583846,9.0,0,0.2500603198989852,4,QB
2019,00-0023682,Ryan Fitzpatrick,MIA,36.76933607118412,17.0,0,0.11737274188070444,12,QB
2019,00-0026143,Matt Ryan,ATL,34.29158110882957,11.0,0,0.26367599579827955,3,QB
2019,00-0026158,Joe Flacco,DEN,34.62286105407255,34.0,0,0.11700782282045913,14,QB
2019,00-0026498,Matthew Stafford,DET,31.564681724846,29.0,0,0.07001595824967463,22,QB
2019,00-0027973,Andy Dalton,CIN,31.84120465434634,25.0,0,0.044646287048749275,25,QB
2019,00-0028986,Case Keenum,WAS,31.537303216974674,31.0,0,0.08671127454463443,18,QB
2019,00-0029263,Russell Wilson,SEA,30.75427789185489,3.0,1,0.056301991174861885,23,QB
2019,00-0029604,Kirk Cousins,MIN,31.033538672142367,15.0,0,0.11728525387793654,13,QB
2019,00-0029701,Ryan Tannehill,TEN,31.096509240246405,22.0,0,0.011955918976410126,26,QB
2019,00-0031280,Derek Carr,LV,28.42984257357974,16.0,0,0.07986915115530667,20,QB
2019,00-0031503,Jameis Winston,TB,25.650924024640656,5.0,1,0.14079696244096662,10,QB
2019,00-0032268,Marcus Mariota,TEN,25.83709787816564,33.0,0,0.07512432120055183,21,QB
2019,00-0032950,Carson Wentz,PHI,26.6694045174538,10.0,0,0.1042323291036787,16,QB
2019,00-0033077,Dak Prescott,DAL,26.091718001368925,2.0,1,0.2002719269428894,5,QB
2019,00-0033106,Jared Goff,LA,24.88158795345654,13.0,0,0.18384393845133754,6,QB
2019,00-0033537,Deshaun Watson,HOU,23.964407939767284,4.0,1,0.30074824416780027,2,QB
2019,00-0033869,Mitchell Trubisky,CHI,25.032169746748803,26.0,0,0.15229596785312519,9,QB
2019,00-0033873,Patrick Mahomes,KC,23.956194387405887,7.0,0,0.3196066708417973,1,QB
2019,00-0034343,Josh Rosen,MIA,22.55441478439425,48.0,0,0.01105681910960592,27,QB
2019,00-0034855,Baker Mayfield,CLE,24.383299110198493,20.0,0,0.08436221811897536,19,QB
2019,00-0034857,Josh Allen,BUF,23.279945242984255,6.0,0,0.16784336232922656,8,QB
2019,00-0034869,Sam Darnold,NYJ,22.239561943874055,27.0,0,0.053514277977322576,24,QB
2020,00-0019596,Tom Brady,TB,43.08008213552361,8.0,0,0.13452343843626235,13,QB
2020,00-0020531,Drew Brees,NO,41.6290212183436,21.0,0,0.09728796640431613,18,QB
2020,00-0022942,Philip Rivers,IND,38.73237508555784,20.0,0,0.09266293094547852,20,QB
2020,00-0023459,Aaron Rodgers,GB,36.7501711156742,2.0,1,0.1477306845057884,11,QB
2020,00-0023682,Ryan Fitzpatrick,MIA,37.77138945927447,27.0,0,0.12039100674370307,15,QB
2020,00-0026143,Matt Ryan,ATL,35.29363449691992,12.0,0,0.16196172955956623,9,QB
2020,00-0026158,Joe Flacco,NYJ,35.624914442162904,40.0,0,0.038944732886981345,29,QB
2020,00-0026498,Matthew Stafford,DET,32.56673511293634,16.0,0,0.12298230739630776,14,QB
2020,00-0027973,Andy Dalton,DAL,32.84325804243669,29.0,0,0.14250457322040516,12,QB
2020,00-0029263,Russell Wilson,SEA,31.756331279945243,6.0,0,0.22561291396018007,6,QB
2020,00-0029604,Kirk Cousins,MIN,32.03559206023272,11.0,0,0.08672311341444815,22,QB
2020,00-0029701,Ryan Tannehill,TEN,32.09856262833676,7.0,0,0.08509703418706599,23,QB
2020,00-0031280,Derek Carr,LV,29.43189596167009,13.0,0,0.09413370426677331,19,QB
2020,00-0031345,Jimmy Garoppolo,SF,28.83230663928816,38.0,0,0.10423985189369685,17,QB
2020,00-0032950,Carson Wentz,PHI,27.67145790554415,22.0,0,0.19376336290580648,7,QB
2020,00-0033077,Dak Prescott,DAL,27.093771389459278,30.0,0,0.271078609945595,3,QB
2020,00-0033106,Jared Goff,LA,25.883641341546884,19.0,0,0.1489857548131053,10,QB
2020,00-0033119,Jacoby Brissett,IND,27.72347707049966,48.0,0,0.09187063286867715,21,QB
2020,00-0033537,Deshaun Watson,HOU,24.966461327857637,5.0,1,0.28202246103511597,2,QB
2020,00-0033869,Mitchell Trubisky,CHI,26.034223134839152,28.0,0,0.07809015146611739,25,QB
2020,00-0033873,Patrick Mahomes,KC,24.95824777549624,4.0,1,0.23430389701062337,5,QB
2020,00-0034577,Kyle Allen,WAS,24.484599589322382,43.0,0,0.07267029558879384,26,QB
2020,00-0034771,Mason Rudolph,PIT,25.127994524298423,50.0,0,0.02776498024703501,30,QB
2020,00-0034796,Lamar Jackson,BAL,23.64955509924709,10.0,0,0.6591781149204551,1,QB
2020,00-0034855,Baker Mayfield,CLE,25.38535249828884,17.0,0,0.062301914737348627,27,QB
2020,00-0034857,Josh Allen,BUF,24.281998631074607,1.0,1,0.17803100726616475,8,QB
2020,00-0034869,Sam Darnold,NYJ,23.241615331964407,32.0,0,0.060816842504913995,28,QB
2020,00-0035228,Kyler Murray,ARI,23.069130732375086,3.0,1,0.2362057100338716,4,QB
2020,00-0035232,Dwayne Haskins,WAS,23.33196440793977,37.0,0,0.01615191835553949,31,QB
2020,00-0035289,Gardner Minshew,JAX,24.295687885010267,26.0,0,0.11856779201392205,16,QB
2020,00-0035710,Daniel Jones,NYG,23.266255989048595,24.0,0,0.08296633988739326,24,QB
2021,00-0019596,Tom Brady,TB,44.07939767282683,3.0,1,0.11338177225189244,15,QB
2021,00-0022924,Ben Roethlisberger,PIT,39.50171115674196,21.0,0,0.08737423189597729,18,QB
2021,00-0023459,Aaron Rodgers,GB,37.74948665297741,5.0,1,0.08399477945345278,20,QB
2021,00-0026143,Matt Ryan,ATL,36.29295003422313,19.0,0,0.14770060008007077,12,QB
2021,00-0026498,Matthew Stafford,LA,33.56605065023956,6.0,0,0.07876139405822048,21,QB
2021,00-0027939,Cam Newton,CAR,32.309377138945926,34.0,0,0.46014519632709,2,QB
2021,00-0027973,Andy Dalton,CHI,33.842573579739906,35.0,0,0.04480725878802123,26,QB
2021,00-0029263,Russell Wilson,SEA,32.75564681724846,15.0,0,0.1866215083187856,8,QB
2021,00-0029604,Kirk Cousins,MIN,33.034907597535934,11.0,0,0.07301715166183159,24,QB
2021,00-0029701,Ryan Tannehill,TEN,33.097878165639976,12.0,0,0.11667931088232693,14,QB
2021,00-0031237,Teddy Bridgewater,DEN,28.80766598220397,22.0,0,0.1771338808298102,9,QB
2021,00-0031280,Derek Carr,LV,30.431211498973305,14.0,0,0.09959932678519086,17,QB
2021,00-0032950,Carson Wentz,IND,28.670773442847366,13.0,0,0.13605664436594828,13,QB
2021,00-0033106,Jared Goff,DET,26.882956878850106,24.0,0,0.1689139459644638,10,QB
2021,00-0033869,Mitchell Trubisky,BUF,27.033538672142367,61.0,0,0.07319037609479123,23,QB
2021,00-0033873,Patrick Mahomes,KC,25.95756331279945,4.0,1,0.3310575914104712,5,QB
2021,00-0034796,Lamar Jackson,BAL,24.648870636550303,16.0,0,0.3998365071801225,4,QB
2021,00-0034855,Baker Mayfield,CLE,26.38466803559206,26.0,0,0.10911143172819802,16,QB
2021,00-0034857,Josh Allen,BUF,25.281314168377826,1.0,1,0.4467591267586242,3,QB
2021,00-0034869,Sam Darnold,CAR,24.240930869267626,28.0,0,0.0677946232352271,25,QB
2021,00-0035228,Kyler Murray,ARI,24.0684462696783,10.0,0,0.542182389841983,1,QB
2021,00-0035704,Drew Lock,DEN,24.80766598220397,41.0,0,0.08679665444184508,19,QB
2021,00-0035710,Daniel Jones,NYG,24.265571526351813,27.0,0,0.16164539121209953,11,QB
2021,00-0036212,Tua Tagovailoa,MIA,23.50171115674196,25.0,0,0.07807781380919061,22,QB
2021,00-0036355,Justin Herbert,LAC,23.479808350444905,2.0,1,0.2571457475179505,6,QB
2021,00-0036442,Joe Burrow,CIN,24.725530458590008,8.0,0,0.20167287451814503,7,QB
2022,00-0019596,Tom Brady,TB,45.07871321013005,12.0,0,0.25522568423243475,7,QB
2022,00-0023459,Aaron Rodgers,GB,38.74880219028063,13.0,0,0.13746275204787553,12,QB
2022,00-0026143,Matt Ryan,IND,37.29226557152635,27.0,0,0.0948761457147745,18,QB
2022,00-0026498,Matthew Stafford,LA,34.56536618754278,32.0,0,0.12154131705685611,15,QB
2022,00-0027973,Andy Dalton,NO,34.841889117043124,22.0,0,0.03354115959980048,30,QB
2022,00-0029263,Russell Wilson,DEN,33.75496235455168,16.0,0,0.06659512745058704,25,QB
2022,00-0029604,Kirk Cousins,MIN,34.03422313483915,8.0,0,0.11105340649010602,17,QB
2022,00-0029701,Ryan Tannehill,TEN,34.09719370294319,26.0,0,0.13413015803335884,13,QB
2022,00-0031237,Teddy Bridgewater,MIA,29.806981519507183,47.0,0,0.09050992394477277,20,QB
2022,00-0031280,Derek Carr,LV,31.430527036276523,17.0,0,0.14667448671953423,10,QB
2022,00-0031345,Jimmy Garoppolo,SF,30.830937713894592,25.0,0,0.11467937707643101,16,QB
2022,00-0031800,Taylor Heinicke,WAS,29.464750171115675,30.0,0,0.0861353944272343,21,QB
2022,00-0032950,Carson Wentz,WAS,29.67008898015058,31.0,0,0.08089358165605343,24,QB
2022,00-0033077,Dak Prescott,DAL,29.09240246406571,19.0,0,0.18025289429802974,8,QB
2022,00-0033106,Jared Goff,DET,27.88227241615332,10.0,0,0.06024985359991919,28,QB
2022,00-0033119,Jacoby Brissett,CLE,29.72210814510609,24.0,0,0.028104796555896986,32,QB
2022,00-0033873,Patrick Mahomes,KC,26.95687885010267,1.0,1,0.30524839008671745,6,QB
2022,00-0034796,Lamar Jackson,BAL,25.648186173853524,14.0,0,0.5146825167083534,1,QB
2022,00-0034855,Baker Mayfield,CAR,27.38398357289528,29.0,0,0.06291088738738224,26,QB
2022,00-0034857,Josh Allen,BUF,26.28062970568104,2.0,1,0.47916812017745536,2,QB
2022,00-0034869,Sam Darnold,CAR,25.240246406570844,35.0,0,0.09386175495050257,19,QB
2022,00-0035228,Kyler Murray,ARI,25.06776180698152,18.0,0,0.3331813258707624,4,QB
2022,00-0035710,Daniel Jones,NYG,25.26488706365503,9.0,0,0.17629572337504262,9,QB
2022,00-0036212,Tua Tagovailoa,MIA,24.501026694045173,15.0,0,0.08168402494875418,23,QB
2022,00-0036355,Justin Herbert,LAC,24.47912388774812,11.0,0,0.311282945845387,5,QB
2022,00-0036389,Jalen Hurts,PHI,24.0684462696783,3.0,1,0.44586978654814957,3,QB
2022,00-0036442,Joe Burrow,CIN,25.724845995893222,4.0,1,0.12398273177826494,14,QB
2022,00-0036898,Davis Mills,HOU,23.863107460643395,21.0,0,0.03218485406131402,31,QB
2022,00-0036945,Justin Fields,CHI,23.49349760438056,6.0,0,0.06163287633554323,27,QB
2022,00-0036971,Trevor Lawrence,JAX,22.90485968514716,7.0,0,0.13919165180943197,11,QB
2022,00-0036972,Mac Jones,NE,23.98904859685147,23.0,0,0.08534518845238111,22,QB
2022,00-0037013,Zach Wilson,NYJ,23.08008213552361,34.0,0,0.04206036645942078,29,QB
2023,00-0026498,Matthew Stafford,LA,35.564681724846,15.0,0,0.031148490849431644,25,QB
2023,00-0029263,Russell Wilson,DEN,34.75427789185489,14.0,0,0.09965736748379597,15,QB
2023,00-0029604,Kirk Cousins,MIN,35.03353867214237,24.0,0,0.145741782155781,13,QB
2023,00-0029701,Ryan Tannehill,TEN,35.096509240246405,37.0,0,0.0534530138961934,21,QB
2023,00-0030565,Geno Smith,SEA,32.89253935660506,19.0,0,0.15310453146616682,11,QB
2023,00-0031280,Derek Carr,NO,32.42984257357974,16.0,0,0.06599594292803596,19,QB
2023,00-0031345,Jimmy Garoppolo,LV,31.83025325119781,43.0,0,0.061011543172904206,20,QB
2023,00-0031800,Taylor Heinicke,ATL,30.46406570841889,42.0,0,0.028808291990395942,26,QB
2023,00-0033077,Dak Prescott,DAL,30.091718001368925,3.0,1,0.07305041923555013,18,QB
2023,00-0033106,Jared Goff,DET,28.88158795345654,7.0,0,0.14875941618752805,12,QB
2023,00-0033873,Patrick Mahomes,KC,27.956194387405887,8.0,0,0.45068922429838015,3,QB
2023,00-0034796,Lamar Jackson,BAL,26.647501711156742,4.0,1,0.206367611882849,8,QB
2023,00-0034855,Baker Mayfield,TB,28.383299110198493,10.0,0,0.03231374397103321,24,QB
2023,00-0034857,Josh Allen,BUF,27.279945242984255,1.0,1,0.4947262592565613,2,QB
2023,00-0035228,Kyler Murray,ARI,26.067077344284737,26.0,0,0.18345149538437758,9,QB
2023,00-0035710,Daniel Jones,NYG,26.26420260095825,44.0,0,0.3499596905787791,4,QB
2023,00-0036212,Tua Tagovailoa,MIA,25.50034223134839,11.0,0,0.0875052498601547,16,QB
2023,00-0036355,Justin Herbert,LAC,25.47843942505133,17.0,0,0.26547581562483635,6,QB
2023,00-0036389,Jalen Hurts,PHI,25.06776180698152,2.0,1,0.6648549387051865,1,QB
2023,00-0036442,Joe Burrow,CIN,26.72416153319644,25.0,0,0.3275973746832912,5,QB
2023,00-0036898,Davis Mills,HOU,24.862422997946613,59.0,0,0.04913910262525203,22,QB
2023,00-0036945,Justin Fields,CHI,24.49281314168378,18.0,0,0.1659448362777958,10,QB
2023,00-0036971,Trevor Lawrence,JAX,23.904175222450377,12.0,0,0.24825591232366445,7,QB
2023,00-0036972,Mac Jones,NE,24.98836413415469,31.0,0,0.07550847379308985,17,QB
2023,00-0037013,Zach Wilson,NYJ,24.079397672826836,29.0,0,0.03949757550388915,23,QB
2023,00-0038102,Kenny Pickett,PIT,25.23750855578371,30.0,0,0.1139133852126225,14,QB
2024,00-0026498,Matthew Stafford,LA,36.56673511293634,19.0,0,0.09438778827071743,17,QB
2024,00-0029263,Russell Wilson,PIT,35.75633127994524,24.0,0,0.08441790388448571,18,QB
2024,00-0029604,Kirk Cousins,ATL,36.03559206023272,23.0,0,0.059018326084602314,23,QB
2024,00-0030565,Geno Smith,SEA,33.894592744695416,14.0,0,0.09959381318043413,16,QB
2024,00-0031280,Derek Carr,NO,33.43189596167009,26.0,0,0.07528564175455624,20,QB
2024,00-0033077,Dak Prescott,DAL,31.093771389459278,32.0,0,0.21307636682194137,6,QB
2024,00-0033106,Jared Goff,DET,29.883641341546884,6.0,0,0.14032729581234926,11,QB
2024,00-0033873,Patrick Mahomes,KC,28.95824777549624,12.0,0,0.2175586282319552,5,QB
2024,00-0034796,Lamar Jackson,BAL,27.64955509924709,1.0,1,0.40938876160483056,3,QB
2024,00-0034855,Baker Mayfield,TB,29.38535249828884,4.0,1,0.12945530877681133,13,QB
2024,00-0034857,Josh Allen,BUF,28.281998631074607,2.0,1,0.4661948792886498,2,QB
2024,00-0035228,Kyler Murray,ARI,27.069130732375086,10.0,0,0.1293572066647545,14,QB
2024,00-0035289,Gardner Minshew,LV,28.295687885010267,35.0,0,0.07017295841014684,21,QB
2024,00-0036212,Tua Tagovailoa,MIA,26.50239561943874,21.0,0,0.13467242447105665,12,QB
2024,00-0036264,Jordan Love,GB,25.831622176591377,17.0,0,0.17295720499258224,8,QB
2024,00-0036355,Justin Herbert,LAC,26.480492813141684,11.0,0,0.15956627191633227,10,QB
2024,00-0036389,Jalen Hurts,PHI,26.069815195071868,8.0,0,0.5304103521791579,1,QB
2024,00-0036442,Joe Burrow,CIN,27.72621492128679,3.0,1,0.08125940932479084,19,QB
2024,00-0036945,Justin Fields,PIT,25.49486652977413,31.0,0,0.22102083722192284,4,QB
2024,00-0036971,Trevor Lawrence,JAX,24.90622861054073,27.0,0,0.19105909249556816,7,QB
2024,00-0036972,Mac Jones,JAX,25.99041752224504,36.0,0,0.036405822488283786,28,QB
2024,00-0037834,Brock Purdy,SF,24.68172484599589,13.0,0,0.1199566530859266,15,QB
2024,00-0038102,Kenny Pickett,PHI,26.239561943874055,50.0,0,0.05716861732128556,24,QB
2024,00-0038122,Desmond Ridder,LV,25.00479123887748,51.0,0,0.060227979029359335,22,QB
2024,00-0038579,Aidan O'Connell,LV,26.001368925393567,38.0,0,0.03861175438100571,27,QB
2024,00-0039150,Bryce Young,CAR,23.1047227926078,20.0,0,0.046433128652676625,25,QB
2024,00-0039152,Will Levis,TEN,25.182751540041068,30.0,0,0.04529210711937255,26,QB
2024,00-0039163,C.J. Stroud,HOU,22.91307323750856,18.0,0,0.169879676293627,9,QB
2025,00-0023459,Aaron Rodgers,PIT,41.74948665297741,17.0,0,0.05763339816876489,20,QB
2025,00-0026498,Matthew Stafford,LA,37.56605065023956,3.0,1,0.05901920947326361,19,QB
2025,00-0029263,Russell Wilson,NYG,36.75564681724846,44.0,0,0.045182921566477297,23,QB
2025,00-0029604,Kirk Cousins,ATL,37.034907597535934,35.0,0,0.05156861848214092,22,QB
2025,00-0030565,Geno Smith,LV,34.893908281998634,24.0,0,0.10140854568012336,16,QB
2025,00-0033077,Dak Prescott,DAL,32.09308692676249,6.0,0,0.03477000208857923,28,QB
2025,00-0033106,Jared Goff,DET,30.882956878850106,9.0,0,0.15770948685575928,12,QB
2025,00-0033662,Cooper Rush,BAL,31.7782340862423,69.0,0,0.025778084341576257,30,QB
2025,00-0033873,Patrick Mahomes,KC,29.95756331279945,11.0,0,0.19668396421733442,10,QB
2025,00-0034771,Mason Rudolph,PIT,30.127310061601644,54.0,0,0.037402096406784574,26,QB
2025,00-0034796,Lamar Jackson,BAL,28.648870636550303,20.0,0,0.4843155657240833,2,QB
2025,00-0034855,Baker Mayfield,TB,30.38466803559206,12.0,0,0.20638192826844776,8,QB
2025,00-0034857,Josh Allen,BUF,29.281314168377826,1.0,1,0.47908569496825065,3,QB
2025,00-0034869,Sam Darnold,SEA,28.240930869267626,14.0,0,0.10542182164265733,15,QB
2025,00-0035228,Kyler Murray,ARI,28.0684462696783,38.0,0,0.23686883246327262,5,QB
2025,00-0035289,Gardner Minshew,KC,29.295003422313485,79.0,0,0.025020953848660838,31,QB
2025,00-0035710,Daniel Jones,IND,28.265571526351813,18.0,0,0.15650987558630633,13,QB
2025,00-0036212,Tua Tagovailoa,MIA,27.50171115674196,25.0,0,0.07629570395721509,17,QB
2025,00-0036264,Jordan Love,GB,26.830937713894592,15.0,0,0.05338575434630758,21,QB
2025,00-0036355,Justin Herbert,LAC,27.479808350444905,10.0,0,0.16878800448481743,11,QB
2025,00-0036389,Jalen Hurts,PHI,27.069130732375086,8.0,0,0.46890236975701777,4,QB
2025,00-0036442,Joe Burrow,CIN,28.725530458590008,29.0,0,0.23507768027547948,6,QB
2025,00-0036971,Trevor Lawrence,JAX,25.905544147843944,4.0,1,0.03943807500615552,25,QB
2025,00-0036972,Mac Jones,SF,26.989733059548254,30.0,0,0.036949377500703665,27,QB
2025,00-0037834,Brock Purdy,SF,25.68104038329911,23.0,0,0.1968567873831716,9,QB
2025,00-0039150,Bryce Young,CAR,24.10403832991102,19.0,0,0.04112645058287871,24,QB
2025,00-0039163,C.J. Stroud,HOU,23.91238877481177,21.0,0,0.07208842564536036,18,QB
2025,00-0039732,Bo Nix,DEN,25.516769336071185,7.0,0,0.23275932790460183,7,QB
2025,00-0039851,Drake Maye,NE,23.006160164271048,2.0,1,0.034233871657547314,29,QB
2025,00-0039910,Jayden Daniels,WAS,24.70362765229295,34.0,0,0.4861415152310079,1,QB
2025,00-0039918,Caleb Williams,CHI,23.786447638603697,5.0,1,0.11457372906525518,14,QB
2015,00-0023500,Frank Gore,IND,32.30116358658453,14.0,0,0.01099139208665535,46,RB
2015,00-0023564,Darren Sproles,PHI,32.199863107460644,25.0,0,0.008133996973846586,54,RB
2015,00-0024204,Fred Jackson,SEA,34.52703627652293,65.0,0,0.0144498371062038,39,RB
2015,00-0024217,Reggie Bush,SF,30.49965776865161,134.0,0,0.01104115809707784,45,RB
2015,00-0024813,Pierre Thomas,WAS,30.702258726899384,105.0,0,0.008364608981682956,53,RB
2015,00-0025399,Marshawn Lynch,SEA,29.36071184120465,60.0,0,0.09383335819225451,13,RB
2015,00-0025637,Ahmad Bradshaw,IND,29.453798767967147,82.0,0,0.023566127623237777,27,RB
2015,00-0026144,Darren McFadden,DAL,28.01368925393566,13.0,0,0.013820567486024423,41,RB
2015,00-0026153,Jonathan Stewart,CAR,28.449007529089663,24.0,0,0.02689849631979578,25,RB
2015,00-0026164,Chris Johnson,ARI,29.93839835728953,49.0,0,0.01022934561880296,49,RB
2015,00-0026184,Matt Forte,CHI,29.724845995893222,8.0,0,0.17450514779854293,5,RB
2015,00-0026213,Jamaal Charles,KC,28.67898699520876,51.0,0,0.0940086248810234,12,RB
2015,00-0026373,Justin Forsett,BAL,29.880903490759756,41.0,0,0.06056211932097347,17,RB
2015,00-0026393,Marcel Reece,LV,30.190280629705683,63.0,0,0.0033887393352877286,69,RB
2015,00-0026796,Arian Foster,HOU,29.021218343600275,66.0,0,0.21455139391478975,3,RB
2015,00-0027003,Donald Brown,LAC,28.39151266255989,78.0,0,0.006609397392300074,60,RB
2015,00-0027029,LeSean McCoy,BUF,27.137577002053387,19.0,0,0.04580630054414446,20,RB
2015,00-0027155,Rashad Jennings,NYG,30.43394934976044,22.0,0,0.024855740007819562,26,RB
2015,00-0027218,Joique Bell,DET,29.07597535934292,50.0,0,0.023305919669587977,28,RB
2015,00-0027325,LeGarrette Blount,NE,28.739219712525667,39.0,0,0.0037490244990568684,68,RB
2015,00-0027531,Chris Ivory,NYJ,27.444216290212182,12.0,0,0.013190948670730675,43,RB
2015,00-0027772,Anthony Dixon,BUF,27.93702943189596,112.0,0,0.003997587439399042,67,RB
2015,00-0027791,James Starks,GB,29.51403148528405,21.0,0,0.004893793789656145,65,RB
2015,00-0027861,C.J. Spiller,NO,28.073921971252567,62.0,0,0.012756162438109184,44,RB
2015,00-0027888,Toby Gerhart,JAX,28.42984257357974,131.0,0,0.004170283663161576,66,RB
2015,00-0027966,Mark Ingram,NO,25.69472963723477,11.0,0,0.07038809789000983,15,RB
2015,00-0027994,Shane Vereen,NYG,26.49965776865161,27.0,0,0.04340383890576852,21,RB
2015,00-0028009,DeMarco Murray,PHI,27.550992470910334,15.0,0,0.28607549664327,2,RB
2015,00-0028043,Roy Helu,LV,26.73237508555784,102.0,0,0.01418879139300075,40,RB
2015,00-0028083,Jacquizz Rodgers,CHI,25.56605065023956,139.0,0,0.00784663591301197,56,RB
2015,00-0028121,Jordan Todman,PIT,25.516769336071185,152.0,0,0.010615442144917497,48,RB
2015,00-0028198,Matt Asiata,MIN,28.10677618069815,81.0,0,0.027729100418998526,23,RB
2015,00-0029104,Jonas Gray,MIA,25.180013689253936,95.0,0,0.010639917369761968,47,RB
2015,00-0029141,Alfred Morris,WAS,26.718685831622174,53.0,0,0.027521371368200806,24,RB
2015,00-0029264,Bernard Pierce,JAX,24.31211498973306,143.0,0,0.00534256596774123,64,RB
2015,00-0029273,Robert Turbin,DAL,25.74674880219028,89.0,0,0.009426661449054295,51,RB
2015,00-0029384,Bobby Rainey,TB,27.87679671457905,137.0,0,0.006554650744907708,61,RB
2015,00-0029588,Dan Herron,IND,26.4476386036961,109.0,0,0.00797360978786177,55,RB
2015,00-0029613,Doug Martin,TB,26.63107460643395,5.0,1,0.015864361926124795,37,RB
2015,00-0029615,Lamar Miller,MIA,24.35318275154004,6.0,0,0.10403439743091862,10,RB
2015,00-0029683,Ronnie Hillman,DEN,23.964407939767284,26.0,0,0.08217862810772408,14,RB
2015,00-0029795,Benny Cunningham,LA,25.15263518138261,73.0,0,0.02148518570202351,31,RB
2015,00-0029854,C.J. Anderson,DEN,24.555783709787818,31.0,0,0.10768607017469006,8,RB
2015,00-0030107,Theo Riddick,DET,24.32854209445585,18.0,0,0.015618613854656956,38,RB
2015,00-0030280,Knile Davis,KC,23.906913073237508,116.0,0,0.02022171853656389,35,RB
2015,00-0030282,Stepfan Taylor,ARI,24.229979466119097,136.0,0,0.007300974523659092,58,RB
2015,00-0030287,Andre Ellington,ARI,26.573579739904176,67.0,0,0.13643269048727516,7,RB
2015,00-0030348,Khiry Robinson,NO,25.675564681724847,70.0,0,0.009568682062503307,50,RB
2015,00-0030388,Joseph Randle,DAL,23.67419575633128,68.0,0,0.007674765563206037,57,RB
2015,00-0030456,Giovani Bernard,CIN,23.77549623545517,16.0,0,0.15411792533605492,6,RB
2015,00-0030485,Eddie Lacy,GB,25.24845995893224,32.0,0,0.1878224767809557,4,RB
2015,00-0030496,Le'Veon Bell,PIT,23.534565366187543,47.0,0,0.5878867893645354,1,RB
2015,00-0030513,Latavius Murray,LV,25.61806981519507,10.0,0,0.006624584793033753,59,RB
2015,00-0030536,Zac Stacy,NYJ,24.39698836413416,99.0,0,0.013207989379130368,42,RB
2015,00-0030547,Denard Robinson,JAX,24.94182067077344,72.0,0,0.01879479357241535,36,RB
2015,00-0030656,Isaiah Crowell,CLE,22.64476386036961,33.0,0,0.03010083492377195,22,RB
2015,00-0030705,Juwan Thompson,DEN,23.301848049281315,120.0,0,0.006310585103303566,62,RB
2015,00-0030874,Damien Williams,MIA,23.4113620807666,80.0,0,0.009277718887642434,52,RB
2015,00-0031045,Carlos Hyde,SF,24.947296372347708,61.0,0,0.005969523836054872,63,RB
2015,00-0031055,Andre Williams,NYG,23.00889801505818,88.0,0,0.04882971598707304,18,RB
2015,00-0031075,Alfred Blue,HOU,24.347707049965777,46.0,0,0.021238351893254886,32,RB
2015,00-0031277,Branden Oliver,LAC,24.32032854209445,92.0,0,0.048450616123758866,19,RB
2015,00-0031285,Devonta Freeman,ATL,23.463381245722108,1.0,1,0.020965804220370945,33,RB
2015,00-0031301,Jeremy Hill,CIN,22.863791923340177,20.0,0,0.10583015902840218,9,RB
2015,00-0031375,Terrance West,BAL,24.591375770020534,104.0,0,0.023269938028127688,29,RB
2015,00-0031376,Jerick McKinnon,MIN,23.329226557152637,57.0,0,0.0636305708962102,16,RB
2015,00-0031390,Charles Sims,TB,24.95003422313484,17.0,0,0.020584877372253393,34,RB
2015,00-0031391,Tre Mason,LA,22.069815195071868,76.0,0,0.1029003988403622,11,RB
2015,00-0031413,Bishop Sankey,TEN,22.9596167008898,74.0,0,0.021922366870139837,30,RB
2016,00-0023500,Frank Gore,IND,33.30321697467488,12.0,0,0.007296151640502016,47,RB
2016,00-0023564,Darren Sproles,PHI,33.20191649555099,24.0,0,0.005523058295503895,54,RB
2016,00-0024242,DeAngelo Williams,PIT,33.35523613963039,48.0,0,0.005993702026573714,51,RB
2016,00-0026069,Mike Tolbert,CAR,30.77344284736482,88.0,0,0.002316417438807377,59,RB
2016,00-0026153,Jonathan Stewart,CAR,29.45106091718001,29.0,0,0.0254759670698772,25,RB
2016,00-0026164,Chris Johnson,ARI,30.94045174537988,109.0,0,0.0056051835704352924,53,RB
2016,00-0026184,Matt Forte,NYJ,30.72689938398357,21.0,0,0.04481100724527879,15,RB
2016,00-0026373,Justin Forsett,DEN,30.882956878850106,66.0,0,0.014736250109644376,35,RB
2016,00-0027029,LeSean McCoy,BUF,28.139630390143736,4.0,1,0.11034047401582486,4,RB
2016,00-0027155,Rashad Jennings,NYG,31.43600273785079,33.0,0,0.008393200992061926,40,RB
2016,00-0027325,LeGarrette Blount,NE,29.741273100616016,9.0,0,0.004628491928715935,56,RB
2016,00-0027531,Chris Ivory,JAX,28.44626967830253,49.0,0,0.022139858677373184,27,RB
2016,00-0027791,James Starks,GB,30.5160848733744,68.0,0,0.011764028076819918,38,RB
2016,00-0027861,C.J. Spiller,NYJ,29.07597535934292,103.0,0,0.005016569003958452,55,RB
2016,00-0027864,Ryan Mathews,PHI,28.8952772073922,30.0,0,0.006381895828203306,49,RB
2016,00-0027966,Mark Ingram,NO,26.69678302532512,8.0,0,0.08998862674865628,7,RB
2016,00-0027994,Shane Vereen,NYG,27.50171115674196,79.0,0,0.0257991830050277,24,RB
2016,00-0028009,DeMarco Murray,TEN,28.553045859000683,5.0,1,0.015489652252096808,34,RB
2016,00-0028064,Bilal Powell,NYJ,27.8466803559206,16.0,0,0.03332154681989641,18,RB
2016,00-0028202,Shaun Draughn,SF,28.736481861738536,43.0,0,0.008282426414757299,41,RB
2016,00-0029141,Alfred Morris,DAL,27.720739219712527,78.0,0,0.007396591515426238,46,RB
2016,00-0029239,Brandon Bolden,NE,26.598220396988363,141.0,0,0.008011063976932999,42,RB
2016,00-0029273,Robert Turbin,IND,26.748802190280628,44.0,0,0.0026940834370928475,58,RB
2016,00-0029510,Jonathan Grimes,HOU,26.69678302532512,90.0,0,0.006997037741166276,48,RB
2016,00-0029613,Doug Martin,TB,27.633127994524298,55.0,0,0.05138098222071473,13,RB
2016,00-0029615,Lamar Miller,HOU,25.35523613963039,19.0,0,0.10041232925097379,5,RB
2016,00-0029683,Ronnie Hillman,MIN,24.966461327857637,92.0,0,0.033044438676629546,19,RB
2016,00-0029795,Benny Cunningham,LA,26.154688569472963,87.0,0,0.00798421303072637,43,RB
2016,00-0029854,C.J. Anderson,DEN,25.557837097878167,46.0,0,0.02335960381300567,26,RB
2016,00-0030107,Theo Riddick,DET,25.3305954825462,25.0,0,0.06101047309007444,10,RB
2016,00-0030287,Andre Ellington,ARI,27.575633127994525,91.0,0,0.007856961639338215,44,RB
2016,00-0030404,Chris Thompson,WAS,25.867214236824093,28.0,0,0.01702980770945064,32,RB
2016,00-0030414,Spencer Ware,KC,24.774811772758383,17.0,0,0.013394238319538631,36,RB
2016,00-0030432,Christine Michael,SEA,25.81245722108145,35.0,0,0.006104629449225378,50,RB
2016,00-0030456,Giovani Bernard,CIN,24.77754962354552,40.0,0,0.0756306777007136,8,RB
2016,00-0030485,Eddie Lacy,GB,26.250513347022583,76.0,0,0.02034273713799583,30,RB
2016,00-0030513,Latavius Murray,LV,26.62012320328542,13.0,0,0.04148795897134549,17,RB
2016,00-0030547,Denard Robinson,JAX,25.94387405886379,101.0,0,0.007500921270728117,45,RB
2016,00-0030656,Isaiah Crowell,CLE,23.64681724845996,14.0,0,0.019556019114868633,31,RB
2016,00-0030668,Charcandrick West,KC,25.25119780971937,50.0,0,0.03110971832693078,22,RB
2016,00-0030789,Antonio Andrews,TEN,24.041067761806985,150.0,0,0.022099001023122643,28,RB
2016,00-0031062,James White,NE,24.577686516084874,26.0,0,0.02873109250859548,23,RB
2016,00-0031075,Alfred Blue,HOU,25.349760438056126,65.0,0,0.015641002509293345,33,RB
2016,00-0031285,Devonta Freeman,ATL,24.465434633812457,6.0,0,0.3400319029127159,1,RB
2016,00-0031301,Jeremy Hill,CIN,23.86584531143053,22.0,0,0.0574999110245668,11,RB
2016,00-0031375,Terrance West,BAL,25.593429158110883,23.0,0,0.0038589963365283043,57,RB
2016,00-0031376,Jerick McKinnon,MIN,24.331279945242983,27.0,0,0.012423634859853473,37,RB
2016,00-0031390,Charles Sims,TB,25.95208761122519,64.0,0,0.042669497969824464,16,RB
2016,00-0031569,Jeremy Langford,CHI,24.739219712525667,62.0,0,0.03243826851031805,20,RB
2016,00-0031577,Javorius Allen,BAL,25.01574264202601,129.0,0,0.021799488568183745,29,RB
2016,00-0031590,Jay Ajayi,MIA,23.21423682409309,11.0,0,0.005732151433589471,52,RB
2016,00-0031897,Thomas Rawls,SEA,23.08008213552361,59.0,0,0.06665388478529723,9,RB
2016,00-0031939,Matt Jones,WAS,23.48802190280629,60.0,0,0.0318402950091827,21,RB
2016,00-0032058,Tevin Coleman,ATL,23.378507871321013,19.0,0,0.01006268731630206,39,RB
2016,00-0032144,Melvin Gordon,LAC,23.38672142368241,7.0,0,0.04614501709439724,14,RB
2016,00-0032187,David Johnson,ARI,24.711841204654345,1.0,1,0.05395953088391206,12,RB
2016,00-0032209,T.J. Yeldon,JAX,22.915811088295687,34.0,0,0.15184319246616537,2,RB
2016,00-0032241,Todd Gurley,LA,22.0807665982204,15.0,0,0.12947144463686103,3,RB
2016,00-0032257,Duke Johnson,CLE,22.94045174537988,31.0,0,0.09407710521021447,6,RB
2017,00-0023500,Frank Gore,IND,34.3025325119781,19.0,0,0.02240806708426242,30,RB
2017,00-0026153,Jonathan Stewart,CAR,30.45037645448323,42.0,0,0.012293471572133816,42,RB
2017,00-0026184,Matt Forte,NYJ,31.72621492128679,41.0,0,0.01565929067598865,39,RB
2017,00-0027029,LeSean McCoy,BUF,29.138945927446954,7.0,0,0.1660317229665669,4,RB
2017,00-0027325,LeGarrette Blount,PHI,30.740588637919235,44.0,0,0.014632086167756764,40,RB
2017,00-0027531,Chris Ivory,JAX,29.44558521560575,59.0,0,0.004867672832180651,51,RB
2017,00-0027966,Mark Ingram,NO,27.696098562628336,6.0,0,0.06435896635856106,13,RB
2017,00-0028009,DeMarco Murray,TEN,29.5523613963039,20.0,0,0.11962980528862224,7,RB
2017,00-0028064,Bilal Powell,NYJ,28.84599589322382,30.0,0,0.03149711936031136,24,RB
2017,00-0028083,Jacquizz Rodgers,TB,27.567419575633128,80.0,0,0.016409736774945966,37,RB
2017,00-0029141,Alfred Morris,DAL,28.720054757015745,67.0,0,0.004500641889307225,52,RB
2017,00-0029273,Robert Turbin,IND,27.74811772758385,95.0,0,0.006653704027987294,49,RB
2017,00-0029613,Doug Martin,TB,28.63244353182752,64.0,0,0.016904556972584237,35,RB
2017,00-0029615,Lamar Miller,HOU,26.354551676933607,16.0,0,0.06406498368380033,14,RB
2017,00-0029731,Fozzy Whittaker,CAR,28.577686516084874,103.0,0,0.007790581749987269,47,RB
2017,00-0030107,Theo Riddick,DET,26.32991101984942,27.0,0,0.1339092249747699,5,RB
2017,00-0030288,Rex Burkhead,NE,27.16769336071184,39.0,0,0.009046361001366124,45,RB
2017,00-0030404,Chris Thompson,WAS,26.86652977412731,26.0,0,0.03691342030164776,22,RB
2017,00-0030433,Mike Gillislee,NE,26.833675564681723,69.0,0,0.017867416632993332,34,RB
2017,00-0030456,Giovani Bernard,CIN,25.77686516084873,29.0,0,0.05776548013366563,16,RB
2017,00-0030496,Le'Veon Bell,PIT,25.53593429158111,2.0,1,0.5903712074367273,1,RB
2017,00-0030513,Latavius Murray,MIN,27.61943874058864,25.0,0,0.01846977209043843,32,RB
2017,00-0030578,Cordarrelle Patterson,LV,26.46132785763176,56.0,0,0.03406703545715924,23,RB
2017,00-0030656,Isaiah Crowell,CLE,24.64613278576317,31.0,0,0.03977197668941759,20,RB
2017,00-0030668,Charcandrick West,KC,26.250513347022583,66.0,0,0.013971872750533252,41,RB
2017,00-0030874,Damien Williams,MIA,25.412731006160165,73.0,0,0.01094943970628645,44,RB
2017,00-0031045,Carlos Hyde,SF,26.94866529774127,8.0,0,0.05109723977941049,17,RB
2017,00-0031062,James White,NE,25.57700205338809,38.0,0,0.07909818962955908,11,RB
2017,00-0031075,Alfred Blue,HOU,26.349075975359344,82.0,0,0.006088011727448641,50,RB
2017,00-0031285,Devonta Freeman,ATL,25.464750171115675,14.0,0,0.11870466202967361,8,RB
2017,00-0031301,Jeremy Hill,CIN,24.865160848733744,104.0,0,0.02913929788471212,26,RB
2017,00-0031375,Terrance West,BAL,26.5927446954141,94.0,0,0.011181839756073961,43,RB
2017,00-0031376,Jerick McKinnon,MIN,25.3305954825462,17.0,0,0.03933319877561298,21,RB
2017,00-0031590,Jay Ajayi,PHI,24.213552361396303,36.0,0,0.12965098002326494,6,RB
2017,00-0031665,Zach Zenner,DET,25.968514715947983,128.0,0,0.008507281999082378,46,RB
2017,00-0031897,Thomas Rawls,SEA,24.079397672826836,90.0,0,0.02388305319083098,28,RB
2017,00-0032058,Tevin Coleman,ATL,24.37782340862423,22.0,0,0.08923728368258539,10,RB
2017,00-0032144,Melvin Gordon,LAC,24.386036960985628,5.0,1,0.17418469500791706,3,RB
2017,00-0032209,T.J. Yeldon,JAX,23.915126625598905,54.0,0,0.04642052571021194,19,RB
2017,00-0032241,Todd Gurley,LA,23.08008213552361,1.0,1,0.07093554764652683,12,RB
2017,00-0032257,Duke Johnson,CLE,23.939767282683093,11.0,0,0.058861546071219885,15,RB
2017,00-0032371,Rob Kelley,WAS,24.91170431211499,84.0,0,0.017954180576377685,33,RB
2017,00-0032417,Paul Perkins,NYG,22.792607802874745,97.0,0,0.02348208512214531,29,RB
2017,00-0032450,Dwayne Washington,DET,23.35660506502396,133.0,0,0.016485957027405514,36,RB
2017,00-0032741,Peyton Barber,TB,23.509924709103355,57.0,0,0.0074430909747650285,48,RB
2017,00-0032764,Derrick Henry,TEN,23.65776865160849,37.0,0,0.01986956790562514,31,RB
2017,00-0032780,Jordan Howard,CHI,22.830937713894592,15.0,0,0.10598891810813818,9,RB
2017,00-0032782,Wendell Smallwood,PHI,23.61396303901437,81.0,0,0.015828590681610577,38,RB
2017,00-0032940,DeAndre Washington,LV,24.522929500342237,58.0,0,0.031239510276325717,25,RB
2017,00-0032972,Devontae Booker,DEN,25.26488706365503,52.0,0,0.027178885785990585,27,RB
2017,00-0033025,Jalen Richard,LV,23.87953456536619,53.0,0,0.04770245820083179,18,RB
2017,00-0033045,Ezekiel Elliott,DAL,22.11362080766598,12.0,0,0.503391897555798,2,RB
2018,00-0023500,Frank Gore,MIA,35.30184804928131,46.0,0,0.01677802354108544,42,RB
2018,00-0025394,Adrian Peterson,WAS,33.44832306639288,19.0,0,0.007195541566068966,55,RB
2018,00-0025399,Marshawn Lynch,LV,32.36139630390144,64.0,0,0.00760955792747213,54,RB
2018,00-0027029,LeSean McCoy,BUF,30.138261464750173,39.0,0,0.11531518085506151,9,RB
2018,00-0027325,LeGarrette Blount,DET,31.73990417522245,59.0,0,0.0045289418815269294,59,RB
2018,00-0027531,Chris Ivory,BUF,30.444900752908968,66.0,0,0.005951954880918579,57,RB
2018,00-0027966,Mark Ingram,NO,28.695414099931558,32.0,0,0.11793534227636393,8,RB
2018,00-0028064,Bilal Powell,NYJ,29.84531143052704,75.0,0,0.016754174282627748,43,RB
2018,00-0028083,Jacquizz Rodgers,TB,28.566735112936342,61.0,0,0.004075209209972024,60,RB
2018,00-0028087,Dion Lewis,TEN,27.928815879534564,28.0,0,0.03740949642205119,26,RB
2018,00-0029141,Alfred Morris,SF,29.71937029431896,68.0,0,0.005597307924963418,58,RB
2018,00-0029613,Doug Martin,LV,29.631759069130734,41.0,0,0.009839569995037234,52,RB
2018,00-0029615,Lamar Miller,HOU,27.353867214236825,23.0,0,0.0649323975734319,18,RB
2018,00-0029854,C.J. Anderson,CAR,27.5564681724846,69.0,0,0.06574393533198591,17,RB
2018,00-0030107,Theo Riddick,DET,27.329226557152637,43.0,0,0.03448569674844769,28,RB
2018,00-0030288,Rex Burkhead,NE,28.16700889801506,79.0,0,0.01999205129311816,38,RB
2018,00-0030404,Chris Thompson,WAS,27.86584531143053,55.0,0,0.04081049942916777,23,RB
2018,00-0030433,Mike Gillislee,NO,27.83299110198494,129.0,0,0.008568877873412262,53,RB
2018,00-0030456,Giovani Bernard,CIN,26.77618069815195,53.0,0,0.037426697903869585,25,RB
2018,00-0030513,Latavius Murray,MIN,28.618754277891856,38.0,0,0.014999501222490491,46,RB
2018,00-0030656,Isaiah Crowell,NYJ,25.645448323066397,33.0,0,0.046580465099967376,22,RB
2018,00-0030874,Damien Williams,KC,26.412046543463383,48.0,0,0.012717421945981808,48,RB
2018,00-0031045,Carlos Hyde,JAX,27.94798083504449,50.0,0,0.08500808888682344,12,RB
2018,00-0031062,James White,NE,26.576317590691307,7.0,0,0.024810922099391258,35,RB
2018,00-0031075,Alfred Blue,HOU,27.34839151266256,52.0,0,0.007044250178358171,56,RB
2018,00-0031577,Javorius Allen,BAL,27.014373716632445,54.0,0,0.03325581243981818,29,RB
2018,00-0031590,Jay Ajayi,PHI,25.21286789869952,83.0,0,0.08498051982122502,13,RB
2018,00-0031806,Malcolm Brown,LA,25.297741273100616,85.0,0,0.010040047910745179,51,RB
2018,00-0031900,Rod Smith,DAL,26.64202600958248,89.0,0,0.01014625145798608,50,RB
2018,00-0032058,Tevin Coleman,ATL,25.377138945927445,18.0,0,0.052746714753060676,20,RB
2018,00-0032104,Ameer Abdullah,MIN,25.218343600273784,126.0,0,0.040216757158212074,24,RB
2018,00-0032144,Melvin Gordon,LAC,25.38535249828884,8.0,0,0.1973225766548313,7,RB
2018,00-0032209,T.J. Yeldon,JAX,24.914442162902123,22.0,0,0.025324099219781297,34,RB
2018,00-0032241,Todd Gurley,LA,24.079397672826836,3.0,1,0.4854967590853712,2,RB
2018,00-0032257,Duke Johnson,CLE,24.93908281998631,37.0,0,0.08486805671500904,14,RB
2018,00-0032426,Alex Collins,BAL,24.016427104722798,45.0,0,0.10771713910871841,11,RB
2018,00-0032741,Peyton Barber,TB,24.50924024640657,31.0,0,0.015473777528550194,45,RB
2018,00-0032764,Derrick Henry,TEN,24.657084188911703,16.0,0,0.027903411482563777,32,RB
2018,00-0032780,Jordan Howard,CHI,23.83025325119781,20.0,0,0.1096993166799054,10,RB
2018,00-0032782,Wendell Smallwood,PHI,24.61327857631759,42.0,0,0.01440278621662329,47,RB
2018,00-0032940,DeAndre Washington,LV,25.522245037645447,111.0,0,0.019561290440746962,39,RB
2018,00-0032972,Devontae Booker,DEN,26.26420260095825,58.0,0,0.011281969859804942,49,RB
2018,00-0033025,Jalen Richard,LV,24.878850102669404,29.0,0,0.0182558354750328,41,RB
2018,00-0033045,Ezekiel Elliott,DAL,23.1129363449692,5.0,1,0.500009025387566,1,RB
2018,00-0033118,Kenyan Drake,MIA,24.5968514715948,14.0,0,0.021827859750414978,37,RB
2018,00-0033280,Christian McCaffrey,CAR,22.2340862422998,2.0,1,0.2882015957327225,4,RB
2018,00-0033293,Aaron Jones,GB,23.74811772758385,24.0,0,0.02276736058586598,36,RB
2018,00-0033295,Elijah McGuire,NYJ,24.251882272416157,60.0,0,0.019428984201349708,40,RB
2018,00-0033308,Matt Breida,SF,23.50718685831622,26.0,0,0.031093967950776725,30,RB
2018,00-0033526,Samaje Perine,WAS,22.9596167008898,123.0,0,0.05820206044230861,19,RB
2018,00-0033556,Tarik Cohen,CHI,23.10198494182067,11.0,0,0.07469426825306005,15,RB
2018,00-0033699,Austin Ekeler,LAC,23.29363449691992,25.0,0,0.029641620423634035,31,RB
2018,00-0033725,Corey Clement,PHI,23.83025325119781,63.0,0,0.015922276164302578,44,RB
2018,00-0033856,Leonard Fournette,JAX,23.61943874058864,40.0,0,0.4288319878164147,3,RB
2018,00-0033897,Joe Mixon,CIN,22.105407255304584,10.0,0,0.07341584726047623,16,RB
2018,00-0033906,Alvin Kamara,NO,23.1047227926078,4.0,1,0.2572052398738706,6,RB
2018,00-0033923,Kareem Hunt,KC,23.071868583162217,12.0,0,0.261837767092936,5,RB
2018,00-0033948,Jamaal Williams,GB,23.41409993155373,44.0,0,0.0469249769184102,21,RB
2018,00-0033950,Wayne Gallman,NYG,23.91786447638604,81.0,0,0.0350310244247245,27,RB
2018,00-0033951,Marlon Mack,IND,22.48596851471595,21.0,0,0.026646411556982608,33,RB
2019,00-0023500,Frank Gore,BUF,36.30116358658453,50.0,0,0.0009060914773477999,58,RB
2019,00-0025394,Adrian Peterson,WAS,34.4476386036961,33.0,0,0.003625056231853973,57,RB
2019,00-0027029,LeSean McCoy,KC,31.137577002053387,41.0,0,0.010750686750627169,46,RB
2019,00-0027966,Mark Ingram,BAL,29.69472963723477,11.0,0,0.016460355006128594,41,RB
2019,00-0028087,Dion Lewis,TEN,28.928131416837783,65.0,0,0.029398915548865284,31,RB
2019,00-0030288,Rex Burkhead,NE,29.16632443531828,48.0,0,0.007259731463263216,50,RB
2019,00-0030404,Chris Thompson,WAS,28.865160848733744,51.0,0,0.01956692450528031,39,RB
2019,00-0030456,Giovani Bernard,CIN,27.77549623545517,60.0,0,0.011430638758895637,45,RB
2019,00-0030513,Latavius Murray,NO,29.61806981519507,28.0,0,0.0039043729996637217,56,RB
2019,00-0030578,Cordarrelle Patterson,CHI,28.459958932238195,86.0,0,0.004702006376838977,54,RB
2019,00-0030874,Damien Williams,KC,27.4113620807666,38.0,0,0.005839586289173215,52,RB
2019,00-0031045,Carlos Hyde,HOU,28.947296372347708,30.0,0,0.004687850693775018,55,RB
2019,00-0031062,James White,NE,27.575633127994525,18.0,0,0.18636808201047117,11,RB
2019,00-0031577,Javorius Allen,NYG,28.01368925393566,115.0,0,0.006905015763259826,51,RB
2019,00-0032058,Tevin Coleman,SF,26.376454483230663,39.0,0,0.03813828438406296,27,RB
2019,00-0032063,Mike Davis,CHI,26.529774127310063,113.0,0,0.022588017616281784,35,RB
2019,00-0032144,Melvin Gordon,LAC,26.38466803559206,23.0,0,0.38135520735670064,6,RB
2019,00-0032187,David Johnson,ARI,27.709787816564,37.0,0,0.07696079324521127,16,RB
2019,00-0032209,T.J. Yeldon,BUF,25.913757700205338,92.0,0,0.06677232772164253,21,RB
2019,00-0032241,Todd Gurley,LA,25.078713210130047,14.0,0,0.5477514900773893,5,RB
2019,00-0032257,Duke Johnson,HOU,25.93839835728953,29.0,0,0.022988918908865605,34,RB
2019,00-0032741,Peyton Barber,TB,25.508555783709788,43.0,0,0.02435867045384006,32,RB
2019,00-0032764,Derrick Henry,TEN,25.65639972621492,5.0,1,0.023038925251210176,33,RB
2019,00-0032780,Jordan Howard,PHI,24.829568788501028,44.0,0,0.03761258733243657,28,RB
2019,00-0032782,Wendell Smallwood,WAS,25.61259411362081,97.0,0,0.01224791650118829,43,RB
2019,00-0032972,Devontae Booker,DEN,27.263518138261464,111.0,0,0.007500740873360727,49,RB
2019,00-0033025,Jalen Richard,LV,25.87816563997262,56.0,0,0.038310137236539935,26,RB
2019,00-0033045,Ezekiel Elliott,DAL,24.112251882272417,3.0,1,0.6551344029697491,3,RB
2019,00-0033118,Kenyan Drake,ARI,25.59616700889801,17.0,0,0.07487747179002795,18,RB
2019,00-0033280,Christian McCaffrey,CAR,23.23340177960301,1.0,1,0.7082172288530383,2,RB
2019,00-0033293,Aaron Jones,GB,24.747433264887064,2.0,1,0.050621400182013186,22,RB
2019,00-0033308,Matt Breida,SF,24.50650239561944,46.0,0,0.04496793310665913,24,RB
2019,00-0033553,James Conner,PIT,24.32580424366872,35.0,0,0.2668080896812709,8,RB
2019,00-0033556,Tarik Cohen,CHI,24.10130047912389,27.0,0,0.1914102878133979,10,RB
2019,00-0033594,Chris Carson,SEA,24.95824777549624,12.0,0,0.09699509607703144,14,RB
2019,00-0033699,Austin Ekeler,LAC,24.292950034223136,4.0,1,0.07686263287465661,17,RB
2019,00-0033856,Leonard Fournette,JAX,24.618754277891856,7.0,0,0.07179077084073938,20,RB
2019,00-0033893,Dalvin Cook,MIN,24.060232717316907,6.0,0,0.11544813541139652,13,RB
2019,00-0033897,Joe Mixon,CIN,23.1047227926078,13.0,0,0.22380407878164746,9,RB
2019,00-0033906,Alvin Kamara,NO,24.10403832991102,9.0,0,0.5707746403153858,4,RB
2019,00-0033923,Kareem Hunt,CLE,24.07118412046544,47.0,0,0.2792651116516468,7,RB
2019,00-0033948,Jamaal Williams,GB,24.413415468856947,34.0,0,0.02113734138306429,37,RB
2019,00-0033950,Wayne Gallman,NYG,24.91718001368925,77.0,0,0.004803386403915684,53,RB
2019,00-0033951,Marlon Mack,IND,23.485284052019164,22.0,0,0.09622225709791794,15,RB
2019,00-0034109,Phillip Lindsay,DEN,25.10609171800137,19.0,0,0.04993790922705748,23,RB
2019,00-0034184,Gus Edwards,BAL,24.386036960985628,52.0,0,0.020928414111543964,38,RB
2019,00-0034331,Jaylen Samuels,PIT,23.11567419575633,45.0,0,0.03487159600924677,29,RB
2019,00-0034349,Kerryon Johnson,DET,22.17111567419576,54.0,0,0.13462970269719876,12,RB
2019,00-0034367,Nyheim Hines,IND,22.80082135523614,42.0,0,0.07433052186780068,19,RB
2019,00-0034378,Ito Smith,ATL,23.97262149212868,85.0,0,0.011981082132074442,44,RB
2019,00-0034400,Jordan Wilkins,IND,25.12251882272416,70.0,0,0.008815516775022797,47,RB
2019,00-0034440,Justin Jackson,LAC,23.359342915811087,90.0,0,0.02136350138437076,36,RB
2019,00-0034681,Chase Edmonds,ARI,23.38398357289528,56.0,0,0.00816665089387516,48,RB
2019,00-0034750,Rashaad Penny,SEA,23.578370978781656,58.0,0,0.016752769331088182,40,RB
2019,00-0034791,Nick Chubb,CLE,23.679671457905545,8.0,0,0.04360330986352204,25,RB
2019,00-0034838,Royce Freeman,DEN,23.51813826146475,36.0,0,0.01540459693506517,42,RB
2019,00-0034844,Saquon Barkley,NYG,22.55715263518138,10.0,0,0.7096093358995273,1,RB
2019,00-0034845,Sony Michel,NE,24.53661875427789,31.0,0,0.031497552688622345,30,RB
2020,00-0023500,Frank Gore,NYJ,37.30321697467488,47.0,0,0.0007910060582790662,65,RB
2020,00-0025394,Adrian Peterson,DET,35.449691991786445,40.0,0,0.003404369410287279,64,RB
2020,00-0027029,LeSean McCoy,TB,32.139630390143736,96.0,0,0.005465214004777556,60,RB
2020,00-0027966,Mark Ingram,BAL,30.69678302532512,77.0,0,0.024463469018893316,35,RB
2020,00-0028087,Dion Lewis,NYG,29.93018480492813,72.0,0,0.006689360243543194,59,RB
2020,00-0030288,Rex Burkhead,NE,30.168377823408623,44.0,0,0.008509627191123319,55,RB
2020,00-0030404,Chris Thompson,JAX,29.867214236824093,81.0,0,0.012278233831764325,49,RB
2020,00-0030456,Giovani Bernard,CIN,28.77754962354552,30.0,0,0.005437464962061976,61,RB
2020,00-0030496,Le'Veon Bell,KC,28.53661875427789,63.0,0,0.10537811779760448,11,RB
2020,00-0030513,Latavius Murray,NO,30.62012320328542,34.0,0,0.01182289366209803,50,RB
2020,00-0031045,Carlos Hyde,SEA,29.949349760438057,57.0,0,0.011199164983146983,51,RB
2020,00-0031062,James White,NE,28.577686516084874,42.0,0,0.05494035787168575,20,RB
2020,00-0031285,Devonta Freeman,NYG,28.465434633812457,88.0,0,0.06956808230589492,17,RB
2020,00-0031687,Raheem Mostert,SF,28.39698836413416,48.0,0,0.021726196335998538,36,RB
2020,00-0031806,Malcolm Brown,LA,27.299110198494184,43.0,0,0.004272599152361016,63,RB
2020,00-0032058,Tevin Coleman,SF,27.378507871321013,125.0,0,0.017800097310140053,41,RB
2020,00-0032144,Melvin Gordon,DEN,27.38672142368241,14.0,0,0.03869192417441034,28,RB
2020,00-0032187,David Johnson,HOU,28.711841204654345,21.0,0,0.02088201250970425,38,RB
2020,00-0032241,Todd Gurley,ATL,26.0807665982204,29.0,0,0.05065160435794065,22,RB
2020,00-0032257,Duke Johnson,HOU,26.94045174537988,58.0,0,0.039039391833875045,27,RB
2020,00-0032602,J.D. McKissic,WAS,27.04722792607803,17.0,0,0.007896124628604678,57,RB
2020,00-0032741,Peyton Barber,WAS,26.510609171800137,75.0,0,0.008474358652196316,56,RB
2020,00-0032764,Derrick Henry,TEN,26.65845311430527,3.0,1,0.08807257083897649,15,RB
2020,00-0032780,Jordan Howard,MIA,25.831622176591377,92.0,0,0.025542323922352846,33,RB
2020,00-0032940,DeAndre Washington,MIA,27.52361396303901,115.0,0,0.012706996600428042,48,RB
2020,00-0033025,Jalen Richard,LV,26.88021902806297,79.0,0,0.013237272454144806,46,RB
2020,00-0033045,Ezekiel Elliott,DAL,25.114305270362767,9.0,0,0.18082288085201173,5,RB
2020,00-0033118,Kenyan Drake,ARI,26.598220396988363,16.0,0,0.13843850432789495,8,RB
2020,00-0033293,Aaron Jones,GB,25.749486652977414,5.0,1,0.1429424512850196,7,RB
2020,00-0033308,Matt Breida,MIA,25.508555783709788,82.0,0,0.03434519368070844,30,RB
2020,00-0033553,James Conner,PIT,25.32785763175907,27.0,0,0.09046599235109785,14,RB
2020,00-0033567,Brian Hill,ATL,24.813141683778237,51.0,0,0.013127911184074748,47,RB
2020,00-0033594,Chris Carson,SEA,25.960301163586585,19.0,0,0.13259857477281606,10,RB
2020,00-0033699,Austin Ekeler,LAC,25.295003422313485,26.0,0,0.26300582249790855,4,RB
2020,00-0033856,Leonard Fournette,TB,25.620807665982205,35.0,0,0.2643754341975269,3,RB
2020,00-0033893,Dalvin Cook,MIN,25.062286105407257,2.0,1,0.3554389886787873,1,RB
2020,00-0033897,Joe Mixon,CIN,24.10677618069815,49.0,0,0.057600215175977985,19,RB
2020,00-0033906,Alvin Kamara,NO,25.10609171800137,1.0,1,0.3266450917201161,2,RB
2020,00-0033923,Kareem Hunt,CLE,25.073237508555785,10.0,0,0.07560340354638584,16,RB
2020,00-0033948,Jamaal Williams,GB,25.415468856947296,38.0,0,0.04140398601627172,25,RB
2020,00-0034109,Phillip Lindsay,DEN,26.10814510609172,67.0,0,0.05251073930223136,21,RB
2020,00-0034184,Gus Edwards,BAL,25.388090349075977,37.0,0,0.014542018400396324,44,RB
2020,00-0034208,Mike Boone,MIN,25.09240246406571,122.0,0,0.006954459865512128,58,RB
2020,00-0034301,Darrel Williams,KC,25.38261464750171,76.0,0,0.010170890721473938,53,RB
2020,00-0034331,Jaylen Samuels,PIT,24.11772758384668,118.0,0,0.041338606054969244,26,RB
2020,00-0034349,Kerryon Johnson,DET,23.173169062286107,64.0,0,0.037923960611414766,29,RB
2020,00-0034367,Nyheim Hines,IND,23.802874743326488,15.0,0,0.04252695787744145,23,RB
2020,00-0034400,Jordan Wilkins,IND,26.12457221081451,71.0,0,0.0051638738256938625,62,RB
2020,00-0034414,Boston Scott,PHI,25.349760438056126,50.0,0,0.020943322199935763,37,RB
2020,00-0034681,Chase Edmonds,ARI,24.386036960985628,25.0,0,0.016832919814593842,42,RB
2020,00-0034791,Nick Chubb,CLE,24.68172484599589,11.0,0,0.09764065633272902,12,RB
2020,00-0034799,Kalen Ballage,LAC,24.695414099931558,52.0,0,0.00890930271352284,54,RB
2020,00-0034816,Ronald Jones,TB,23.08008213552361,20.0,0,0.06834869881829644,18,RB
2020,00-0034838,Royce Freeman,DEN,24.520191649555095,85.0,0,0.029935714850902084,32,RB
2020,00-0034845,Sony Michel,NE,25.53867214236824,61.0,0,0.025339050233598597,34,RB
2020,00-0034972,Alexander Mattison,MIN,22.203969883641346,55.0,0,0.017960024067139688,40,RB
2020,00-0034975,Justice Hill,BAL,22.798083504449007,124.0,0,0.014317532570399761,45,RB
2020,00-0035217,Benny Snell,PIT,22.510609171800137,62.0,0,0.010538843700996158,52,RB
2020,00-0035243,Miles Sanders,PHI,23.33744010951403,23.0,0,0.13641375626489843,9,RB
2020,00-0035250,Devin Singletary,BUF,22.99520876112252,31.0,0,0.15790470924361902,6,RB
2020,00-0035261,Tony Pollard,DAL,23.34017796030116,41.0,0,0.03221536771693837,31,RB
2020,00-0035342,Patrick Laird,MIA,25.04312114989733,102.0,0,0.01819580362192464,39,RB
2020,00-0035537,Ty Johnson,NYJ,22.95687885010267,70.0,0,0.016099191340975438,43,RB
2020,00-0035685,David Montgomery,CHI,23.236139630390145,4.0,1,0.04179345452186202,24,RB
2020,00-0035700,Josh Jacobs,LV,22.55441478439425,8.0,0,0.09295712664213397,13,RB
2021,00-0025394,Adrian Peterson,TEN,36.44900752908966,101.0,0,0.0009584008370154828,63,RB
2021,00-0027966,Mark Ingram,NO,31.696098562628336,50.0,0,0.0019106657154008939,62,RB
2021,00-0030288,Rex Burkhead,HOU,31.16769336071184,52.0,0,0.006781103623572239,52,RB
2021,00-0030456,Giovani Bernard,TB,29.77686516084873,72.0,0,0.01518837582402167,40,RB
2021,00-0030496,Le'Veon Bell,BAL,29.53593429158111,89.0,0,0.004023026319506744,58,RB
2021,00-0030513,Latavius Murray,BAL,31.61943874058864,54.0,0,0.007046741837257795,51,RB
2021,00-0030578,Cordarrelle Patterson,ATL,30.46132785763176,9.0,0,0.002912341225743439,61,RB
2021,00-0031045,Carlos Hyde,JAX,30.94866529774127,84.0,0,0.003326368681557734,60,RB
2021,00-0031376,Jerick McKinnon,KC,29.3305954825462,91.0,0,0.008597455625067847,49,RB
2021,00-0031806,Malcolm Brown,MIA,28.2984257357974,106.0,0,0.008171400408524482,50,RB
2021,00-0032063,Mike Davis,ATL,28.531143052703623,35.0,0,0.042947355463771056,24,RB
2021,00-0032144,Melvin Gordon,DEN,28.386036960985628,20.0,0,0.02155468902776878,32,RB
2021,00-0032187,David Johnson,HOU,29.711156741957563,61.0,0,0.02735603782586713,27,RB
2021,00-0032257,Duke Johnson,MIA,27.939767282683093,72.0,0,0.013076279974573505,42,RB
2021,00-0032602,J.D. McKissic,WAS,28.046543463381244,37.0,0,0.049647530205949524,23,RB
2021,00-0032741,Peyton Barber,LV,27.509924709103355,81.0,0,0.0034949636208157038,59,RB
2021,00-0032764,Derrick Henry,TEN,27.65776865160849,22.0,0,0.21222400382365425,3,RB
2021,00-0032972,Devontae Booker,NYG,29.26488706365503,33.0,0,0.004346781523123755,56,RB
2021,00-0033045,Ezekiel Elliott,DAL,26.11362080766598,7.0,0,0.07043785970896738,17,RB
2021,00-0033118,Kenyan Drake,LV,27.59753593429158,55.0,0,0.027029726327407574,28,RB
2021,00-0033293,Aaron Jones,GB,26.748802190280628,11.0,0,0.14331307901212048,6,RB
2021,00-0033308,Matt Breida,BUF,26.50787132101301,86.0,0,0.005305583258076928,55,RB
2021,00-0033526,Samaje Perine,CIN,25.960301163586585,60.0,0,0.004088439245877054,57,RB
2021,00-0033553,James Conner,ARI,26.327173169062284,5.0,1,0.03694697300197975,25,RB
2021,00-0033594,Chris Carson,SEA,26.9596167008898,83.0,0,0.06410350710208902,19,RB
2021,00-0033699,Austin Ekeler,LAC,26.2943189596167,2.0,1,0.11727901407017065,12,RB
2021,00-0033856,Leonard Fournette,TB,26.62012320328542,6.0,0,0.021928308445489215,31,RB
2021,00-0033893,Dalvin Cook,MIN,26.06160164271047,16.0,0,0.460081466593168,2,RB
2021,00-0033906,Alvin Kamara,NO,26.105407255304584,8.0,0,0.46944855496822574,1,RB
2021,00-0033923,Kareem Hunt,CLE,26.072553045859,49.0,0,0.06637918097382305,18,RB
2021,00-0033948,Jamaal Williams,DET,26.414784394250518,43.0,0,0.015379003750982292,39,RB
2021,00-0033950,Wayne Gallman,ATL,26.91854893908282,119.0,0,0.01640589822413989,35,RB
2021,00-0033955,Jeremy McNichols,TEN,25.683778234086244,65.0,0,0.006003832971732491,53,RB
2021,00-0034109,Phillip Lindsay,HOU,27.107460643394933,85.0,0,0.01079080748598208,44,RB
2021,00-0034115,Jeff Wilson,SF,25.793292265571527,76.0,0,0.025170090978554754,29,RB
2021,00-0034301,Darrel Williams,KC,26.38193018480493,19.0,0,0.005865647417344463,54,RB
2021,00-0034367,Nyheim Hines,IND,24.802190280629706,47.0,0,0.05343576016406443,21,RB
2021,00-0034414,Boston Scott,PHI,26.349075975359344,56.0,0,0.009650643458585404,47,RB
2021,00-0034440,Justin Jackson,LAC,25.36071184120465,59.0,0,0.015482732661175447,38,RB
2021,00-0034681,Chase Edmonds,ARI,25.38535249828884,34.0,0,0.05152338075907718,22,RB
2021,00-0034791,Nick Chubb,CLE,25.68104038329911,13.0,0,0.07909206845133773,15,RB
2021,00-0034799,Kalen Ballage,PIT,25.69472963723477,134.0,0,0.01625697972148272,36,RB
2021,00-0034816,Ronald Jones,TB,24.079397672826836,62.0,0,0.07409929951637778,16,RB
2021,00-0034845,Sony Michel,LA,26.537987679671456,32.0,0,0.011876189546918525,43,RB
2021,00-0034972,Alexander Mattison,MIN,23.20328542094456,39.0,0,0.018711332074260956,34,RB
2021,00-0035217,Benny Snell,PIT,23.509924709103355,120.0,0,0.010022055276345324,45,RB
2021,00-0035243,Miles Sanders,PHI,24.33675564681725,45.0,0,0.08619304880491212,14,RB
2021,00-0035250,Devin Singletary,BUF,23.99452429842573,18.0,0,0.05931284556253166,20,RB
2021,00-0035261,Tony Pollard,DAL,24.33949349760438,28.0,0,0.02370314840046454,30,RB
2021,00-0035311,Myles Gaskin,MIA,24.542094455852155,25.0,0,0.1288850229279903,9,RB
2021,00-0035537,Ty Johnson,NYJ,23.956194387405887,46.0,0,0.010009743656701677,46,RB
2021,00-0035657,Damien Harris,NE,24.553045859000683,14.0,0,0.027906012770741496,26,RB
2021,00-0035664,Darrell Henderson,LA,24.03559206023272,27.0,0,0.019833292758394048,33,RB
2021,00-0035685,David Montgomery,CHI,24.23545516769336,21.0,0,0.14190929649947231,7,RB
2021,00-0035700,Josh Jacobs,LV,23.55373032169747,12.0,0,0.14657754745627471,5,RB
2021,00-0035831,James Robinson,JAX,23.06365503080082,24.0,0,0.13951269427986948,8,RB
2021,00-0036223,Jonathan Taylor,IND,22.61738535249829,1.0,1,0.18216485289408293,4,RB
2021,00-0036251,Zack Moss,BUF,23.71252566735113,51.0,0,0.016001412066909537,37,RB
2021,00-0036275,D'Andre Swift,DET,22.63107460643395,15.0,0,0.12260139982463636,10,RB
2021,00-0036328,Antonio Gibson,WAS,23.19233401779603,10.0,0,0.09381002846696336,13,RB
2021,00-0036360,Clyde Edwards-Helaire,KC,22.392881587953458,44.0,0,0.11998776049537266,11,RB
2021,00-0036370,Joshua Kelley,LAC,23.78097193702943,115.0,0,0.01463074768666875,41,RB
2021,00-0036425,DeeJay Dallas,SEA,22.9596167008898,71.0,0,0.008779312284812008,48,RB
2022,00-0027966,Mark Ingram,NO,32.695414099931554,73.0,0,0.005039673432959992,60,RB
2022,00-0029239,Brandon Bolden,LV,32.5968514715948,95.0,0,0.0037911052613256364,62,RB
2022,00-0030288,Rex Burkhead,HOU,32.167008898015055,61.0,0,0.0029739867855193736,63,RB
2022,00-0030513,Latavius Murray,DEN,32.61875427789185,32.0,0,0.001900199218695596,65,RB
2022,00-0030578,Cordarrelle Patterson,ATL,31.460643394934976,31.0,0,0.015253543983985098,45,RB
2022,00-0032063,Mike Davis,BAL,29.530458590006845,145.0,0,0.01683710615146108,42,RB
2022,00-0032104,Ameer Abdullah,LV,29.218343600273784,69.0,0,0.0074074554434940005,57,RB
2022,00-0032144,Melvin Gordon,DEN,29.38535249828884,54.0,0,0.020202321179948093,39,RB
2022,00-0032187,David Johnson,NO,30.71047227926078,127.0,0,0.00554517828104226,59,RB
2022,00-0032602,J.D. McKissic,WAS,29.045859000684462,68.0,0,0.014310188943822558,47,RB
2022,00-0032764,Derrick Henry,TEN,28.657084188911703,4.0,1,0.13537199631998884,10,RB
2022,00-0033045,Ezekiel Elliott,DAL,27.1129363449692,22.0,0,0.08396786225633543,17,RB
2022,00-0033118,Kenyan Drake,BAL,28.5968514715948,45.0,0,0.00883611158569927,55,RB
2022,00-0033293,Aaron Jones,GB,27.74811772758385,9.0,0,0.06832157811955025,21,RB
2022,00-0033526,Samaje Perine,CIN,26.9596167008898,34.0,0,0.013215855622719831,50,RB
2022,00-0033553,James Conner,ARI,27.326488706365502,19.0,0,0.06500181529596591,23,RB
2022,00-0033699,Austin Ekeler,LAC,27.29363449691992,1.0,1,0.1961206569674163,4,RB
2022,00-0033854,Dare Ogunbowale,HOU,28.32854209445585,74.0,0,0.0026562869050096457,64,RB
2022,00-0033856,Leonard Fournette,TB,27.61943874058864,12.0,0,0.08860870417497187,14,RB
2022,00-0033893,Dalvin Cook,MIN,27.06091718001369,11.0,0,0.10436947089839306,13,RB
2022,00-0033897,Joe Mixon,CIN,26.105407255304584,10.0,0,0.14512965705586786,8,RB
2022,00-0033906,Alvin Kamara,NO,27.1047227926078,16.0,0,0.19089220711964616,5,RB
2022,00-0033923,Kareem Hunt,CLE,27.071868583162217,39.0,0,0.02411999852815433,38,RB
2022,00-0033925,D'Onta Foreman,CAR,26.354551676933607,38.0,0,0.015494960432783967,44,RB
2022,00-0033948,Jamaal Williams,DET,27.41409993155373,13.0,0,0.012182482640284896,51,RB
2022,00-0034115,Jeff Wilson,SF,26.792607802874745,30.0,0,0.007727591325765998,56,RB
2022,00-0034253,Dontrell Hilliard,TEN,27.512662559890487,58.0,0,0.01120977223809401,53,RB
2022,00-0034301,Darrel Williams,ARI,27.381245722108144,103.0,0,0.028449321865328572,35,RB
2022,00-0034367,Nyheim Hines,BUF,25.801505817932924,56.0,0,0.037815371146206346,32,RB
2022,00-0034414,Boston Scott,PHI,27.34839151266256,75.0,0,0.009253381009985231,54,RB
2022,00-0034440,Justin Jackson,DET,26.360027378507876,72.0,0,0.0071116892873106735,58,RB
2022,00-0034681,Chase Edmonds,MIA,26.38466803559206,59.0,0,0.0463698358761555,31,RB
2022,00-0034750,Rashaad Penny,SEA,26.57905544147844,71.0,0,0.018876310321257174,41,RB
2022,00-0034791,Nick Chubb,CLE,26.680355920602327,6.0,0,0.06348179645120901,24,RB
2022,00-0034816,Ronald Jones,KC,25.078713210130047,111.0,0,0.01403054936644617,49,RB
2022,00-0034838,Royce Freeman,HOU,26.51882272416153,107.0,0,0.004320737735121717,61,RB
2022,00-0034844,Saquon Barkley,NYG,25.557837097878167,5.0,1,0.07930451826676015,20,RB
2022,00-0034845,Sony Michel,LAC,27.537303216974674,99.0,0,0.019665720083015325,40,RB
2022,00-0034972,Alexander Mattison,MIN,24.20260095824777,52.0,0,0.03105499098705333,34,RB
2022,00-0035243,Miles Sanders,PHI,25.336071184120467,15.0,0,0.04870223657301048,28,RB
2022,00-0035250,Devin Singletary,BUF,24.993839835728952,23.0,0,0.08515633966408896,15,RB
2022,00-0035261,Tony Pollard,DAL,25.3388090349076,8.0,0,0.05140968998929991,27,RB
2022,00-0035537,Ty Johnson,NYJ,24.955509924709105,81.0,0,0.02484034342220837,37,RB
2022,00-0035628,D'Ernest Johnson,CLE,26.510609171800137,140.0,0,0.014248807839257296,48,RB
2022,00-0035657,Damien Harris,NE,25.5523613963039,48.0,0,0.054953445644088945,26,RB
2022,00-0035664,Darrell Henderson,LA,25.03490759753593,60.0,0,0.08499810543914209,16,RB
2022,00-0035685,David Montgomery,CHI,25.234770704996578,24.0,0,0.11805828948609763,12,RB
2022,00-0035700,Josh Jacobs,LV,24.553045859000683,3.0,1,0.14716171447931847,7,RB
2022,00-0035831,James Robinson,JAX,24.06297056810404,51.0,0,0.06819761872468463,22,RB
2022,00-0036020,Salvon Ahmed,MIA,23.67419575633128,114.0,0,0.011938289192518175,52,RB
2022,00-0036223,Jonathan Taylor,IND,23.616700889801507,33.0,0,0.34838171158083947,1,RB
2022,00-0036251,Zack Moss,IND,24.711841204654345,64.0,0,0.025171810229244224,36,RB
2022,00-0036265,AJ Dillon,GB,24.33401779603012,26.0,0,0.05560316409999913,25,RB
2022,00-0036275,D'Andre Swift,DET,23.630390143737166,21.0,0,0.21487896593311576,3,RB
2022,00-0036328,Antonio Gibson,WAS,24.191649555099247,28.0,0,0.12014152284346523,11,RB
2022,00-0036360,Clyde Edwards-Helaire,KC,23.392197125256672,46.0,0,0.08371835066459268,18,RB
2022,00-0036425,DeeJay Dallas,SEA,23.958932238193015,75.0,0,0.014449547350702852,46,RB
2022,00-0036555,Chuba Hubbard,CAR,23.225188227241617,49.0,0,0.047452428267793,30,RB
2022,00-0036567,Elijah Mitchell,SF,24.33401779603012,79.0,0,0.13971104965140274,9,RB
2022,00-0036875,Rhamondre Stevenson,NE,24.520191649555095,7.0,0,0.03727208143366845,33,RB
2022,00-0036893,Najee Harris,PIT,24.48186173853525,14.0,0,0.266882584171357,2,RB
2022,00-0036906,Khalil Herbert,CHI,24.36413415468857,41.0,0,0.016440753254728088,43,RB
2022,00-0036919,Kenny Gainwell,PHI,23.468856947296374,53.0,0,0.04859573953381414,29,RB
2022,00-0036924,Michael Carter,NYJ,23.32101300479124,40.0,0,0.07947094435841177,19,RB
2022,00-0036997,Javonte Williams,DEN,22.35181382614648,82.0,0,0.16482074094813756,6,RB
2023,00-0030513,Latavius Murray,BUF,33.61806981519507,54.0,0,0.009539641790140144,45,RB
2023,00-0030578,Cordarrelle Patterson,ATL,32.459958932238195,81.0,0,0.01008425904948312,44,RB
2023,00-0031376,Jerick McKinnon,KC,31.329226557152637,53.0,0,0.008842966653586618,47,RB
2023,00-0031687,Raheem Mostert,MIA,31.394934976043807,5.0,1,0.010345718431896554,42,RB
2023,00-0032144,Melvin Gordon,BAL,30.38466803559206,94.0,0,0.005549135619732835,53,RB
2023,00-0032764,Derrick Henry,TEN,29.65639972621492,8.0,0,0.10240436298378774,11,RB
2023,00-0033045,Ezekiel Elliott,NE,28.112251882272417,30.0,0,0.021125483278076555,34,RB
2023,00-0033280,Christian McCaffrey,SF,27.23340177960301,1.0,1,0.4308637660392725,1,RB
2023,00-0033293,Aaron Jones,GB,28.747433264887064,37.0,0,0.058631418009455954,19,RB
2023,00-0033308,Matt Breida,NYG,28.50650239561944,65.0,0,0.0032301401916674855,56,RB
2023,00-0033526,Samaje Perine,DEN,27.958932238193015,40.0,0,0.010124453365384176,43,RB
2023,00-0033553,James Conner,ARI,28.32580424366872,18.0,0,0.06514563932244885,16,RB
2023,00-0033699,Austin Ekeler,LAC,28.292950034223136,26.0,0,0.1498429666891498,5,RB
2023,00-0033854,Dare Ogunbowale,HOU,29.32785763175907,118.0,0,0.0018362130370376073,58,RB
2023,00-0033893,Dalvin Cook,NYJ,28.060232717316907,75.0,0,0.035310941585896226,24,RB
2023,00-0033897,Joe Mixon,CIN,27.1047227926078,6.0,0,0.13429311528068674,6,RB
2023,00-0033906,Alvin Kamara,NO,28.10403832991102,11.0,0,0.12401221534410584,7,RB
2023,00-0033923,Kareem Hunt,CLE,28.07118412046544,41.0,0,0.009266640194320832,46,RB
2023,00-0033925,D'Onta Foreman,CHI,27.353867214236825,51.0,0,0.012197469717383086,38,RB
2023,00-0033948,Jamaal Williams,NO,28.413415468856947,61.0,0,0.01867625063701576,36,RB
2023,00-0034115,Jeff Wilson,MIA,27.79192334017796,73.0,0,0.02982534109799479,28,RB
2023,00-0034184,Gus Edwards,BAL,28.386036960985628,25.0,0,0.005256014416073992,54,RB
2023,00-0034414,Boston Scott,PHI,28.347707049965777,99.0,0,0.0023126547497119027,57,RB
2023,00-0034681,Chase Edmonds,TB,27.38398357289528,77.0,0,0.00640729235691724,51,RB
2023,00-0034844,Saquon Barkley,NYG,26.55715263518138,13.0,0,0.3071265315842071,2,RB
2023,00-0034972,Alexander Mattison,MIN,25.201916495550996,38.0,0,0.007803884831593713,49,RB
2023,00-0034975,Justice Hill,BAL,25.796030116358654,44.0,0,0.0050392716857299985,55,RB
2023,00-0035243,Miles Sanders,CAR,26.33538672142368,52.0,0,0.05509871278405654,21,RB
2023,00-0035250,Devin Singletary,HOU,25.99315537303217,32.0,0,0.03169556979293884,26,RB
2023,00-0035261,Tony Pollard,DAL,26.338124572210816,14.0,0,0.10297059070244201,10,RB
2023,00-0035657,Damien Harris,BUF,26.55167693360712,95.0,0,0.021408452327769535,33,RB
2023,00-0035664,Darrell Henderson,LA,26.034223134839152,69.0,0,0.011007407488404895,41,RB
2023,00-0035685,David Montgomery,DET,26.2340862422998,17.0,0,0.060006240952330446,18,RB
2023,00-0035700,Josh Jacobs,LV,25.5523613963039,28.0,0,0.24534077919943464,3,RB
2023,00-0036223,Jonathan Taylor,IND,24.61601642710472,33.0,0,0.1169607767454796,9,RB
2023,00-0036251,Zack Moss,IND,25.711156741957563,31.0,0,0.006287703283220333,52,RB
2023,00-0036265,AJ Dillon,GB,25.33333333333333,42.0,0,0.03805473212267105,23,RB
2023,00-0036275,D'Andre Swift,PHI,24.629705681040384,20.0,0,0.09023071806729523,12,RB
2023,00-0036328,Antonio Gibson,WAS,25.190965092402465,39.0,0,0.049159880249447695,22,RB
2023,00-0036360,Clyde Edwards-Helaire,KC,24.39151266255989,58.0,0,0.029493091235390723,29,RB
2023,00-0036370,Joshua Kelley,LAC,25.779603011635867,60.0,0,0.008365087156013399,48,RB
2023,00-0036414,Cam Akers,MIN,24.194387405886378,66.0,0,0.031161400385777867,27,RB
2023,00-0036425,DeeJay Dallas,SEA,24.95824777549624,110.0,0,0.007410506221259065,50,RB
2023,00-0036555,Chuba Hubbard,CAR,24.22450376454483,27.0,0,0.01723443884846751,37,RB
2023,00-0036875,Rhamondre Stevenson,NE,25.51950718685832,35.0,0,0.1529675365869614,4,RB
2023,00-0036893,Najee Harris,PIT,25.481177275838466,23.0,0,0.08030077349292566,13,RB
2023,00-0036906,Khalil Herbert,CHI,25.363449691991782,43.0,0,0.023974180167080337,31,RB
2023,00-0036919,Kenny Gainwell,PHI,24.468172484599588,49.0,0,0.011582735308485624,40,RB
2023,00-0036924,Michael Carter,NYJ,24.32032854209445,62.0,0,0.026011897331634348,30,RB
2023,00-0036973,Travis Etienne,JAX,24.5968514715948,3.0,1,0.06345694676216507,17,RB
2023,00-0037197,Isiah Pacheco,KC,24.501026694045173,15.0,0,0.020987917199220368,35,RB
2023,00-0037228,Jaylen Warren,PIT,24.83230663928816,22.0,0,0.012147022124068596,39,RB
2023,00-0037248,James Cook,BUF,23.93429158110883,12.0,0,0.022280356988520336,32,RB
2023,00-0037256,Rachaad White,TB,24.635181382614647,4.0,1,0.031964832320733085,25,RB
2023,00-0037258,Dameon Pierce,HOU,23.53182751540041,55.0,0,0.12320513364346977,8,RB
2023,00-0037263,Tyler Allgeier,ATL,23.378507871321013,36.0,0,0.07011218025120737,15,RB
2023,00-0037746,Brian Robinson,WAS,24.44626967830253,21.0,0,0.057379598287837334,20,RB
2023,00-0038134,Kenneth Walker III,SEA,22.863791923340177,19.0,0,0.07032089499658072,14,RB
2024,00-0030578,Cordarrelle Patterson,PIT,33.46201232032854,75.0,0,0.0008361520125772142,62,RB
2024,00-0031687,Raheem Mostert,MIA,32.39698836413415,56.0,0,0.022914423633448325,40,RB
2024,00-0032764,Derrick Henry,BAL,30.65845311430527,4.0,1,0.024868991257056442,38,RB
2024,00-0033045,Ezekiel Elliott,DAL,29.114305270362767,63.0,0,0.017976226001456014,45,RB
2024,00-0033280,Christian McCaffrey,SF,28.23545516769336,69.0,0,0.3041066390592915,2,RB
2024,00-0033293,Aaron Jones,MIN,29.749486652977414,14.0,0,0.019845419188301388,43,RB
2024,00-0033526,Samaje Perine,KC,28.960985626283367,53.0,0,0.012028005674564591,51,RB
2024,00-0033553,James Conner,ARI,29.32785763175907,11.0,0,0.035510264744366735,32,RB
2024,00-0033699,Austin Ekeler,WAS,29.295003422313485,34.0,0,0.045787045942537304,26,RB
2024,00-0033897,Joe Mixon,HOU,28.10677618069815,17.0,0,0.05512613936242326,24,RB
2024,00-0033906,Alvin Kamara,NO,29.10609171800137,9.0,0,0.12769552116747268,11,RB
2024,00-0033923,Kareem Hunt,KC,29.073237508555785,31.0,0,0.005116530320854469,58,RB
2024,00-0033925,D'Onta Foreman,CLE,28.35592060232717,83.0,0,0.01545738206079908,47,RB
2024,00-0033948,Jamaal Williams,NO,29.415468856947296,76.0,0,0.006482881782183144,57,RB
2024,00-0034115,Jeff Wilson,MIA,28.79397672826831,110.0,0,0.0026884857209530143,61,RB
2024,00-0034184,Gus Edwards,LAC,29.388090349075977,58.0,0,0.018264724673180237,44,RB
2024,00-0034844,Saquon Barkley,PHI,27.55920602327173,2.0,1,0.11061788436503676,13,RB
2024,00-0034972,Alexander Mattison,LV,26.203969883641346,32.0,0,0.0252933814209412,37,RB
2024,00-0034975,Justice Hill,BAL,26.798083504449007,37.0,0,0.011776021816150947,52,RB
2024,00-0035243,Miles Sanders,CAR,27.33744010951403,55.0,0,0.02226840579747366,41,RB
2024,00-0035250,Devin Singletary,NYG,26.99520876112252,46.0,0,0.04039685782905687,30,RB
2024,00-0035261,Tony Pollard,TEN,27.34017796030116,21.0,0,0.06292591541593498,22,RB
2024,00-0035628,D'Ernest Johnson,JAX,28.511978097193705,77.0,0,0.003283265740161145,60,RB
2024,00-0035685,David Montgomery,DET,27.236139630390145,18.0,0,0.04482463790858976,27,RB
2024,00-0035700,Josh Jacobs,GB,26.55441478439425,6.0,0,0.12845481337267023,10,RB
2024,00-0036139,Rico Dowdle,DAL,26.217659137577,23.0,0,0.009389881444215657,53,RB
2024,00-0036223,Jonathan Taylor,IND,25.61806981519507,12.0,0,0.10868064426223865,15,RB
2024,00-0036251,Zack Moss,CIN,26.713210130047912,52.0,0,0.04467183841485378,28,RB
2024,00-0036275,D'Andre Swift,CHI,25.631759069130734,19.0,0,0.10941695526500166,14,RB
2024,00-0036328,Antonio Gibson,NE,26.19301848049281,44.0,0,0.03420004042395517,33,RB
2024,00-0036555,Chuba Hubbard,CAR,25.22655715263518,14.0,0,0.06897881001422129,21,RB
2024,00-0036875,Rhamondre Stevenson,NE,26.521560574948666,28.0,0,0.0629258163297534,23,RB
2024,00-0036893,Najee Harris,PIT,26.48323066392881,20.0,0,0.04225969188896624,29,RB
2024,00-0036906,Khalil Herbert,CIN,26.36550308008213,84.0,0,0.03565751649205234,31,RB
2024,00-0036919,Kenny Gainwell,PHI,25.470225872689937,61.0,0,0.015153742956110853,48,RB
2024,00-0036973,Travis Etienne,JAX,25.598904859685145,35.0,0,0.18895346223447135,6,RB
2024,00-0036997,Javonte Williams,DEN,24.35318275154004,30.0,0,0.08097465231059127,19,RB
2024,00-0037197,Isiah Pacheco,KC,25.50308008213552,64.0,0,0.07940373890260978,20,RB
2024,00-0037228,Jaylen Warren,PIT,25.83436002737851,39.0,0,0.08698401017593348,18,RB
2024,00-0037248,James Cook,BUF,24.93634496919918,8.0,0,0.16133797690160753,8,RB
2024,00-0037256,Rachaad White,TB,25.637234770705,22.0,0,0.16178468944707686,7,RB
2024,00-0037258,Dameon Pierce,HOU,24.53388090349076,73.0,0,0.02094252219896185,42,RB
2024,00-0037263,Tyler Allgeier,ATL,24.38056125941136,43.0,0,0.024320377186831804,39,RB
2024,00-0037267,Jerome Ford,CLE,24.971937029431896,33.0,0,0.15272149916889938,9,RB
2024,00-0037276,Ty Chandler,MIN,26.308008213552363,91.0,0,0.012772668611299434,50,RB
2024,00-0037746,Brian Robinson,WAS,25.44832306639288,29.0,0,0.053613963170253354,25,RB
2024,00-0037840,Kyren Williams,LA,24.016427104722798,7.0,0,0.3002635767473213,3,RB
2024,00-0038040,Zamir White,LV,24.955509924709105,87.0,0,0.013237618017014896,49,RB
2024,00-0038098,Pierre Strong,CLE,25.72758384668036,79.0,0,0.006825634188066794,56,RB
2024,00-0038120,Breece Hall,NYJ,23.255304585900067,16.0,0,0.2897490465316391,4,RB
2024,00-0038134,Kenneth Walker III,SEA,23.86584531143053,27.0,0,0.0957901944084209,16,RB
2024,00-0038542,Bijan Robinson,ATL,22.587268993839835,3.0,1,0.3685787644884997,1,RB
2024,00-0038555,Tank Bigsby,JAX,22.00684462696783,36.0,0,0.008691894217529458,54,RB
2024,00-0038597,Chase Brown,CIN,24.449007529089663,10.0,0,0.008563601470404716,55,RB
2024,00-0038611,Chris Rodriguez Jr.,WAS,24.933607118412045,84.0,0,0.004781116035287638,59,RB
2024,00-0038705,Emari Demercado,ARI,25.61533196440794,66.0,0,0.016114264669882725,46,RB
2024,00-0038794,Jaleel McLaughlin,DEN,23.96714579055441,45.0,0,0.0303314479573492,35,RB
2024,00-0039021,Roschon Johnson,CHI,23.58384668035592,54.0,0,0.03371442414438531,34,RB
2024,00-0039032,Tyjae Spears,TEN,23.21423682409309,42.0,0,0.08841629876479999,17,RB
2024,00-0039040,De'Von Achane,MIA,22.885694729637237,5.0,1,0.12523882052917856,12,RB
2024,00-0039139,Jahmyr Gibbs,DET,22.45311430527036,1.0,1,0.2599874459641075,5,RB
2024,00-0039165,Zach Charbonnet,SEA,23.64681724845996,25.0,0,0.028262492185607176,36,RB
2025,00-0031687,Raheem Mostert,LV,33.39630390143737,84.0,0,0.00202808831860583,58,RB
2025,00-0032104,Ameer Abdullah,IND,32.219028062970565,75.0,0,0.005643577830142126,55,RB
2025,00-0032764,Derrick Henry,BAL,31.65776865160849,8.0,0,0.049000063591884656,21,RB
2025,00-0033293,Aaron Jones,MIN,30.748802190280628,41.0,0,0.037105751221178845,26,RB
2025,00-0033906,Alvin Kamara,NO,30.105407255304584,46.0,0,0.14089667351765633,7,RB
2025,00-0033923,Kareem Hunt,KC,30.072553045859,30.0,0,0.019029046354319352,37,RB
2025,00-0033955,Jeremy McNichols,WAS,29.683778234086244,58.0,0,0.0037431553438112917,57,RB
2025,00-0034791,Nick Chubb,HOU,29.68104038329911,54.0,0,0.005622743336895558,56,RB
2025,00-0034844,Saquon Barkley,PHI,28.55852156057495,14.0,0,0.3184053374982452,2,RB
2025,00-0034975,Justice Hill,BAL,27.797399041752225,60.0,0,0.02057647165460147,36,RB
2025,00-0035243,Miles Sanders,DAL,28.33675564681725,86.0,0,0.01031857802084584,49,RB
2025,00-0035250,Devin Singletary,NYG,27.99452429842573,45.0,0,0.0108491100572564,48,RB
2025,00-0035261,Tony Pollard,TEN,28.33949349760438,23.0,0,0.05938185355575269,18,RB
2025,00-0035537,Ty Johnson,BUF,27.956194387405887,47.0,0,0.008144571160716542,51,RB
2025,00-0035685,David Montgomery,DET,28.23545516769336,27.0,0,0.043309545963297176,23,RB
2025,00-0035700,Josh Jacobs,GB,27.55373032169747,13.0,0,0.10911965728232816,11,RB
2025,00-0036139,Rico Dowdle,CAR,27.21697467488022,18.0,0,0.05230294401242195,19,RB
2025,00-0036158,J.K. Dobbins,DEN,26.70773442847365,43.0,0,0.09455845346288118,13,RB
2025,00-0036223,Jonathan Taylor,IND,26.61738535249829,4.0,1,0.17564657801482852,4,RB
2025,00-0036275,D'Andre Swift,CHI,26.63107460643395,15.0,0,0.06369962309684406,17,RB
2025,00-0036328,Antonio Gibson,NE,27.19233401779603,91.0,0,0.012604754307880042,45,RB
2025,00-0036414,Cam Akers,MIN,26.195756331279945,117.0,0,0.013136389760167169,43,RB
2025,00-0036555,Chuba Hubbard,CAR,26.2258726899384,38.0,0,0.09953200541542255,12,RB
2025,00-0036875,Rhamondre Stevenson,NE,27.520876112251884,25.0,0,0.02656537580958779,32,RB
2025,00-0036919,Kenny Gainwell,PIT,26.469541409993155,16.0,0,0.008554227056447206,50,RB
2025,00-0036973,Travis Etienne,JAX,26.598220396988363,10.0,0,0.03636212564698141,27,RB
2025,00-0036997,Javonte Williams,DAL,25.352498288843258,12.0,0,0.04111846442280177,24,RB
2025,00-0037228,Jaylen Warren,PIT,26.833675564681723,17.0,0,0.03488636175524981,29,RB
2025,00-0037248,James Cook,BUF,25.935660506502398,6.0,0,0.08988756866448668,15,RB
2025,00-0037256,Rachaad White,TB,26.63655030800821,32.0,0,0.06859300605296882,16,RB
2025,00-0037263,Tyler Allgeier,ATL,25.37987679671458,39.0,0,0.015321000076600661,41,RB
2025,00-0037267,Jerome Ford,CLE,25.971252566735117,72.0,0,0.028446541584980927,30,RB
2025,00-0037525,Jordan Mason,MIN,26.275154004106778,36.0,0,0.027496559424047787,31,RB
2025,00-0037746,Brian Robinson,SF,26.4476386036961,63.0,0,0.045351803145849245,22,RB
2025,00-0037840,Kyren Williams,LA,25.01574264202601,9.0,0,0.12326126058817247,8,RB
2025,00-0038040,Zamir White,LV,25.95482546201232,110.0,0,0.007700356536762376,53,RB
2025,00-0038120,Breece Hall,NYJ,24.254620123203285,19.0,0,0.12115879554630347,9,RB
2025,00-0038134,Kenneth Walker III,SEA,24.865160848733744,22.0,0,0.1513470156759813,6,RB
2025,00-0038542,Bijan Robinson,ATL,23.586584531143053,2.0,1,0.32078549714824434,1,RB
2025,00-0038555,Tank Bigsby,PHI,23.006160164271048,69.0,0,0.02275149834561391,33,RB
2025,00-0038597,Chase Brown,CIN,25.44832306639288,7.0,0,0.0936525627115433,14,RB
2025,00-0038794,Jaleel McLaughlin,DEN,24.966461327857637,82.0,0,0.02206450851422328,35,RB
2025,00-0038797,Emanuel Wilson,GB,26.31895961670089,49.0,0,0.0138041104414024,42,RB
2025,00-0038951,Sean Tucker,TB,23.852156057494867,52.0,0,0.012793431208129792,44,RB
2025,00-0039021,Roschon Johnson,CHI,24.583162217659137,133.0,0,0.007887433465820787,52,RB
2025,00-0039032,Tyjae Spears,TEN,24.213552361396303,44.0,0,0.035363237744668784,28,RB
2025,00-0039040,De'Von Achane,MIA,23.88501026694045,5.0,1,0.17057760002592287,5,RB
2025,00-0039139,Jahmyr Gibbs,DET,23.45242984257358,3.0,1,0.3115739258275987,3,RB
2025,00-0039165,Zach Charbonnet,SEA,24.64613278576317,24.0,0,0.03944443728239713,25,RB
2025,00-0039361,Bucky Irving,TB,23.0362765229295,34.0,0,0.10914291342825155,10,RB
2025,00-0039363,Isaac Guerendo,SF,25.177275838466805,143.0,0,0.015943259170681397,39,RB
2025,00-0039373,Audric Estimé,NO,21.987679671457904,71.0,0,0.012395571998069522,46,RB
2025,00-0039384,Tyrone Tracy Jr.,NYG,25.7741273100616,28.0,0,0.05186007724877913,20,RB
2025,00-0039738,Blake Corum,LA,24.76659822039699,40.0,0,0.0068958034005422416,54,RB
2025,00-0039794,Braelon Allen,NYJ,21.61533196440794,100.0,0,0.02218160417793059,34,RB
2025,00-0039874,Jaylen Wright,MIA,22.420260095824776,70.0,0,0.01165409561556953,47,RB
2025,00-0039875,Ray Davis,BUF,25.782340862423,61.0,0,0.018909796018412837,38,RB
2025,00-0039921,Trey Benson,ARI,23.110198494182068,77.0,0,0.015865931431903298,40,RB
2015,00-0020337,Steve Smith,BAL,36.3066392881588,52.0,0,0.013443447503801565,41,WR
2015,00-0022044,Andre Johnson,IND,34.1409993155373,57.0,0,0.04515572962099643,21,WR
2015,00-0022084,Anquan Boldin,SF,34.91033538672142,39.0,0,0.014598384075684817,38,WR
2015,00-0022414,Malcom Floyd,LAC,33.97946611909651,70.0,0,0.0026971168333666806,68,WR
2015,00-0022427,Wes Welker,LA,34.33538672142368,145.0,0,0.0006481914404784413,88,WR
2015,00-0022811,Jerricho Cotchery,CAR,33.210130047912386,65.0,0,0.0015099302961621088,77,WR
2015,00-0022921,Larry Fitzgerald,ARI,32.002737850787135,7.0,0,0.0059785292736855115,56,WR
2015,00-0023367,Nate Washington,HOU,32.01095140314853,48.0,0,0.0013652281921737836,79,WR
2015,00-0023462,Roddy White,ATL,33.828884325804246,71.0,0,0.01869368729868762,29,WR
2015,00-0023496,Vincent Jackson,TB,32.629705681040384,64.0,0,0.016025975278714417,34,WR
2015,00-0023921,Miles Austin,PHI,31.17043121149897,124.0,0,0.005636062744043643,57,WR
2015,00-0024267,Greg Jennings,MIA,31.94524298425736,114.0,0,0.004237968248739429,63,WR
2015,00-0024272,Devin Hester,ATL,32.824093086926766,199.0,0,0.0004836808018272899,91,WR
2015,00-0024324,Jason Avant,KC,32.3668720054757,140.0,0,0.0005465622228879293,89,WR
2015,00-0024334,Brandon Marshall,NYJ,31.44147843942505,3.0,1,0.012328028504177111,43,WR
2015,00-0024466,Marques Colston,NO,32.24093086926762,55.0,0,0.0050430926047402925,61,WR
2015,00-0025389,Calvin Johnson,DET,29.92197125256673,12.0,0,0.10261266212217492,13,WR
2015,00-0025410,Dwayne Bowe,CLE,30.94318959616701,168.0,0,0.0067477088113630295,55,WR
2015,00-0025465,James Jones,GB,31.419575633127995,29.0,0,0.005169382349521253,58,WR
2015,00-0026035,Danny Amendola,NE,29.828884325804243,45.0,0,0.0003893414036296392,95,WR
2015,00-0026182,Eddie Royal,CHI,29.281314168377826,93.0,0,0.005089389159405397,60,WR
2015,00-0026189,DeSean Jackson,WAS,28.750171115674195,66.0,0,0.017391211960212986,33,WR
2015,00-0026224,Harry Douglas,TEN,30.95687885010267,83.0,0,0.0025651886684520428,69,WR
2015,00-0026345,Pierre Garcon,WAS,29.065023956194388,30.0,0,0.008060865756021272,50,WR
2015,00-0026364,Steve Johnson,LAC,29.111567419575632,60.0,0,0.0011782351815307487,82,WR
2015,00-0026901,Mike Wallace,MIN,29.084188911704317,73.0,0,0.015499754525925823,35,WR
2015,00-0026986,Michael Crabtree,LV,27.964407939767284,16.0,0,0.011144407236870026,46,WR
2015,00-0026995,Jeremy Maclin,KC,27.307323750855577,15.0,0,0.10683311049862564,12,WR
2015,00-0026998,Percy Harvin,BUF,27.260780287474333,109.0,0,0.018422164428670725,31,WR
2015,00-0027005,Hakeem Nicks,NYG,27.630390143737166,165.0,0,0.0013550411770927263,80,WR
2015,00-0027006,Kenny Britt,LA,26.94866529774127,54.0,0,0.007211987193965476,51,WR
2015,00-0027077,Brian Hartline,CLE,28.774811772758383,62.0,0,0.0009237231857212756,84,WR
2015,00-0027089,Louis Murphy,TB,28.309377138945926,135.0,0,0.0018380487285720175,74,WR
2015,00-0027150,Julian Edelman,NE,29.27857631759069,37.0,0,0.06794553443419592,18,WR
2015,00-0027651,Dexter McCluster,TEN,27.017111567419576,78.0,0,0.0004318783742488729,93,WR
2015,00-0027681,Brandon LaFell,NE,28.82409308692676,80.0,0,0.024063455053731423,26,WR
2015,00-0027685,Emmanuel Sanders,DEN,28.459958932238195,17.0,0,0.14790460860887156,10,WR
2015,00-0027690,Eric Decker,NYJ,28.465434633812457,14.0,0,0.03924175471986322,22,WR
2015,00-0027691,Andre Roberts,WAS,27.644079397672822,133.0,0,0.0014207697067873924,78,WR
2015,00-0027758,Riley Cooper,PHI,27.978097193702943,94.0,0,0.0051599413479907225,59,WR
2015,00-0027793,Antonio Brown,PIT,27.143052703627653,1.0,1,0.5501758520056518,2,WR
2015,00-0027874,Demaryius Thomas,DEN,27.685147159479808,11.0,0,0.4053118740746374,3,WR
2015,00-0027891,Golden Tate,DET,27.08008213552361,23.0,0,0.08021466952260929,17,WR
2015,00-0027902,Dez Bryant,DAL,26.822724161533195,81.0,0,0.35589436076405473,4,WR
2015,00-0027918,Andrew Hawkins,CLE,29.47843942505133,102.0,0,0.013022567277973159,42,WR
2015,00-0027942,A.J. Green,CIN,27.08555783709788,9.0,0,0.27874976460896755,6,WR
2015,00-0027944,Julio Jones,ATL,26.55989048596852,2.0,1,0.33595970099682076,5,WR
2015,00-0027996,Torrey Smith,SF,26.595482546201232,53.0,0,0.014906528585506201,36,WR
2015,00-0028002,Randall Cobb,GB,25.026694045174537,25.0,0,0.19816024384239603,7,WR
2015,00-0028052,Cecil Shorts,HOU,27.693360711841205,63.0,0,0.014689630752210012,37,WR
2015,00-0028091,Jeremy Kerley,NYJ,26.811772758384667,120.0,0,0.0022758694035089236,71,WR
2015,00-0028237,Chris Hogan,BUF,27.854893908282,76.0,0,0.0021849165758416706,72,WR
2015,00-0028249,Jeremy Ross,LV,27.460643394934976,156.0,0,0.00031847718297366655,96,WR
2015,00-0028263,Andre Holmes,LV,27.208761122518823,100.0,0,0.004222829458297712,64,WR
2015,00-0028434,Doug Baldwin,SEA,26.94318959616701,10.0,0,0.026971940240004627,25,WR
2015,00-0028497,Kamar Aiken,BAL,26.25598904859685,28.0,0,0.0008191907919373853,85,WR
2015,00-0029000,Cole Beasley,DAL,26.349075975359344,50.0,0,0.0019346805595237097,73,WR
2015,00-0029137,Alshon Jeffery,CHI,25.544147843942504,42.0,0,0.09673984276016886,14,WR
2015,00-0029159,Jermaine Kearse,SEA,25.56605065023956,47.0,0,0.006824804346319913,54,WR
2015,00-0029262,Rueben Randle,NYG,24.32032854209445,31.0,0,0.03896014576740595,23,WR
2015,00-0029269,Travis Benjamin,CLE,25.67282683093772,27.0,0,0.0006815445090936736,87,WR
2015,00-0029572,Jarius Wright,MIN,25.765913757700204,87.0,0,0.003279341887762785,66,WR
2015,00-0029608,T.Y. Hilton,IND,25.796030116358654,22.0,0,0.13086343149602933,11,WR
2015,00-0029632,Mohamed Sanu,CIN,26.026009582477755,79.0,0,0.017727260937936366,32,WR
2015,00-0029638,Michael Floyd,ARI,25.760438056125945,36.0,0,0.01374775616538207,40,WR
2015,00-0029708,Kendall Wright,TEN,25.801505817932924,74.0,0,0.023174899546310856,27,WR
2015,00-0030000,Kenbrell Thompkins,NYJ,27.091033538672143,131.0,0,0.0005456942085910996,90,WR
2015,00-0030085,Kenny Stills,MIA,23.359342915811087,82.0,0,0.01860941413810725,30,WR
2015,00-0030095,Corey Fuller,DET,25.190965092402465,167.0,0,0.00046850701817385365,92,WR
2015,00-0030113,Charles D. Johnson,MIN,26.50787132101301,150.0,0,0.00691654912579623,53,WR
2015,00-0030279,Keenan Allen,LAC,23.345653661875428,41.0,0,0.08597549740518243,16,WR
2015,00-0030300,Jaron Brown,ARI,25.645448323066397,132.0,0,0.00039269844101245634,94,WR
2015,00-0030400,Marlon Brown,BAL,24.36139630390144,144.0,0,0.0009605184225946963,83,WR
2015,00-0030431,Robert Woods,BUF,23.392197125256672,56.0,0,0.0202010436958385,28,WR
2015,00-0030460,Markus Wheaton,PIT,24.56399726214921,44.0,0,0.008693454047665397,49,WR
2015,00-0030516,Brice Butler,DAL,25.587953456536617,126.0,0,0.0006940420234888409,86,WR
2015,00-0030521,Justin Hunter,TEN,24.28473648186174,103.0,0,0.009137879357168387,48,WR
2015,00-0030525,Tavon Austin,LA,25.464750171115675,26.0,0,0.0017470897469333117,75,WR
2015,00-0030532,Stedman Bailey,LA,24.80492813141684,128.0,0,0.0023003936227773743,70,WR
2015,00-0030542,Terrance Williams,DAL,25.95208761122519,43.0,0,0.007160612067826057,52,WR
2015,00-0030564,DeAndre Hopkins,HOU,23.236139630390145,4.0,1,0.19767743779756958,8,WR
2015,00-0030821,Allen Hurns,JAX,23.802874743326488,18.0,0,0.01176007459580663,44,WR
2015,00-0031051,John Brown,ARI,25.412731006160165,24.0,0,0.011750428760777674,45,WR
2015,00-0031060,De'Anthony Thomas,KC,22.652977412731005,112.0,0,0.0013252545117091868,81,WR
2015,00-0031118,Corey Brown,CAR,23.709787816564,69.0,0,0.0015872972482055573,76,WR
2015,00-0031228,Taylor Gabriel,CLE,24.53661875427789,107.0,0,0.0027234824547413454,67,WR
2015,00-0031235,Odell Beckham Jr.,NYG,22.819986310746064,5.0,1,0.6391547916563282,1,WR
2015,00-0031236,Brandin Cooks,NO,21.932922655715263,13.0,0,0.04518900192610021,20,WR
2015,00-0031325,Sammy Watkins,BUF,22.21492128678987,19.0,0,0.09032683155627366,15,WR
2015,00-0031339,Donte Moncrief,IND,22.069815195071868,35.0,0,0.00377510870916152,65,WR
2015,00-0031373,Martavis Bryant,PIT,23.698836413415467,38.0,0,0.014048465101305925,39,WR
2015,00-0031381,Davante Adams,GB,22.68583162217659,68.0,0,0.009236480576081592,47,WR
2015,00-0031382,Jarvis Landry,MIA,22.757015742642025,8.0,0,0.03609517498445732,24,WR
2015,00-0031408,Mike Evans,TB,22.028747433264886,21.0,0,0.1509394501170465,9,WR
2015,00-0031428,Allen Robinson,JAX,22.02053388090349,6.0,0,0.05500686341272409,19,WR
2015,00-0031431,Marqise Lee,JAX,23.76728268309377,118.0,0,0.0049311619324870016,62,WR
2016,00-0022044,Andre Johnson,TEN,35.14305270362765,133.0,0,0.00041892119613616427,88,WR
2016,00-0022084,Anquan Boldin,DET,35.912388774811774,42.0,0,0.007027255870565721,43,WR
2016,00-0022921,Larry Fitzgerald,ARI,33.00479123887748,11.0,0,0.06991581790701495,17,WR
2016,00-0023496,Vincent Jackson,TB,33.63175906913073,130.0,0,0.005626335130765191,49,WR
2016,00-0024334,Brandon Marshall,NYJ,32.4435318275154,48.0,0,0.21141365992146297,9,WR
2016,00-0025396,Ted Ginn,CAR,31.38945927446954,46.0,0,0.014851412847977558,34,WR
2016,00-0026035,Danny Amendola,NE,30.830937713894592,96.0,0,0.004101028166996651,54,WR
2016,00-0026182,Eddie Royal,CHI,30.28336755646817,85.0,0,0.002213721685670196,58,WR
2016,00-0026189,DeSean Jackson,WAS,29.752224503764545,38.0,0,0.01073572136426981,41,WR
2016,00-0026224,Harry Douglas,TEN,31.958932238193015,128.0,0,0.0011710394906729424,74,WR
2016,00-0026345,Pierre Garcon,WAS,30.067077344284737,24.0,0,0.011597290589459968,39,WR
2016,00-0026739,Jordan Norwood,DEN,29.927446954141,111.0,0,0.0002999352757643451,90,WR
2016,00-0026901,Mike Wallace,BAL,30.086242299794662,23.0,0,0.0020401243877522417,60,WR
2016,00-0026983,Darrius Heyward-Bey,PIT,29.51403148528405,117.0,0,0.00045023351726899556,87,WR
2016,00-0026986,Michael Crabtree,LV,28.966461327857637,12.0,0,0.04228174233311552,22,WR
2016,00-0026995,Jeremy Maclin,KC,28.309377138945926,71.0,0,0.17886982497576573,11,WR
2016,00-0027006,Kenny Britt,LA,27.95071868583162,30.0,0,0.0031819214157220574,56,WR
2016,00-0027150,Julian Edelman,NE,30.28062970568104,14.0,0,0.08500610636989923,15,WR
2016,00-0027595,Bryan Walters,JAX,28.826830937713893,102.0,0,0.000795858151571745,82,WR
2016,00-0027651,Dexter McCluster,LAC,28.019164955509925,169.0,0,0.0013767395360557114,67,WR
2016,00-0027681,Brandon LaFell,CIN,29.82614647501711,35.0,0,0.005888498204400301,48,WR
2016,00-0027685,Emmanuel Sanders,DEN,29.462012320328544,21.0,0,0.06169692090709345,18,WR
2016,00-0027793,Antonio Brown,PIT,28.145106091718,1.0,1,0.6881419981391649,1,WR
2016,00-0027816,Marc Mariani,TEN,29.336071184120467,195.0,0,0.00017259753388941114,93,WR
2016,00-0027874,Demaryius Thomas,DEN,28.68720054757016,16.0,0,0.13252982176639225,13,WR
2016,00-0027891,Golden Tate,DET,28.082135523613964,17.0,0,0.019233356401879776,31,WR
2016,00-0027902,Dez Bryant,DAL,27.824777549623544,40.0,0,0.023420303076163006,27,WR
2016,00-0027918,Andrew Hawkins,CLE,30.480492813141684,89.0,0,0.0013260244790209309,69,WR
2016,00-0027942,A.J. Green,CIN,28.087611225188223,34.0,0,0.1536667815062506,12,WR
2016,00-0027944,Julio Jones,ATL,27.561943874058866,6.0,0,0.6083336102380349,2,WR
2016,00-0027996,Torrey Smith,SF,27.59753593429158,99.0,0,0.001966732855603654,61,WR
2016,00-0028002,Randall Cobb,GB,26.028747433264886,52.0,0,0.039181664514630114,23,WR
2016,00-0028052,Cecil Shorts,TB,28.695414099931558,139.0,0,0.006534873487332764,45,WR
2016,00-0028114,Dwayne Harris,NYG,28.960985626283367,171.0,0,0.001163062408933228,75,WR
2016,00-0028237,Chris Hogan,NE,28.856947296372347,60.0,0,0.001324305246104975,70,WR
2016,00-0028263,Andre Holmes,LV,28.21081451060917,114.0,0,0.00022630089526236925,92,WR
2016,00-0028411,Dontrelle Inman,LAC,27.58384668035592,46.0,0,0.001908696212227031,62,WR
2016,00-0028434,Doug Baldwin,SEA,27.94524298425736,8.0,0,0.0557163658463036,20,WR
2016,00-0028497,Kamar Aiken,BAL,27.2580424366872,97.0,0,0.020747379897475948,30,WR
2016,00-0029000,Cole Beasley,DAL,27.351129363449694,33.0,0,0.0015889553266626082,65,WR
2016,00-0029137,Alshon Jeffery,CHI,26.546201232032853,54.0,0,0.30027053020018113,6,WR
2016,00-0029159,Jermaine Kearse,SEA,26.56810403832991,79.0,0,0.00543507385265116,50,WR
2016,00-0029269,Travis Benjamin,LAC,26.67488021902806,58.0,0,0.02600773912602345,26,WR
2016,00-0029293,Marvin Jones,DET,26.47501711156742,43.0,0,0.02262478362163625,29,WR
2016,00-0029319,Josh Bellamy,CHI,27.290896646132783,104.0,0,0.00035928434510804004,89,WR
2016,00-0029572,Jarius Wright,MIN,26.767967145790557,141.0,0,0.0012787555042703045,71,WR
2016,00-0029580,Rishard Matthews,TEN,26.888432580424368,22.0,0,0.01132591532682562,40,WR
2016,00-0029608,T.Y. Hilton,IND,26.798083504449007,5.0,1,0.03643197290966395,25,WR
2016,00-0029632,Mohamed Sanu,ATL,27.028062970568104,50.0,0,0.0007976988058009282,81,WR
2016,00-0029638,Michael Floyd,ARI,26.76249144421629,67.0,0,0.014774899059728291,35,WR
2016,00-0029640,Brian Quick,LA,27.241615331964407,68.0,0,0.0005273542929872336,86,WR
2016,00-0029708,Kendall Wright,TEN,26.803559206023277,83.0,0,0.006895900826022392,44,WR
2016,00-0030085,Kenny Stills,MIA,24.36139630390144,45.0,0,0.0018834587445857335,63,WR
2016,00-0030431,Robert Woods,BUF,24.39425051334702,66.0,0,0.013120427407701158,37,WR
2016,00-0030450,Quinton Patton,SF,26.06433949349761,93.0,0,0.0007755257378766123,83,WR
2016,00-0030521,Justin Hunter,BUF,25.286789869952088,107.0,0,0.002309907361690385,57,WR
2016,00-0030525,Tavon Austin,LA,26.466803559206024,53.0,0,0.012103600034443895,38,WR
2016,00-0030542,Terrance Williams,DAL,26.954140999315538,63.0,0,0.00824552161581773,42,WR
2016,00-0030564,DeAndre Hopkins,HOU,24.23819301848049,27.0,0,0.5342695939633061,4,WR
2016,00-0030663,Willie Snead,NO,23.874058863791923,32.0,0,0.02311601710568635,28,WR
2016,00-0030669,Albert Wilson,KC,24.139630390143736,91.0,0,0.0059227831179121055,47,WR
2016,00-0030801,Brandon Coleman,NO,24.194387405886378,94.0,0,0.0010287628915760523,78,WR
2016,00-0030821,Allen Hurns,JAX,24.80492813141684,77.0,0,0.049828118593619505,21,WR
2016,00-0030990,Josh Huff,PHI,24.88432580424367,118.0,0,0.0006347122731967385,85,WR
2016,00-0031023,Quincy Enunwa,NYJ,24.254620123203285,44.0,0,0.0021278086471719776,59,WR
2016,00-0031051,John Brown,ARI,26.414784394250518,73.0,0,0.03679574594586838,24,WR
2016,00-0031068,Ryan Grant,WAS,25.70294318959617,151.0,0,0.0007026039375452919,84,WR
2016,00-0031118,Corey Brown,CAR,24.711841204654345,101.0,0,0.0047130679061653255,53,WR
2016,00-0031166,Seth Roberts,LV,25.52498288843258,70.0,0,0.0010361586020691301,77,WR
2016,00-0031228,Taylor Gabriel,ATL,25.53867214236824,56.0,0,0.0009936711899801445,79,WR
2016,00-0031235,Odell Beckham Jr.,NYG,23.822039698836413,4.0,1,0.5453025761391637,3,WR
2016,00-0031236,Brandin Cooks,NO,22.93497604380561,10.0,0,0.11763436276786969,14,WR
2016,00-0031325,Sammy Watkins,BUF,23.21697467488022,90.0,0,0.29858205109847213,7,WR
2016,00-0031339,Donte Moncrief,IND,23.071868583162217,74.0,0,0.017470640166754706,32,WR
2016,00-0031381,Davante Adams,GB,23.68788501026694,9.0,0,0.015312938548360142,33,WR
2016,00-0031382,Jarvis Landry,MIA,23.75906913073237,13.0,0,0.20332017172466813,10,WR
2016,00-0031408,Mike Evans,TB,23.03080082135524,3.0,1,0.25698623474473564,8,WR
2016,00-0031428,Allen Robinson,JAX,23.02258726899384,25.0,0,0.3613287989437615,5,WR
2016,00-0031431,Marqise Lee,JAX,24.76933607118412,39.0,0,0.0011973483331934964,73,WR
2016,00-0031544,Amari Cooper,LV,22.209445585215605,15.0,0,0.08457722108984646,16,WR
2016,00-0031547,DeVante Parker,MIA,23.61396303901437,49.0,0,0.005053329098598303,51,WR
2016,00-0031549,Nelson Agholor,PHI,23.274469541409992,85.0,0,0.0013708065713378744,68,WR
2016,00-0031570,Justin Hardy,ATL,24.70636550308008,98.0,0,0.001221506127208665,72,WR
2016,00-0031588,Stefon Diggs,MIN,22.757015742642025,31.0,0,0.056233311274105566,19,WR
2016,00-0031600,Keith Mumphery,HOU,24.240930869267626,150.0,0,0.0002801586281148241,91,WR
2016,00-0031941,Jamison Crowder,WAS,23.208761122518823,26.0,0,0.0060682525191910535,46,WR
2016,00-0032009,Adam Humphries,TB,23.189596167008897,59.0,0,0.001657027856225758,64,WR
2016,00-0032055,Devin Funchess,CAR,22.28336755646817,88.0,0,0.003571711585442668,55,WR
2016,00-0032128,Chris Conley,KC,23.852156057494867,80.0,0,0.0009119095348357715,80,WR
2016,00-0032170,Rashad Greene,JAX,23.939767282683093,172.0,0,0.0013915016985880614,66,WR
2016,00-0032208,Phillip Dorsett,IND,23.655030800821358,78.0,0,0.0010482525847254748,76,WR
2016,00-0032211,Tyler Lockett,SEA,23.926078028747437,64.0,0,0.013981520388519922,36,WR
2016,00-0032218,Dorial Green-Beckham,PHI,23.38945927446954,87.0,0,0.004972699319920618,52,WR
2017,00-0022921,Larry Fitzgerald,ARI,34.0041067761807,4.0,1,0.008794237325488393,46,WR
2017,00-0024334,Brandon Marshall,NYG,33.44284736481862,124.0,0,0.005390137208172649,59,WR
2017,00-0025396,Ted Ginn,NO,32.388774811772755,34.0,0,0.004064499684257163,63,WR
2017,00-0026176,Jordy Nelson,GB,32.25462012320329,46.0,0,0.07197103882556762,12,WR
2017,00-0026189,DeSean Jackson,TB,30.751540041067763,44.0,0,0.00914284741987581,44,WR
2017,00-0026345,Pierre Garcon,SF,31.066392881587955,76.0,0,0.006040297569125387,55,WR
2017,00-0026901,Mike Wallace,BAL,31.08555783709788,38.0,0,0.0066175109117064665,52,WR
2017,00-0026986,Michael Crabtree,LV,29.965776865160848,30.0,0,0.07056312957842328,13,WR
2017,00-0026995,Jeremy Maclin,BAL,29.308692676249144,66.0,0,0.005509347417553391,58,WR
2017,00-0027006,Kenny Britt,CLE,28.95003422313484,100.0,0,0.022999086010965928,28,WR
2017,00-0027681,Brandon LaFell,CIN,30.82546201232033,55.0,0,0.005778353300934079,56,WR
2017,00-0027685,Emmanuel Sanders,DEN,30.46132785763176,60.0,0,0.030232811492295796,23,WR
2017,00-0027793,Antonio Brown,PIT,29.144421629021217,1.0,1,0.2102812880252322,4,WR
2017,00-0027874,Demaryius Thomas,DEN,29.68651608487337,16.0,0,0.02768441295853919,24,WR
2017,00-0027891,Golden Tate,DET,29.08145106091718,12.0,0,0.02471272802657111,27,WR
2017,00-0027902,Dez Bryant,DAL,28.82409308692676,24.0,0,0.06434365862551465,16,WR
2017,00-0027942,A.J. Green,CIN,29.086926762491444,10.0,0,0.20403204479499337,5,WR
2017,00-0027944,Julio Jones,ATL,28.56125941136208,7.0,0,0.2998287723597674,2,WR
2017,00-0027996,Torrey Smith,PHI,28.5968514715948,74.0,0,0.0012223059522305203,81,WR
2017,00-0028002,Randall Cobb,GB,27.028062970568104,35.0,0,0.008650880329054195,47,WR
2017,00-0028091,Jeremy Kerley,NYJ,28.813141683778237,108.0,0,0.007779028578183461,50,WR
2017,00-0028116,Aldrick Robinson,SF,28.93634496919918,102.0,0,0.00041681961018673894,91,WR
2017,00-0028237,Chris Hogan,NE,29.856262833675565,63.0,0,0.0019862953754784174,77,WR
2017,00-0028411,Dontrelle Inman,CHI,28.583162217659137,92.0,0,0.007313868782559668,51,WR
2017,00-0028434,Doug Baldwin,SEA,28.944558521560573,13.0,0,0.03165152298833963,21,WR
2017,00-0028497,Kamar Aiken,IND,28.257357973990416,130.0,0,0.0004437258059604566,90,WR
2017,00-0028825,Terrelle Pryor,WAS,28.199863107460644,106.0,0,0.059743426832432917,17,WR
2017,00-0029000,Cole Beasley,DAL,28.35044490075291,73.0,0,0.013820481476599467,37,WR
2017,00-0029137,Alshon Jeffery,PHI,27.54551676933607,21.0,0,0.026844817374033655,25,WR
2017,00-0029159,Jermaine Kearse,NYJ,27.567419575633128,26.0,0,0.0016659451293436383,80,WR
2017,00-0029269,Travis Benjamin,LAC,27.67419575633128,50.0,0,0.008807266048897483,45,WR
2017,00-0029293,Marvin Jones,DET,27.47433264887064,11.0,0,0.01900631594894862,33,WR
2017,00-0029319,Josh Bellamy,CHI,28.290212183436,89.0,0,0.0005603344684142754,89,WR
2017,00-0029388,Deonte Thompson,BUF,28.54483230663929,64.0,0,0.00035254754803891366,92,WR
2017,00-0029580,Rishard Matthews,TEN,27.887748117727583,37.0,0,0.03116196146685674,22,WR
2017,00-0029608,T.Y. Hilton,IND,27.797399041752225,27.0,0,0.16473084080596345,7,WR
2017,00-0029632,Mohamed Sanu,ATL,28.02737850787132,29.0,0,0.005250120021520371,60,WR
2017,00-0029638,Michael Floyd,MIN,27.761806981519506,143.0,0,0.0025846871173742336,70,WR
2017,00-0029640,Brian Quick,WAS,28.240930869267626,158.0,0,0.0028221895164216517,69,WR
2017,00-0029708,Kendall Wright,CHI,27.802874743326488,53.0,0,0.0021471272509391535,75,WR
2017,00-0030035,Adam Thielen,MIN,27.028062970568104,9.0,0,0.01148780780577113,39,WR
2017,00-0030068,Marquise Goodwin,SF,26.784394250513348,31.0,0,0.004058489940682575,64,WR
2017,00-0030085,Kenny Stills,MIA,25.36071184120465,28.0,0,0.015624381473802094,35,WR
2017,00-0030147,Russell Shepard,CAR,26.95687885010267,112.0,0,0.0007231834580395877,86,WR
2017,00-0030431,Robert Woods,LA,25.39356605065024,33.0,0,0.009577323103085197,43,WR
2017,00-0030516,Brice Butler,DAL,27.589322381930184,93.0,0,0.0006008492085628446,88,WR
2017,00-0030525,Tavon Austin,LA,27.46611909650924,105.0,0,0.006360335259608383,53,WR
2017,00-0030542,Terrance Williams,DAL,27.95345653661876,62.0,0,0.0036206740448496157,65,WR
2017,00-0030564,DeAndre Hopkins,HOU,25.23750855578371,2.0,1,0.05746471300512473,18,WR
2017,00-0030663,Willie Snead,NO,24.87337440109514,146.0,0,0.02269502533581268,29,WR
2017,00-0030669,Albert Wilson,KC,25.138945927446954,59.0,0,0.0017520695312722666,79,WR
2017,00-0030801,Brandon Coleman,NO,25.1937029431896,84.0,0,0.0010639461511774463,82,WR
2017,00-0030821,Allen Hurns,JAX,25.80424366872005,67.0,0,0.005575103297287932,57,WR
2017,00-0031051,John Brown,ARI,27.41409993155373,86.0,0,0.0020590964823905085,76,WR
2017,00-0031166,Seth Roberts,LV,26.5242984257358,75.0,0,0.0023417399762997973,72,WR
2017,00-0031228,Taylor Gabriel,ATL,26.537987679671456,79.0,0,0.009868001512611527,41,WR
2017,00-0031235,Odell Beckham Jr.,NYG,24.82135523613963,83.0,0,0.23802827036374183,3,WR
2017,00-0031236,Brandin Cooks,NE,23.93429158110883,15.0,0,0.13672404274362104,8,WR
2017,00-0031257,Paul Richardson,SEA,25.38535249828884,39.0,0,0.0009072668393188503,84,WR
2017,00-0031325,Sammy Watkins,LA,24.216290212183434,41.0,0,0.03921350920188314,20,WR
2017,00-0031339,Donte Moncrief,IND,24.07118412046544,81.0,0,0.01953160935997023,32,WR
2017,00-0031359,Kelvin Benjamin,CAR,26.570841889117045,49.0,0,0.01962536601648692,31,WR
2017,00-0031381,Davante Adams,GB,24.68720054757016,14.0,0,0.06719873119568524,14,WR
2017,00-0031382,Jarvis Landry,MIA,24.758384668035596,5.0,1,0.08583101074229738,10,WR
2017,00-0031408,Mike Evans,TB,24.030116358658454,17.0,0,0.48939978833464864,1,WR
2017,00-0031431,Marqise Lee,JAX,25.76865160848734,40.0,0,0.010484868926755578,40,WR
2017,00-0031544,Amari Cooper,LV,23.208761122518823,36.0,0,0.16772887569776246,6,WR
2017,00-0031547,DeVante Parker,MIA,24.61327857631759,51.0,0,0.02014112982407908,30,WR
2017,00-0031549,Nelson Agholor,PHI,24.27378507871321,23.0,0,0.0019492261775393084,78,WR
2017,00-0031570,Justin Hardy,ATL,25.7056810403833,97.0,0,0.0009783551957261948,83,WR
2017,00-0031588,Stefon Diggs,MIN,23.756331279945243,19.0,0,0.08911070467857174,9,WR
2017,00-0031782,Eli Rogers,PIT,24.689938398357288,122.0,0,0.008130757505858469,49,WR
2017,00-0031941,Jamison Crowder,WAS,24.20807665982204,32.0,0,0.017202132560148197,34,WR
2017,00-0032009,Adam Humphries,TB,24.188911704312115,52.0,0,0.004978619811839704,61,WR
2017,00-0032054,Breshad Perriman,BAL,23.97535934291581,144.0,0,0.0031130908032613734,67,WR
2017,00-0032055,Devin Funchess,CAR,23.28268309377139,22.0,0,0.002316062132661395,73,WR
2017,00-0032112,J.J. Nelson,ARI,25.35523613963039,70.0,0,0.008334536249712308,48,WR
2017,00-0032128,Chris Conley,KC,24.851471594798085,129.0,0,0.0022930301453316345,74,WR
2017,00-0032160,Tyrell Williams,LAC,25.5523613963039,45.0,0,0.06614358976464148,15,WR
2017,00-0032166,Sammie Coates,CLE,24.421629021218344,162.0,0,0.002480989315890575,71,WR
2017,00-0032200,Ty Montgomery,GB,24.607802874743328,72.0,0,0.002939756881135962,68,WR
2017,00-0032208,Phillip Dorsett,NE,24.65434633812457,126.0,0,0.003169728596725057,66,WR
2017,00-0032211,Tyler Lockett,SEA,24.92539356605065,56.0,0,0.004427080622059476,62,WR
2017,00-0032355,Chester Rogers,IND,23.63586584531143,99.0,0,0.0008626376422281371,85,WR
2017,00-0032385,Sterling Shepard,NYG,24.555783709787818,42.0,0,0.011503642642078014,38,WR
2017,00-0032688,Robbie Chosen,NYJ,24.314852840520192,18.0,0,0.009768815098344095,42,WR
2017,00-0032765,Michael Thomas,NO,24.49828884325804,6.0,0,0.08483240653780905,11,WR
2017,00-0032966,Corey Coleman,CLE,23.156741957563312,91.0,0,0.043554868904832754,19,WR
2017,00-0033009,Tyler Boyd,CIN,22.79534565366188,103.0,0,0.006276055331597033,54,WR
2017,00-0033040,Tyreek Hill,KC,23.50444900752909,8.0,0,0.026471175615833002,26,WR
2017,00-0033079,Ricardo Louis,CLE,23.444216290212182,94.0,0,0.0007027686967609885,87,WR
2017,00-0033127,Will Fuller,HOU,23.378507871321013,61.0,0,0.015406383921445244,36,WR
2018,00-0022921,Larry Fitzgerald,ARI,35.00342231348392,25.0,0,0.03071300599739892,20,WR
2018,00-0025396,Ted Ginn,NO,33.38809034907597,116.0,0,0.0026540731803985224,64,WR
2018,00-0026035,Danny Amendola,MIA,32.82956878850103,57.0,0,0.001382041501222645,77,WR
2018,00-0026176,Jordy Nelson,LV,33.2539356605065,37.0,0,0.003482343685367056,60,WR
2018,00-0026189,DeSean Jackson,TB,31.750855578370977,42.0,0,0.003987750285028738,56,WR
2018,00-0026345,Pierre Garcon,SF,32.06570841889117,111.0,0,0.009359843458328796,42,WR
2018,00-0026986,Michael Crabtree,BAL,30.965092402464062,55.0,0,0.0072539874710257565,45,WR
2018,00-0027681,Brandon LaFell,LV,31.824777549623544,133.0,0,0.0030430858587663042,62,WR
2018,00-0027685,Emmanuel Sanders,DEN,31.460643394934976,23.0,0,0.006789578696684744,47,WR
2018,00-0027793,Antonio Brown,PIT,30.143737166324435,5.0,1,0.36134522069859015,2,WR
2018,00-0027874,Demaryius Thomas,DEN,30.68583162217659,37.0,0,0.019139299044297564,27,WR
2018,00-0027891,Golden Tate,PHI,30.0807665982204,29.0,0,0.03554078053650994,18,WR
2018,00-0027942,A.J. Green,CIN,30.086242299794662,44.0,0,0.055505878262321694,13,WR
2018,00-0027944,Julio Jones,ATL,29.560574948665295,4.0,1,0.08296379611787298,8,WR
2018,00-0027996,Torrey Smith,CAR,29.59616700889801,117.0,0,0.0013402381974017999,79,WR
2018,00-0028002,Randall Cobb,GB,28.02737850787132,84.0,0,0.012433698562852792,35,WR
2018,00-0028116,Aldrick Robinson,MIN,29.935660506502398,96.0,0,0.0004162616345415942,92,WR
2018,00-0028237,Chris Hogan,NE,30.855578370978783,70.0,0,0.010097252245642655,40,WR
2018,00-0028411,Dontrelle Inman,IND,29.582477754962355,89.0,0,0.0011035120505229338,83,WR
2018,00-0028434,Doug Baldwin,SEA,29.94387405886379,46.0,0,0.03441625407096332,19,WR
2018,00-0028825,Terrelle Pryor,NYJ,29.19917864476386,115.0,0,0.001729658927994752,70,WR
2018,00-0029000,Cole Beasley,DAL,29.349760438056126,43.0,0,0.0013757929131379752,78,WR
2018,00-0029137,Alshon Jeffery,PHI,28.54483230663929,26.0,0,0.025042057686457772,22,WR
2018,00-0029159,Jermaine Kearse,NYJ,28.566735112936342,88.0,0,0.015119070580383214,33,WR
2018,00-0029269,Travis Benjamin,LAC,28.673511293634498,128.0,0,0.002355822177934126,67,WR
2018,00-0029293,Marvin Jones,DET,28.47364818617385,63.0,0,0.03069452761095725,21,WR
2018,00-0029319,Josh Bellamy,CHI,29.28952772073922,138.0,0,0.0009972643799285796,84,WR
2018,00-0029388,Deonte Thompson,DAL,29.544147843942504,139.0,0,0.0017135499001830496,71,WR
2018,00-0029580,Rishard Matthews,TEN,28.8870636550308,176.0,0,0.011911106128023133,37,WR
2018,00-0029608,T.Y. Hilton,IND,28.79671457905544,14.0,0,0.016988603197463054,29,WR
2018,00-0029632,Mohamed Sanu,ATL,29.026694045174537,31.0,0,0.014780487907670148,34,WR
2018,00-0030035,Adam Thielen,MIN,28.02737850787132,7.0,0,0.10814654039808073,6,WR
2018,00-0030068,Marquise Goodwin,SF,27.78370978781657,82.0,0,0.007430130443632541,44,WR
2018,00-0030085,Kenny Stills,MIA,26.360027378507876,52.0,0,0.016281057940634464,30,WR
2018,00-0030147,Russell Shepard,NYG,27.956194387405887,127.0,0,0.00025866818908846194,93,WR
2018,00-0030279,Keenan Allen,LAC,26.34633812457221,12.0,0,0.15722332350357668,5,WR
2018,00-0030300,Jaron Brown,SEA,28.64613278576317,106.0,0,0.001506680734535617,75,WR
2018,00-0030431,Robert Woods,LA,26.392881587953458,11.0,0,0.07020167597165117,10,WR
2018,00-0030564,DeAndre Hopkins,HOU,26.236824093086927,2.0,1,0.5540104242201265,1,WR
2018,00-0030669,Albert Wilson,MIA,26.138261464750173,78.0,0,0.0037252747791981424,59,WR
2018,00-0030670,Bennie Fowler,NYG,27.227926078028748,125.0,0,0.0006460771395725625,89,WR
2018,00-0030821,Allen Hurns,DAL,26.803559206023277,104.0,0,0.009207242674091941,43,WR
2018,00-0031051,John Brown,BAL,28.413415468856947,45.0,0,0.0029532172407177714,63,WR
2018,00-0031068,Ryan Grant,IND,27.7015742642026,91.0,0,0.0016625685983295963,73,WR
2018,00-0031166,Seth Roberts,LV,27.52361396303901,68.0,0,0.001983053921527994,69,WR
2018,00-0031189,T.J. Jones,DET,26.119096509240247,117.0,0,0.001333799593094826,80,WR
2018,00-0031228,Taylor Gabriel,CHI,27.537303216974674,41.0,0,0.0006919904149809699,88,WR
2018,00-0031236,Brandin Cooks,LA,24.933607118412045,13.0,0,0.07467741387225782,9,WR
2018,00-0031257,Paul Richardson,WAS,26.38466803559206,110.0,0,0.007014535238821041,46,WR
2018,00-0031325,Sammy Watkins,KC,25.21560574948665,64.0,0,0.01228406446622079,36,WR
2018,00-0031326,Bruce Ellington,DET,27.028062970568104,108.0,0,0.0037818463484847503,57,WR
2018,00-0031339,Donte Moncrief,JAX,25.07049965776865,54.0,0,0.003774004579318392,58,WR
2018,00-0031344,Cody Latimer,NYG,25.89185489390828,136.0,0,0.0008060753217442663,87,WR
2018,00-0031359,Kelvin Benjamin,BUF,27.57015742642026,98.0,0,0.00555354061861542,52,WR
2018,00-0031373,Martavis Bryant,LV,26.699520876112253,121.0,0,0.005361115156033696,53,WR
2018,00-0031381,Davante Adams,GB,25.68651608487337,3.0,1,0.056027596581228974,12,WR
2018,00-0031382,Jarvis Landry,CLE,25.75770020533881,18.0,0,0.10090476342053244,7,WR
2018,00-0031408,Mike Evans,TB,25.02943189596167,9.0,0,0.06448373949992169,11,WR
2018,00-0031544,Amari Cooper,DAL,24.20807665982204,19.0,0,0.021075656393566282,24,WR
2018,00-0031547,DeVante Parker,MIA,25.61259411362081,105.0,0,0.015536349982091571,32,WR
2018,00-0031549,Nelson Agholor,PHI,25.27310061601643,34.0,0,0.01764765679370846,28,WR
2018,00-0031588,Stefon Diggs,MIN,24.75564681724846,10.0,0,0.051798659489112504,14,WR
2018,00-0031941,Jamison Crowder,WAS,25.20739219712525,86.0,0,0.02032928073075681,25,WR
2018,00-0032009,Adam Humphries,TB,25.188227241615333,24.0,0,0.005766272139192849,51,WR
2018,00-0032054,Breshad Perriman,CLE,24.974674880219027,103.0,0,0.0005432515465401145,91,WR
2018,00-0032055,Devin Funchess,CAR,24.281998631074607,59.0,0,0.0413079222805105,17,WR
2018,00-0032112,J.J. Nelson,ARI,26.354551676933607,162.0,0,0.0012786038111480213,81,WR
2018,00-0032160,Tyrell Williams,LAC,26.55167693360712,49.0,0,0.006766911333592126,48,WR
2018,00-0032200,Ty Montgomery,GB,25.607118412046542,92.0,0,0.0032751716361296046,61,WR
2018,00-0032211,Tyler Lockett,SEA,25.924709103353862,16.0,0,0.004337636922926406,55,WR
2018,00-0032355,Chester Rogers,IND,24.635181382614647,62.0,0,0.002652602066270135,65,WR
2018,00-0032385,Sterling Shepard,NYG,25.555099247091032,30.0,0,0.019236598583656214,26,WR
2018,00-0032398,Chris Moore,BAL,25.21013004791239,119.0,0,0.0008129778772831126,86,WR
2018,00-0032626,Geronimo Allison,GB,24.618754277891856,102.0,0,0.0006203805681948793,90,WR
2018,00-0032688,Robbie Chosen,NYJ,25.31416837782341,39.0,0,0.042432519933028386,16,WR
2018,00-0032760,Josh Doctson,WAS,25.744010951403148,67.0,0,0.004907143140292421,54,WR
2018,00-0032765,Michael Thomas,NO,25.49760438056126,6.0,0,0.23522792987008434,3,WR
2018,00-0032775,Demarcus Robinson,KC,23.94524298425736,90.0,0,0.0024132387804408646,66,WR
2018,00-0032951,Laquon Treadwell,MIN,23.21697467488022,94.0,0,0.0012152082341035711,82,WR
2018,00-0032966,Corey Coleman,NYG,24.15605749486653,164.0,0,0.01027859974415491,39,WR
2018,00-0032977,Rashard Higgins,CLE,23.90143737166325,61.0,0,0.0014539618395053534,76,WR
2018,00-0033009,Tyler Boyd,CIN,23.79466119096509,17.0,0,0.0016066688304679257,74,WR
2018,00-0033040,Tyreek Hill,KC,24.503764544832308,1.0,1,0.1574720021452392,4,WR
2018,00-0033127,Will Fuller,HOU,24.37782340862423,69.0,0,0.0161919876973693,31,WR
2018,00-0033292,Trent Taylor,SF,24.33949349760438,112.0,0,0.0017054095424614516,72,WR
2018,00-0033307,Kendrick Bourne,SF,23.077344284736483,65.0,0,0.0009491282284530845,85,WR
2018,00-0033681,Keelan Cole,JAX,25.36618754277892,80.0,0,0.009550193560530735,41,WR
2018,00-0033857,JuJu Smith-Schuster,PIT,21.7741273100616,8.0,0,0.050518088305693404,15,WR
2018,00-0033871,Corey Davis,TEN,23.638603696098563,28.0,0,0.011671603341597305,38,WR
2018,00-0033891,Zay Jones,BUF,23.42505133470226,35.0,0,0.006517472387783015,49,WR
2018,00-0033908,Cooper Kupp,LA,25.21286789869952,51.0,0,0.023214071477518642,23,WR
2018,00-0033921,Chris Godwin Jr.,TB,22.510609171800137,27.0,0,0.002027596477613165,68,WR
2018,00-0033932,Kenny Golladay,DET,24.826830937713893,21.0,0,0.006503499189244393,50,WR
2019,00-0022921,Larry Fitzgerald,ARI,36.002737850787135,35.0,0,0.004691723706306463,51,WR
2019,00-0026035,Danny Amendola,DET,33.828884325804246,49.0,0,0.003101262566463886,61,WR
2019,00-0027150,Julian Edelman,NE,33.27857631759069,7.0,0,0.037096910298663854,21,WR
2019,00-0027685,Emmanuel Sanders,SF,32.459958932238195,30.0,0,0.036793430943903076,22,WR
2019,00-0027874,Demaryius Thomas,NYJ,31.685147159479808,82.0,0,0.00453562656916834,53,WR
2019,00-0027891,Golden Tate,NYG,31.08008213552361,45.0,0,0.007889476251358557,46,WR
2019,00-0027944,Julio Jones,ATL,30.55989048596852,3.0,1,0.22783427498292758,6,WR
2019,00-0028002,Randall Cobb,DAL,29.026694045174537,44.0,0,0.005346819834892328,50,WR
2019,00-0028237,Chris Hogan,CAR,31.854893908282,154.0,0,0.0007596264431135722,82,WR
2019,00-0028411,Dontrelle Inman,LAC,30.581793292265573,137.0,0,0.0017164393493577649,73,WR
2019,00-0029000,Cole Beasley,BUF,30.349075975359344,34.0,0,0.002775548540307874,63,WR
2019,00-0029137,Alshon Jeffery,PHI,29.544147843942504,60.0,0,0.02193134291061603,27,WR
2019,00-0029293,Marvin Jones,DET,29.472963723477072,28.0,0,0.014424295303776601,30,WR
2019,00-0029572,Jarius Wright,CAR,29.765913757700204,102.0,0,0.0005381472008118384,86,WR
2019,00-0029608,T.Y. Hilton,IND,29.796030116358654,57.0,0,0.06077854848989953,16,WR
2019,00-0029632,Mohamed Sanu,NE,30.026009582477755,58.0,0,0.006452842059048847,47,WR
2019,00-0029664,Josh Gordon,NE,28.386036960985628,89.0,0,0.009527906683385842,38,WR
2019,00-0030035,Adam Thielen,MIN,29.026694045174537,64.0,0,0.15647192457321274,11,WR
2019,00-0030068,Marquise Goodwin,SF,28.78302532511978,125.0,0,0.0019455531130971137,70,WR
2019,00-0030085,Kenny Stills,HOU,27.359342915811087,61.0,0,0.009094598202153787,40,WR
2019,00-0030279,Keenan Allen,LAC,27.345653661875428,6.0,0,0.19682775678706532,8,WR
2019,00-0030431,Robert Woods,LA,27.392197125256672,14.0,0,0.16138690532594294,10,WR
2019,00-0030564,DeAndre Hopkins,HOU,27.236139630390145,5.0,1,0.6120706573628814,1,WR
2019,00-0030663,Willie Snead,BAL,26.87200547570157,74.0,0,0.007990292072691009,45,WR
2019,00-0030821,Allen Hurns,MIA,27.802874743326488,84.0,0,0.00028748856384352674,90,WR
2019,00-0031051,John Brown,BUF,29.412731006160165,20.0,0,0.0034998602064798736,58,WR
2019,00-0031166,Seth Roberts,BAL,28.522929500342237,99.0,0,0.0014568613661675005,75,WR
2019,00-0031228,Taylor Gabriel,CHI,28.53661875427789,78.0,0,0.009391553976734112,39,WR
2019,00-0031235,Odell Beckham Jr.,CLE,26.819986310746064,25.0,0,0.2859256392962232,4,WR
2019,00-0031236,Brandin Cooks,LA,25.932922655715263,62.0,0,0.1269472599013489,13,WR
2019,00-0031325,Sammy Watkins,KC,26.21492128678987,50.0,0,0.008289789770513836,44,WR
2019,00-0031339,Donte Moncrief,PIT,26.069815195071868,183.0,0,0.010549539327381754,35,WR
2019,00-0031381,Davante Adams,GB,26.68583162217659,23.0,0,0.30682752313033845,3,WR
2019,00-0031382,Jarvis Landry,CLE,26.757015742642025,12.0,0,0.058249830936755065,18,WR
2019,00-0031408,Mike Evans,TB,26.028747433264886,15.0,0,0.14073045216496358,12,WR
2019,00-0031428,Allen Robinson,CHI,26.02053388090349,8.0,0,0.0353452768912313,23,WR
2019,00-0031544,Amari Cooper,DAL,25.20739219712525,10.0,0,0.03947959708274102,20,WR
2019,00-0031547,DeVante Parker,MIA,26.611909650924023,11.0,0,0.002371841098690286,65,WR
2019,00-0031549,Nelson Agholor,PHI,26.272416153319643,76.0,0,0.012136394237702776,33,WR
2019,00-0031588,Stefon Diggs,MIN,25.75496235455168,22.0,0,0.17166508862851548,9,WR
2019,00-0031941,Jamison Crowder,NYJ,26.206707734428477,26.0,0,0.009889162995548581,37,WR
2019,00-0032009,Adam Humphries,TEN,26.187542778918548,80.0,0,0.008291735795978073,43,WR
2019,00-0032128,Chris Conley,JAX,26.85010266940452,43.0,0,0.0008727834902575701,80,WR
2019,00-0032160,Tyrell Williams,LV,27.550992470910334,47.0,0,0.004183206965173638,55,WR
2019,00-0032200,Ty Montgomery,NYJ,26.60643394934976,135.0,0,0.00040780347161565873,88,WR
2019,00-0032208,Phillip Dorsett,NE,26.652977412731005,70.0,0,0.0010776359059222046,77,WR
2019,00-0032211,Tyler Lockett,SEA,26.924024640657084,13.0,0,0.03163160531803535,24,WR
2019,00-0032355,Chester Rogers,IND,25.634496919917865,113.0,0,0.0017620981082700344,71,WR
2019,00-0032385,Sterling Shepard,NYG,26.55441478439425,48.0,0,0.01664185076322774,28,WR
2019,00-0032688,Robbie Chosen,NYJ,26.313483915126625,40.0,0,0.02394302572833373,26,WR
2019,00-0032765,Michael Thomas,NO,26.49691991786448,1.0,1,0.276291568480442,5,WR
2019,00-0032775,Demarcus Robinson,KC,24.944558521560573,69.0,0,0.0005430201869582413,85,WR
2019,00-0032778,Tajae Sharpe,TEN,24.689938398357288,85.0,0,0.0009638138846550327,79,WR
2019,00-0032791,Jakeem Grant,MIA,26.836413415468854,112.0,0,0.001086886444917441,76,WR
2019,00-0032951,Laquon Treadwell,MIN,24.216290212183434,133.0,0,0.001011631684292965,78,WR
2019,00-0032977,Rashard Higgins,CLE,24.90075290896646,153.0,0,0.0029890364190135353,62,WR
2019,00-0033009,Tyler Boyd,CIN,24.79397672826831,18.0,0,0.09634648099835164,14,WR
2019,00-0033040,Tyreek Hill,KC,25.50308008213552,32.0,0,0.38830174374183607,2,WR
2019,00-0033251,Zach Pascal,IND,24.70362765229295,52.0,0,0.0006700896555288391,83,WR
2019,00-0033282,Curtis Samuel,CAR,23.055441478439427,36.0,0,0.00865346117199714,42,WR
2019,00-0033307,Kendrick Bourne,SF,24.076659822039694,73.0,0,0.0023189326773453956,67,WR
2019,00-0033375,Tim Patrick,DEN,25.77138945927447,127.0,0,0.0006153232855720176,84,WR
2019,00-0033460,John Ross,CIN,23.761806981519506,75.0,0,0.0038621529000927865,56,WR
2019,00-0033466,Isaiah McKenzie,BUF,24.39698836413416,96.0,0,0.0017214228689242407,72,WR
2019,00-0033536,Mike Williams,LAC,24.908966461327857,41.0,0,0.006274039059709848,49,WR
2019,00-0033562,Ryan Switzer,PIT,24.82409308692676,165.0,0,0.00030416974810851065,89,WR
2019,00-0033589,David Moore,SEA,24.62696783025325,101.0,0,0.004255991840701051,54,WR
2019,00-0033681,Keelan Cole,JAX,26.36550308008213,87.0,0,0.0022199138939121015,68,WR
2019,00-0033839,Dede Westbrook,JAX,25.77686516084873,42.0,0,0.01068561565266241,34,WR
2019,00-0033857,JuJu Smith-Schuster,PIT,22.77344284736482,65.0,0,0.21778871695780117,7,WR
2019,00-0033871,Corey Davis,TEN,24.637919233401774,63.0,0,0.06386954296906781,15,WR
2019,00-0033891,Zay Jones,LV,24.424366872005475,109.0,0,0.012307418782448181,32,WR
2019,00-0033908,Cooper Kupp,LA,26.21218343600274,4.0,1,0.051331999388382225,19,WR
2019,00-0033921,Chris Godwin Jr.,TB,23.509924709103355,2.0,1,0.010387818837785818,36,WR
2019,00-0033932,Kenny Golladay,DET,25.82614647501711,9.0,0,0.060377041745213626,17,WR
2019,00-0033943,Josh Reynolds,LA,24.539356605065024,97.0,0,0.003155667794938904,60,WR
2019,00-0034272,Marquez Valdes-Scantling,GB,24.892539356605067,83.0,0,0.0023657829404650195,66,WR
2019,00-0034348,Courtland Sutton,DEN,23.89322381930185,19.0,0,0.008761910813390898,41,WR
2019,00-0034353,Anthony Miller,CHI,24.8952772073922,56.0,0,0.0021639772114222656,69,WR
2019,00-0034370,DaeSean Hamilton,DEN,24.47912388774812,95.0,0,0.0015189718281055841,74,WR
2019,00-0034510,Robert Foster,BUF,25.319644079397676,161.0,0,0.0037247807881192344,57,WR
2019,00-0034676,James Washington,PIT,23.41409993155373,54.0,0,0.0008512848142821729,81,WR
2019,00-0034764,Michael Gallup,DAL,23.49349760438056,24.0,0,0.004552149943735579,52,WR
2019,00-0034765,Tre'Quan Smith,NO,23.64955509924709,91.0,0,0.002728904100295709,64,WR
2019,00-0034772,Antonio Callaway,CLE,22.64202600958248,151.0,0,0.0063601841453278535,48,WR
2019,00-0034775,Christian Kirk,ARI,22.784394250513348,38.0,0,0.025867949517754195,25,WR
2019,00-0034777,DJ Chark,JAX,22.937713894592743,17.0,0,0.00041797979895883433,87,WR
2019,00-0034827,DJ Moore,CAR,22.38193018480493,16.0,0,0.013000640900108615,31,WR
2019,00-0034837,Calvin Ridley,ATL,24.698151950718685,27.0,0,0.014703040468157288,29,WR
2019,00-0034860,Dante Pettis,SF,23.85763175906913,132.0,0,0.0033902584807989316,59,WR
2020,00-0022921,Larry Fitzgerald,ARI,37.00479123887748,74.0,0,0.0033654299708005013,59,WR
2020,00-0025396,Ted Ginn,CHI,35.389459274469544,188.0,0,0.00020024262405695674,93,WR
2020,00-0026035,Danny Amendola,DET,34.83093771389459,71.0,0,0.001938991162412187,72,WR
2020,00-0027150,Julian Edelman,NE,34.280629705681044,110.0,0,0.039908015507672936,28,WR
2020,00-0027685,Emmanuel Sanders,NO,33.46201232032854,41.0,0,0.005605239989021499,55,WR
2020,00-0027891,Golden Tate,NYG,32.082135523613964,92.0,0,0.014187566122712797,44,WR
2020,00-0027944,Julio Jones,ATL,31.561943874058866,52.0,0,0.07492312998779917,14,WR
2020,00-0028002,Randall Cobb,HOU,30.028747433264886,75.0,0,0.0038286993054116886,57,WR
2020,00-0029000,Cole Beasley,BUF,31.351129363449694,27.0,0,0.012956607969636127,45,WR
2020,00-0029137,Alshon Jeffery,PHI,30.546201232032853,153.0,0,0.016292458532933454,42,WR
2020,00-0029293,Marvin Jones,DET,30.47501711156742,18.0,0,0.018555603918600366,37,WR
2020,00-0029608,T.Y. Hilton,IND,30.798083504449007,42.0,0,0.01676841823057953,40,WR
2020,00-0029632,Mohamed Sanu,DET,31.028062970568104,124.0,0,0.0023852086086135348,66,WR
2020,00-0030035,Adam Thielen,MIN,30.028747433264886,10.0,0,0.006521189248924934,52,WR
2020,00-0030085,Kenny Stills,HOU,28.36139630390144,137.0,0,0.003165298279794026,63,WR
2020,00-0030279,Keenan Allen,LAC,28.347707049965777,13.0,0,0.08846118251640582,10,WR
2020,00-0030431,Robert Woods,LA,28.39425051334702,13.0,0,0.07701941213651536,13,WR
2020,00-0030564,DeAndre Hopkins,ARI,28.23819301848049,4.0,1,0.2769121064202812,2,WR
2020,00-0030663,Willie Snead,BAL,27.874058863791923,85.0,0,0.0013188616498483671,78,WR
2020,00-0031051,John Brown,BUF,30.414784394250518,84.0,0,0.04897906308330105,24,WR
2020,00-0031235,Odell Beckham Jr.,CLE,27.822039698836413,91.0,0,0.060393245546419866,19,WR
2020,00-0031236,Brandin Cooks,HOU,26.93497604380561,17.0,0,0.0034667260910022785,58,WR
2020,00-0031325,Sammy Watkins,KC,27.21697467488022,88.0,0,0.017213915807008942,39,WR
2020,00-0031381,Davante Adams,GB,27.68788501026694,1.0,1,0.18226182052138168,4,WR
2020,00-0031382,Jarvis Landry,CLE,27.75906913073237,33.0,0,0.08194943680129292,12,WR
2020,00-0031408,Mike Evans,TB,27.03080082135524,11.0,0,0.11017173413314471,6,WR
2020,00-0031428,Allen Robinson,CHI,27.02258726899384,9.0,0,0.10955543279880758,7,WR
2020,00-0031544,Amari Cooper,DAL,26.209445585215605,15.0,0,0.0628630413874815,17,WR
2020,00-0031547,DeVante Parker,MIA,27.61396303901437,40.0,0,0.0411819973899268,27,WR
2020,00-0031549,Nelson Agholor,LV,27.274469541409992,34.0,0,0.006786484450309124,51,WR
2020,00-0031588,Stefon Diggs,BUF,26.757015742642025,3.0,1,0.0482475036012535,25,WR
2020,00-0031868,Damiere Byrd,NE,27.59479808350445,67.0,0,0.0017788553835333413,73,WR
2020,00-0031941,Jamison Crowder,NYJ,27.208761122518823,39.0,0,0.02792396585741961,31,WR
2020,00-0032009,Adam Humphries,TEN,27.189596167008897,109.0,0,0.0022631883487481525,67,WR
2020,00-0032054,Breshad Perriman,NYJ,26.976043805612598,78.0,0,0.003344828315993246,60,WR
2020,00-0032128,Chris Conley,JAX,27.852156057494867,82.0,0,0.005698323947255813,54,WR
2020,00-0032211,Tyler Lockett,SEA,27.926078028747437,8.0,0,0.04918265129426784,22,WR
2020,00-0032385,Sterling Shepard,NYG,27.5564681724846,43.0,0,0.03802638327696763,29,WR
2020,00-0032543,Alex Erickson,CIN,27.81930184804928,151.0,0,0.0011006827261506337,81,WR
2020,00-0032688,Robbie Chosen,CAR,27.31553730321697,19.0,0,0.016704277529168695,41,WR
2020,00-0032765,Michael Thomas,NO,27.498973305954827,95.0,0,0.6608788571598422,1,WR
2020,00-0032775,Demarcus Robinson,KC,25.94661190965092,70.0,0,0.0021975345626975345,69,WR
2020,00-0032791,Jakeem Grant,MIA,27.838466803559207,89.0,0,0.0004670370865361631,87,WR
2020,00-0032980,Marcus Johnson,IND,26.07529089664613,129.0,0,0.003330724573418038,61,WR
2020,00-0033009,Tyler Boyd,CIN,25.796030116358654,29.0,0,0.08229652166183002,11,WR
2020,00-0033040,Tyreek Hill,KC,26.50513347022587,2.0,1,0.06440762112674837,16,WR
2020,00-0033111,Pharoh Cooper,CAR,25.489390828199863,172.0,0,0.0004548046004797593,88,WR
2020,00-0033127,Will Fuller,HOU,26.379192334017795,32.0,0,0.024548969974086066,34,WR
2020,00-0033251,Zach Pascal,IND,25.7056810403833,56.0,0,0.005021617563092322,56,WR
2020,00-0033282,Curtis Samuel,CAR,24.057494866529773,24.0,0,0.01785920590958731,38,WR
2020,00-0033307,Kendrick Bourne,SF,25.078713210130047,61.0,0,0.0013225667659130089,77,WR
2020,00-0033375,Tim Patrick,DEN,26.77344284736482,44.0,0,0.0008558175652170014,83,WR
2020,00-0033466,Isaiah McKenzie,BUF,25.399041752224505,76.0,0,0.000786529047266622,84,WR
2020,00-0033471,Isaiah Ford,MIA,24.56125941136208,111.0,0,0.0009990996087472124,82,WR
2020,00-0033536,Mike Williams,LAC,25.911019849418206,48.0,0,0.010893214112456256,46,WR
2020,00-0033589,David Moore,SEA,25.6290212183436,64.0,0,0.0004388361235242803,89,WR
2020,00-0033681,Keelan Cole,JAX,27.367556468172484,47.0,0,0.0004005231232442575,92,WR
2020,00-0033857,JuJu Smith-Schuster,PIT,23.77549623545517,16.0,0,0.010341350654016082,47,WR
2020,00-0033871,Corey Davis,TEN,25.639972621492127,30.0,0,0.008777251811037572,50,WR
2020,00-0033891,Zay Jones,LV,25.426420260095824,131.0,0,0.000737118564240306,85,WR
2020,00-0033908,Cooper Kupp,LA,27.21423682409309,26.0,0,0.06194382545931521,18,WR
2020,00-0033921,Chris Godwin Jr.,TB,24.511978097193705,31.0,0,0.23469979104447106,3,WR
2020,00-0033932,Kenny Golladay,DET,26.82819986310746,102.0,0,0.049074586807793516,23,WR
2020,00-0033943,Josh Reynolds,LA,25.541409993155373,62.0,0,0.0005008054488446177,86,WR
2020,00-0034272,Marquez Valdes-Scantling,GB,25.894592744695416,55.0,0,0.0012878839972587767,79,WR
2020,00-0034353,Anthony Miller,CHI,25.897330595482547,69.0,0,0.0032847122561739535,62,WR
2020,00-0034366,Keke Coutee,HOU,23.630390143737166,87.0,0,0.0028355425756711105,65,WR
2020,00-0034370,DaeSean Hamilton,DEN,25.481177275838466,103.0,0,0.0013426641726088334,76,WR
2020,00-0034411,Russell Gage,ATL,24.61054072553046,37.0,0,0.0021351527841295616,70,WR
2020,00-0034426,Javon Wims,CHI,25.973990417522245,161.0,0,0.00042635023022275675,90,WR
2020,00-0034521,Allen Lazard,GB,24.725530458590008,80.0,0,0.003111733902373564,64,WR
2020,00-0034631,Vyncint Smith,NYJ,24.229979466119097,206.0,0,0.0004236067912166713,91,WR
2020,00-0034676,James Washington,PIT,24.41615331964408,77.0,0,0.009885298294666313,49,WR
2020,00-0034686,Auden Tate,CIN,23.575633127994525,143.0,0,0.010101320571797625,48,WR
2020,00-0034764,Michael Gallup,DAL,24.49555099247091,38.0,0,0.10106071778507565,8,WR
2020,00-0034775,Christian Kirk,ARI,23.786447638603697,51.0,0,0.09156220661382605,9,WR
2020,00-0034777,DJ Chark,JAX,23.939767282683093,49.0,0,0.07053011675127702,15,WR
2020,00-0034827,DJ Moore,CAR,23.38398357289528,25.0,0,0.13335914896200368,5,WR
2020,00-0034837,Calvin Ridley,ATL,25.700205338809035,5.0,1,0.0334293826760926,30,WR
2020,00-0034928,Steven Sims,WAS,23.42231348391513,104.0,0,0.001473435891144593,74,WR
2020,00-0034960,Jakobi Meyers,NE,23.811088295687885,53.0,0,0.0012070445376483063,80,WR
2020,00-0034983,Hunter Renfrow,LV,24.698151950718685,59.0,0,0.0059677923728551074,53,WR
2020,00-0035006,Bisi Johnson,MIN,23.460643394934976,133.0,0,0.002238208736274426,68,WR
2020,00-0035140,Mecole Hardman,KC,22.47501711156742,60.0,0,0.0020957207503449725,71,WR
2020,00-0035216,Diontae Johnson,PIT,24.15879534565366,20.0,0,0.014349461596539555,43,WR
2020,00-0035287,KeeSean Johnson,ARI,23.89596167008898,136.0,0,0.00142503724735265,75,WR
2020,00-0035350,Preston Williams,MIA,23.43326488706365,98.0,0,0.026222287029881265,32,WR
2020,00-0035535,Darius Slayton,NYG,23.63586584531143,54.0,0,0.02242971537397885,35,WR
2020,00-0035640,DK Metcalf,SEA,22.715947980835043,7.0,0,0.046912981419910196,26,WR
2020,00-0035659,Terry McLaurin,WAS,24.9637234770705,20.0,0,0.056437170069861195,20,WR
2020,00-0035662,Marquise Brown,BAL,23.24435318275154,36.0,0,0.019686298629312496,36,WR
2020,00-0035676,A.J. Brown,TEN,23.173169062286107,12.0,0,0.051987221613165,21,WR
2020,00-0035719,Deebo Samuel Sr.,SF,24.629705681040384,96.0,0,0.024700637317272987,33,WR
2021,00-0026035,Danny Amendola,HOU,35.83025325119781,105.0,0,0.0005711548977138461,90,WR
2021,00-0027685,Emmanuel Sanders,BUF,34.46132785763176,54.0,0,0.005252522777044379,63,WR
2021,00-0027793,Antonio Brown,TB,33.14442162902122,59.0,0,0.013445824741031356,44,WR
2021,00-0027942,A.J. Green,ARI,33.086926762491444,41.0,0,0.003264466977996996,75,WR
2021,00-0027944,Julio Jones,TEN,32.56125941136208,93.0,0,0.02070231856659722,36,WR
2021,00-0028002,Randall Cobb,GB,31.028062970568104,74.0,0,0.0029884200067807347,76,WR
2021,00-0029000,Cole Beasley,BUF,32.35044490075291,39.0,0,0.014380662220711434,43,WR
2021,00-0029293,Marvin Jones,JAX,31.47433264887064,34.0,0,0.017305387043075625,41,WR
2021,00-0029608,T.Y. Hilton,IND,31.797399041752225,100.0,0,0.007931614839002161,55,WR
2021,00-0030035,Adam Thielen,MIN,31.028062970568104,28.0,0,0.05217287914110835,20,WR
2021,00-0030279,Keenan Allen,LAC,29.347022587268995,11.0,0,0.09224257889430551,15,WR
2021,00-0030431,Robert Woods,LA,29.39356605065024,51.0,0,0.04459243496231785,25,WR
2021,00-0030564,DeAndre Hopkins,ARI,29.23750855578371,46.0,0,0.18955944533986838,7,WR
2021,00-0030663,Willie Snead,LV,28.87337440109514,186.0,0,0.002125978861883841,79,WR
2021,00-0031236,Brandin Cooks,HOU,27.93429158110883,20.0,0,0.09020591471417354,17,WR
2021,00-0031325,Sammy Watkins,BAL,28.216290212183434,103.0,0,0.003987239953624073,69,WR
2021,00-0031381,Davante Adams,GB,28.68720054757016,2.0,1,0.6404580586139672,1,WR
2021,00-0031382,Jarvis Landry,CLE,28.758384668035596,52.0,0,0.021608193475968297,35,WR
2021,00-0031408,Mike Evans,TB,28.030116358658454,9.0,0,0.0294486794410679,32,WR
2021,00-0031428,Allen Robinson,CHI,28.021902806297057,81.0,0,0.09898722063743592,13,WR
2021,00-0031544,Amari Cooper,DAL,27.208761122518823,27.0,0,0.04616395627665828,24,WR
2021,00-0031547,DeVante Parker,MIA,28.61327857631759,70.0,0,0.017535498550293165,39,WR
2021,00-0031549,Nelson Agholor,NE,28.27378507871321,72.0,0,0.006732346246409803,58,WR
2021,00-0031588,Stefon Diggs,BUF,27.756331279945243,7.0,0,0.4326159643535116,2,WR
2021,00-0031868,Damiere Byrd,CHI,28.594113620807665,109.0,0,0.011925313491174655,48,WR
2021,00-0031941,Jamison Crowder,NYJ,28.20807665982204,64.0,0,0.030226560486813287,31,WR
2021,00-0032054,Breshad Perriman,TB,27.97535934291581,137.0,0,0.011272340765798925,50,WR
2021,00-0032128,Chris Conley,HOU,28.851471594798085,111.0,0,0.0012951533443349345,84,WR
2021,00-0032211,Tyler Lockett,SEA,28.92539356605065,16.0,0,0.10948092464931125,12,WR
2021,00-0032385,Sterling Shepard,NYG,28.555783709787818,97.0,0,0.02239109280822915,34,WR
2021,00-0032688,Robbie Chosen,CAR,28.314852840520192,49.0,0,0.042582593580323666,27,WR
2021,00-0032775,Demarcus Robinson,KC,26.94592744695414,104.0,0,0.002199996082382663,78,WR
2021,00-0032791,Jakeem Grant,CHI,28.83778234086242,128.0,0,0.001024623968257897,86,WR
2021,00-0032977,Rashard Higgins,CLE,26.902121834360027,114.0,0,0.006166203070818969,61,WR
2021,00-0033009,Tyler Boyd,CIN,26.79534565366188,31.0,0,0.017692698938495805,38,WR
2021,00-0033040,Tyreek Hill,KC,27.50444900752909,6.0,0,0.2793044776194102,5,WR
2021,00-0033251,Zach Pascal,IND,26.704996577686515,75.0,0,0.003847028897177647,70,WR
2021,00-0033282,Curtis Samuel,WAS,25.05681040383299,179.0,0,0.027029346357729193,33,WR
2021,00-0033307,Kendrick Bourne,NE,26.078028747433265,33.0,0,0.00380975155254002,71,WR
2021,00-0033375,Tim Patrick,DEN,27.772758384668037,42.0,0,0.006420315815906838,60,WR
2021,00-0033466,Isaiah McKenzie,BUF,26.39835728952772,117.0,0,0.0005782994034189123,88,WR
2021,00-0033471,Isaiah Ford,MIA,25.560574948665295,130.0,0,0.0034493882472092213,73,WR
2021,00-0033536,Mike Williams,LAC,26.910335386721425,13.0,0,0.010193120369286561,53,WR
2021,00-0033681,Keelan Cole,NYJ,28.366872005475702,95.0,0,0.00428069956190744,67,WR
2021,00-0033733,Greg Ward,PHI,26.140999315537304,134.0,0,0.0036485335990773466,72,WR
2021,00-0033857,JuJu Smith-Schuster,PIT,24.774811772758383,133.0,0,0.04433926614770136,26,WR
2021,00-0033871,Corey Davis,NYJ,26.639288158795345,69.0,0,0.051339552534195976,21,WR
2021,00-0033908,Cooper Kupp,LA,28.213552361396303,1.0,1,0.03161134306753635,30,WR
2021,00-0033921,Chris Godwin Jr.,TB,25.51129363449692,15.0,0,0.07811621920209592,18,WR
2021,00-0033943,Josh Reynolds,DET,26.54072553045859,92.0,0,0.004786974960680599,64,WR
2021,00-0034104,Cam Sims,WAS,25.65366187542779,122.0,0,0.0019218903344794785,80,WR
2021,00-0034272,Marquez Valdes-Scantling,GB,26.89390828199863,81.0,0,0.012047908553939654,47,WR
2021,00-0034411,Russell Gage,ATL,25.60985626283368,38.0,0,0.012903711591713175,45,WR
2021,00-0034419,Braxton Berrios,NYJ,25.905544147843944,59.0,0,0.0008336113725441012,87,WR
2021,00-0034521,Allen Lazard,GB,25.724845995893222,47.0,0,0.011295190724463493,49,WR
2021,00-0034676,James Washington,PIT,25.415468856947296,110.0,0,0.0013447026522601887,82,WR
2021,00-0034764,Michael Gallup,DAL,25.49486652977413,77.0,0,0.018514156658613258,37,WR
2021,00-0034765,Tre'Quan Smith,NO,25.650924024640656,80.0,0,0.004690524729185219,65,WR
2021,00-0034775,Christian Kirk,ARI,24.78576317590691,26.0,0,0.0127366975597179,46,WR
2021,00-0034827,DJ Moore,CAR,24.383299110198493,18.0,0,0.12420681339860984,9,WR
2021,00-0034837,Calvin Ridley,ATL,26.699520876112253,102.0,0,0.15973826500629565,8,WR
2021,00-0034960,Jakobi Meyers,NE,24.810403832991103,29.0,0,0.06878783832115441,19,WR
2021,00-0034983,Hunter Renfrow,LV,25.697467488021903,10.0,0,0.004414563636805555,66,WR
2021,00-0035140,Mecole Hardman,KC,23.47433264887064,48.0,0,0.004004033029026882,68,WR
2021,00-0035208,Olamide Zaccheaus,ATL,24.109514031485283,78.0,0,0.0013083762062771752,83,WR
2021,00-0035216,Diontae Johnson,PIT,25.15811088295688,8.0,0,0.09749308672573899,14,WR
2021,00-0035298,Scott Miller,TB,24.087611225188223,157.0,0,0.0033356569773899817,74,WR
2021,00-0035350,Preston Williams,MIA,24.432580424366872,168.0,0,0.00873893420808418,54,WR
2021,00-0035414,Jalen Guyton,LAC,24.23545516769336,73.0,0,0.0025505984550530224,77,WR
2021,00-0035510,Jeff Smith,NYJ,24.36413415468857,156.0,0,0.0015451649580368286,81,WR
2021,00-0035535,Darius Slayton,NYG,24.635181382614647,106.0,0,0.017521715748605015,40,WR
2021,00-0035640,DK Metcalf,SEA,23.71526351813826,14.0,0,0.2712176774436562,6,WR
2021,00-0035659,Terry McLaurin,WAS,25.96303901437372,25.0,0,0.115638347090806,11,WR
2021,00-0035662,Marquise Brown,BAL,24.24366872005476,21.0,0,0.09205599268959098,16,WR
2021,00-0035676,A.J. Brown,TEN,24.17248459958932,32.0,0,0.28407083210048895,4,WR
2021,00-0036196,Gabe Davis,BUF,22.50513347022587,58.0,0,0.007243210253839998,56,WR
2021,00-0036252,Michael Pittman,IND,23.906913073237508,17.0,0,0.0069206578634096955,57,WR
2021,00-0036254,Collin Johnson,NYG,23.939767282683093,151.0,0,0.0005720767887723685,89,WR
2021,00-0036255,Denzel Mims,NYJ,23.89322381930185,152.0,0,0.01068190492581071,52,WR
2021,00-0036261,Brandon Aiyuk,SF,23.460643394934976,35.0,0,0.12141514230549655,10,WR
2021,00-0036268,Laviska Shenault Jr.,JAX,22.90759753593429,57.0,0,0.010834567138448927,51,WR
2021,00-0036277,Quintez Cephus,DET,23.419575633127995,120.0,0,0.001249103268749263,85,WR
2021,00-0036309,Darnell Mooney,CHI,23.84120465434634,23.0,0,0.014443160185590456,42,WR
2021,00-0036322,Justin Jefferson,MIN,22.21218343600274,4.0,1,0.2883350163832369,3,WR
2021,00-0036326,Chase Claypool,PIT,23.15400410677618,37.0,0,0.03440374058890918,29,WR
2021,00-0036357,Henry Ruggs III,LV,22.60369609856263,86.0,0,0.005403907234966842,62,WR
2021,00-0036358,CeeDee Lamb,DAL,22.40109514031485,19.0,0,0.047360734848206625,23,WR
2021,00-0036387,Jalen Reagor,PHI,22.663928815879533,96.0,0,0.006708216410054534,59,WR
2021,00-0036407,Jerry Jeudy,DEN,22.357289527720734,85.0,0,0.03443126515655591,28,WR
2021,00-0036410,Tee Higgins,CIN,22.62012320328542,24.0,0,0.0495941437040071,22,WR
2021,00-0036415,Van Jefferson,LA,25.100616016427104,36.0,0,0.00031586146959940056,91,WR
2022,00-0026189,DeSean Jackson,BAL,35.75085557837098,141.0,0,9.311164976135137e-05,97,WR
2022,00-0027942,A.J. Green,ARI,34.08624229979466,103.0,0,0.0022593248088250647,75,WR
2022,00-0027944,Julio Jones,TB,33.5605749486653,96.0,0,0.0017872296053458483,78,WR
2022,00-0028002,Randall Cobb,GB,32.02737850787132,91.0,0,0.000685341503927029,90,WR
2022,00-0029000,Cole Beasley,TB,33.34976043805612,170.0,0,0.003680567077142678,62,WR
2022,00-0029293,Marvin Jones,JAX,32.473648186173854,57.0,0,0.004339047765655711,60,WR
2022,00-0030035,Adam Thielen,MIN,32.02737850787132,30.0,0,0.01940610235146076,36,WR
2022,00-0030068,Marquise Goodwin,SEA,31.78370978781657,79.0,0,0.0002484447903755623,96,WR
2022,00-0030279,Keenan Allen,LAC,30.34633812457221,42.0,0,0.06499032916822642,19,WR
2022,00-0030431,Robert Woods,TEN,30.392881587953458,56.0,0,0.03528333042242006,29,WR
2022,00-0030564,DeAndre Hopkins,ARI,30.236824093086927,47.0,0,0.025868053584270717,32,WR
2022,00-0031236,Brandin Cooks,HOU,28.933607118412045,49.0,0,0.060231905585431664,21,WR
2022,00-0031325,Sammy Watkins,GB,29.21560574948665,120.0,0,0.0014419208084673078,81,WR
2022,00-0031381,Davante Adams,LV,29.68651608487337,3.0,1,0.36237344182847914,3,WR
2022,00-0031382,Jarvis Landry,NO,29.75770020533881,105.0,0,0.019093092679238,37,WR
2022,00-0031408,Mike Evans,TB,29.02943189596167,17.0,0,0.029028796763962257,31,WR
2022,00-0031428,Allen Robinson,LA,29.021218343600275,84.0,0,0.007507361414484526,51,WR
2022,00-0031544,Amari Cooper,CLE,28.20807665982204,10.0,0,0.01783885484041794,38,WR
2022,00-0031547,DeVante Parker,NE,29.61259411362081,70.0,0,0.036915144443035064,28,WR
2022,00-0031549,Nelson Agholor,NE,29.27310061601643,94.0,0,0.003046291736223885,66,WR
2022,00-0031588,Stefon Diggs,BUF,28.75564681724846,4.0,1,0.0999258733278057,15,WR
2022,00-0031763,DeAndre Carter,LAC,29.39356605065024,63.0,0,0.00037922741429943704,95,WR
2022,00-0031868,Damiere Byrd,ATL,29.593429158110883,114.0,0,0.0006038467105465531,92,WR
2022,00-0031941,Jamison Crowder,BUF,29.20739219712525,162.0,0,0.004100099170027423,61,WR
2022,00-0032128,Chris Conley,TEN,29.8507871321013,174.0,0,0.0005160225704809319,94,WR
2022,00-0032211,Tyler Lockett,SEA,29.924709103353862,13.0,0,0.05863172903045764,22,WR
2022,00-0032464,Kalif Raymond,DET,28.06570841889117,58.0,0,0.0028053124619678307,67,WR
2022,00-0032688,Robbie Chosen,ARI,29.31416837782341,113.0,0,0.0071936323437547444,52,WR
2022,00-0032775,Demarcus Robinson,BAL,27.94524298425736,69.0,0,0.0005561868030125879,93,WR
2022,00-0033009,Tyler Boyd,CIN,27.79466119096509,38.0,0,0.015225364465898212,42,WR
2022,00-0033040,Tyreek Hill,MIA,28.503764544832308,2.0,1,0.07252241846321976,18,WR
2022,00-0033251,Zach Pascal,PHI,27.704312114989733,128.0,0,0.0023388248897870134,74,WR
2022,00-0033307,Kendrick Bourne,NE,27.077344284736483,80.0,0,0.004382290884602574,58,WR
2022,00-0033536,Mike Williams,LAC,27.90965092402464,32.0,0,0.04222092203614395,27,WR
2022,00-0033572,Jamal Agnew,JAX,27.41409993155373,97.0,0,0.0011793816462698004,83,WR
2022,00-0033681,Keelan Cole,LV,29.36618754277892,136.0,0,0.0007158517548943172,89,WR
2022,00-0033871,Corey Davis,NYJ,27.638603696098563,76.0,0,0.015467593784740826,41,WR
2022,00-0033891,Zay Jones,JAX,27.42505133470226,26.0,0,0.0016955549214792403,79,WR
2022,00-0033908,Cooper Kupp,LA,29.21286789869952,23.0,0,0.6127368497083052,1,WR
2022,00-0033921,Chris Godwin Jr.,TB,26.510609171800137,18.0,0,0.09040420206347463,17,WR
2022,00-0033932,Kenny Golladay,NYG,28.826830937713893,146.0,0,0.002171057303164451,77,WR
2022,00-0033943,Josh Reynolds,DET,27.540041067761805,68.0,0,0.0025444476292757223,71,WR
2022,00-0034272,Marquez Valdes-Scantling,KC,27.89322381930185,54.0,0,0.004355955658507255,59,WR
2022,00-0034297,Byron Pringle,CHI,28.78850102669405,129.0,0,0.0008999331851244853,86,WR
2022,00-0034348,Courtland Sutton,DEN,26.89390828199863,43.0,0,0.009154959636968529,48,WR
2022,00-0034407,Ray-Ray McCloud,SF,25.87816563997262,108.0,0,0.000781671989223331,87,WR
2022,00-0034411,Russell Gage,TB,26.60917180013689,53.0,0,0.046277529628694386,26,WR
2022,00-0034418,Cedrick Wilson Jr.,MIA,26.781656399726216,139.0,0,0.0026148898387391315,68,WR
2022,00-0034419,Braxton Berrios,NYJ,26.90485968514716,109.0,0,0.0009528835195060206,85,WR
2022,00-0034521,Allen Lazard,GB,26.72416153319644,34.0,0,0.005178175038029026,56,WR
2022,00-0034764,Michael Gallup,DAL,26.494182067077343,66.0,0,0.01559479587439534,40,WR
2022,00-0034765,Tre'Quan Smith,NO,26.650239561943877,112.0,0,0.005487461197131955,54,WR
2022,00-0034775,Christian Kirk,JAX,25.78507871321013,12.0,0,0.01760391508287125,39,WR
2022,00-0034827,DJ Moore,CAR,25.38261464750171,24.0,0,0.11054650279664512,11,WR
2022,00-0034960,Jakobi Meyers,NE,25.80971937029432,28.0,0,0.05018604174014038,25,WR
2022,00-0034983,Hunter Renfrow,LV,26.69678302532512,92.0,0,0.025333044907343085,34,WR
2022,00-0035140,Mecole Hardman,KC,24.47364818617385,78.0,0,0.003377200727204054,65,WR
2022,00-0035208,Olamide Zaccheaus,ATL,25.1088295687885,65.0,0,0.001343680078898538,82,WR
2022,00-0035215,Deonte Harty,NO,24.7419575633128,199.0,0,0.004735752062079051,57,WR
2022,00-0035216,Diontae Johnson,PIT,26.15742642026009,29.0,0,0.20228897120386116,6,WR
2022,00-0035535,Darius Slayton,NYG,25.634496919917865,52.0,0,0.0023893660015168474,72,WR
2022,00-0035640,DK Metcalf,SEA,24.71457905544148,16.0,0,0.10130516945712802,13,WR
2022,00-0035659,Terry McLaurin,WAS,26.96235455167693,14.0,0,0.05830494326134288,23,WR
2022,00-0035662,Marquise Brown,ARI,25.24298425735797,44.0,0,0.1116595647786418,10,WR
2022,00-0035676,A.J. Brown,PHI,25.17180013689254,6.0,0,0.12417823888128464,9,WR
2022,00-0035719,Deebo Samuel Sr.,SF,26.628336755646817,37.0,0,0.3123651970641832,4,WR
2022,00-0036182,Nick Westbrook-Ikhine,TEN,25.44832306639288,89.0,0,0.0022238899520448997,76,WR
2022,00-0036196,Gabe Davis,BUF,23.50444900752909,35.0,0,0.0035647951217477377,63,WR
2022,00-0036219,Marquez Callaway,NO,24.432580424366872,127.0,0,0.012655358203493259,46,WR
2022,00-0036233,Donovan Peoples-Jones,CLE,23.53182751540041,39.0,0,0.01228184565162723,47,WR
2022,00-0036252,Michael Pittman,IND,24.90622861054073,20.0,0,0.107871123054843,12,WR
2022,00-0036259,Jauan Jennings,SF,25.144421629021217,90.0,0,0.0010179858088392789,84,WR
2022,00-0036261,Brandon Aiyuk,SF,24.459958932238195,15.0,0,0.013297103078193262,43,WR
2022,00-0036268,Laviska Shenault Jr.,CAR,23.906913073237508,95.0,0,0.007512889116759302,50,WR
2022,00-0036271,Quez Watkins,PHI,24.229979466119097,85.0,0,0.0035349977406004445,64,WR
2022,00-0036309,Darnell Mooney,CHI,24.84052019164956,72.0,0,0.10015239888589689,14,WR
2022,00-0036322,Justin Jefferson,MIN,23.211498973305957,1.0,1,0.42480078994826337,2,WR
2022,00-0036326,Chase Claypool,PIT,24.1533196440794,67.0,0,0.02533697139124479,33,WR
2022,00-0036331,Devin Duvernay,BAL,24.969199178644764,59.0,0,0.0007396900820020638,88,WR
2022,00-0036345,K.J. Osborn,MIN,25.22655715263518,45.0,0,0.006364938964081737,53,WR
2022,00-0036358,CeeDee Lamb,DAL,23.40041067761807,5.0,1,0.09576019707110138,16,WR
2022,00-0036365,Bryan Edwards,ATL,23.80013689253936,186.0,0,0.0026111345538514666,69,WR
2022,00-0036387,Jalen Reagor,MIN,23.66324435318275,138.0,0,0.0023836503347137014,73,WR
2022,00-0036407,Jerry Jeudy,DEN,23.35660506502396,22.0,0,0.021993818111443138,35,WR
2022,00-0036410,Tee Higgins,CIN,23.61943874058864,19.0,0,0.12829049404533033,8,WR
2022,00-0036415,Van Jefferson,LA,26.09993155373032,93.0,0,0.00901185422937237,49,WR
2022,00-0036550,Rashod Bateman,BAL,22.757015742642025,111.0,0,0.012669632222781299,45,WR
2022,00-0036554,Nico Collins,HOU,23.45516769336071,77.0,0,0.002591278964112965,70,WR
2022,00-0036613,Jaylen Waddle,MIA,23.76728268309377,8.0,0,0.13003445289629606,7,WR
2022,00-0036900,Ja'Marr Chase,CIN,22.50239561943874,11.0,0,0.2453689500874751,5,WR
2022,00-0036912,DeVonta Smith,PHI,23.797399041752225,9.0,0,0.05284561158430461,24,WR
2022,00-0036913,Kadarius Toney,KC,23.59479808350445,106.0,0,0.013095497624369488,44,WR
2022,00-0036936,Rondale Moore,ARI,22.22861054072553,83.0,0,0.0054738054980943375,55,WR
2022,00-0036955,Terrace Marshall Jr.,CAR,22.22861054072553,88.0,0,0.0006556411772276592,91,WR
2022,00-0036963,Amon-Ra St. Brown,DET,22.855578370978783,7.0,0,0.0637281678110891,20,WR
2022,00-0036980,Elijah Moore,NYJ,22.431211498973305,81.0,0,0.03208493475979337,30,WR
2022,00-0036988,Josh Palmer,LAC,22.94318959616701,36.0,0,0.0014740906740639455,80,WR
2023,00-0027944,Julio Jones,PHI,34.55989048596852,130.0,0,0.0004858121930256589,96,WR
2023,00-0028002,Randall Cobb,NYJ,33.02669404517454,164.0,0,0.0004217519535938898,98,WR
2023,00-0029293,Marvin Jones,DET,33.47296372347707,185.0,0,0.001254244557011565,84,WR
2023,00-0030035,Adam Thielen,CAR,33.02669404517454,17.0,0,0.0040002509855122095,66,WR
2023,00-0030068,Marquise Goodwin,CLE,32.78302532511978,168.0,0,0.00046972142217683585,97,WR
2023,00-0030279,Keenan Allen,LAC,31.345653661875428,8.0,0,0.04082104264370543,26,WR
2023,00-0030431,Robert Woods,HOU,31.392197125256672,76.0,0,0.00262866980301758,73,WR
2023,00-0030564,DeAndre Hopkins,TEN,31.236139630390145,22.0,0,0.14573395793862162,11,WR
2023,00-0031236,Brandin Cooks,DAL,29.932922655715263,38.0,0,0.018383457696587384,43,WR
2023,00-0031381,Davante Adams,LV,30.68583162217659,10.0,0,0.28374856748819066,5,WR
2023,00-0031408,Mike Evans,TB,30.028747433264886,7.0,0,0.029367954382085268,35,WR
2023,00-0031428,Allen Robinson,PIT,30.02053388090349,96.0,0,0.004251313929903942,65,WR
2023,00-0031544,Amari Cooper,CLE,29.20739219712525,20.0,0,0.05494883120609042,23,WR
2023,00-0031547,DeVante Parker,NE,30.611909650924023,88.0,0,0.0027736491111090052,72,WR
2023,00-0031549,Nelson Agholor,BAL,30.272416153319643,71.0,0,0.0007773182255713762,89,WR
2023,00-0031588,Stefon Diggs,BUF,29.75496235455168,9.0,0,0.16725006345016072,9,WR
2023,00-0031763,DeAndre Carter,LV,30.392881587953458,176.0,0,0.0006522358078165986,94,WR
2023,00-0032211,Tyler Lockett,SEA,30.924024640657084,32.0,0,0.03969283876456429,28,WR
2023,00-0032398,Chris Moore,TEN,30.209445585215605,92.0,0,0.0015217098427838325,80,WR
2023,00-0032464,Kalif Raymond,DET,29.065023956194388,70.0,0,0.0009018216566590637,87,WR
2023,00-0032688,Robbie Chosen,MIA,30.313483915126625,151.0,0,0.0006636058822137496,93,WR
2023,00-0032775,Demarcus Robinson,LA,28.944558521560573,79.0,0,0.0017241470186501896,78,WR
2023,00-0033009,Tyler Boyd,CIN,28.79397672826831,49.0,0,0.004578251837498492,63,WR
2023,00-0033040,Tyreek Hill,MIA,29.50308008213552,2.0,1,0.2596760153351732,6,WR
2023,00-0033282,Curtis Samuel,WAS,27.055441478439427,43.0,0,0.006920008726407199,56,WR
2023,00-0033307,Kendrick Bourne,NE,28.076659822039694,69.0,0,0.0005798097640468761,95,WR
2023,00-0033466,Isaiah McKenzie,IND,28.39698836413416,160.0,0,0.001318226078847683,82,WR
2023,00-0033555,Mack Hollins,ATL,29.95756331279945,119.0,0,0.00607027785031686,59,WR
2023,00-0033572,Jamal Agnew,JAX,28.413415468856947,122.0,0,0.00014335358156994732,102,WR
2023,00-0033591,Noah Brown,HOU,27.652292950034223,67.0,0,0.002323856377298217,75,WR
2023,00-0033857,JuJu Smith-Schuster,NE,26.77344284736482,97.0,0,0.01143734193357155,48,WR
2023,00-0033891,Zay Jones,JAX,28.424366872005475,84.0,0,0.024788321982796548,36,WR
2023,00-0033908,Cooper Kupp,LA,30.21218343600274,40.0,0,0.41118473494682184,3,WR
2023,00-0033921,Chris Godwin Jr.,TB,27.509924709103355,28.0,0,0.03730622157953877,30,WR
2023,00-0033943,Josh Reynolds,DET,28.539356605065024,55.0,0,0.003778794917999355,68,WR
2023,00-0034272,Marquez Valdes-Scantling,KC,28.892539356605067,106.0,0,0.002286510014986706,76,WR
2023,00-0034279,Equanimeous St. Brown,CHI,26.91854893908282,171.0,0,0.0008343927102676773,88,WR
2023,00-0034286,Richie James,KC,27.98904859685147,158.0,0,0.0023392313488358072,74,WR
2023,00-0034348,Courtland Sutton,DEN,27.89322381930185,35.0,0,0.01913723586527234,42,WR
2023,00-0034386,Justin Watson,KC,27.408624229979463,77.0,0,0.0002897051664332058,101,WR
2023,00-0034419,Braxton Berrios,MIA,27.904175222450377,104.0,0,0.00012346655651355686,104,WR
2023,00-0034487,Trent Sherfield,BUF,27.512662559890487,149.0,0,0.0007670257715295613,90,WR
2023,00-0034521,Allen Lazard,NYJ,27.72347707049966,101.0,0,0.022196394716047972,38,WR
2023,00-0034646,Brandon Powell,MIN,27.969883641341543,91.0,0,0.00012929947071850688,103,WR
2023,00-0034764,Michael Gallup,DAL,27.49349760438056,78.0,0,0.0054588417147610245,60,WR
2023,00-0034775,Christian Kirk,JAX,26.784394250513348,47.0,0,0.05201033929548782,24,WR
2023,00-0034777,DJ Chark,CAR,26.937713894592743,59.0,0,0.007296802150527453,52,WR
2023,00-0034827,DJ Moore,CHI,26.38193018480493,6.0,0,0.08760964971174712,13,WR
2023,00-0034960,Jakobi Meyers,LV,26.809034907597532,24.0,0,0.03969251930517324,29,WR
2023,00-0034983,Hunter Renfrow,LV,27.696098562628336,114.0,0,0.0038898408002553918,67,WR
2023,00-0035140,Mecole Hardman,KC,25.472963723477072,146.0,0,0.0067053346464765245,57,WR
2023,00-0035208,Olamide Zaccheaus,PHI,26.10814510609172,126.0,0,0.004704733093798019,62,WR
2023,00-0035216,Diontae Johnson,PIT,27.156741957563312,45.0,0,0.032884270991502484,33,WR
2023,00-0035298,Scott Miller,ATL,26.086242299794662,125.0,0,0.00039614423265101956,99,WR
2023,00-0035500,Greg Dortch,ARI,25.259411362080765,93.0,0,0.0012663571025145319,83,WR
2023,00-0035535,Darius Slayton,NYG,26.633812457221083,46.0,0,0.017092622104682095,45,WR
2023,00-0035639,Parris Campbell,NYG,26.127310061601644,141.0,0,0.0070772032403693475,54,WR
2023,00-0035640,DK Metcalf,SEA,25.71389459274469,21.0,0,0.05644290112954027,22,WR
2023,00-0035659,Terry McLaurin,WAS,27.96167008898015,31.0,0,0.04144294733624772,25,WR
2023,00-0035662,Marquise Brown,ARI,26.24229979466119,52.0,0,0.07760982063509232,16,WR
2023,00-0035676,A.J. Brown,PHI,26.17111567419576,5.0,1,0.2293787306955568,7,WR
2023,00-0035719,Deebo Samuel Sr.,SF,27.627652292950035,15.0,0,0.031847843239363,34,WR
2023,00-0036165,Isaiah Hodgins,NYG,24.862422997946613,102.0,0,0.017164308853051678,44,WR
2023,00-0036182,Nick Westbrook-Ikhine,TEN,26.4476386036961,80.0,0,0.0015197919867402003,81,WR
2023,00-0036196,Gabe Davis,BUF,24.503764544832308,41.0,0,0.03456528233096689,32,WR
2023,00-0036233,Donovan Peoples-Jones,DET,24.531143052703623,143.0,0,0.022829273919478643,37,WR
2023,00-0036252,Michael Pittman,IND,25.905544147843944,13.0,0,0.08112764041834275,14,WR
2023,00-0036259,Jauan Jennings,SF,26.143737166324435,110.0,0,0.0011533585402105243,86,WR
2023,00-0036261,Brandon Aiyuk,SF,25.45927446954141,14.0,0,0.06274873633569893,18,WR
2023,00-0036268,Laviska Shenault Jr.,CAR,24.90622861054073,156.0,0,0.0007067679168712137,91,WR
2023,00-0036271,Quez Watkins,PHI,25.229295003422312,132.0,0,0.0011941453355413766,85,WR
2023,00-0036309,Darnell Mooney,CHI,25.83983572895277,83.0,0,0.05870662200397922,21,WR
2023,00-0036322,Justin Jefferson,MIN,24.21081451060917,33.0,0,0.5481399934841619,1,WR
2023,00-0036326,Chase Claypool,MIA,25.15263518138261,155.0,0,0.007225217671690233,53,WR
2023,00-0036331,Devin Duvernay,BAL,25.968514715947983,182.0,0,0.003635189660270109,70,WR
2023,00-0036345,K.J. Osborn,MIN,26.2258726899384,57.0,0,0.006099949262906909,58,WR
2023,00-0036358,CeeDee Lamb,DAL,24.399726214921287,1.0,1,0.335410463985196,4,WR
2023,00-0036407,Jerry Jeudy,DEN,24.35592060232717,50.0,0,0.035849703864845844,31,WR
2023,00-0036410,Tee Higgins,CIN,24.618754277891856,51.0,0,0.08093719921260328,15,WR
2023,00-0036415,Van Jefferson,ATL,27.09924709103354,121.0,0,0.010679425355201244,49,WR
2023,00-0036554,Nico Collins,HOU,24.45448323066393,12.0,0,0.02140261259451025,40,WR
2023,00-0036613,Jaylen Waddle,MIA,24.76659822039699,34.0,0,0.061159574210924945,20,WR
2023,00-0036849,Tutu Atwell,LA,23.90143737166325,62.0,0,0.0016810809287287009,79,WR
2023,00-0036862,Ben Skowronek,LA,26.17932922655715,156.0,0,0.0036380005080122626,69,WR
2023,00-0036900,Ja'Marr Chase,CIN,23.50171115674196,11.0,0,0.5322313418325457,2,WR
2023,00-0036912,DeVonta Smith,PHI,24.79671457905544,19.0,0,0.15137349743509387,10,WR
2023,00-0036936,Rondale Moore,ARI,23.227926078028748,66.0,0,0.03977248434976846,27,WR
2023,00-0036955,Terrace Marshall Jr.,CAR,23.227926078028748,137.0,0,0.007013605248222225,55,WR
2023,00-0036963,Amon-Ra St. Brown,DET,23.854893908282,3.0,1,0.19757146110884174,8,WR
2023,00-0036980,Elijah Moore,CLE,23.430527036276523,54.0,0,0.0036144964991779846,71,WR
2023,00-0036988,Josh Palmer,LAC,23.942505133470227,65.0,0,0.02169072711634567,39,WR
2023,00-0037238,Drake London,ATL,22.105407255304584,37.0,0,0.07528120374470414,17,WR
2023,00-0037239,Chris Olave,NO,23.17864476386037,16.0,0,0.09486535591892382,12,WR
2023,00-0037247,George Pickens,PIT,22.494182067077343,29.0,0,0.014160763210393263,46,WR
2023,00-0037257,David Bell,CLE,22.713210130047912,113.0,0,0.0006915361996247441,92,WR
2023,00-0037545,Rashid Shaheed,NO,25.00205338809035,42.0,0,0.0022507105830104237,77,WR
2023,00-0037664,Alec Pierce,IND,23.33196440793977,73.0,0,0.005132812079618206,61,WR
2023,00-0037740,Garrett Wilson,NYJ,23.110198494182068,26.0,0,0.06141336406010889,19,WR
2023,00-0037741,Jahan Dotson,WAS,23.444216290212182,56.0,0,0.01915919332527458,41,WR
2023,00-0037742,Treylon Burks,TEN,23.44147843942505,123.0,0,0.010102018975204083,50,WR
2023,00-0037816,Romeo Doubs,GB,23.38398357289528,36.0,0,0.00835410260527367,51,WR
2023,00-0038090,Skyy Moore,KC,22.973305954825463,107.0,0,0.00039457303795904075,100,WR
2023,00-0038104,Tyquan Thornton,NE,23.066392881587955,147.0,0,0.0044071416773624715,64,WR
2023,00-0038124,Christian Watson,GB,24.306639288158795,68.0,0,0.012412627604327429,47,WR
2024,00-0030035,Adam Thielen,CAR,34.02874743326489,52.0,0,0.011544088303033719,45,WR
2024,00-0030279,Keenan Allen,CHI,32.34770704996578,34.0,0,0.4010310902150238,5,WR
2024,00-0030431,Robert Woods,HOU,32.394250513347025,121.0,0,0.0013111165084577854,83,WR
2024,00-0030564,DeAndre Hopkins,KC,32.238193018480494,48.0,0,0.03830944881785323,25,WR
2024,00-0031235,Odell Beckham Jr.,MIA,31.822039698836413,158.0,0,0.0026695201240762778,71,WR
2024,00-0031236,Brandin Cooks,DAL,30.93497604380561,96.0,0,0.006665509370016284,54,WR
2024,00-0031381,Davante Adams,NYJ,31.68788501026694,11.0,0,0.11200487756573703,14,WR
2024,00-0031408,Mike Evans,TB,31.03080082135524,14.0,0,0.06263543570356686,21,WR
2024,00-0031428,Allen Robinson,DET,31.02258726899384,185.0,0,0.0006762079311669615,94,WR
2024,00-0031544,Amari Cooper,BUF,30.209445585215605,63.0,0,0.0555539568418418,22,WR
2024,00-0031549,Nelson Agholor,BAL,31.274469541409992,116.0,0,0.0008511740565486176,90,WR
2024,00-0031588,Stefon Diggs,HOU,30.757015742642025,64.0,0,0.13454291113689887,13,WR
2024,00-0032211,Tyler Lockett,SEA,31.926078028747437,66.0,0,0.015490013429359637,40,WR
2024,00-0032464,Kalif Raymond,DET,30.067077344284737,109.0,0,0.0007560620838560886,92,WR
2024,00-0032775,Demarcus Robinson,LA,29.94661190965092,62.0,0,0.004450481018141213,62,WR
2024,00-0033009,Tyler Boyd,TEN,29.796030116358654,93.0,0,0.0035298467566338134,67,WR
2024,00-0033040,Tyreek Hill,MIA,30.50513347022587,18.0,0,0.5659382086498297,2,WR
2024,00-0033282,Curtis Samuel,BUF,28.057494866529773,102.0,0,0.005132901300365578,58,WR
2024,00-0033307,Kendrick Bourne,NE,29.078713210130047,99.0,0,0.008120860654835055,52,WR
2024,00-0033555,Mack Hollins,BUF,30.9596167008898,80.0,0,0.0003412573641104304,103,WR
2024,00-0033591,Noah Brown,WAS,28.65434633812457,87.0,0,0.004695480890454797,60,WR
2024,00-0033857,JuJu Smith-Schuster,KC,27.77549623545517,113.0,0,0.001299750840947949,84,WR
2024,00-0033891,Zay Jones,ARI,29.426420260095824,149.0,0,0.0038939494820946744,65,WR
2024,00-0033908,Cooper Kupp,LA,31.21423682409309,38.0,0,0.029361768198981338,28,WR
2024,00-0033921,Chris Godwin Jr.,TB,28.511978097193705,53.0,0,0.02205582172828623,34,WR
2024,00-0033943,Josh Reynolds,DEN,29.541409993155373,120.0,0,0.0015512666531502307,77,WR
2024,00-0034272,Marquez Valdes-Scantling,NO,29.894592744695416,89.0,0,0.0005256619595650987,96,WR
2024,00-0034348,Courtland Sutton,DEN,28.8952772073922,15.0,0,0.013495622154651497,41,WR
2024,00-0034386,Justin Watson,KC,28.410677618069816,104.0,0,0.001348121940462855,80,WR
2024,00-0034418,Cedrick Wilson Jr.,NO,28.78302532511978,115.0,0,0.0012670174881457652,85,WR
2024,00-0034419,Braxton Berrios,MIA,28.90622861054073,218.0,0,0.0004713022213812113,101,WR
2024,00-0034521,Allen Lazard,NYJ,28.725530458590008,59.0,0,0.0006399648717532354,95,WR
2024,00-0034646,Brandon Powell,MIN,28.971937029431896,160.0,0,0.00028865579723291306,104,WR
2024,00-0034775,Christian Kirk,JAX,27.786447638603697,95.0,0,0.030142346557268437,27,WR
2024,00-0034777,DJ Chark,LAC,27.939767282683093,165.0,0,0.0032261745416498344,69,WR
2024,00-0034827,DJ Moore,CHI,27.38398357289528,16.0,0,0.25084422878039864,7,WR
2024,00-0034837,Calvin Ridley,TEN,29.700205338809035,28.0,0,0.012563371627717035,43,WR
2024,00-0034960,Jakobi Meyers,LV,27.811088295687885,19.0,0,0.025732462950870272,31,WR
2024,00-0035216,Diontae Johnson,CAR,28.15879534565366,86.0,0,0.01958580040752763,36,WR
2024,00-0035341,Trenton Irwin,CIN,28.72826830937714,193.0,0,0.0004889505978533208,100,WR
2024,00-0035500,Greg Dortch,ARI,26.261464750171115,85.0,0,0.0006854128761632388,93,WR
2024,00-0035535,Darius Slayton,NYG,27.63586584531143,73.0,0,0.005947085095774946,57,WR
2024,00-0035640,DK Metcalf,SEA,26.715947980835043,32.0,0,0.034937082049250966,26,WR
2024,00-0035659,Terry McLaurin,WAS,28.9637234770705,7.0,0,0.029035569963297644,29,WR
2024,00-0035676,A.J. Brown,PHI,27.173169062286107,20.0,0,0.2522974066882311,6,WR
2024,00-0035719,Deebo Samuel Sr.,SF,28.629705681040384,44.0,0,0.045209554167706674,24,WR
2024,00-0036182,Nick Westbrook-Ikhine,TEN,27.449691991786448,54.0,0,0.0009400351023068445,88,WR
2024,00-0036196,Gabe Davis,JAX,25.505817932922657,111.0,0,0.009788976201361014,50,WR
2024,00-0036252,Michael Pittman,IND,26.90759753593429,41.0,0,0.20398455590292994,9,WR
2024,00-0036259,Jauan Jennings,SF,27.145790554414784,24.0,0,0.0009313550089673201,89,WR
2024,00-0036261,Brandon Aiyuk,SF,26.46132785763176,105.0,0,0.16057940062563003,12,WR
2024,00-0036309,Darnell Mooney,ATL,26.84188911704312,31.0,0,0.001964721281684793,76,WR
2024,00-0036322,Justin Jefferson,MIN,25.21286789869952,2.0,1,0.23514829216226843,8,WR
2024,00-0036345,K.J. Osborn,NE,27.227926078028748,144.0,0,0.00214201381047048,73,WR
2024,00-0036358,CeeDee Lamb,DAL,25.40177960301164,8.0,0,0.6950375645570158,1,WR
2024,00-0036407,Jerry Jeudy,CLE,25.357973990417523,12.0,0,0.02021116781533028,35,WR
2024,00-0036410,Tee Higgins,CIN,25.620807665982205,17.0,0,0.01713500626863104,39,WR
2024,00-0036415,Van Jefferson,PIT,28.10130047912389,103.0,0,0.0005246963759783157,97,WR
2024,00-0036550,Rashod Bateman,BAL,24.758384668035596,40.0,0,0.003894085368527507,64,WR
2024,00-0036554,Nico Collins,HOU,25.45653661875428,23.0,0,0.08870220674623926,18,WR
2024,00-0036613,Jaylen Waddle,MIA,25.76865160848734,46.0,0,0.08886866021814223,17,WR
2024,00-0036849,Tutu Atwell,LA,24.903490759753595,79.0,0,0.0073498249996955915,53,WR
2024,00-0036900,Ja'Marr Chase,CIN,24.503764544832308,1.0,1,0.17666401392609277,10,WR
2024,00-0036912,DeVonta Smith,PHI,25.79876796714579,27.0,0,0.10326972954026892,16,WR
2024,00-0036955,Terrace Marshall Jr.,LV,24.229979466119097,177.0,0,0.0010877043085718234,86,WR
2024,00-0036963,Amon-Ra St. Brown,DET,24.856947296372347,3.0,1,0.4636641041616977,3,WR
2024,00-0036980,Elijah Moore,CLE,24.432580424366872,67.0,0,0.011421652418487077,46,WR
2024,00-0036988,Josh Palmer,LAC,24.944558521560573,74.0,0,0.009030674391630121,51,WR
2024,00-0037238,Drake London,ATL,23.107460643394933,5.0,1,0.025901298033272287,30,WR
2024,00-0037239,Chris Olave,NO,24.18069815195072,94.0,0,0.16615605873664474,11,WR
2024,00-0037240,Jameson Williams,DET,23.43600273785079,22.0,0,0.0032989018522251216,68,WR
2024,00-0037247,George Pickens,PIT,23.49623545516769,42.0,0,0.0494747047914198,23,WR
2024,00-0037261,Khalil Shakir,BUF,24.577686516084874,37.0,0,0.002391767352920741,72,WR
2024,00-0037545,Rashid Shaheed,NO,26.0041067761807,90.0,0,0.010746718440293436,49,WR
2024,00-0037614,John Metchie III,HOU,24.123203285420946,110.0,0,0.00039779554312074304,102,WR
2024,00-0037664,Alec Pierce,IND,24.33401779603012,43.0,0,0.003801928586418234,66,WR
2024,00-0037666,Jalen Tolbert,DAL,25.51129363449692,45.0,0,0.0009856972836464015,87,WR
2024,00-0037740,Garrett Wilson,NYJ,24.112251882272417,10.0,0,0.11174136559015829,15,WR
2024,00-0037741,Jahan Dotson,PHI,24.44626967830253,118.0,0,0.0046596633691609384,61,WR
2024,00-0037742,Treylon Burks,TEN,24.4435318275154,174.0,0,0.0013252831665266664,81,WR
2024,00-0037816,Romeo Doubs,GB,24.386036960985628,56.0,0,0.012788723202132006,42,WR
2024,00-0037837,Calvin Austin III,PIT,25.44284736481862,68.0,0,0.0005028045607718629,99,WR
2024,00-0038117,Wan'Dale Robinson,NYG,23.655030800821358,36.0,0,0.011362571206264757,47,WR
2024,00-0038124,Christian Watson,GB,25.308692676249144,76.0,0,0.011932167461619446,44,WR
2024,00-0038393,Dontayvion Wicks,GB,23.211498973305957,72.0,0,0.003991460675302508,63,WR
2024,00-0038496,Xavier Gipson,NYJ,23.485284052019164,149.0,0,0.0005242785493834376,98,WR
2024,00-0038543,Jaxon Smith-Njigba,SEA,22.546201232032853,9.0,0,0.010839672899096276,48,WR
2024,00-0038544,Quentin Johnston,LAC,22.98699520876112,39.0,0,0.0020500602480484696,75,WR
2024,00-0038559,Michael Wilson,ARI,24.522929500342237,61.0,0,0.004828038871243283,59,WR
2024,00-0038563,Tre Tucker,LV,23.485284052019164,58.0,0,0.0013179591074253324,82,WR
2024,00-0038621,DeMario Douglas,NE,23.731690622861056,47.0,0,0.006030258042925175,56,WR
2024,00-0038938,Jalin Hyatt,NYG,22.93497604380561,159.0,0,0.002060324238410216,74,WR
2024,00-0038941,Tyler Scott,CHI,22.888432580424368,212.0,0,0.0008400837303862193,91,WR
2024,00-0038976,Marvin Mims Jr.,DEN,22.455852156057496,57.0,0,0.0014629330833528932,78,WR
2024,00-0038977,Tank Dell,HOU,24.843258042436688,51.0,0,0.07593065155420606,19,WR
2024,00-0038979,Cedric Tillman,CLE,24.369609856262837,91.0,0,0.0013623747706168173,79,WR
2024,00-0038994,Jordan Addison,MIN,22.595482546201232,21.0,0,0.025591042789848036,32,WR
2024,00-0038997,Josh Downs,IND,23.055441478439427,35.0,0,0.01936739378024176,37,WR
2024,00-0039052,Trey Palmer,TB,23.416837782340863,125.0,0,0.002801367582206642,70,WR
2024,00-0039062,Jonathan Mingo,CAR,23.367556468172484,129.0,0,0.006085293360517541,55,WR
2024,00-0039064,Zay Flowers,BAL,23.97262149212868,25.0,0,0.07419496033486447,20,WR
2024,00-0039067,Rashee Rice,KC,24.36139630390144,100.0,0,0.01795042459224112,38,WR
2024,00-0039075,Puka Nacua,LA,23.260780287474333,26.0,0,0.4306955895112069,4,WR
2024,00-0039146,Jayden Reed,GB,24.34496919917865,29.0,0,0.02546425091318253,33,WR
2025,00-0030035,Adam Thielen,MIN,35.0280629705681,120.0,0,0.010433083325165265,49,WR
2025,00-0030279,Keenan Allen,LAC,33.347022587268995,29.0,0,0.03137010234060735,36,WR
2025,00-0030564,DeAndre Hopkins,BAL,33.23750855578371,93.0,0,0.002031459354751109,77,WR
2025,00-0031236,Brandin Cooks,NO,31.93429158110883,106.0,0,0.0016575640973539832,80,WR
2025,00-0031381,Davante Adams,LA,32.68720054757016,9.0,0,0.09035277461326209,17,WR
2025,00-0031408,Mike Evans,TB,32.030116358658454,75.0,0,0.06545773484903882,22,WR
2025,00-0031588,Stefon Diggs,NE,31.756331279945243,17.0,0,0.03153317293329551,35,WR
2025,00-0032211,Tyler Lockett,LV,32.92539356605065,92.0,0,0.0007761868807002471,90,WR
2025,00-0032385,Sterling Shepard,TB,32.55578370978782,80.0,0,0.0007119412025262314,93,WR
2025,00-0032775,Demarcus Robinson,SF,30.94592744695414,99.0,0,0.0013229481422793142,83,WR
2025,00-0033040,Tyreek Hill,MIA,31.50444900752909,104.0,0,0.015549933658501278,43,WR
2025,00-0033282,Curtis Samuel,BUF,29.05681040383299,150.0,0,0.0006538560122229849,94,WR
2025,00-0033307,Kendrick Bourne,SF,30.078028747433265,68.0,0,0.0007797188492000431,89,WR
2025,00-0033375,Tim Patrick,JAX,31.772758384668037,107.0,0,0.0004285722087982657,101,WR
2025,00-0033555,Mack Hollins,NE,31.958932238193015,58.0,0,0.0004697155653146586,100,WR
2025,00-0033591,Noah Brown,WAS,29.65366187542779,173.0,0,0.006219762506153306,59,WR
2025,00-0033908,Cooper Kupp,SEA,32.2135523613963,55.0,0,0.04691954454666683,29,WR
2025,00-0034272,Marquez Valdes-Scantling,PIT,30.89390828199863,130.0,0,0.0012867315424108913,84,WR
2025,00-0034348,Courtland Sutton,DEN,29.894592744695416,13.0,0,0.06370977770250486,23,WR
2025,00-0034407,Ray-Ray McCloud,ATL,28.878850102669404,170.0,0,0.005434141752635925,62,WR
2025,00-0034521,Allen Lazard,NYJ,29.724845995893222,149.0,0,0.0038371909791501875,66,WR
2025,00-0034775,Christian Kirk,HOU,28.78576317590691,100.0,0,0.009584984462944875,52,WR
2025,00-0034827,DJ Moore,CHI,28.383299110198493,34.0,0,0.04958401951164917,27,WR
2025,00-0034837,Calvin Ridley,TEN,30.699520876112253,116.0,0,0.029345797328634373,37,WR
2025,00-0034960,Jakobi Meyers,JAX,28.810403832991103,32.0,0,0.04901885046212937,28,WR
2025,00-0035208,Olamide Zaccheaus,CHI,28.109514031485283,75.0,0,0.0012554549127625555,85,WR
2025,00-0035406,Lil'Jordan Humphrey,DEN,27.370294318959616,128.0,0,0.0007686047187813752,91,WR
2025,00-0035500,Greg Dortch,ARI,27.260780287474333,84.0,0,0.0005777145159623981,98,WR
2025,00-0035535,Darius Slayton,NYG,28.635181382614647,63.0,0,0.002326643650753083,75,WR
2025,00-0035640,DK Metcalf,PIT,27.71526351813826,26.0,0,0.04122479450359148,32,WR
2025,00-0035659,Terry McLaurin,WAS,29.96303901437372,56.0,0,0.06696376632363354,20,WR
2025,00-0035676,A.J. Brown,PHI,28.17248459958932,11.0,0,0.4432690277333887,3,WR
2025,00-0035719,Deebo Samuel Sr.,WAS,29.6290212183436,25.0,0,0.007417340223886647,56,WR
2025,00-0036182,Nick Westbrook-Ikhine,MIA,28.449007529089663,154.0,0,0.0024984308279992966,73,WR
2025,00-0036196,Gabe Davis,BUF,26.50513347022587,134.0,0,0.0028290261368953823,70,WR
2025,00-0036252,Michael Pittman,IND,27.906913073237508,18.0,0,0.02743212535350245,38,WR
2025,00-0036259,Jauan Jennings,SF,28.145106091718,33.0,0,0.05330877106501433,26,WR
2025,00-0036309,Darnell Mooney,ATL,27.84120465434634,79.0,0,0.043127973738477286,31,WR
2025,00-0036322,Justin Jefferson,MIN,26.21218343600274,21.0,0,0.35114862130826974,4,WR
2025,00-0036358,CeeDee Lamb,DAL,26.40109514031485,22.0,0,0.13807469912614248,11,WR
2025,00-0036407,Jerry Jeudy,CLE,26.357289527720734,52.0,0,0.044701267895001215,30,WR
2025,00-0036410,Tee Higgins,CIN,26.62012320328542,16.0,0,0.15820054280626736,9,WR
2025,00-0036415,Van Jefferson,TEN,29.100616016427104,88.0,0,0.0004736681387493879,99,WR
2025,00-0036427,Tyler Johnson,NYJ,27.019849418206707,123.0,0,0.0006379874621061352,95,WR
2025,00-0036550,Rashod Bateman,BAL,25.75770020533881,102.0,0,0.01587301602303323,42,WR
2025,00-0036554,Nico Collins,HOU,26.455852156057496,8.0,0,0.1068142238682637,14,WR
2025,00-0036613,Jaylen Waddle,MIA,26.767967145790557,24.0,0,0.007334839212399486,57,WR
2025,00-0036626,Dyami Brown,JAX,25.83436002737851,111.0,0,0.0006070882837948061,96,WR
2025,00-0036849,Tutu Atwell,LA,25.90280629705681,133.0,0,0.0024980362142359254,74,WR
2025,00-0036900,Ja'Marr Chase,CIN,25.50308008213552,4.0,1,0.5263956456345056,2,WR
2025,00-0036912,DeVonta Smith,PHI,26.798083504449007,20.0,0,0.16613036300311318,8,WR
2025,00-0036963,Amon-Ra St. Brown,DET,25.856262833675565,3.0,1,0.2183107630878963,6,WR
2025,00-0036980,Elijah Moore,BUF,25.43189596167009,140.0,0,0.007958403233453376,55,WR
2025,00-0036988,Josh Palmer,BUF,25.94387405886379,105.0,0,0.004698798356225022,65,WR
2025,00-0037238,Drake London,ATL,24.10677618069815,19.0,0,0.17960401030885634,7,WR
2025,00-0037239,Chris Olave,NO,25.180013689253936,6.0,0,0.00881581904436898,54,WR
2025,00-0037240,Jameson Williams,DET,24.435318275154003,12.0,0,0.06581727181606307,21,WR
2025,00-0037247,George Pickens,DAL,24.49555099247091,5.0,1,0.07816180488138122,18,WR
2025,00-0037261,Khalil Shakir,BUF,25.57700205338809,36.0,0,0.03866899740201654,33,WR
2025,00-0037291,Jalen Nailor,MIN,26.50239561943874,61.0,0,0.0013935516182290457,82,WR
2025,00-0037614,John Metchie III,NYJ,25.12251882272416,87.0,0,0.0010507994779615016,88,WR
2025,00-0037664,Alec Pierce,IND,25.33333333333333,28.0,0,0.01198547488473206,45,WR
2025,00-0037666,Jalen Tolbert,DAL,26.510609171800137,117.0,0,0.0033215019239870407,69,WR
2025,00-0037740,Garrett Wilson,NYJ,25.111567419575632,62.0,0,0.11811522855832048,13,WR
2025,00-0037741,Jahan Dotson,PHI,25.44558521560575,110.0,0,0.0010574527209825987,87,WR
2025,00-0037801,KaVontae Turpin,DAL,29.08145106091718,77.0,0,0.0003796020907982797,103,WR
2025,00-0037816,Romeo Doubs,GB,25.38535249828884,37.0,0,0.01999578581727866,41,WR
2025,00-0037837,Calvin Austin III,PIT,26.442162902121837,74.0,0,0.002694238620711141,71,WR
2025,00-0038117,Wan'Dale Robinson,NYG,24.65434633812457,14.0,0,0.020021506327518826,40,WR
2025,00-0038124,Christian Watson,GB,26.308008213552363,46.0,0,0.0035113304042817266,68,WR
2025,00-0038393,Dontayvion Wicks,GB,24.21081451060917,83.0,0,0.004738701292562586,64,WR
2025,00-0038543,Jaxon Smith-Njigba,SEA,23.54551676933607,2.0,1,0.10031403372828887,16,WR
2025,00-0038544,Quentin Johnston,LAC,23.98631074606434,35.0,0,0.03353645249427012,34,WR
2025,00-0038559,Michael Wilson,ARI,25.522245037645447,10.0,0,0.006102381906312607,61,WR
2025,00-0038563,Tre Tucker,LV,24.484599589322382,38.0,0,0.006665196054085674,58,WR
2025,00-0038606,Parker Washington,JAX,23.449691991786448,27.0,0,0.002176408579860723,76,WR
2025,00-0038608,Kayshon Boutte,NE,23.32101300479124,51.0,0,0.009766397927740419,51,WR
2025,00-0038619,Andrei Iosivas,CIN,25.880903490759756,70.0,0,0.0025750758736085605,72,WR
2025,00-0038621,DeMario Douglas,NE,24.73100616016427,65.0,0,0.01024487420247822,50,WR
2025,00-0038640,Jalen Brooks,ARI,25.319644079397676,183.0,0,0.0004253113744522255,102,WR
2025,00-0038976,Marvin Mims Jr.,DEN,23.45516769336071,66.0,0,0.0017544774284513588,78,WR
2025,00-0038979,Cedric Tillman,CLE,25.36892539356605,98.0,0,0.003619045636201089,67,WR
2025,00-0038994,Jordan Addison,MIN,23.59479808350445,45.0,0,0.07188938820729199,19,WR
2025,00-0038997,Josh Downs,IND,24.05475701574264,43.0,0,0.061649527096467586,25,WR
2025,00-0039062,Jonathan Mingo,DAL,24.366872005475702,205.0,0,0.000717221999508289,92,WR
2025,00-0039064,Zay Flowers,BAL,24.971937029431896,7.0,0,0.10370580517582721,15,WR
2025,00-0039075,Puka Nacua,LA,24.26009582477755,1.0,1,0.3023014710195014,5,WR
2025,00-0039146,Jayden Reed,GB,25.34428473648186,114.0,0,0.011731297298229705,47,WR
2025,00-0039337,Malik Nabers,NYG,22.09719370294319,101.0,0,0.5690002297177181,1,WR
2025,00-0039342,Xavier Legette,CAR,24.588637919233403,71.0,0,0.009273175608225192,53,WR
2025,00-0039424,Devaughn Vele,NO,27.720739219712527,95.0,0,0.001754108482182315,79,WR
2025,00-0039491,Jalen Coker,CAR,23.838466803559207,69.0,0,0.006210717465596018,60,WR
2025,00-0039849,Marvin Harrison Jr.,ARI,23.05817932922656,50.0,0,0.06314519999491089,24,WR
2025,00-0039855,Jalen McMillan,TB,23.734428473648187,137.0,0,0.011631183904243211,48,WR
2025,00-0039868,Troy Franklin,DEN,22.56810403832991,31.0,0,0.001451828144706864,81,WR
2025,00-0039880,Malik Washington,MIA,24.865160848733744,53.0,0,0.0005921763901088601,97,WR
2025,00-0039890,Adonai Mitchell,IND,22.899383983572896,73.0,0,0.0011117439420997206,86,WR
2025,00-0039893,Brian Thomas Jr.,JAX,22.899383983572896,42.0,0,0.1578205964099915,10,WR
2025,00-0039894,Xavier Worthy,KC,22.349075975359344,59.0,0,0.023188821706661474,39,WR
2025,00-0039901,Keon Coleman,BUF,22.2943189596167,60.0,0,0.011872093569370688,46,WR
2025,00-0039915,Ladd McConkey,LAC,23.805612594113622,30.0,0,0.12122627570425247,12,WR
2025,00-0039916,Ricky Pearsall,SF,24.97741273100616,72.0,0,0.005173443608387445,63,WR
2025,00-0039919,Rome Odunze,CHI,23.247091033538677,41.0,0,0.015010970122798568,44,WR
2015,00-0021547,Antonio Gates,LAC,35.20328542094456,13.0,0,0.5004683248975274,2,TE
2015,00-0022127,Jason Witten,DAL,33.322381930184804,11.0,0,0.30931149747487463,3,TE
2015,00-0022943,Benjamin Watson,NO,34.70225872689939,8.0,0,0.009836788739989057,40,TE
2015,00-0023465,Heath Miller,PIT,32.85968514715948,17.0,0,0.16309013595021848,12,TE
2015,00-0024221,Vernon Davis,DEN,31.58384668035592,34.0,0,0.05419718011398085,21,TE
2015,00-0024243,Marcedes Lewis,JAX,31.28542094455852,49.0,0,0.011835755230321376,34,TE
2015,00-0024268,Anthony Fasano,TEN,31.364818617385357,38.0,0,0.01427789280203862,32,TE
2015,00-0024313,Owen Daniels,DEN,32.8104038329911,22.0,0,0.09624103068937205,14,TE
2015,00-0024389,Delanie Walker,TEN,31.05270362765229,2.0,1,0.2643268612396247,6,TE
2015,00-0025418,Greg Olsen,CAR,30.47501711156742,6.0,0,0.3066734691443014,4,TE
2015,00-0025516,Scott Chandler,NE,30.10814510609172,35.0,0,0.05574190366186971,20,TE
2015,00-0025549,Brent Celek,PHI,30.598220396988363,30.0,0,0.020937855592109596,27,TE
2015,00-0026201,Martellus Bennett,CHI,28.47912388774812,23.0,0,0.24354601453070718,8,TE
2015,00-0026267,Jacob Tamme,ATL,30.46406570841889,14.0,0,0.005317175085562922,47,TE
2015,00-0026281,Gary Barnidge,CLE,29.94113620807666,4.0,1,0.005153244679506779,48,TE
2015,00-0027061,Jared Cook,LA,28.40246406570842,29.0,0,0.2687695180175693,5,TE
2015,00-0027135,Brandon Myers,TB,29.99041752224504,68.0,0,0.006798384730096842,44,TE
2015,00-0027321,Jeff Cumberland,NYJ,28.33401779603012,86.0,0,0.018887442715161924,29,TE
2015,00-0027656,Rob Gronkowski,NE,26.299794661190965,1.0,1,0.5650554466756498,1,TE
2015,00-0027696,Jimmy Graham,SEA,28.76933607118412,21.0,0,0.25061776776352274,7,TE
2015,00-0027718,Garrett Graham,HOU,29.07597535934292,85.0,0,0.01149996448492466,35,TE
2015,00-0027725,Clay Harbor,JAX,28.16700889801506,52.0,0,0.009976632746500949,38,TE
2015,00-0027825,Jim Dray,CLE,28.66803559206023,88.0,0,0.007468683111011766,43,TE
2015,00-0027873,Jermaine Gresham,ARI,27.208761122518823,45.0,0,0.07670134224237646,17,TE
2015,00-0027981,Kyle Rudolph,MIN,25.80971937029432,16.0,0,0.018322873063405513,30,TE
2015,00-0027985,Lance Kendricks,LA,27.586584531143053,42.0,0,0.021948042508480627,26,TE
2015,00-0028040,Jordan Cameron,MIA,27.066392881587955,28.0,0,0.06746463105292896,18,TE
2015,00-0028067,Julius Thomas,JAX,27.17864476386037,20.0,0,0.05162466002597511,22,TE
2015,00-0028112,Charles Clay,BUF,26.546201232032853,19.0,0,0.06391969002344025,19,TE
2015,00-0028838,Larry Donnell,NYG,26.830937713894592,41.0,0,0.08666655477512511,15,TE
2015,00-0029275,Ladarius Green,LAC,25.259411362080765,25.0,0,0.009645471705387753,41,TE
2015,00-0029534,Cooper Helfet,SEA,26.24777549623545,65.0,0,0.006533082515727399,45,TE
2015,00-0029587,Rhett Ellison,MIN,26.910335386721425,61.0,0,0.007633464914680283,42,TE
2015,00-0029689,Dwayne Allen,IND,25.516769336071185,59.0,0,0.02621559272984782,24,TE
2015,00-0029697,Coby Fleener,IND,26.94592744695414,18.0,0,0.12837949067003004,13,TE
2015,00-0029910,Timothy Wright,DET,25.40177960301164,62.0,0,0.009963258061333182,39,TE
2015,00-0030061,Zach Ertz,PHI,24.80766598220397,10.0,0,0.08353827598601112,16,TE
2015,00-0030089,Luke Willson,SEA,25.626283367556468,46.0,0,0.02343378960629902,25,TE
2015,00-0030181,Jack Doyle,IND,25.32511978097194,66.0,0,0.0037738450435208784,49,TE
2015,00-0030216,Josh Hill,NO,25.281314168377826,48.0,0,0.0058858388855561865,46,TE
2015,00-0030422,Dion Sims,MIA,24.53388090349076,56.0,0,0.013391348492400286,33,TE
2015,00-0030443,Levine Toilolo,ATL,24.09034907597536,84.0,0,0.020069829178185433,28,TE
2015,00-0030472,Jordan Reed,WAS,25.163586584531146,3.0,1,0.03892985581803805,23,TE
2015,00-0030506,Travis Kelce,KC,25.905544147843944,9.0,0,0.19000902127746463,9,TE
2015,00-0030514,Mychal Rivera,LV,24.980150581793293,39.0,0,0.17273568023014876,10,TE
2015,00-0031299,Jordan Matthews,PHI,23.12662559890486,5.0,1,0.17065733547786663,11,TE
2015,00-0031384,Richard Rodgers,GB,23.60848733744011,12.0,0,0.010870572280894298,36,TE
2015,00-0031387,Eric Ebron,DET,22.392881587953458,14.0,0,0.015567112748465676,31,TE
2015,00-0031418,Austin Seferian-Jenkins,TB,22.921286789869956,33.0,0,0.010411892128862678,37,TE
2016,00-0021547,Antonio Gates,LAC,36.205338809034906,13.0,0,0.4049455630506965,5,TE
2016,00-0022127,Jason Witten,DAL,34.32443531827516,12.0,0,0.1742058709455902,13,TE
2016,00-0024221,Vernon Davis,WAS,32.58590006844627,22.0,0,0.035327907760515684,26,TE
2016,00-0024243,Marcedes Lewis,JAX,32.28747433264887,47.0,0,0.008524814745358154,42,TE
2016,00-0024268,Anthony Fasano,TEN,32.3668720054757,63.0,0,0.015474441932511908,35,TE
2016,00-0024389,Delanie Walker,TEN,32.054757015742645,5.0,1,0.6372294389527499,1,TE
2016,00-0025418,Greg Olsen,CAR,31.477070499657767,3.0,1,0.4166215225547101,4,TE
2016,00-0025549,Brent Celek,PHI,31.600273785078716,61.0,0,0.01710630325542194,34,TE
2016,00-0026201,Martellus Bennett,NE,29.481177275838466,11.0,0,0.1708540273210778,14,TE
2016,00-0026267,Jacob Tamme,ATL,31.46611909650924,40.0,0,0.10401524531636744,16,TE
2016,00-0026281,Gary Barnidge,CLE,30.94318959616701,19.0,0,0.3939872771776638,6,TE
2016,00-0027061,Jared Cook,GB,29.404517453798768,37.0,0,0.04208170157826618,24,TE
2016,00-0027125,Zach Miller,CHI,31.90965092402464,21.0,0,0.06120632344110981,21,TE
2016,00-0027656,Rob Gronkowski,NE,27.301848049281315,27.0,0,0.4857780304521326,3,TE
2016,00-0027675,Ed Dickson,CAR,29.10609171800137,62.0,0,0.007298063481012236,45,TE
2016,00-0027696,Jimmy Graham,SEA,29.77138945927447,4.0,1,0.23387148137809358,9,TE
2016,00-0027725,Clay Harbor,DET,29.169062286105408,96.0,0,0.007961159520433705,44,TE
2016,00-0027873,Jermaine Gresham,ARI,28.21081451060917,30.0,0,0.008823742346815917,41,TE
2016,00-0027981,Kyle Rudolph,MIN,26.811772758384667,2.0,1,0.04421806927966644,23,TE
2016,00-0027985,Lance Kendricks,LA,28.588637919233403,24.0,0,0.03070105629989989,28,TE
2016,00-0028067,Julius Thomas,JAX,28.18069815195072,33.0,0,0.11831495445908402,15,TE
2016,00-0028112,Charles Clay,BUF,27.548254620123203,17.0,0,0.2031982807985696,10,TE
2016,00-0028838,Larry Donnell,NYG,27.83299110198494,64.0,0,0.02760393446698473,29,TE
2016,00-0028903,Garrett Celek,SF,28.26009582477755,34.0,0,0.015359755593004227,36,TE
2016,00-0029275,Ladarius Green,PIT,26.261464750171115,42.0,0,0.06970270941254725,19,TE
2016,00-0029689,Dwayne Allen,IND,26.51882272416153,23.0,0,0.006965219746339671,47,TE
2016,00-0029697,Coby Fleener,NO,27.94798083504449,16.0,0,0.06594909258695479,20,TE
2016,00-0029738,Darren Fells,ARI,30.362765229295004,52.0,0,0.015128204081115293,37,TE
2016,00-0030061,Zach Ertz,PHI,25.80971937029432,6.0,0,0.19748428986607833,12,TE
2016,00-0030089,Luke Willson,SEA,26.628336755646817,49.0,0,0.01190353715568483,38,TE
2016,00-0030108,Ryan Griffin,HOU,26.639288158795345,25.0,0,0.03097000112015024,27,TE
2016,00-0030216,Josh Hill,NO,26.28336755646817,51.0,0,0.006075860372292759,48,TE
2016,00-0030422,Dion Sims,MIA,25.53593429158111,36.0,0,0.007213238053399832,46,TE
2016,00-0030470,Vance McDonald,SF,26.220396988364133,31.0,0,0.02475390601405163,31,TE
2016,00-0030472,Jordan Reed,WAS,26.16563997262149,10.0,0,0.5615914133486042,2,TE
2016,00-0030506,Travis Kelce,KC,26.90759753593429,1.0,1,0.2710565975488681,7,TE
2016,00-0030514,Mychal Rivera,LV,25.98220396988364,46.0,0,0.023196745292892108,32,TE
2016,00-0030549,Tyler Eifert,CIN,25.98220396988364,26.0,0,0.1984747729795963,11,TE
2016,00-0030992,Crockett Gillmore,BAL,24.79397672826831,71.0,0,0.044579807105741824,22,TE
2016,00-0031273,Cameron Brate,TB,25.16632443531828,8.0,0,0.019471668117945623,33,TE
2016,00-0031299,Jordan Matthews,PHI,24.128678986995208,7.0,0,0.2634709137264208,8,TE
2016,00-0031302,C.J. Fiedorowicz,HOU,24.862422997946613,18.0,0,0.008171067445461429,43,TE
2016,00-0031384,Richard Rodgers,GB,24.61054072553046,38.0,0,0.0936122842047966,17,TE
2016,00-0031387,Eric Ebron,DET,23.394934976043807,15.0,0,0.08990655303043468,18,TE
2016,00-0031598,Nick Boyle,BAL,23.537303216974674,84.0,0,0.011070004135966318,39,TE
2016,00-0032004,Will Tye,NYG,24.826830937713893,28.0,0,0.041334403890702566,25,TE
2016,00-0032062,Blake Bell,SF,25.07049965776865,83.0,0,0.00917860148522029,40,TE
2016,00-0032256,Clive Walford,LV,24.919917864476385,32.0,0,0.026597750583321898,30,TE
2017,00-0021547,Antonio Gates,LAC,37.20465434633813,28.0,0,0.2606627143301083,5,TE
2017,00-0022127,Jason Witten,DAL,35.32375085557837,9.0,0,0.1560320913521184,9,TE
2017,00-0024221,Vernon Davis,WAS,33.58521560574949,16.0,0,0.05216057090720221,22,TE
2017,00-0024243,Marcedes Lewis,JAX,33.28678986995209,25.0,0,0.008605537010408922,39,TE
2017,00-0024389,Delanie Walker,TEN,33.054072553045856,4.0,1,0.3440680737244922,4,TE
2017,00-0025418,Greg Olsen,CAR,32.47638603696099,51.0,0,0.3470196516417258,3,TE
2017,00-0026201,Martellus Bennett,GB,30.480492813141684,38.0,0,0.10256541889288771,16,TE
2017,00-0027061,Jared Cook,LV,30.403832991101982,12.0,0,0.05137931211050392,23,TE
2017,00-0027125,Zach Miller,CHI,32.90896646132786,40.0,0,0.12165415344709542,13,TE
2017,00-0027656,Rob Gronkowski,NE,28.301163586584533,2.0,1,0.05854406606614397,21,TE
2017,00-0027696,Jimmy Graham,SEA,30.770704996577688,6.0,0,0.14605083296109642,11,TE
2017,00-0027873,Jermaine Gresham,ARI,29.21013004791239,30.0,0,0.029275257210834592,30,TE
2017,00-0027981,Kyle Rudolph,MIN,27.811088295687885,8.0,0,0.24367225429153108,6,TE
2017,00-0027985,Lance Kendricks,GB,29.587953456536617,49.0,0,0.11823555890007267,14,TE
2017,00-0028067,Julius Thomas,MIA,29.180013689253936,23.0,0,0.028808205445882078,31,TE
2017,00-0028112,Charles Clay,BUF,28.54757015742642,18.0,0,0.13403696235094456,12,TE
2017,00-0028142,Virgil Green,DEN,29.078713210130047,52.0,0,0.015537461861651251,35,TE
2017,00-0028903,Garrett Celek,SF,29.259411362080765,29.0,0,0.030131979209599005,29,TE
2017,00-0029689,Dwayne Allen,NE,27.51813826146475,72.0,0,0.032695962054456,28,TE
2017,00-0029697,Coby Fleener,NO,28.947296372347708,34.0,0,0.05901039046825891,20,TE
2017,00-0030061,Zach Ertz,PHI,26.809034907597532,3.0,1,0.20385519592768797,7,TE
2017,00-0030089,Luke Willson,SEA,27.627652292950035,42.0,0,0.0069744123285683714,40,TE
2017,00-0030108,Ryan Griffin,HOU,27.638603696098563,55.0,0,0.06304196726717912,19,TE
2017,00-0030155,Demetrius Harris,KC,26.094455852156056,47.0,0,0.009700207533335673,38,TE
2017,00-0030181,Jack Doyle,IND,27.326488706365502,7.0,0,0.06479833345844511,18,TE
2017,00-0030216,Josh Hill,NO,27.28268309377139,63.0,0,0.006463995244104732,44,TE
2017,00-0030422,Dion Sims,CHI,26.535249828884325,53.0,0,0.01298884076253375,36,TE
2017,00-0030470,Vance McDonald,PIT,27.21971252566735,54.0,0,0.039940535373439626,26,TE
2017,00-0030472,Jordan Reed,WAS,27.16495550992471,36.0,0,0.191983292364005,8,TE
2017,00-0030506,Travis Kelce,KC,27.906913073237508,1.0,1,0.3719725038241825,1,TE
2017,00-0030710,Trey Burton,PHI,25.842573579739906,26.0,0,0.035690134478487415,27,TE
2017,00-0031035,Xavier Grimble,PIT,24.94182067077344,84.0,0,0.006725363159549925,42,TE
2017,00-0031273,Cameron Brate,TB,26.16563997262149,10.0,0,0.09061160476860336,17,TE
2017,00-0031299,Jordan Matthews,BUF,25.127994524298423,39.0,0,0.3553727576707895,2,TE
2017,00-0031302,C.J. Fiedorowicz,HOU,25.861738535249827,66.0,0,0.10514461074404367,15,TE
2017,00-0031384,Richard Rodgers,GB,25.60985626283368,58.0,0,0.022302713081646844,32,TE
2017,00-0031387,Eric Ebron,DET,24.39425051334702,13.0,0,0.1559376270916355,10,TE
2017,00-0031418,Austin Seferian-Jenkins,NYJ,24.92265571526352,20.0,0,0.006304112636607546,46,TE
2017,00-0032134,C.J. Uzomah,CIN,24.629705681040384,70.0,0,0.02227076971576066,33,TE
2017,00-0032135,Jesse James,PIT,23.24435318275154,22.0,0,0.021535472900725976,34,TE
2017,00-0032139,Ben Koyack,JAX,24.39698836413416,87.0,0,0.006647407466737268,43,TE
2017,00-0032256,Clive Walford,LV,25.919233401779604,79.0,0,0.0400682251833275,25,TE
2017,00-0032392,Austin Hooper,ATL,22.84188911704312,17.0,0,0.012566592098010202,37,TE
2017,00-0032429,Jerell Adams,NYG,24.66803559206023,77.0,0,0.006428621088599099,45,TE
2017,00-0033090,Hunter Henry,LAC,22.73511293634497,14.0,0,0.04811060123776826,24,TE
2017,00-0033110,Tyler Higbee,LA,24.6652977412731,35.0,0,0.006813881614579715,41,TE
2018,00-0021547,Antonio Gates,LAC,38.20396988364134,28.0,0,0.021680225767989503,21,TE
2018,00-0022943,Benjamin Watson,NO,37.70294318959617,21.0,0,0.0821336571272572,8,TE
2018,00-0024221,Vernon Davis,WAS,34.5845311430527,26.0,0,0.05911036014896441,14,TE
2018,00-0024243,Marcedes Lewis,GB,34.286105407255306,106.0,0,0.01319328755177452,29,TE
2018,00-0027061,Jared Cook,LV,31.4031485284052,5.0,1,0.10617962811529726,7,TE
2018,00-0027656,Rob Gronkowski,NE,29.300479123887747,11.0,0,0.4428322310473469,2,TE
2018,00-0027675,Ed Dickson,SEA,31.1047227926078,46.0,0,0.026609431711566663,19,TE
2018,00-0027696,Jimmy Graham,GB,31.770020533880903,12.0,0,0.06300987386892701,12,TE
2018,00-0027873,Jermaine Gresham,ARI,30.209445585215605,81.0,0,0.013281817317271016,28,TE
2018,00-0027981,Kyle Rudolph,MIN,28.810403832991103,7.0,0,0.06956624431492364,11,TE
2018,00-0027985,Lance Kendricks,GB,30.587268993839835,49.0,0,0.0083464206197845,37,TE
2018,00-0028112,Charles Clay,BUF,29.54688569472964,55.0,0,0.14056434873537227,6,TE
2018,00-0028142,Virgil Green,LAC,30.078028747433265,44.0,0,0.007749496882136065,39,TE
2018,00-0028903,Garrett Celek,SF,30.258726899383984,66.0,0,0.011183937115997942,31,TE
2018,00-0029587,Rhett Ellison,NYG,29.911019849418206,36.0,0,0.011579739206269868,30,TE
2018,00-0029689,Dwayne Allen,NE,28.517453798767967,108.0,0,0.00646042852684131,40,TE
2018,00-0029738,Darren Fells,CLE,32.36139630390144,50.0,0,0.006017313005618011,42,TE
2018,00-0030061,Zach Ertz,PHI,27.808350444900757,2.0,1,0.41278499497719406,3,TE
2018,00-0030089,Luke Willson,DET,28.62696783025325,73.0,0,0.00787777512218336,38,TE
2018,00-0030155,Demetrius Harris,KC,27.093771389459278,43.0,0,0.009001807001759935,35,TE
2018,00-0030181,Jack Doyle,IND,28.32580424366872,35.0,0,0.28118604517621054,4,TE
2018,00-0030216,Josh Hill,NO,28.281998631074607,51.0,0,0.00594265946853784,44,TE
2018,00-0030470,Vance McDonald,PIT,28.21902806297057,10.0,0,0.009057417812984464,34,TE
2018,00-0030506,Travis Kelce,KC,28.90622861054073,1.0,1,0.5080636852853161,1,TE
2018,00-0030710,Trey Burton,CHI,26.84188911704312,8.0,0,0.010509097387374221,33,TE
2018,00-0031273,Cameron Brate,TB,27.16495550992471,19.0,0,0.059802563424004106,13,TE
2018,00-0031299,Jordan Matthews,PHI,26.127310061601644,34.0,0,0.029862053052485595,17,TE
2018,00-0031387,Eric Ebron,IND,25.39356605065024,4.0,1,0.07665567313977889,9,TE
2018,00-0031418,Austin Seferian-Jenkins,JAX,25.92197125256673,66.0,0,0.07135874276822486,10,TE
2018,00-0031598,Nick Boyle,BAL,25.53593429158111,47.0,0,0.006084332299633278,41,TE
2018,00-0031951,James O'Shaughnessy,JAX,26.63107460643395,45.0,0,0.006013761744341026,43,TE
2018,00-0032117,Nick O'Leary,MIA,26.001368925393567,72.0,0,0.015184697754778986,27,TE
2018,00-0032135,Jesse James,PIT,24.24366872005476,23.0,0,0.03228607586748661,16,TE
2018,00-0032214,Tyler Kroft,CIN,25.87816563997262,101.0,0,0.029019693843348824,18,TE
2018,00-0032392,Austin Hooper,ATL,23.84120465434634,6.0,0,0.05168685276005822,15,TE
2018,00-0033080,Seth DeValve,CLE,25.587953456536617,77.0,0,0.0194141472070835,24,TE
2018,00-0033110,Tyler Higbee,LA,25.66461327857632,32.0,0,0.022616411250630932,20,TE
2018,00-0033288,George Kittle,SF,24.8952772073922,3.0,1,0.01994243877732288,23,TE
2018,00-0033611,Ricky Seals-Jones,ARI,23.46611909650924,29.0,0,0.01715537340782732,25,TE
2018,00-0033858,Jonnu Smith,TEN,23.028062970568104,33.0,0,0.008374449823384408,36,TE
2018,00-0033879,O.J. Howard,TB,23.786447638603697,14.0,0,0.02068912735387944,22,TE
2018,00-0033881,Evan Engram,NYG,23.99726214921287,13.0,0,0.17607464112438082,5,TE
2018,00-0033885,David Njoku,CLE,22.143737166324435,9.0,0,0.015258092428540012,26,TE
2018,00-0033895,Gerald Everett,LA,24.186173853524984,22.0,0,0.010901717110251065,32,TE
2019,00-0022943,Benjamin Watson,NE,38.70225872689939,56.0,0,0.04223970003205523,16,TE
2019,00-0024221,Vernon Davis,WAS,35.58384668035592,65.0,0,0.02652397041865899,21,TE
2019,00-0025418,Greg Olsen,CAR,34.47501711156742,13.0,0,0.044280591386563865,15,TE
2019,00-0027061,Jared Cook,NO,32.40246406570842,7.0,0,0.45694802330050316,4,TE
2019,00-0027696,Jimmy Graham,GB,32.76933607118412,22.0,0,0.09364153109283985,7,TE
2019,00-0027981,Kyle Rudolph,MIN,29.80971937029432,14.0,0,0.05132079946958846,14,TE
2019,00-0027985,Lance Kendricks,LAC,31.586584531143053,94.0,0,0.01098884558835954,40,TE
2019,00-0028042,Luke Stocker,ATL,31.123887748117728,90.0,0,0.014629309891499725,34,TE
2019,00-0028112,Charles Clay,ARI,30.546201232032853,46.0,0,0.01798615177623046,26,TE
2019,00-0028142,Virgil Green,LAC,31.077344284736483,71.0,0,0.01245676300580767,38,TE
2019,00-0029587,Rhett Ellison,NYG,30.910335386721425,49.0,0,0.01487140233140356,32,TE
2019,00-0030061,Zach Ertz,PHI,28.80766598220397,4.0,1,0.5568677944356911,3,TE
2019,00-0030108,Ryan Griffin,NYJ,29.637234770705,23.0,0,0.015180875338188947,31,TE
2019,00-0030155,Demetrius Harris,CLE,28.09308692676249,45.0,0,0.009876613394333484,43,TE
2019,00-0030216,Josh Hill,NO,29.281314168377826,40.0,0,0.012388203953368471,39,TE
2019,00-0030470,Vance McDonald,PIT,29.218343600273784,31.0,0,0.06695169198250447,11,TE
2019,00-0030506,Travis Kelce,KC,29.905544147843944,1.0,1,0.6977395234558009,1,TE
2019,00-0030710,Trey Burton,CHI,27.84120465434634,73.0,0,0.08178503449448822,9,TE
2019,00-0031273,Cameron Brate,TB,28.164271047227928,25.0,0,0.019310077205423205,25,TE
2019,00-0031387,Eric Ebron,IND,26.392881587953458,28.0,0,0.21213760953738525,5,TE
2019,00-0031598,Nick Boyle,BAL,26.535249828884325,37.0,0,0.010410380600799633,42,TE
2019,00-0031744,Matt LaCosse,NE,26.94318959616701,60.0,0,0.014666194360424193,33,TE
2019,00-0031951,James O'Shaughnessy,JAX,27.630390143737166,47.0,0,0.01601971924037972,29,TE
2019,00-0032134,C.J. Uzomah,CIN,26.628336755646817,41.0,0,0.051468926400465596,13,TE
2019,00-0032135,Jesse James,DET,25.24298425735797,62.0,0,0.015801565245565474,30,TE
2019,00-0032141,Geoff Swaim,JAX,25.95756331279945,76.0,0,0.021869030398472933,23,TE
2019,00-0032227,Jeff Heuerman,DEN,26.767967145790557,61.0,0,0.016696685377217448,27,TE
2019,00-0032392,Austin Hooper,ATL,24.84052019164956,6.0,0,0.08589247897457276,8,TE
2019,00-0032394,Nick Vannett,PIT,26.48870636550308,57.0,0,0.034803939708169564,18,TE
2019,00-0033110,Tyler Higbee,LA,26.663928815879533,8.0,0,0.016094207727481054,28,TE
2019,00-0033288,George Kittle,SF,25.894592744695416,2.0,1,0.5939221183582095,2,TE
2019,00-0033455,Anthony Firkser,TEN,24.531143052703623,50.0,0,0.013090431553059357,36,TE
2019,00-0033611,Ricky Seals-Jones,CLE,24.465434633812457,42.0,0,0.06737750258026466,10,TE
2019,00-0033658,Blake Jarwin,DAL,25.127994524298423,29.0,0,0.021722824894440624,24,TE
2019,00-0033858,Jonnu Smith,TEN,24.02737850787132,20.0,0,0.014542545477270115,35,TE
2019,00-0033879,O.J. Howard,TB,24.78576317590691,30.0,0,0.0572460950629296,12,TE
2019,00-0033881,Evan Engram,NYG,24.996577686516083,18.0,0,0.12348264424017258,6,TE
2019,00-0033895,Gerald Everett,LA,25.1854893908282,26.0,0,0.027082314683626426,20,TE
2019,00-0034351,Dallas Goedert,PHI,24.65982203969884,10.0,0,0.022212416469333456,22,TE
2019,00-0034364,Jordan Akins,HOU,27.367556468172484,26.0,0,0.012488974150309341,37,TE
2019,00-0034365,Ian Thomas,CAR,23.236139630390145,55.0,0,0.03814421236649267,17,TE
2019,00-0034753,Mark Andrews,BAL,23.98631074606434,5.0,1,0.03433124637291797,19,TE
2019,00-0034829,Mike Gesicki,MIA,23.91238877481177,12.0,0,0.007752766142664708,44,TE
2019,00-0034830,Hayden Hurst,BAL,26.02053388090349,35.0,0,0.010816780067597705,41,TE
2020,00-0022127,Jason Witten,LV,38.32443531827516,63.0,0,0.04425505837461481,18,TE
2020,00-0025418,Greg Olsen,SEA,35.47707049965777,48.0,0,0.054137561377144205,14,TE
2020,00-0027061,Jared Cook,NO,33.40451745379877,19.0,0,0.14747844524544088,8,TE
2020,00-0027696,Jimmy Graham,CHI,33.77138945927447,14.0,0,0.02903752833396478,24,TE
2020,00-0027981,Kyle Rudolph,MIN,30.811772758384667,41.0,0,0.02001723110162071,30,TE
2020,00-0029738,Darren Fells,HOU,34.362765229295,33.0,0,0.01757913726481469,32,TE
2020,00-0030061,Zach Ertz,PHI,29.80971937029432,32.0,0,0.45413224556515924,5,TE
2020,00-0030108,Ryan Griffin,NYJ,30.639288158795345,80.0,0,0.013809210801483252,35,TE
2020,00-0030155,Demetrius Harris,CHI,29.09514031485284,84.0,0,0.004755173813713922,45,TE
2020,00-0030181,Jack Doyle,IND,30.327173169062284,42.0,0,0.04371052127177134,19,TE
2020,00-0030216,Josh Hill,NO,30.28336755646817,78.0,0,0.008733366222851932,41,TE
2020,00-0030470,Vance McDonald,PIT,30.220396988364133,69.0,0,0.017939781543296042,31,TE
2020,00-0030506,Travis Kelce,KC,30.90759753593429,1.0,1,0.5321487138035457,4,TE
2020,00-0030549,Tyler Eifert,JAX,29.98220396988364,29.0,0,0.029774224191097664,22,TE
2020,00-0030710,Trey Burton,IND,28.843258042436688,28.0,0,0.008876938767209743,40,TE
2020,00-0031260,Logan Thomas,WAS,29.17180013689254,3.0,1,0.004231436688113144,46,TE
2020,00-0031273,Cameron Brate,TB,29.16632443531828,38.0,0,0.042979929465753144,20,TE
2020,00-0031387,Eric Ebron,PIT,27.394934976043807,15.0,0,0.0473314530864495,17,TE
2020,00-0031598,Nick Boyle,BAL,27.537303216974674,61.0,0,0.02455422500166911,27,TE
2020,00-0031610,Darren Waller,LV,27.96714579055441,2.0,1,0.7079775354144897,2,TE
2020,00-0032135,Jesse James,DET,26.245037645448324,57.0,0,0.005168249571354203,44,TE
2020,00-0032392,Austin Hooper,CLE,25.842573579739906,22.0,0,0.1874572031640878,7,TE
2020,00-0032394,Nick Vannett,DEN,27.49075975359343,65.0,0,0.005224008537329694,43,TE
2020,00-0033090,Hunter Henry,LAC,25.73579739904175,13.0,0,0.1305429794539032,9,TE
2020,00-0033110,Tyler Higbee,LA,27.66598220396988,18.0,0,0.08293756380498093,12,TE
2020,00-0033288,George Kittle,SF,26.89664613278576,20.0,0,0.7748005004365435,1,TE
2020,00-0033357,Taysom Hill,NO,30.026009582477755,8.0,0,0.016026289504747583,34,TE
2020,00-0033387,Jacob Hollister,SEA,26.78713210130048,40.0,0,0.10566979657730226,11,TE
2020,00-0033455,Anthony Firkser,TEN,25.533196440793976,26.0,0,0.010290006330059342,37,TE
2020,00-0033528,Jeremy Sprinkle,WAS,26.06160164271047,113.0,0,0.010051874312923287,38,TE
2020,00-0033858,Jonnu Smith,TEN,25.02943189596167,17.0,0,0.028727438152813315,25,TE
2020,00-0033879,O.J. Howard,TB,25.78781656399726,60.0,0,0.024867164592239126,26,TE
2020,00-0033881,Evan Engram,NYG,25.998631074606436,16.0,0,0.2485120197525258,6,TE
2020,00-0033895,Gerald Everett,LA,26.187542778918548,25.0,0,0.04914751556717038,15,TE
2020,00-0034073,Ross Dwelley,SF,25.598904859685145,50.0,0,0.012059036520330097,36,TE
2020,00-0034351,Dallas Goedert,PHI,25.661875427789184,21.0,0,0.11164793083703989,10,TE
2020,00-0034364,Jordan Akins,HOU,28.369609856262837,26.0,0,0.029504344237614652,23,TE
2020,00-0034365,Ian Thomas,CAR,24.23819301848049,56.0,0,0.009651539672581021,39,TE
2020,00-0034753,Mark Andrews,BAL,24.98836413415469,6.0,0,0.6002018461983278,3,TE
2020,00-0034829,Mike Gesicki,MIA,24.914442162902123,7.0,0,0.07349416620412985,13,TE
2020,00-0034830,Hayden Hurst,ATL,27.02258726899384,11.0,0,0.0235747528024457,28,TE
2020,00-0034970,Irv Smith,MIN,22.06433949349761,23.0,0,0.016428664403025022,33,TE
2020,00-0034981,Foster Moreau,LV,23.32375085557837,62.0,0,0.008252494889263018,42,TE
2020,00-0035229,T.J. Hockenson,DET,23.16495550992471,5.0,1,0.03152733942415469,21,TE
2020,00-0035644,Noah Fant,DEN,22.781656399726216,9.0,0,0.04895688765689872,16,TE
2020,00-0035689,Dawson Knox,BUF,23.797399041752225,39.0,0,0.021941569661476278,29,TE
2021,00-0027061,Jared Cook,LAC,34.403832991101986,18.0,0,0.07045614808215879,14,TE
2021,00-0027656,Rob Gronkowski,TB,32.30116358658453,7.0,0,0.06252735091111189,16,TE
2021,00-0027696,Jimmy Graham,CHI,34.770704996577685,49.0,0,0.04780454331104417,22,TE
2021,00-0027981,Kyle Rudolph,NYG,31.811088295687885,42.0,0,0.01746222606804719,35,TE
2021,00-0030061,Zach Ertz,ARI,30.809034907597532,5.0,1,0.048226372537765294,21,TE
2021,00-0030181,Jack Doyle,IND,31.326488706365502,28.0,0,0.01258246385489759,38,TE
2021,00-0030506,Travis Kelce,KC,31.906913073237508,2.0,1,0.7417518007345953,1,TE
2021,00-0031260,Logan Thomas,WAS,30.17111567419576,45.0,0,0.10684150062293526,10,TE
2021,00-0031273,Cameron Brate,TB,30.16563997262149,29.0,0,0.018435682475829187,32,TE
2021,00-0031387,Eric Ebron,PIT,28.39425051334702,65.0,0,0.055626122822444654,20,TE
2021,00-0031610,Darren Waller,LV,28.966461327857637,17.0,0,0.623962338561456,2,TE
2021,00-0031951,James O'Shaughnessy,JAX,29.631759069130734,50.0,0,0.018176082765980484,33,TE
2021,00-0032135,Jesse James,CHI,27.24435318275154,74.0,0,0.004842416261530399,49,TE
2021,00-0032392,Austin Hooper,CLE,26.84188911704312,25.0,0,0.12453818188864203,8,TE
2021,00-0032394,Nick Vannett,NO,28.490075290896645,67.0,0,0.006550500375677702,47,TE
2021,00-0033090,Hunter Henry,NE,26.73511293634497,10.0,0,0.09276017869321067,11,TE
2021,00-0033110,Tyler Higbee,LA,28.6652977412731,14.0,0,0.04073031126985306,24,TE
2021,00-0033217,Mo Alie-Cox,IND,27.95071868583162,27.0,0,0.026532151495573388,28,TE
2021,00-0033288,George Kittle,SF,27.89596167008898,4.0,1,0.26929656977388655,4,TE
2021,00-0033387,Jacob Hollister,JAX,27.786447638603697,72.0,0,0.01762114576789753,34,TE
2021,00-0033455,Anthony Firkser,TEN,26.532511978097197,32.0,0,0.05924235059105727,18,TE
2021,00-0033757,Robert Tonyan,GB,27.34017796030116,50.0,0,0.11065965019194887,9,TE
2021,00-0033858,Jonnu Smith,NE,26.028747433264886,36.0,0,0.05628454653692736,19,TE
2021,00-0033881,Evan Engram,NYG,26.99794661190965,24.0,0,0.2138386854729127,5,TE
2021,00-0033885,David Njoku,CLE,25.144421629021217,23.0,0,0.012104446421684711,40,TE
2021,00-0033895,Gerald Everett,SEA,27.18685831622177,22.0,0,0.03952031082812436,25,TE
2021,00-0033896,Adam Shaheen,MIA,26.855578370978783,68.0,0,0.005657060137144175,48,TE
2021,00-0034011,Dan Arnold,JAX,26.466803559206024,31.0,0,0.036861207108040285,26,TE
2021,00-0034073,Ross Dwelley,SF,26.598220396988363,83.0,0,0.007752627539490157,44,TE
2021,00-0034159,Will Dissly,SEA,25.149897330595483,52.0,0,0.012246679437201775,39,TE
2021,00-0034270,Tyler Conklin,MIN,26.091718001368925,16.0,0,0.011851021060368531,41,TE
2021,00-0034351,Dallas Goedert,PHI,26.6611909650924,8.0,0,0.06341840250046864,15,TE
2021,00-0034364,Jordan Akins,HOU,29.36892539356605,55.0,0,0.04645766290873196,23,TE
2021,00-0034365,Ian Thomas,CAR,25.23750855578371,60.0,0,0.008229882946200757,43,TE
2021,00-0034383,Dalton Schultz,DAL,25.14168377823409,3.0,1,0.06117052641558511,17,TE
2021,00-0034753,Mark Andrews,BAL,25.987679671457904,1.0,1,0.2901026605208698,3,TE
2021,00-0034766,Chris Herndon,MIN,25.522245037645447,84.0,0,0.02470872465919262,29,TE
2021,00-0034798,Durham Smythe,MIA,26.06433949349761,33.0,0,0.008243680647837832,42,TE
2021,00-0034829,Mike Gesicki,MIA,25.913757700205338,8.0,0,0.08921217787080796,12,TE
2021,00-0034830,Hayden Hurst,ATL,28.021902806297057,38.0,0,0.084811782231118,13,TE
2021,00-0034988,Kaden Smith,NYG,24.35592060232717,99.0,0,0.007267263703808309,45,TE
2021,00-0035229,T.J. Hockenson,DET,24.164271047227928,15.0,0,0.1567028329654307,6,TE
2021,00-0035329,Donald Parham,LAC,24.043805612594117,43.0,0,0.007262960526243385,46,TE
2021,00-0035624,N'Keal Harry,NE,23.707049965776864,66.0,0,0.03080803896340962,27,TE
2021,00-0035631,Drew Sample,CIN,25.377138945927445,75.0,0,0.023102157160520796,30,TE
2021,00-0035644,Noah Fant,DEN,23.78097193702943,12.0,0,0.13800566545587736,7,TE
2021,00-0035689,Dawson Knox,BUF,24.79671457905544,11.0,0,0.01617382349023974,36,TE
2021,00-0036232,Harrison Bryant,CLE,23.359342915811087,40.0,0,0.02013902367701059,31,TE
2021,00-0036290,Cole Kmet,CHI,22.480492813141684,21.0,0,0.013477253606214675,37,TE
2022,00-0024243,Marcedes Lewis,GB,38.286105407255306,69.0,0,0.012227474068427797,41,TE
2022,00-0027981,Kyle Rudolph,TB,32.8104038329911,89.0,0,0.015449242196925271,37,TE
2022,00-0030061,Zach Ertz,ARI,31.808350444900757,19.0,0,0.19729711614628265,9,TE
2022,00-0030108,Ryan Griffin,CHI,32.63791923340178,97.0,0,0.014306800246051707,39,TE
2022,00-0030506,Travis Kelce,KC,32.90622861054072,1.0,1,0.532651147055495,2,TE
2022,00-0031273,Cameron Brate,TB,31.16495550992471,56.0,0,0.022983762331887005,29,TE
2022,00-0031610,Darren Waller,LV,29.965776865160848,31.0,0,0.22820907844823862,5,TE
2022,00-0032134,C.J. Uzomah,NYJ,29.6290212183436,42.0,0,0.05243516342801709,20,TE
2022,00-0032141,Geoff Swaim,TEN,28.95824777549624,73.0,0,0.020329317757009285,32,TE
2022,00-0032214,Tyler Kroft,SF,29.87816563997262,93.0,0,0.010750040017697474,48,TE
2022,00-0032392,Austin Hooper,TEN,27.84120465434634,24.0,0,0.036234238014837675,23,TE
2022,00-0033090,Hunter Henry,NE,27.734428473648187,22.0,0,0.0833424689565242,14,TE
2022,00-0033110,Tyler Higbee,LA,29.66461327857632,6.0,0,0.09051393410667731,12,TE
2022,00-0033217,Mo Alie-Cox,IND,28.95003422313484,46.0,0,0.02715062704587546,26,TE
2022,00-0033288,George Kittle,SF,28.8952772073922,3.0,1,0.39544605628381235,3,TE
2022,00-0033439,Pharaoh Brown,CLE,28.32854209445585,74.0,0,0.01744756245461432,34,TE
2022,00-0033455,Anthony Firkser,ATL,27.53182751540041,82.0,0,0.028753570291217397,25,TE
2022,00-0033757,Robert Tonyan,GB,28.33949349760438,20.0,0,0.02053298546985506,31,TE
2022,00-0033858,Jonnu Smith,NE,27.028062970568104,47.0,0,0.023376830008704347,28,TE
2022,00-0033879,O.J. Howard,HOU,27.786447638603697,58.0,0,0.006068887838524329,52,TE
2022,00-0033881,Evan Engram,JAX,27.99726214921287,5.0,1,0.06381966815959644,18,TE
2022,00-0033885,David Njoku,CLE,26.143737166324435,11.0,0,0.04097667485530903,21,TE
2022,00-0033895,Gerald Everett,LAC,28.186173853524984,13.0,0,0.0818046310697478,15,TE
2022,00-0034011,Dan Arnold,JAX,27.46611909650924,77.0,0,0.0399873910045694,22,TE
2022,00-0034159,Will Dissly,SEA,26.1492128678987,29.0,0,0.01208989076633342,42,TE
2022,00-0034270,Tyler Conklin,NYJ,27.091033538672143,16.0,0,0.06879284277805826,17,TE
2022,00-0034351,Dallas Goedert,PHI,27.66050650239562,12.0,0,0.21496169403839435,7,TE
2022,00-0034364,Jordan Akins,HOU,30.368240930869263,18.0,0,0.010986492314819171,46,TE
2022,00-0034365,Ian Thomas,CAR,26.236824093086927,52.0,0,0.008134270638486471,50,TE
2022,00-0034383,Dalton Schultz,DAL,26.140999315537304,10.0,0,0.21611980043394186,6,TE
2022,00-0034753,Mark Andrews,BAL,26.98699520876112,4.0,1,0.6317068971676427,1,TE
2022,00-0034798,Durham Smythe,MIA,27.06365503080082,53.0,0,0.017294503308247184,35,TE
2022,00-0034829,Mike Gesicki,MIA,26.91307323750856,23.0,0,0.21125847185336805,8,TE
2022,00-0034830,Hayden Hurst,CIN,29.021218343600275,21.0,0,0.014674936001117625,38,TE
2022,00-0034981,Foster Moreau,LV,25.322381930184804,28.0,0,0.023478790131056835,27,TE
2022,00-0035222,Zach Gentry,PIT,25.973990417522245,60.0,0,0.007914983550373515,51,TE
2022,00-0035229,T.J. Hockenson,MIN,25.163586584531146,2.0,1,0.18800072345077956,10,TE
2022,00-0035329,Donald Parham,LAC,25.04312114989733,65.0,0,0.01182440987056943,43,TE
2022,00-0035624,N'Keal Harry,CHI,24.70636550308008,71.0,0,0.008815536618013861,49,TE
2022,00-0035644,Noah Fant,SEA,24.78028747433265,17.0,0,0.1259174526722185,11,TE
2022,00-0035689,Dawson Knox,BUF,25.796030116358654,14.0,0,0.07682097810660315,16,TE
2022,00-0036040,Juwan Johnson,NO,25.965776865160848,15.0,0,0.010951481684316006,47,TE
2022,00-0036232,Harrison Bryant,CLE,24.358658453114305,39.0,0,0.013869286197202017,40,TE
2022,00-0036290,Cole Kmet,CHI,23.479808350444905,8.0,0,0.08900506641812499,13,TE
2022,00-0036332,Josiah Deguara,GB,25.544147843942504,72.0,0,0.018725009116708602,33,TE
2022,00-0036422,Adam Trautman,NO,25.56878850102669,49.0,0,0.0228647250080335,30,TE
2022,00-0036423,Albert Okwuegbunam,DEN,24.35318275154004,70.0,0,0.03017302740470011,24,TE
2022,00-0036556,Brevin Jordan,HOU,22.127310061601644,68.0,0,0.015607343726008855,36,TE
2022,00-0036628,John Bates,WAS,24.8186173853525,62.0,0,0.01117212159554704,45,TE
2022,00-0036894,Pat Freiermuth,PIT,23.852156057494867,7.0,0,0.05703149049334287,19,TE
2022,00-0036970,Kyle Pitts,ATL,21.90280629705681,33.0,0,0.24430714325175804,4,TE
2022,00-0037005,Tommy Tremble,CAR,22.24777549623545,45.0,0,0.011548422046691736,44,TE
2023,00-0030061,Zach Ertz,ARI,32.80766598220397,43.0,0,0.07368064094305078,17,TE
2023,00-0030506,Travis Kelce,KC,33.90554414784394,3.0,1,0.595927637612585,2,TE
2023,00-0031260,Logan Thomas,WAS,32.16974674880219,16.0,0,0.048921926500408434,24,TE
2023,00-0031585,MyCole Pruitt,ATL,31.43874058863792,67.0,0,0.01049774425261057,46,TE
2023,00-0031610,Darren Waller,NYG,30.965092402464062,22.0,0,0.057119742861658766,22,TE
2023,00-0032134,C.J. Uzomah,NYJ,30.628336755646817,75.0,0,0.012743460331176949,42,TE
2023,00-0032392,Austin Hooper,LV,28.84052019164956,48.0,0,0.07795898044112769,15,TE
2023,00-0033090,Hunter Henry,NE,28.733744010951405,19.0,0,0.03851370104097481,28,TE
2023,00-0033110,Tyler Higbee,LA,30.663928815879533,24.0,0,0.22784509657202584,5,TE
2023,00-0033217,Mo Alie-Cox,IND,29.949349760438057,47.0,0,0.011761951717805127,43,TE
2023,00-0033246,Johnny Mundt,MIN,28.77207392197125,51.0,0,0.006857454617707681,53,TE
2023,00-0033288,George Kittle,SF,29.894592744695416,5.0,1,0.16564605981241187,8,TE
2023,00-0033439,Pharaoh Brown,NE,29.32785763175907,55.0,0,0.009809913359200591,48,TE
2023,00-0033757,Robert Tonyan,CHI,29.3388090349076,73.0,0,0.059272117870877744,21,TE
2023,00-0033858,Jonnu Smith,ATL,28.02737850787132,17.0,0,0.022650103291944015,33,TE
2023,00-0033881,Evan Engram,JAX,28.996577686516083,2.0,1,0.17411026319954057,7,TE
2023,00-0033885,David Njoku,CLE,27.143052703627653,6.0,0,0.10490647528062941,13,TE
2023,00-0033895,Gerald Everett,LAC,29.1854893908282,23.0,0,0.06408608984568362,19,TE
2023,00-0034159,Will Dissly,SEA,27.148528405201915,51.0,0,0.017174594588051196,37,TE
2023,00-0034270,Tyler Conklin,NYJ,28.09034907597536,18.0,0,0.11367153106323787,12,TE
2023,00-0034351,Dallas Goedert,PHI,28.65982203969884,14.0,0,0.14864551544865517,9,TE
2023,00-0034364,Jordan Akins,CLE,31.367556468172484,64.0,0,0.03915362618851943,27,TE
2023,00-0034365,Ian Thomas,CAR,27.236139630390145,87.0,0,0.014755835204858467,41,TE
2023,00-0034383,Dalton Schultz,HOU,27.14031485284052,10.0,0,0.13485871203032967,10,TE
2023,00-0034753,Mark Andrews,BAL,27.98631074606434,15.0,0,0.5970856024618358,1,TE
2023,00-0034798,Durham Smythe,MIA,28.06297056810404,34.0,0,0.007166175758601566,52,TE
2023,00-0034829,Mike Gesicki,NE,27.91238877481177,37.0,0,0.019325459334140108,35,TE
2023,00-0034830,Hayden Hurst,CAR,30.02053388090349,50.0,0,0.06532975176779526,18,TE
2023,00-0034970,Irv Smith,CIN,25.062286105407257,60.0,0,0.03502256540493626,29,TE
2023,00-0034981,Foster Moreau,NO,26.321697467488026,49.0,0,0.04043581367906935,26,TE
2023,00-0035229,T.J. Hockenson,MIN,26.16290212183436,4.0,1,0.2622739701486175,4,TE
2023,00-0035249,Josh Oliver,MIN,26.4476386036961,42.0,0,0.007861235752571362,51,TE
2023,00-0035644,Noah Fant,SEA,25.779603011635867,32.0,0,0.04657366797698847,25,TE
2023,00-0035689,Dawson Knox,BUF,26.79534565366188,41.0,0,0.04925354023503049,23,TE
2023,00-0036040,Juwan Johnson,NO,26.965092402464062,26.0,0,0.07498271330388058,16,TE
2023,00-0036232,Harrison Bryant,CLE,25.357973990417523,54.0,0,0.022248361878512986,34,TE
2023,00-0036244,Colby Parkinson,SEA,24.648870636550303,38.0,0,0.01617883108594437,39,TE
2023,00-0036290,Cole Kmet,CHI,24.47912388774812,8.0,0,0.12243655558451667,11,TE
2023,00-0036422,Adam Trautman,DEN,26.56810403832991,39.0,0,0.011158068320948365,45,TE
2023,00-0036556,Brevin Jordan,HOU,23.12662559890486,44.0,0,0.01663727323581977,38,TE
2023,00-0036628,John Bates,WAS,25.817932922655714,58.0,0,0.009267462182824272,50,TE
2023,00-0036637,Noah Gray,KC,24.33949349760438,36.0,0,0.014802331046454459,40,TE
2023,00-0036754,Brock Wright,DET,24.761122518822724,65.0,0,0.009764602890995153,49,TE
2023,00-0036876,Kylen Granson,IND,25.43189596167009,33.0,0,0.024930124649953554,30,TE
2023,00-0036894,Pat Freiermuth,PIT,24.851471594798085,30.0,0,0.20573570076181585,6,TE
2023,00-0036970,Kyle Pitts,ATL,22.902121834360027,13.0,0,0.4489727490139244,3,TE
2023,00-0037005,Tommy Tremble,CAR,23.247091033538677,39.0,0,0.01167169444997377,44,TE
2023,00-0037744,Trey McBride,ARI,23.77549623545517,7.0,0,0.0239019509837246,32,TE
2023,00-0037809,Chig Okonkwo,TEN,23.980835044490075,21.0,0,0.06315257213957816,20,TE
2023,00-0037838,Isaiah Likely,BAL,23.370294318959616,25.0,0,0.08699956113535944,14,TE
2023,00-0038041,Jake Ferguson,DAL,24.618754277891856,9.0,0,0.010434048252980999,47,TE
2023,00-0038115,Daniel Bellinger,NYG,22.94045174537988,45.0,0,0.01852575690366589,36,TE
2023,00-0038129,Cade Otton,TB,24.38056125941136,20.0,0,0.024659567471704003,31,TE
2024,00-0030506,Travis Kelce,KC,34.90759753593429,5.0,1,0.4083894736042938,3,TE
2024,00-0032392,Austin Hooper,NE,29.842573579739906,24.0,0,0.01253124968165142,37,TE
2024,00-0033090,Hunter Henry,NE,29.73579739904175,12.0,0,0.05825650970221524,18,TE
2024,00-0033217,Mo Alie-Cox,IND,30.951403148528406,60.0,0,0.00756803624517922,51,TE
2024,00-0033246,Johnny Mundt,MIN,29.7741273100616,47.0,0,0.010151000536952554,43,TE
2024,00-0033288,George Kittle,SF,30.89664613278576,3.0,1,0.33298504381856403,5,TE
2024,00-0033357,Taysom Hill,NO,34.026009582477755,29.0,0,0.03443403909351582,26,TE
2024,00-0033858,Jonnu Smith,MIA,29.02943189596167,4.0,1,0.07589502928412578,17,TE
2024,00-0033881,Evan Engram,JAX,29.998631074606436,33.0,0,0.5423572886985538,2,TE
2024,00-0033885,David Njoku,CLE,28.145106091718,11.0,0,0.22807948803934314,7,TE
2024,00-0033895,Gerald Everett,CHI,30.187542778918548,84.0,0,0.04444049677356139,22,TE
2024,00-0034159,Will Dissly,LAC,28.150581793292265,23.0,0,0.009240358952733342,44,TE
2024,00-0034270,Tyler Conklin,NYJ,29.09240246406571,18.0,0,0.07965249158464217,16,TE
2024,00-0034351,Dallas Goedert,PHI,29.661875427789184,27.0,0,0.13329578914346854,13,TE
2024,00-0034364,Jordan Akins,CLE,32.369609856262834,32.0,0,0.008334974734863108,47,TE
2024,00-0034383,Dalton Schultz,HOU,28.142368240930868,20.0,0,0.12675752991589356,14,TE
2024,00-0034613,Tanner Hudson,CIN,29.80424366872005,51.0,0,0.051399068392252875,20,TE
2024,00-0034753,Mark Andrews,BAL,28.98836413415469,6.0,0,0.21019227847222952,9,TE
2024,00-0034798,Durham Smythe,MIA,29.065023956194388,79.0,0,0.02343319587471463,30,TE
2024,00-0034829,Mike Gesicki,CIN,28.914442162902123,13.0,0,0.012713278126553672,36,TE
2024,00-0034830,Hayden Hurst,LAC,31.02258726899384,76.0,0,0.010369165545566099,42,TE
2024,00-0034981,Foster Moreau,NO,27.32375085557837,28.0,0,0.007909119381253785,50,TE
2024,00-0035229,T.J. Hockenson,MIN,27.16495550992471,34.0,0,0.5893123222375687,1,TE
2024,00-0035249,Josh Oliver,MIN,27.449691991786448,38.0,0,0.011582723148999313,39,TE
2024,00-0035631,Drew Sample,CIN,28.37782340862423,53.0,0,0.010655013086850745,41,TE
2024,00-0035644,Noah Fant,SEA,26.781656399726216,26.0,0,0.029383886118626835,27,TE
2024,00-0035689,Dawson Knox,BUF,27.797399041752225,42.0,0,0.013974510123841148,33,TE
2024,00-0036040,Juwan Johnson,NO,27.96714579055441,17.0,0,0.05210519310179387,19,TE
2024,00-0036232,Harrison Bryant,LV,26.360027378507876,72.0,0,0.006063082478272246,53,TE
2024,00-0036244,Colby Parkinson,LA,25.650924024640656,39.0,0,0.012146073409641873,38,TE
2024,00-0036290,Cole Kmet,CHI,25.481177275838466,19.0,0,0.19192710748388797,11,TE
2024,00-0036422,Adam Trautman,DEN,27.57015742642026,49.0,0,0.008528725974635687,45,TE
2024,00-0036628,John Bates,WAS,26.819986310746064,78.0,0,0.008087008571065589,49,TE
2024,00-0036637,Noah Gray,KC,25.34154688569473,22.0,0,0.023269187955884316,31,TE
2024,00-0036876,Kylen Granson,IND,26.43394934976044,61.0,0,0.02673786878298987,28,TE
2024,00-0036894,Pat Freiermuth,PIT,25.853524982888437,9.0,0,0.03730941109438151,25,TE
2024,00-0036970,Kyle Pitts,ATL,23.904175222450377,15.0,0,0.21632532576003233,8,TE
2024,00-0037005,Tommy Tremble,CAR,24.249144421629023,44.0,0,0.011098619062484388,40,TE
2024,00-0037292,Andrew Ogletree,IND,26.09719370294319,67.0,0,0.007325471270022946,52,TE
2024,00-0037475,Stone Smartt,LAC,25.911019849418206,56.0,0,0.008390096445782202,46,TE
2024,00-0037744,Trey McBride,ARI,24.77754962354552,2.0,1,0.2654997996151054,6,TE
2024,00-0037805,Jeremy Ruckert,NYJ,24.057494866529773,62.0,0,0.008260708044126472,48,TE
2024,00-0037809,Chig Okonkwo,TEN,24.982888432580424,21.0,0,0.11498298657764147,15,TE
2024,00-0037838,Isaiah Likely,BAL,24.372347707049965,16.0,0,0.039155833640805715,24,TE
2024,00-0038041,Jake Ferguson,DAL,25.620807665982205,25.0,0,0.13789351264499014,12,TE
2024,00-0038115,Daniel Bellinger,NYG,23.942505133470227,66.0,0,0.013858712324831154,34,TE
2024,00-0038129,Cade Otton,TB,25.38261464750171,14.0,0,0.03995361052938424,23,TE
2024,00-0038394,Will Mallory,IND,25.196440793976727,95.0,0,0.012883145972479621,35,TE
2024,00-0038933,Dalton Kincaid,BUF,24.87337440109514,30.0,0,0.20203436279208517,10,TE
2024,00-0038996,Tucker Kraft,GB,23.82751540041068,10.0,0,0.02401793488651345,29,TE
2024,00-0039065,Sam LaPorta,DET,23.63586584531143,8.0,0,0.39231877468976867,4,TE
2024,00-0039066,Michael Mayer,LV,23.156741957563312,52.0,0,0.02027592409445194,32,TE
2024,00-0039144,Luke Musgrave,GB,23.99726214921287,86.0,0,0.046686741449242626,21,TE
2025,00-0030061,Zach Ertz,WAS,34.809034907597535,19.0,0,0.10875321529786969,17,TE
2025,00-0030506,Travis Kelce,KC,35.90691307323751,3.0,1,0.35734092856912214,4,TE
2025,00-0032392,Austin Hooper,NE,30.84188911704312,47.0,0,0.04762662230304274,29,TE
2025,00-0033090,Hunter Henry,NE,30.73511293634497,9.0,0,0.12058294935609873,14,TE
2025,00-0033217,Mo Alie-Cox,IND,31.95071868583162,66.0,0,0.00535007236714751,54,TE
2025,00-0033246,Johnny Mundt,JAX,30.77344284736482,76.0,0,0.012877916711551496,44,TE
2025,00-0033288,George Kittle,SF,31.89596167008898,13.0,0,0.3686553447657856,3,TE
2025,00-0033357,Taysom Hill,NO,35.02532511978097,58.0,0,0.128366958527979,13,TE
2025,00-0033858,Jonnu Smith,PIT,30.028747433264886,35.0,0,0.3422495452235965,5,TE
2025,00-0033881,Evan Engram,DEN,30.99794661190965,29.0,0,0.28739002107553197,6,TE
2025,00-0033885,David Njoku,CLE,29.144421629021217,34.0,0,0.21382644238086942,7,TE
2025,00-0034159,Will Dissly,LAC,29.149897330595483,75.0,0,0.0788821494699628,22,TE
2025,00-0034270,Tyler Conklin,LAC,30.091718001368925,80.0,0,0.06446132694023653,26,TE
2025,00-0034351,Dallas Goedert,PHI,30.6611909650924,7.0,0,0.13014974824525052,11,TE
2025,00-0034383,Dalton Schultz,HOU,29.14168377823409,10.0,0,0.08636293855464479,21,TE
2025,00-0034613,Tanner Hudson,CIN,30.803559206023277,55.0,0,0.012037705228198838,45,TE
2025,00-0034753,Mark Andrews,BAL,29.987679671457904,16.0,0,0.11757999545996989,15,TE
2025,00-0034829,Mike Gesicki,CIN,29.913757700205338,41.0,0,0.1411548856403504,9,TE
2025,00-0034981,Foster Moreau,NO,28.32306639288159,86.0,0,0.019505542789564477,36,TE
2025,00-0035229,T.J. Hockenson,MIN,28.164271047227928,26.0,0,0.1060260363820211,18,TE
2025,00-0035249,Josh Oliver,MIN,28.449007529089663,49.0,0,0.01811344206447389,40,TE
2025,00-0035631,Drew Sample,CIN,29.377138945927445,64.0,0,0.008037963015453493,50,TE
2025,00-0035644,Noah Fant,CIN,27.78097193702943,37.0,0,0.07198858625734203,23,TE
2025,00-0035689,Dawson Knox,BUF,28.79671457905544,28.0,0,0.015944106343843596,42,TE
2025,00-0036040,Juwan Johnson,NO,28.966461327857637,8.0,0,0.06592330920582408,25,TE
2025,00-0036244,Colby Parkinson,LA,26.650239561943877,17.0,0,0.02218506925651841,35,TE
2025,00-0036290,Cole Kmet,CHI,26.480492813141684,36.0,0,0.03001828045912609,33,TE
2025,00-0036422,Adam Trautman,DEN,28.56947296372348,57.0,0,0.007029776389168398,52,TE
2025,00-0036637,Noah Gray,KC,26.340862422997947,59.0,0,0.03565843587259102,31,TE
2025,00-0036876,Kylen Granson,PHI,27.43326488706365,91.0,0,0.00942156401036194,49,TE
2025,00-0036894,Pat Freiermuth,PIT,26.85284052019165,25.0,0,0.1166591331535564,16,TE
2025,00-0036970,Kyle Pitts,ATL,24.903490759753595,2.0,1,0.052163864517694086,28,TE
2025,00-0037005,Tommy Tremble,CAR,25.24845995893224,42.0,0,0.016320388099596007,41,TE
2025,00-0037086,Grant Calcaterra,PHI,26.74332648870637,74.0,0,0.0189721745833115,38,TE
2025,00-0037744,Trey McBride,ARI,25.77686516084873,1.0,1,0.6190302155938925,1,TE
2025,00-0037805,Jeremy Ruckert,NYJ,25.05681040383299,56.0,0,0.009681532454652976,48,TE
2025,00-0037809,Chig Okonkwo,TEN,25.98220396988364,21.0,0,0.06986100306060654,24,TE
2025,00-0037838,Isaiah Likely,BAL,25.371663244353183,45.0,0,0.059515650444006064,27,TE
2025,00-0038041,Jake Ferguson,DAL,26.62012320328542,5.0,1,0.10391350993566764,19,TE
2025,00-0038129,Cade Otton,TB,26.38193018480493,22.0,0,0.1289469296134242,12,TE
2025,00-0038547,Luke Schoonmaker,DAL,26.92676249144421,70.0,0,0.019063657723217078,37,TE
2025,00-0038558,Darnell Washington,PIT,24.041067761806985,39.0,0,0.011617545239537326,47,TE
2025,00-0038589,Josh Whyle,GB,25.98220396988364,83.0,0,0.0187320036753093,39,TE
2025,00-0038933,Dalton Kincaid,BUF,25.87268993839836,20.0,0,0.14939953571024173,8,TE
2025,00-0038935,Brenton Strange,JAX,24.67898699520876,23.0,0,0.04333840138483159,30,TE
2025,00-0038996,Tucker Kraft,GB,24.826830937713893,24.0,0,0.0869352445018233,20,TE
2025,00-0039041,Elijah Higgins,ARI,24.84599589322382,48.0,0,0.01171513043608857,46,TE
2025,00-0039065,Sam LaPorta,DET,24.635181382614647,27.0,0,0.13412544344504582,10,TE
2025,00-0039066,Michael Mayer,LV,24.15605749486653,38.0,0,0.006776225387100067,53,TE
2025,00-0039338,Brock Bowers,LV,22.718685831622174,11.0,0,0.5916837916448453,2,TE
2025,00-0039356,Ja'Tavion Sanders,CAR,22.43394934976044,50.0,0,0.022580341912187548,34,TE
2025,00-0039359,Cade Stover,HOU,25.22108145106092,77.0,0,0.00725422153632732,51,TE
2025,00-0039793,AJ Barner,SEA,23.33196440793977,14.0,0,0.014948769046113223,43,TE
2025,00-0039847,Theo Johnson,NYG,24.511978097193705,18.0,0,0.031198458389684346,32,TE
