player_id,season,round,pick,team,pos,draft_age,player,college,depth_rank,vacated_share,returning_top_share,team_scoring_rank,team_qb_epa_rank,pos_rank,top8,games,prob
00-0031503,2015,1,1,TB,QB,21.0,Jameis Winston,Florida St.,1.0,0.6237113402061856,0.37628865979381443,29.0,32.0,13.0,0.0,16.0,0.08613054356280363
00-0032268,2015,1,2,TEN,QB,21.0,Marcus Mariota,Oregon,1.0,0.2857142857142857,0.3625,30.0,28.0,22.0,0.0,12.0,0.05914083740650766
00-0032148,2015,3,75,NO,QB,24.0,Garrett Grayson,Colorado St.,3.0,0.0,1.0,9.0,6.0,,0.0,,0.0011780767270393499
00-0032245,2015,3,89,LA,QB,23.0,Sean Mannion,Oregon St.,3.0,,,21.0,35.0,,0.0,,0.0069757891458964195
00-0031568,2015,4,103,NYJ,QB,24.0,Bryce Petty,Baylor,2.0,0.2616822429906542,0.7383177570093458,28.0,30.0,,0.0,,0.03148551107174024
00-0031589,2015,5,147,GB,QB,22.0,Brett Hundley,UCLA,3.0,0.03180212014134275,0.9681978798586572,1.0,2.0,,0.0,,0.0003324679200180023
00-0032156,2015,7,250,DEN,QB,23.0,Trevor Siemian,Northwestern,3.0,0.0,0.9839743589743589,2.0,4.0,,0.0,,0.0004303176133726034
00-0033106,2016,1,1,LA,QB,21.0,Jared Goff,California,2.0,0.73125,0.26875,29.0,37.0,37.0,0.0,7.0,0.027294934830098573
00-0032950,2016,1,2,PHI,QB,23.0,Carson Wentz,North Dakota St.,1.0,1.0,0.0,13.0,22.0,24.0,0.0,16.0,0.15994499953955774
00-0033108,2016,1,26,DEN,QB,22.0,Paxton Lynch,Memphis,2.0,1.0,0.0,19.0,33.0,,0.0,,0.05055710403126587
00-0032953,2016,2,51,NYJ,QB,21.0,Christian Hackenberg,Penn St.,3.0,0.0,1.0,11.0,10.0,,0.0,,0.0008890815055230374
00-0033119,2016,3,91,NE,QB,23.0,Jacoby Brissett,North Carolina St.,2.0,0.993993993993994,0.006006006006006006,3.0,5.0,,0.0,,0.02453462112867712
00-0033104,2016,3,93,CLE,QB,23.0,Cody Kessler,USC,3.0,0.43447037701974867,0.5655296229802513,30.0,17.0,32.0,0.0,9.0,0.00374929039994232
00-0032893,2016,4,100,LV,QB,23.0,Connor Cook,Michigan St.,3.0,,,17.0,28.0,,0.0,,0.00389326855334626
00-0033077,2016,4,135,DAL,QB,23.0,Dak Prescott,Mississippi St.,1.0,0.7434343434343434,0.25656565656565655,31.0,36.0,6.0,1.0,16.0,0.06749426699439609
00-0033098,2016,4,139,BUF,QB,23.0,Cardale Jones,Ohio St.,3.0,0.0,0.8221343873517787,12.0,9.0,,0.0,,0.0012208205147104009
00-0032784,2016,5,162,KC,QB,23.0,Kevin Hogan,Stanford,,0.0,1.0,9.0,15.0,,0.0,,0.003023893141574542
00-0032792,2016,6,187,WAS,QB,22.0,Nate Sudfeld,Indiana,3.0,0.0,1.0,10.0,6.0,,0.0,,0.0005047991746727633
00-0032431,2016,6,191,DET,QB,23.0,Jake Rudock,Michigan,,0.0,1.0,18.0,18.0,,0.0,,0.0027009658200745994
00-0032434,2016,6,201,JAX,QB,24.0,Brandon Allen,Arkansas,3.0,0.0,1.0,14.0,23.0,,0.0,,0.001445764716607538
00-0032436,2016,6,207,SF,QB,23.0,Jeff Driskel,Louisiana Tech,3.0,0.5302245250431779,0.4697754749568221,32.0,35.0,,0.0,,0.003640794932333852
00-0032446,2016,7,223,MIA,QB,24.0,Brandon Doughty,Western Kentucky,3.0,0.0,1.0,27.0,27.0,,0.0,,0.001370938742381501
00-0033869,2017,1,2,CHI,QB,23.0,Mitchell Trubisky,North Carolina,2.0,1.0,0.0,28.0,25.0,28.0,0.0,12.0,0.06786809246097007
00-0033873,2017,1,10,KC,QB,21.0,Patrick Mahomes,Texas Tech,2.0,0.0,1.0,13.0,16.0,,0.0,,0.0028210675515888926
00-0033537,2017,1,12,HOU,QB,21.0,Deshaun Watson,Clemson,2.0,1.0,0.0,28.0,32.0,26.0,0.0,7.0,0.04170414045354236
00-0033899,2017,2,52,CLE,QB,21.0,DeShone Kizer,Notre Dame,1.0,0.6197183098591549,0.38028169014084506,31.0,14.0,25.0,0.0,15.0,0.03815927726528683
00-0033550,2017,3,87,NYG,QB,22.0,Davis Webb,California,3.0,0.0,1.0,26.0,26.0,,0.0,,0.0022656370392966038
00-0033936,2017,3,104,SF,QB,23.0,C.J. Beathard,Iowa,2.0,1.0,0.0,27.0,27.0,33.0,0.0,6.0,0.06542397412728096
00-0033949,2017,4,135,PIT,QB,22.0,Joshua Dobbs,Tennessee,3.0,0.0,0.8538961038961039,10.0,8.0,,0.0,,0.0007763449767929899
00-0033958,2017,5,171,BUF,QB,23.0,Nathan Peterman,Pittsburgh,2.0,0.05719921104536489,0.9428007889546351,10.0,19.0,54.0,0.0,4.0,0.006225859300539822
00-0033585,2017,6,215,DET,QB,22.0,Brad Kaaya,Miami (FL),,0.0,1.0,20.0,11.0,,0.0,,0.0009187621859804088
00-0033597,2017,7,253,DEN,QB,23.0,Chad Kelly,Mississippi,,0.0,1.0,22.0,22.0,,0.0,,0.00220447446027768
00-0034855,2018,1,1,CLE,QB,23.0,Baker Mayfield,Oklahoma,2.0,1.0,0.0,32.0,35.0,16.0,0.0,14.0,0.10889173999344143
00-0034869,2018,1,3,NYJ,QB,21.0,Sam Darnold,USC,1.0,0.2158273381294964,0.7841726618705036,24.0,17.0,27.0,0.0,13.0,0.019335702308490355
00-0034857,2018,1,7,BUF,QB,22.0,Josh Allen,Wyoming,2.0,0.9061302681992337,0.09386973180076628,22.0,19.0,21.0,0.0,12.0,0.02555344324530742
00-0034343,2018,1,10,ARI,QB,21.0,Josh Rosen,UCLA,2.0,1.0,0.0,25.0,21.0,34.0,0.0,14.0,0.023608374670394075
00-0034796,2018,1,32,BAL,QB,21.0,Lamar Jackson,Louisville,2.0,0.0,1.0,9.0,27.0,29.0,0.0,16.0,0.003974599960598508
00-0034771,2018,3,76,PIT,QB,23.0,Mason Rudolph,Oklahoma St.,3.0,0.0,1.0,8.0,7.0,,0.0,,0.0008820151279418157
00-0034369,2018,4,108,NYG,QB,23.0,Kyle Lauletta,Richmond,3.0,0.0,1.0,31.0,28.0,,0.0,,0.003787814657528774
00-0034401,2018,5,171,DAL,QB,23.0,Mike White,Western Kentucky,3.0,0.0,1.0,14.0,25.0,,0.0,,0.0018545505389769399
00-0034412,2018,6,199,TEN,QB,23.0,Luke Falk,Washington St.,3.0,0.0,1.0,19.0,22.0,,0.0,,0.0017182192784503776
00-0034416,2018,6,203,JAX,QB,23.0,Tanner Lee,Nebraska,,0.0,1.0,5.0,14.0,,0.0,,0.0029084908705831287
00-0034423,2018,7,219,NE,QB,24.0,Danny Etling,LSU,,0.0,1.0,2.0,1.0,,0.0,,0.0021301311619503997
00-0034732,2018,7,220,SEA,QB,22.0,Alex McGough,Florida International,,0.0,1.0,11.0,16.0,,0.0,,0.0024054535322452753
00-0034438,2018,7,249,CIN,QB,23.0,Logan Woodside,Toledo,,0.0,1.0,26.0,24.0,,0.0,,0.006958043419323432
00-0035228,2019,1,1,ARI,QB,22.0,Kyler Murray,Oklahoma,1.0,1.0,0.0,32.0,34.0,8.0,1.0,16.0,0.13345790576855565
00-0035710,2019,1,6,NYG,QB,22.0,Daniel Jones,Duke,2.0,0.0,1.0,16.0,21.0,24.0,0.0,13.0,0.0058376152460828425
00-0035232,2019,1,15,WAS,QB,22.0,Dwayne Haskins,Ohio St.,2.0,1.0,0.0,29.0,28.0,35.0,0.0,9.0,0.03371562604239722
00-0035704,2019,2,42,DEN,QB,22.0,Drew Lock,Missouri,,1.0,0.0,24.0,30.0,36.0,0.0,5.0,0.01877624059506145
00-0035251,2019,3,100,CAR,QB,24.0,Will Grier,West Virginia,3.0,0.10554561717352415,0.8944543828264758,14.0,20.0,,0.0,,0.0046086498290555215
00-0035652,2019,4,104,CIN,QB,24.0,Ryan Finley,North Carolina St.,2.0,0.33217993079584773,0.6678200692041523,17.0,18.0,,0.0,,0.020338340501137513
00-0035264,2019,4,133,NE,QB,23.0,Jarrett Stidham,Auburn,2.0,0.003372681281618887,0.9966273187183811,4.0,9.0,,0.0,,0.005075701017219364
00-0035282,2019,5,166,LAC,QB,23.0,Easton Stick,North Dakota St.,3.0,0.009174311926605505,0.9908256880733946,6.0,3.0,,0.0,,0.001203190017488328
00-0035283,2019,5,167,PHI,QB,24.0,Clayton Thorson,Northwestern,,0.32075471698113206,0.6792452830188679,18.0,15.0,,0.0,,0.009532801388446534
00-0035289,2019,6,178,JAX,QB,23.0,Gardner Minshew II,Washington St.,2.0,1.0,0.0,31.0,31.0,19.0,0.0,14.0,0.05489972589233727
00-0035146,2019,6,197,BAL,QB,24.0,Trace McSorley,Penn St.,3.0,0.6798623063683304,0.32013769363166955,13.0,22.0,,0.0,,0.010418213292335856
00-0036442,2020,1,1,CIN,QB,23.0,Joe Burrow,LSU,1.0,1.0,0.0,30.0,27.0,25.0,0.0,10.0,0.2364933728063083
00-0036212,2020,1,5,MIA,QB,22.0,Tua Tagovailoa,Alabama,2.0,0.1874062968515742,0.8125937031484258,25.0,19.0,31.0,0.0,10.0,0.008581650692506678
00-0036355,2020,1,6,LAC,QB,22.0,Justin Herbert,Oregon,2.0,0.9904912836767037,0.009508716323296355,21.0,13.0,9.0,0.0,15.0,0.021963941942098646
00-0036264,2020,1,26,GB,QB,21.0,Jordan Love,Utah St.,3.0,0.0,1.0,15.0,14.0,,0.0,,0.0006429183416829567
00-0036389,2020,2,53,PHI,QB,22.0,Jalen Hurts,Oklahoma,3.0,0.0,1.0,12.0,16.0,34.0,0.0,14.0,0.0009179440692070004
00-0036226,2020,4,122,IND,QB,22.0,Jacob Eason,Washington,3.0,0.12867647058823528,0.8713235294117647,16.0,21.0,,0.0,,0.0013286191564170298
00-0036301,2020,4,125,NYJ,QB,23.0,James Morgan,Florida International,3.0,0.0,1.0,31.0,28.0,,0.0,,0.003286575993590334
00-0036197,2020,5,167,BUF,QB,22.0,Jake Fromm,Georgia,3.0,0.0,1.0,23.0,25.0,,0.0,,0.0013877966750021177
00-0036312,2020,6,189,JAX,QB,24.0,Jake Luton,Oregon St.,2.0,0.19904458598726116,0.8009554140127388,26.0,26.0,,0.0,,0.017872378389939696
00-0036384,2020,7,231,DAL,QB,23.0,Ben DiNucci,James Madison,3.0,0.0,1.0,6.0,6.0,,0.0,,0.0005069473265007986
00-0036433,2020,7,240,NO,QB,23.0,Tommy Stevens,Mississippi St.,,0.34782608695652173,0.6521739130434783,3.0,3.0,,0.0,,0.0027083821188318515
00-0036279,2020,7,244,MIN,QB,23.0,Nate Stanley,Iowa,,0.0,1.0,8.0,7.0,,0.0,,0.0020600145207262835
00-0036971,2021,1,1,JAX,QB,21.0,Trevor Lawrence,Clemson,1.0,1.0,0.0,30.0,24.0,23.0,0.0,17.0,0.13584915236736603
00-0037013,2021,1,2,NYJ,QB,22.0,Zach Wilson,BYU,1.0,1.0,0.0,32.0,36.0,30.0,0.0,13.0,0.2979024920763777
00-0037012,2021,1,3,SF,QB,21.0,Trey Lance,North Dakota St.,2.0,0.7520525451559934,0.24794745484400657,21.0,26.0,39.0,0.0,6.0,0.020281443525381207
00-0036945,2021,1,11,CHI,QB,22.0,Justin Fields,Ohio St.,2.0,1.0,0.0,22.0,32.0,31.0,0.0,12.0,0.06113238964517574
00-0036972,2021,1,15,NE,QB,23.0,Mac Jones,Alabama,1.0,1.0,0.0,27.0,27.0,18.0,0.0,17.0,0.25808094862639597
00-0036928,2021,2,64,TB,QB,23.0,Kyle Trask,Florida,3.0,0.0,0.9737654320987654,3.0,6.0,,0.0,,0.000588713177396012
00-0036946,2021,3,66,MIN,QB,22.0,Kellen Mond,Texas A&M,2.0,0.0,1.0,11.0,11.0,,0.0,,0.0025118412220996433
00-0036898,2021,3,67,HOU,QB,22.0,Davis Mills,Stanford,2.0,0.0,1.0,18.0,5.0,29.0,0.0,13.0,0.0022897358087821955
00-0036929,2021,4,133,NO,QB,23.0,Ian Book,Notre Dame,3.0,1.0,0.0,5.0,9.0,,0.0,,0.004262842301051899
00-0036879,2021,6,218,IND,QB,22.0,Sam Ehlinger,Texas,,1.0,0.0,9.0,7.0,,0.0,,0.002675061199897155
00-0038102,2022,1,20,PIT,QB,24.0,Kenny Pickett,Pittsburgh,3.0,1.0,0.0,21.0,27.0,28.0,0.0,13.0,0.026051882510237347
00-0038122,2022,3,74,ATL,QB,23.0,Desmond Ridder,Cincinnati,2.0,1.0,0.0,26.0,21.0,46.0,0.0,4.0,0.04615550876831042
00-0038128,2022,3,86,TEN,QB,23.0,Malik Willis,Liberty,3.0,0.0,1.0,15.0,17.0,53.0,0.0,7.0,0.0015239575945958845
00-0038132,2022,3,94,CAR,QB,23.0,Matt Corral,Mississippi,,0.8876923076923077,0.1123076923076923,29.0,33.0,,0.0,,0.06758856532409195
00-0038108,2022,4,137,NE,QB,23.0,Bailey Zappe,Western Kentucky,3.0,0.0,0.9803571428571428,6.0,13.0,44.0,0.0,4.0,0.0009635912242102048
00-0037077,2022,5,144,WAS,QB,21.0,Sam Howell,North Carolina,3.0,0.0,1.0,23.0,26.0,,0.0,,0.0010594056506918609
00-0037324,2022,7,241,PIT,QB,25.0,Chris Oladokun,South Dakota St.,,1.0,0.0,21.0,27.0,,0.0,,0.09526925137700158
00-0037327,2022,7,247,MIA,QB,25.0,Skylar Thompson,Kansas St.,3.0,0.37423312883435583,0.6257668711656442,22.0,15.0,57.0,0.0,7.0,0.005767110112706548
00-0037834,2022,7,262,SF,QB,22.0,Brock Purdy,Iowa St.,3.0,0.0,0.8623853211009175,13.0,3.0,33.0,0.0,9.0,0.00041628974713814483
00-0039150,2023,1,1,CAR,QB,22.0,Bryce Young,Alabama,1.0,1.0,0.0,20.0,32.0,23.0,0.0,16.0,0.1793140533993136
00-0039163,2023,1,2,HOU,QB,21.0,C.J. Stroud,Ohio St.,1.0,0.041353383458646614,0.9586466165413534,30.0,33.0,9.0,0.0,15.0,0.033131956205168824
00-0039164,2023,1,4,IND,QB,21.0,Anthony Richardson,Florida,1.0,0.8127035830618893,0.18729641693811075,30.0,25.0,38.0,0.0,4.0,0.07968998645798661
00-0039152,2023,2,33,TEN,QB,24.0,Will Levis,Kentucky,3.0,0.0,0.8344988344988346,28.0,11.0,32.0,0.0,9.0,0.0036091427960705177
00-0038550,2023,3,68,DET,QB,25.0,Hendon Hooker,Tennessee,,0.0,1.0,5.0,5.0,,0.0,,0.002654829372808185
00-0038998,2023,4,127,NO,QB,24.0,Jake Haener,Fresno St.,,1.0,0.0,22.0,14.0,,0.0,,0.015915762106217635
00-0039107,2023,4,128,LA,QB,25.0,Stetson Bennett,Georgia,2.0,0.10752688172043011,0.8924731182795699,27.0,27.0,,0.0,,0.04129844032410461
00-0038579,2023,4,135,LV,QB,25.0,Aidan O'Connell,Purdue,3.0,1.0,0.0,12.0,12.0,28.0,0.0,11.0,0.019712331161944773
00-0038582,2023,5,139,ARI,QB,24.0,Clayton Tune,Houston,2.0,1.0,0.0,21.0,23.0,65.0,0.0,6.0,0.08262028677487286
00-0038583,2023,5,140,CLE,QB,23.0,Dorian Thompson-Robinson,UCLA,2.0,0.6740994854202401,0.3259005145797599,18.0,13.0,56.0,0.0,7.0,0.019991417270779376
00-0038391,2023,5,149,GB,QB,25.0,Sean Clifford,Penn St.,2.0,0.9647058823529412,0.03529411764705882,14.0,21.0,,0.0,,0.09950764028307506
00-0038598,2023,5,164,MIN,QB,25.0,Jaren Hall,BYU,3.0,0.0,0.9649859943977591,8.0,19.0,,0.0,,0.004921150011312536
00-0038400,2023,6,188,PHI,QB,23.0,Tanner McKee,Stanford,,0.1413793103448276,0.8586206896551725,3.0,6.0,,0.0,,0.0012408837573118657
00-0038637,2023,7,239,LAC,QB,22.0,Max Duggan,TCU,,0.0,1.0,13.0,17.0,,0.0,,0.0011233884297760484
00-0040676,2025,1,1,TEN,QB,23.0,Cam Ward,Miami (FL),1.0,0.4113597246127367,0.5886402753872634,27.0,37.0,22.0,0.0,17.0,0.19358046589163083
00-0040691,2025,1,25,NYG,QB,22.0,Jaxson Dart,Mississippi,2.0,1.0,0.0,31.0,34.0,13.0,0.0,14.0,0.05465204589755843
00-0040743,2025,2,40,NO,QB,25.0,Tyler Shough,Louisville,2.0,0.49312714776632305,0.42955326460481097,24.0,7.0,26.0,0.0,11.0,0.024321401746689286
00-0040673,2025,3,92,SEA,QB,22.0,Jalen Milroe,Alabama,3.0,1.0,0.0,18.0,19.0,,0.0,,0.003305098446597609
00-0040704,2025,3,94,CLE,QB,24.0,Dillon Gabriel,Oregon,2.0,0.641726618705036,0.35827338129496406,32.0,33.0,40.0,0.0,10.0,0.0730833064550229
00-0040668,2025,5,144,CLE,QB,23.0,Shedeur Sanders,Colorado,3.0,0.641726618705036,0.35827338129496406,32.0,33.0,37.0,0.0,8.0,0.008786770074762952
00-0040014,2025,6,181,PHI,QB,22.0,Kyle McCord,Syracuse,4.0,0.10337078651685393,0.8966292134831461,7.0,14.0,,0.0,,9.980973828977291e-05
00-0040203,2025,6,185,PIT,QB,23.0,Will Howard,Ohio St.,3.0,1.0,0.0,16.0,25.0,,0.0,,0.00582627615219461
00-0040206,2025,6,189,IND,QB,22.0,Riley Leonard,Notre Dame,3.0,0.4889705882352941,0.5110294117647058,17.0,36.0,51.0,0.0,5.0,0.003394367918871988
00-0040211,2025,6,197,HOU,QB,24.0,Graham Mertz,Florida,3.0,0.0,0.9389067524115756,19.0,27.0,,0.0,,0.003033774360309027
00-0040220,2025,6,213,LV,QB,,Tommy Mellott,Montana St.,7.0,0.6295754026354319,0.37042459736456806,29.0,35.0,,0.0,,1.1683710897135192e-05
00-0040222,2025,6,215,LV,QB,24.0,Cam Miller,North Dakota St.,4.0,0.6295754026354319,0.37042459736456806,29.0,35.0,,0.0,,0.0024718656375998516
00-0040589,2025,7,227,SF,QB,24.0,Kurtis Rourke,Indiana,3.0,0.0,1.0,13.0,8.0,,0.0,,0.0008801227781626257
00-0040234,2025,7,231,MIA,QB,22.0,Quinn Ewers,Texas,3.0,0.2605633802816901,0.7394366197183099,22.0,4.0,48.0,0.0,4.0,0.0004903087325250882
00-0032241,2015,1,10,LA,RB,21.0,Todd Gurley,Georgia,2.0,,,21.0,35.0,9.0,0.0,13.0,0.09718373235854869
00-0032144,2015,1,15,LAC,RB,22.0,Melvin Gordon,Wisconsin,1.0,,,17.0,10.0,48.0,0.0,14.0,0.16121026477044448
00-0032209,2015,2,36,JAX,RB,21.0,T.J. Yeldon,Alabama,1.0,0.3312176057614095,0.3870538559900872,32.0,37.0,28.0,0.0,12.0,0.12851533391463438
00-0032104,2015,2,54,DET,RB,22.0,Ameer Abdullah,Nebraska,2.0,0.434163087857371,0.4374340087026991,22.0,18.0,43.0,0.0,16.0,0.03761709709821744
00-0032058,2015,3,73,ATL,RB,22.0,Tevin Coleman,Indiana,1.0,0.8010456693395653,0.19895433066043472,12.0,14.0,84.0,0.0,12.0,0.2085208906744441
00-0032257,2015,3,77,CLE,RB,21.0,Duke Johnson,Miami (FL),2.0,0.7165271169357053,0.28347288306429486,27.0,27.0,23.0,0.0,16.0,0.05321833905665351
00-0032187,2015,3,86,ARI,RB,23.0,David Johnson,Northern Iowa,3.0,0.4104298912526239,0.45622631946427666,24.0,21.0,7.0,1.0,16.0,0.006828976568407259
00-0031939,2015,3,95,WAS,RB,22.0,Matt Jones,Florida,2.0,0.37538075745892757,0.6246192425410725,26.0,36.0,44.0,0.0,13.0,0.028497743469480946
00-0031569,2015,4,106,CHI,RB,23.0,Jeremy Langford,Michigan St.,3.0,0.0026370901113328626,0.8637129387143064,23.0,31.0,29.0,0.0,15.0,0.003521561828965032
00-0031577,2015,4,125,BAL,RB,24.0,Javorius Allen,USC,3.0,0.27736681909971445,0.5351580042015696,8.0,11.0,30.0,0.0,16.0,0.004281365499441277
00-0032063,2015,4,126,SF,RB,22.0,Mike Davis,South Carolina,1.0,0.7297920553539863,0.2702079446460137,25.0,24.0,117.0,0.0,5.0,0.08356890271109894
00-0032133,2015,5,138,TEN,RB,22.0,David Cobb,Minnesota,,0.5109216705254285,0.4890783294745715,30.0,28.0,111.0,0.0,7.0,0.004602330701312359
00-0031590,2015,5,149,MIA,RB,22.0,Jay Ajayi,Boise St.,,0.20554827239082774,0.6364050261542439,11.0,19.0,83.0,0.0,9.0,0.0037188923757907892
00-0032152,2015,5,155,BUF,RB,22.0,Karlos Williams,Florida St.,3.0,0.6329923301321532,0.18810748046541162,18.0,22.0,38.0,0.0,11.0,0.00572238498726131
00-0031599,2015,5,174,CAR,RB,25.0,Cameron Artis-Payne,Auburn,3.0,0.5623111429125817,0.34404647792634696,19.0,29.0,91.0,0.0,6.0,0.003518367883927113
00-0031611,2015,6,205,IND,RB,23.0,Josh Robinson,Mississippi St.,3.0,1.0,0.0,6.0,9.0,129.0,0.0,5.0,0.006446148911884968
00-0031959,2015,7,230,NO,RB,23.0,Marcus Murphy,Missouri,3.0,0.36185717217059604,0.4337129227400484,9.0,6.0,140.0,0.0,13.0,0.0012083095798405556
00-0031625,2015,7,235,HOU,RB,23.0,Kenny Hilliard,LSU,,0.0137053523695868,0.6088444779451712,14.0,7.0,,0.0,,0.0004901644196788533
00-0033045,2016,1,4,DAL,RB,21.0,Ezekiel Elliott,Ohio St.,1.0,0.8529092606850346,0.13026407209328264,31.0,36.0,2.0,1.0,15.0,0.18745053178196866
00-0032764,2016,2,45,TEN,RB,22.0,Derrick Henry,Alabama,2.0,0.5433698381714847,0.4566301618285154,28.0,26.0,45.0,0.0,14.0,0.06441560227212045
00-0033118,2016,3,73,MIA,RB,22.0,Kenyan Drake,Alabama,2.0,0.7067208735747225,0.2013490756842043,27.0,27.0,73.0,0.0,15.0,0.047315259665422986
00-0032393,2016,3,90,SEA,RB,22.0,C.J. Prosise,Notre Dame,3.0,0.6592716034453603,0.3407283965546397,4.0,3.0,67.0,0.0,6.0,0.029637475519700196
00-0032404,2016,4,119,HOU,RB,22.0,Tyler Ervin,San Jose St.,1.0,0.6286924799891116,0.24991982184964484,21.0,19.0,137.0,0.0,12.0,0.05430513547068223
00-0032411,2016,4,134,BAL,RB,22.0,Kenneth Dixon,Louisiana Tech,2.0,0.08254469505568193,0.4369523218506834,25.0,21.0,47.0,0.0,12.0,0.01040403132450522
00-0032972,2016,4,136,DEN,RB,24.0,Devontae Booker,Utah,2.0,0.5932290119854459,0.4067709880145541,19.0,33.0,32.0,0.0,16.0,0.043292895126485355
00-0032940,2016,5,143,LV,RB,23.0,DeAndre Washington,Texas Tech,2.0,,,17.0,28.0,56.0,0.0,13.0,0.024193085863829924
00-0032417,2016,5,149,NYG,RB,21.0,Paul Perkins,UCLA,3.0,0.17364942329740005,0.4484353238998792,6.0,13.0,57.0,0.0,14.0,0.006014707907550928
00-0032780,2016,5,150,CHI,RB,21.0,Jordan Howard,Indiana,3.0,0.5791681556582188,0.29312022291250567,23.0,16.0,10.0,0.0,15.0,0.00644249385623354
00-0032782,2016,5,153,PHI,RB,22.0,Wendell Smallwood,West Virginia,2.0,0.37588302677810087,0.23596301908823916,13.0,22.0,72.0,0.0,12.0,0.014570104678592788
00-0032975,2016,5,156,BUF,RB,22.0,Jonathan Williams,Arkansas,2.0,0.28184558829076556,0.4791824030251403,12.0,9.0,117.0,0.0,8.0,0.014245873318168354
00-0032426,2016,5,171,SEA,RB,22.0,Alex Collins,Arkansas,3.0,0.6592716034453603,0.3407283965546397,4.0,3.0,83.0,0.0,9.0,0.010640356644197813
00-0033078,2016,6,182,BAL,RB,22.0,Keenan Reynolds,Navy,,0.08254469505568193,0.4369523218506834,25.0,21.0,,0.0,,0.0027314303665655877
00-0032440,2016,6,211,SF,RB,22.0,Kelvin Taylor,Florida,,0.728071368971967,0.14681021404216826,32.0,35.0,,0.0,,0.0037178640784753664
00-0033049,2016,6,216,DAL,RB,22.0,Darius Jackson,Eastern Michigan,3.0,0.8529092606850346,0.13026407209328264,31.0,36.0,,0.0,,0.004339154583964459
00-0032450,2016,7,236,DET,RB,22.0,Dwayne Washington,Washington,3.0,0.3136000291984235,0.3108346196650152,18.0,18.0,74.0,0.0,11.0,0.002032077564631548
00-0032804,2016,7,237,NO,RB,23.0,Daniel Lasco,California,3.0,0.2014137705830303,0.3484784072028802,8.0,8.0,134.0,0.0,5.0,0.002566859889088196
00-0032806,2016,7,242,WAS,RB,22.0,Keith Marshall,Georgia,,0.5137037369511706,0.328408680050834,10.0,6.0,,0.0,,0.002941352160870709
00-0032808,2016,7,247,SEA,RB,23.0,Zac Brooks,Clemson,,0.6592716034453603,0.3407283965546397,4.0,3.0,,0.0,,0.004987389530145235
00-0033856,2017,1,4,JAX,RB,22.0,Leonard Fournette,LSU,1.0,0.12909037399964166,0.38357751954592995,25.0,31.0,9.0,0.0,13.0,0.18128917003878192
00-0033280,2017,1,8,CAR,RB,21.0,Christian McCaffrey,Stanford,1.0,0.11598712627150534,0.6752360464397851,15.0,30.0,10.0,0.0,16.0,0.1286332639128266
00-0033893,2017,2,41,MIN,RB,22.0,Dalvin Cook,Florida St.,1.0,0.6232596207771507,0.37674037922284925,23.0,20.0,72.0,0.0,4.0,0.1318465061285884
00-0033897,2017,2,48,CIN,RB,21.0,Joe Mixon,Oklahoma,3.0,0.21345671656929566,0.4248655207260763,24.0,12.0,34.0,0.0,14.0,0.015106677325795896
00-0033906,2017,3,67,NO,RB,22.0,Alvin Kamara,Tennessee,2.0,0.5459824584713553,0.4540175415286448,2.0,7.0,3.0,1.0,16.0,0.024732117263591976
00-0033923,2017,3,86,KC,RB,22.0,Kareem Hunt,Toledo,1.0,0.6996299912301719,0.27494430583432894,13.0,16.0,4.0,1.0,16.0,0.06029336338230257
00-0033925,2017,3,89,HOU,RB,21.0,D'Onta Foreman,Texas,2.0,0.20233811280532257,0.5672839109911522,28.0,32.0,75.0,0.0,9.0,0.028448052401739816
00-0033553,2017,3,105,PIT,RB,22.0,James Conner,Pittsburgh,2.0,0.36756197020292125,0.6324380297970787,10.0,8.0,113.0,0.0,12.0,0.013104810209726828
00-0033526,2017,4,114,WAS,RB,21.0,Samaje Perine,Oklahoma,3.0,0.41738792317664053,0.3606549196820619,12.0,5.0,43.0,0.0,13.0,0.004792448807410562
00-0033556,2017,4,119,CHI,RB,22.0,Tarik Cohen,North Carolina A&T,3.0,0.3756025498863984,0.6243974501136017,28.0,25.0,28.0,0.0,16.0,0.011122531202977095
00-0033286,2017,4,121,SF,RB,24.0,Joe Williams,Utah,,0.4680128487920093,0.5319871512079907,27.0,27.0,,0.0,,0.017920742714199387
00-0033561,2017,4,132,PHI,RB,22.0,Donnel Pumphrey,San Diego St.,3.0,0.46964345312664796,0.3175199760721447,16.0,24.0,,0.0,,0.008313205970121825
00-0033948,2017,4,134,GB,RB,22.0,Jamaal Williams,BYU,2.0,1.0,0.0,4.0,4.0,32.0,0.0,15.0,0.013344363398506568
00-0033950,2017,4,140,NYG,RB,22.0,Wayne Gallman,Clemson,1.0,0.4510220104425347,0.23142228636624762,26.0,26.0,46.0,0.0,13.0,0.03202863234519979
00-0033951,2017,4,143,IND,RB,21.0,Marlon Mack,South Florida,3.0,0.12149352015680526,0.6857042468862581,8.0,13.0,48.0,0.0,14.0,0.0026877365742402743
00-0033567,2017,5,156,ATL,RB,21.0,Brian Hill,Wyoming,2.0,0.025735969245765544,0.47937170841860044,1.0,2.0,127.0,0.0,4.0,0.0025606474045475596
00-0033955,2017,5,162,TB,RB,21.0,Jeremy McNichols,Boise St.,,,,18.0,15.0,,0.0,,0.003247119505866215
00-0033789,2017,5,179,ARI,RB,23.0,T.J. Logan,North Carolina,,0.1594973702656154,0.6395142104240996,6.0,21.0,,0.0,,0.002843887802767695
00-0033293,2017,5,182,GB,RB,22.0,Aaron Jones,Texas-El Paso,3.0,1.0,0.0,4.0,4.0,61.0,0.0,10.0,0.00327419080348187
00-0033295,2017,6,188,NYJ,RB,23.0,Elijah McGuire,Louisiana,2.0,0.09915535116803754,0.5320129714806682,30.0,29.0,63.0,0.0,15.0,0.00761880238607574
00-0033581,2017,6,203,DEN,RB,24.0,De'Angelo Henderson,Coastal Carolina,3.0,0.37265975566516807,0.36622153950826875,22.0,22.0,,0.0,,0.0037013919450061632
00-0033791,2017,6,207,CIN,RB,23.0,Brandon Wilson,Houston,,0.21345671656929566,0.4248655207260763,24.0,12.0,,0.0,,0.001879552674632176
00-0033304,2017,7,238,GB,RB,23.0,Devante Mays,Utah St.,3.0,1.0,0.0,4.0,4.0,,0.0,,0.0016558165629291645
00-0033797,2017,7,241,TEN,RB,22.0,Khalfani Muhammad,California,,0.023477407282179164,0.6985115063347528,14.0,10.0,,0.0,,0.000630560086975535
00-0033975,2017,7,242,LV,RB,21.0,Elijah Hood,North Carolina,,,,7.0,9.0,,0.0,,0.0006883345174955779
00-0033594,2017,7,249,SEA,RB,22.0,Chris Carson,Oklahoma St.,2.0,0.5042179432261542,0.2997590602187565,18.0,17.0,86.0,0.0,4.0,0.0023084974646635477
00-0033596,2017,7,252,CLE,RB,23.0,Matthew Dayes,North Carolina St.,3.0,0.1150727222063287,0.5580822782065615,31.0,14.0,131.0,0.0,13.0,0.0009772353166804415
00-0034844,2018,1,2,NYG,RB,21.0,Saquon Barkley,Penn St.,1.0,0.6874348330601715,0.3125651669398286,31.0,28.0,1.0,1.0,16.0,0.17175901293212567
00-0034750,2018,1,27,SEA,RB,22.0,Rashaad Penny,San Diego St.,2.0,0.4074553827700359,0.27505598136606557,11.0,16.0,67.0,0.0,13.0,0.08887155271155638
00-0034845,2018,1,31,NE,RB,23.0,Sony Michel,Georgia,2.0,0.5999251744448039,0.21829638089834655,2.0,1.0,35.0,0.0,13.0,0.13936624845250564
00-0034791,2018,2,35,CLE,RB,22.0,Nick Chubb,Georgia,3.0,0.6063201002040535,0.39367989979594653,32.0,35.0,17.0,0.0,16.0,0.04167873835070807
00-0034816,2018,2,38,TB,RB,21.0,Ronald Jones II,USC,,0.5738384974684401,0.27997639891263704,18.0,11.0,95.0,0.0,7.0,0.029848840857379648
00-0034349,2018,2,43,DET,RB,21.0,Kerryon Johnson,Auburn,2.0,0.39208540422011906,0.3628696809578872,7.0,13.0,34.0,0.0,10.0,0.06276698533894733
00-0034358,2018,2,59,WAS,RB,21.0,Derrius Guice,LSU,,0.10733926272869392,0.3723572811582934,16.0,18.0,,0.0,,0.01353638198577201
00-0034838,2018,3,71,DEN,RB,22.0,Royce Freeman,Oregon,1.0,0.7438999688608771,0.2561000311391229,27.0,30.0,47.0,0.0,14.0,0.11948174352548377
00-0034367,2018,4,104,IND,RB,21.0,Nyheim Hines,North Carolina St.,3.0,0.738697781191488,0.261302218808512,30.0,26.0,27.0,0.0,16.0,0.01424237422692997
00-0034679,2018,4,112,CIN,RB,21.0,Mark Walton,Miami (FL),3.0,0.25785430768927536,0.43887351517555856,26.0,24.0,108.0,0.0,10.0,0.006780559087324935
00-0034378,2018,4,126,ATL,RB,22.0,Ito Smith,Southern Miss,3.0,0.16805776459806243,0.47452062526566463,15.0,8.0,51.0,0.0,13.0,0.006667544344357707
00-0034799,2018,4,131,MIA,RB,22.0,Kalen Ballage,Arizona St.,3.0,0.3831381559198737,0.5614903001170373,28.0,23.0,88.0,0.0,12.0,0.00765913608849693
00-0034681,2018,4,134,ARI,RB,22.0,Chase Edmonds,Fordham,2.0,1.0,0.0,25.0,21.0,71.0,0.0,16.0,0.036268610445293725
00-0034400,2018,5,169,IND,RB,24.0,Jordan Wilkins,Mississippi,1.0,0.738697781191488,0.261302218808512,30.0,26.0,76.0,0.0,13.0,0.04543770036724631
00-0034808,2018,6,176,LA,RB,21.0,John Kelly,Tennessee,3.0,0.0,0.7849127703219749,1.0,4.0,109.0,0.0,4.0,0.0033710117626867355
00-0034414,2018,6,201,NO,RB,23.0,Boston Scott,Louisiana Tech,,0.6076926372633654,0.3923073627366346,4.0,5.0,,0.0,,0.008730365595710046
00-0034164,2018,6,204,NYJ,RB,24.0,Trenton Cannon,Virginia St.,3.0,0.5936362073313707,0.4063637926686292,24.0,17.0,80.0,0.0,12.0,0.006429585545461874
00-0034427,2018,7,226,DEN,RB,24.0,David Williams,Arkansas,,0.7438999688608771,0.2561000311391229,27.0,30.0,,0.0,,0.0069278727161738805
00-0034432,2018,7,236,DAL,RB,23.0,Bo Scarbrough,Alabama,,0.23159022271691723,0.6264499949367558,14.0,25.0,,0.0,,0.003274172502343607
00-0034433,2018,7,237,DET,RB,22.0,Nick Bawden,San Diego St.,,0.39208540422011906,0.3628696809578872,7.0,13.0,,0.0,,0.0031307128595086386
00-0034440,2018,7,251,LAC,RB,22.0,Justin Jackson,Northwestern,,0.19308743632496567,0.641103949130149,13.0,3.0,73.0,0.0,9.0,0.0012985981440931421
00-0035700,2019,1,24,LV,RB,21.0,Josh Jacobs,Alabama,1.0,,,28.0,26.0,21.0,0.0,13.0,0.14102066236997085
00-0035243,2019,2,53,PHI,RB,22.0,Miles Sanders,Penn St.,2.0,0.6455051662287491,0.17840907269130124,18.0,15.0,15.0,0.0,16.0,0.07381821947426274
00-0035664,2019,3,70,LA,RB,22.0,Darrell Henderson,Memphis,3.0,0.21227171074507747,0.6638604339723072,2.0,6.0,98.0,0.0,9.0,0.020290901212552698
00-0035685,2019,3,73,CHI,RB,22.0,David Montgomery,Iowa St.,3.0,0.6407817203988312,0.3592182796011688,9.0,11.0,24.0,0.0,16.0,0.03482233526263316
00-0035250,2019,3,74,BUF,RB,22.0,Devin Singletary,Florida Atlantic,2.0,1.0,0.0,30.0,32.0,32.0,0.0,12.0,0.10393270768925546
00-0035657,2019,3,87,NE,RB,22.0,Damien Harris,Alabama,3.0,0.17053977029696832,0.3490891719890495,4.0,9.0,,0.0,,0.011936436852854577
00-0034972,2019,3,102,MIN,RB,21.0,Alexander Mattison,Boise St.,2.0,0.42000715797152344,0.49761054517774816,19.0,27.0,60.0,0.0,13.0,0.034342559393241365
00-0035256,2019,4,112,WAS,RB,22.0,Bryce Love,Stanford,,0.25503265584730533,0.4718700519073217,29.0,28.0,,0.0,,0.009381956636035972
00-0034975,2019,4,113,BAL,RB,21.0,Justice Hill,Oklahoma St.,2.0,0.7036313228523295,0.2963686771476704,13.0,22.0,76.0,0.0,16.0,0.04605374349512632
00-0035217,2019,4,122,PIT,RB,21.0,Benny Snell Jr.,Kentucky,3.0,0.12305038978988654,0.6116869060252929,6.0,5.0,68.0,0.0,11.0,0.006433113046261264
00-0035261,2019,4,128,DAL,RB,22.0,Tony Pollard,Memphis,2.0,0.14021951218939524,0.8597804878106048,22.0,23.0,53.0,0.0,14.0,0.017539158567164433
00-0035268,2019,5,140,JAX,RB,22.0,Ryquell Armstead,Temple,2.0,0.6157575917932059,0.38424240820679406,31.0,31.0,72.0,0.0,14.0,0.026322470011990055
00-0035273,2019,5,152,ATL,RB,22.0,Qadree Ollison,Pittsburgh,3.0,0.515351541069492,0.3366090003329677,10.0,7.0,91.0,0.0,6.0,0.008228848563733909
00-0035275,2019,5,154,CAR,RB,23.0,Jordan Scarlett,Florida,2.0,0.3741372611601758,0.5952382368577744,14.0,20.0,,0.0,,0.02022166867868622
00-0035291,2019,6,182,CIN,RB,21.0,Trayveon Williams,Texas A&M,3.0,0.06761409542482225,0.6621879442070235,17.0,18.0,,0.0,,0.0026530496358718662
00-0035537,2019,6,186,DET,RB,21.0,Ty Johnson,Maryland,3.0,0.6390207346233165,0.36097926537668357,25.0,25.0,66.0,0.0,16.0,0.006202308360068751
00-0034995,2019,6,194,GB,RB,22.0,Dexter Williams,Notre Dame,3.0,0.0,0.5818597192627902,14.0,16.0,,0.0,,0.002120364606674573
00-0035594,2019,6,204,SEA,RB,21.0,Travis Homer,Miami (FL),3.0,0.28900739905194395,0.5113314700666237,6.0,10.0,95.0,0.0,7.0,0.0029624546135262092
00-0035299,2019,6,211,CIN,RB,22.0,Rodney Anderson,Oklahoma,,0.06761409542482225,0.6621879442070235,17.0,18.0,,0.0,,0.0019903450253566522
00-0035148,2019,6,214,KC,RB,22.0,Darwin Thompson,Utah St.,3.0,0.7087681280366176,0.15758566417017122,1.0,1.0,88.0,0.0,10.0,0.004875232010591009
00-0035303,2019,7,218,DAL,RB,22.0,Mike Weber,Ohio St.,,0.14021951218939524,0.8597804878106048,22.0,23.0,,0.0,,0.002403159171085992
00-0035304,2019,7,220,HOU,RB,24.0,Cullen Gillaspia,Texas A&M,,1.0,0.0,11.0,14.0,153.0,0.0,6.0,0.009435948765997189
00-0035596,2019,7,222,CHI,RB,22.0,Kerrith Whyte Jr,Florida Atlantic,3.0,0.6407817203988312,0.3592182796011688,9.0,11.0,108.0,0.0,6.0,0.004525081829698026
00-0035310,2019,7,233,MIA,RB,23.0,Chandler Cox,Auburn,,0.4542563298641143,0.40881254209185597,26.0,33.0,,0.0,,0.003312947572543456
00-0035311,2019,7,234,MIA,RB,22.0,Myles Gaskin,Washington,3.0,0.4542563298641143,0.40881254209185597,26.0,33.0,89.0,0.0,7.0,0.0029131023905099433
00-0036360,2020,1,32,KC,RB,21.0,Clyde Edwards-Helaire,LSU,1.0,0.6715899567747834,0.18558852430387213,5.0,2.0,22.0,0.0,13.0,0.167435443013606
00-0036275,2020,2,35,DET,RB,21.0,D'Andre Swift,Georgia,2.0,0.5067103718837047,0.3619233956188606,18.0,4.0,18.0,0.0,13.0,0.04939619335625097
00-0036223,2020,2,41,IND,RB,21.0,Jonathan Taylor,Wisconsin,2.0,0.26225580987705116,0.45812658927629835,16.0,21.0,6.0,1.0,15.0,0.0324151330327723
00-0036414,2020,2,52,LA,RB,21.0,Cam Akers,Florida St.,3.0,0.6328927770840543,0.19095174176728122,11.0,15.0,45.0,0.0,11.0,0.02665796133974273
00-0036158,2020,2,55,BAL,RB,21.0,J.K. Dobbins,Ohio St.,,0.03801753335822945,0.5158043766728584,1.0,1.0,24.0,0.0,15.0,0.0069882685467366435
00-0036265,2020,2,62,GB,RB,22.0,AJ Dillon,Boston Col.,3.0,0.03169846244525653,0.5958052109816964,15.0,14.0,84.0,0.0,9.0,0.007852936686379795
00-0036328,2020,3,66,WAS,RB,22.0,Antonio Gibson,Memphis,2.0,1.0,0.0,32.0,23.0,13.0,0.0,14.0,0.10823298484198854
00-0036450,2020,3,76,TB,RB,23.0,Ke'Shawn Vaughn,Illinois,3.0,0.5367985280588776,0.46320147194112243,3.0,17.0,100.0,0.0,6.0,0.03285477156305087
00-0036251,2020,3,86,BUF,RB,22.0,Zack Moss,Utah,2.0,0.3685533779151646,0.42848163641470977,23.0,25.0,46.0,0.0,13.0,0.027158893071272897
00-0036297,2020,3,93,TEN,RB,22.0,Darrynton Evans,Appalachian St.,2.0,0.22993647669090284,0.7700635233090972,10.0,5.0,120.0,0.0,5.0,0.020999488470338137
00-0036370,2020,4,112,LAC,RB,22.0,Joshua Kelley,UCLA,3.0,0.498828187411859,0.36597597998274894,21.0,13.0,60.0,0.0,13.0,0.010169392676937332
00-0036269,2020,4,120,NYJ,RB,22.0,La'Mical Perine,Florida,3.0,0.2110359034726308,0.7889640965273692,31.0,28.0,78.0,0.0,10.0,0.005788098311221015
00-0036336,2020,4,124,PIT,RB,22.0,Anthony McFarland Jr.,Maryland,2.0,0.18776886588448002,0.3525755640441063,27.0,30.0,101.0,0.0,11.0,0.00981487708417414
00-0036425,2020,4,144,SEA,RB,21.0,DeeJay Dallas,Miami (FL),,0.3290608592378274,0.5557453060275801,9.0,10.0,74.0,0.0,9.0,0.004321248490870534
00-0036278,2020,5,172,DET,RB,22.0,Jason Huntley,New Mexico St.,3.0,0.5067103718837047,0.3619233956188606,18.0,4.0,146.0,0.0,4.0,0.004320111607725115
00-0036383,2020,7,222,ARI,RB,21.0,Eno Benjamin,Arizona St.,3.0,0.31767046660761306,0.49570220303108226,16.0,22.0,,0.0,,0.0014190783301267621
00-0036435,2020,7,245,TB,RB,22.0,Raymond Calais,Louisiana,3.0,0.5367985280588776,0.46320147194112243,3.0,17.0,164.0,0.0,4.0,0.002575557894088355
00-0036245,2020,7,246,MIA,RB,23.0,Malcolm Perry,Navy,3.0,0.8283235501733837,0.17167644982661634,25.0,19.0,99.0,0.0,9.0,0.004241418932593323
00-0036893,2021,1,24,PIT,RB,23.0,Najee Harris,Alabama,1.0,0.7353551437320033,0.2646448562679966,12.0,21.0,3.0,1.0,17.0,0.18948404758376686
00-0036973,2021,1,25,JAX,RB,22.0,Travis Etienne,Clemson,,0.20806306059115529,0.6347364752699355,30.0,24.0,,0.0,,0.03105190582321405
00-0036997,2021,2,35,DEN,RB,21.0,Javonte Williams,North Carolina,2.0,0.5073542689812425,0.4926457310187574,28.0,31.0,17.0,0.0,17.0,0.08629908450297297
00-0036984,2021,3,88,SF,RB,22.0,Trey Sermon,Ohio St.,2.0,0.5822739331529464,0.27544292028175604,21.0,26.0,98.0,0.0,6.0,0.04263046340531008
00-0036924,2021,4,107,NYJ,RB,22.0,Michael Carter,North Carolina,3.0,0.4173847464938407,0.23389681905986076,32.0,36.0,29.0,0.0,14.0,0.013731330963753204
00-0036842,2021,4,119,MIN,RB,23.0,Kene Nwangwu,Iowa St.,,0.10937890660861192,0.6660564543358074,11.0,11.0,105.0,0.0,9.0,0.007948183496410072
00-0036875,2021,4,120,NE,RB,23.0,Rhamondre Stevenson,Oklahoma,3.0,0.4565168690644043,0.3040837997758298,27.0,27.0,48.0,0.0,12.0,0.011669676705024768
00-0036555,2021,4,126,CAR,RB,22.0,Chuba Hubbard,Oklahoma St.,2.0,1.0,0.0,24.0,22.0,36.0,0.0,16.0,0.041418440326334224
00-0036919,2021,5,150,PHI,RB,22.0,Kenneth Gainwell,Memphis,3.0,0.1504439974124942,0.604423891191439,26.0,35.0,41.0,0.0,16.0,0.006927271782784619
00-0036567,2021,6,194,SF,RB,23.0,Elijah Mitchell,Louisiana,3.0,0.5822739331529464,0.27544292028175604,21.0,26.0,26.0,0.0,11.0,0.005835042255380399
00-0036569,2021,6,196,NYG,RB,22.0,Gary Brightwell,Arizona,3.0,0.9744021981339327,0.025597801866067325,31.0,30.0,153.0,0.0,7.0,0.009479157765513016
00-0036650,2021,6,198,LAC,RB,22.0,Larry Rountree,Missouri,3.0,0.3212287897062436,0.3207285209959564,18.0,12.0,116.0,0.0,9.0,0.003368737481631603
00-0036857,2021,6,202,CIN,RB,23.0,Chris Evans,Michigan,3.0,0.37644473265049955,0.48141598641403044,29.0,16.0,82.0,0.0,9.0,0.003641186890677152
00-0036654,2021,6,211,CLE,RB,23.0,Demetric Felton,UCLA,1.0,0.08117033554039071,0.44077603103370777,14.0,8.0,79.0,0.0,15.0,0.0070997602210814996
00-0036906,2021,6,217,CHI,RB,23.0,Khalil Herbert,Virginia Tech,1.0,0.2896640665878487,0.7103359334121513,22.0,32.0,63.0,0.0,16.0,0.014179352900353947
00-0036860,2021,7,233,LA,RB,23.0,Jake Funk,Maryland,1.0,0.6755624010742993,0.3244375989257007,22.0,25.0,163.0,0.0,5.0,0.01558911416127342
00-0036578,2021,7,244,MIA,RB,23.0,Gerrid Doaks,Cincinnati,,0.45030714414909223,0.30738758195968746,15.0,29.0,,0.0,,0.0027686543403374034
00-0036669,2021,7,256,GB,RB,23.0,Kylin Hill,Mississippi St.,1.0,0.37214147053761554,0.4896808447850978,1.0,1.0,146.0,0.0,8.0,0.006971364368537164
00-0036670,2021,7,257,DET,RB,21.0,Jermar Jefferson,Oregon St.,3.0,0.5591233529893427,0.4408766470106574,20.0,19.0,102.0,0.0,4.0,0.0029757731863133763
00-0038120,2022,2,36,NYJ,RB,21.0,Breece Hall,Iowa St.,2.0,0.43903611300149786,0.36662298836686585,28.0,35.0,42.0,0.0,7.0,0.07155636856696372
00-0038134,2022,2,41,SEA,RB,21.0,Kenneth Walker III,Michigan St.,2.0,0.5941190883985029,0.27166376828851135,16.0,19.0,18.0,0.0,15.0,0.08071253292552286
00-0037248,2022,2,63,BUF,RB,22.0,James Cook,Georgia,3.0,0.20867048004765396,0.46361674518693674,3.0,11.0,44.0,0.0,16.0,0.02129944239035706
00-0037256,2022,3,91,TB,RB,23.0,Rachaad White,Arizona St.,2.0,0.20007772186170175,0.5059669973268657,2.0,4.0,36.0,0.0,17.0,0.032482632241978955
00-0037827,2022,3,93,SF,RB,21.0,Tyrion Davis-Price,LSU,3.0,0.3171450283319061,0.4543791829064346,13.0,3.0,124.0,0.0,5.0,0.010547731861284423
00-0037746,2022,3,98,WAS,RB,23.0,Brian Robinson Jr.,Alabama,,0.13623174893940918,0.5021136248602496,23.0,26.0,43.0,0.0,12.0,0.01122629581102094
00-0037258,2022,4,107,HOU,RB,22.0,Dameon Pierce,Florida,1.0,0.5963528583210181,0.4036471416789819,30.0,30.0,27.0,0.0,13.0,0.0802909146222806
00-0038040,2022,4,122,LV,RB,22.0,Zamir White,Georgia,2.0,0.5231890607549881,0.4768109392450119,18.0,14.0,133.0,0.0,11.0,0.028418043596252173
00-0038045,2022,4,123,LAC,RB,21.0,Isaiah Spiller,Texas A&M,1.0,0.3309478359196038,0.5261293003675238,5.0,8.0,128.0,0.0,5.0,0.04687417042577625
00-0038098,2022,4,127,NE,RB,23.0,Pierre Strong,South Dakota St.,2.0,0.28698092846527984,0.3862142105162805,6.0,13.0,96.0,0.0,10.0,0.023204133025442334
00-0037617,2022,4,131,TEN,RB,22.0,Hassan Haskins,Michigan,,0.47494769091457345,0.39073222943180425,15.0,17.0,98.0,0.0,14.0,0.011253584075995408
00-0037263,2022,5,151,ATL,RB,22.0,Tyler Allgeier,BYU,3.0,0.6153134319074135,0.38468656809258645,26.0,21.0,29.0,0.0,16.0,0.009296571969567527
00-0037265,2022,5,154,JAX,RB,22.0,Snoop Conner,Mississippi,3.0,0.47245568046205416,0.5275443195379458,32.0,28.0,121.0,0.0,5.0,0.007568928717404629
00-0037267,2022,5,156,CLE,RB,22.0,Jerome Ford,Cincinnati,3.0,0.02372385136757578,0.4150802856472627,20.0,22.0,156.0,0.0,13.0,0.0034126090811238447
00-0037840,2022,5,164,LA,RB,22.0,Kyren Williams,Notre Dame,3.0,0.4867984690801112,0.5004017387311733,7.0,5.0,92.0,0.0,8.0,0.007725480416609906
00-0037276,2022,5,169,MIN,RB,24.0,Ty Chandler,North Carolina,3.0,0.04417986773123712,0.6155345727541729,14.0,12.0,,0.0,,0.004210182286181812
00-0037286,2022,6,183,NE,RB,21.0,Kevin Harris,South Carolina,,0.28698092846527984,0.3862142105162805,6.0,13.0,118.0,0.0,5.0,0.003949287832437139
00-0037085,2022,6,196,BAL,RB,22.0,Tyler Badie,Missouri,,1.0,0.0,17.0,16.0,,0.0,,0.008644951310917732
00-0037299,2022,6,201,ARI,RB,22.0,Keaontay Ingram,USC,3.0,0.3822769382820961,0.4379761169191626,11.0,9.0,110.0,0.0,11.0,0.003587418378818382
00-0037087,2022,6,203,CHI,RB,23.0,Trestan Ebner,Baylor,3.0,0.16500678747644149,0.6178185555131281,27.0,34.0,135.0,0.0,11.0,0.0033065610023102947
00-0037329,2022,7,250,LV,RB,24.0,Brittain Brown,UCLA,3.0,0.5231890607549881,0.4768109392450119,18.0,14.0,,0.0,,0.0029333280458297764
00-0037197,2022,7,251,KC,RB,23.0,Isiah Pacheco,Rutgers,3.0,0.526680379499446,0.3840876901599288,4.0,2.0,37.0,0.0,17.0,0.002659272474000978
00-0037331,2022,7,260,LAC,RB,23.0,Zander Horvath,Purdue,1.0,0.3309478359196038,0.5261293003675238,5.0,8.0,109.0,0.0,8.0,0.009523094650653343
00-0038542,2023,1,8,ATL,RB,21.0,Bijan Robinson,Texas,1.0,0.24909942717365094,0.39085533926363386,15.0,20.0,9.0,0.0,17.0,0.16120941992359503
00-0039139,2023,1,12,DET,RB,21.0,Jahmyr Gibbs,Alabama,2.0,0.8543658927414375,0.1456341072585626,5.0,5.0,10.0,0.0,15.0,0.19801885566347308
00-0039165,2023,2,52,SEA,RB,22.0,Zach Charbonnet,UCLA,3.0,0.46561391373384886,0.4425751074959753,9.0,15.0,45.0,0.0,16.0,0.04052979329637807
00-0038551,2023,3,71,NO,RB,21.0,Kendre Miller,TCU,3.0,1.0,0.0,22.0,14.0,70.0,0.0,7.0,0.04146002827489576
00-0039032,2023,3,81,TEN,RB,22.0,Tyjae Spears,Tulane,2.0,0.24338417921301028,0.701319477378315,28.0,11.0,34.0,0.0,17.0,0.025302031067080802
00-0039040,2023,3,84,MIA,RB,21.0,De'Von Achane,Texas A&M,3.0,0.3651731537162127,0.5531109872902693,11.0,3.0,24.0,0.0,11.0,0.016693841819441828
00-0038555,2023,3,88,JAX,RB,22.0,Tank Bigsby,Auburn,2.0,0.3990512789796118,0.4525781698926358,10.0,8.0,89.0,0.0,13.0,0.039113584015152796
00-0039021,2023,4,115,CHI,RB,22.0,Roschon Johnson,Texas,3.0,0.6270389532286644,0.3729610467713354,23.0,34.0,47.0,0.0,15.0,0.01995691710407659
00-0038389,2023,5,143,NYJ,RB,20.0,Israel Abanikanda,Pittsburgh,,0.41014072617901354,0.34842427965075007,29.0,31.0,97.0,0.0,6.0,0.005880674419332453
00-0038597,2023,5,163,CIN,RB,23.0,Chase Brown,Illinois,1.0,0.2916789689933441,0.6543839312211548,7.0,7.0,63.0,0.0,12.0,0.030138785258997585
00-0038396,2023,5,172,NYG,RB,23.0,Eric Gray,Oklahoma,3.0,0.0,0.7613539719266146,15.0,16.0,108.0,0.0,10.0,0.003391692135266303
00-0038397,2023,5,176,IND,RB,22.0,Evan Hull,Northwestern,3.0,0.6145058265389727,0.200770901971019,30.0,25.0,,0.0,,0.005147343576155916
00-0038611,2023,6,193,WAS,RB,22.0,Chris Rodriguez,Kentucky,3.0,0.2873639412562992,0.4067488125870547,24.0,30.0,80.0,0.0,9.0,0.0030688621001352173
00-0038622,2023,6,212,DAL,RB,21.0,Deuce Vaughn,Kansas St.,3.0,0.606554144000526,0.39344585599947407,4.0,9.0,102.0,0.0,6.0,0.004875290826284571
00-0039136,2023,6,215,LA,RB,22.0,Zach Evans,Mississippi,3.0,0.3864504403278314,0.4269701763743034,27.0,27.0,140.0,0.0,4.0,0.0024274782790474655
00-0039046,2023,7,222,MIN,RB,22.0,DeWayne McBride,Ala-Birmingham,,0.7953092434763798,0.2046907565236202,8.0,19.0,,0.0,,0.00609929516745406
00-0038409,2023,7,235,GB,RB,22.0,Lew Nichols,Central Michigan,,0.05395349755250275,0.5245588583609664,14.0,21.0,,0.0,,0.0012819967792321763
00-0038636,2023,7,237,SEA,RB,23.0,Kenny McIntosh,Georgia,,0.46561391373384886,0.4425751074959753,9.0,15.0,,0.0,,0.0030149464698081326
00-0039344,2024,2,46,CAR,RB,21.0,Jonathon Brooks,Texas,,0.0,0.5604732792487042,31.0,35.0,,0.0,,0.01306102043943871
00-0039921,2024,3,66,ARI,RB,22.0,Trey Benson,Florida St.,2.0,0.31735727096568217,0.4809642719802572,24.0,32.0,70.0,0.0,12.0,0.04795436332156486
00-0039738,2024,3,83,LA,RB,23.0,Blake Corum,Michigan,2.0,0.49546405068091454,0.4263179100471125,8.0,11.0,80.0,0.0,15.0,0.06034542674124706
00-0039811,2024,3,88,GB,RB,23.0,MarShawn Lloyd,USC,2.0,0.9040101057254776,0.09598989427452238,12.0,5.0,,0.0,,0.07987477858482175
00-0039874,2024,4,120,MIA,RB,21.0,Jaylen Wright,Tennessee,2.0,0.1836533256077338,0.36669342176056247,2.0,2.0,94.0,0.0,13.0,0.013058572314683617
00-0039361,2024,4,125,TB,RB,22.0,Bucky Irving,Oregon,3.0,0.34773385714600796,0.6522661428539919,20.0,13.0,13.0,0.0,17.0,0.00976921503497246
00-0039746,2024,4,127,PHI,RB,22.0,Will Shipley,Clemson,3.0,0.7185155791010669,0.281484420898933,7.0,10.0,104.0,0.0,13.0,0.019104911210323847
00-0039875,2024,4,128,BUF,RB,24.0,Ray Davis,Kentucky,3.0,0.3481884882167665,0.5295321711827161,6.0,4.0,40.0,0.0,17.0,0.014220946210082354
00-0039363,2024,4,129,SF,RB,24.0,Isaac Guerendo,Louisville,3.0,0.273876665551042,0.6454224959637472,3.0,1.0,47.0,0.0,16.0,0.013383808984049252
00-0039794,2024,4,134,NYJ,RB,20.0,Braelon Allen,Wisconsin,2.0,0.3205380232738649,0.53235148977945,29.0,34.0,51.0,0.0,17.0,0.013074909142927043
00-0039373,2024,5,147,DEN,RB,21.0,Audric Estime,Notre Dame,3.0,0.23657372258012518,0.5509048149503236,19.0,22.0,68.0,0.0,13.0,0.005384172960614717
00-0039796,2024,5,165,BAL,RB,23.0,Rasheen Ali,Marshall,,0.7915245453528342,0.20847545464716571,4.0,7.0,127.0,0.0,5.0,0.015059278036274083
00-0039384,2024,5,166,NYG,RB,24.0,Tyrone Tracy Jr.,Purdue,3.0,0.9308299934651831,0.06917000653481686,30.0,33.0,26.0,0.0,17.0,0.018767920099256354
00-0039385,2024,5,167,JAX,RB,24.0,Keilan Robinson,Texas,,0.0,0.7287759438066158,13.0,19.0,,0.0,,0.005400299720593686
00-0039798,2024,5,173,NYJ,RB,22.0,Isaiah Davis,South Dakota St.,2.0,0.3205380232738649,0.53235148977945,29.0,34.0,71.0,0.0,13.0,0.01093457674761398
00-0039391,2024,6,181,LAC,RB,23.0,Kimani Vidal,Troy,3.0,1.0,0.0,21.0,16.0,82.0,0.0,9.0,0.012555655877703778
00-0039393,2024,6,186,ATL,RB,22.0,Jase McClellan,Alabama,,0.15081739771268088,0.5005005514463571,26.0,26.0,,0.0,,0.002788689810668562
00-0039405,2024,6,205,HOU,RB,25.0,Jawhar Jordan,Louisville,,0.5733169656934445,0.37436773931543454,13.0,8.0,,0.0,,0.007559098829775305
00-0039407,2024,6,208,LV,RB,24.0,Dylan Laube,New Hampshire,3.0,0.6663950364755866,0.26444251450537076,23.0,24.0,156.0,0.0,6.0,0.007175170659762648
00-0040122,2025,1,6,LV,RB,21.0,Ashton Jeanty,Boise St.,1.0,0.4953218420662813,0.2690775686381585,29.0,35.0,11.0,0.0,17.0,0.2341174036746025
00-0040666,2025,1,22,LAC,RB,22.0,Omarion Hampton,North Carolina,1.0,0.7615781022651767,0.15855964114337717,11.0,10.0,35.0,0.0,9.0,0.2824056745107879
00-0040784,2025,2,36,CLE,RB,21.0,Quinshon Judkins,Ohio St.,3.0,0.6026078418539628,0.297051160823524,32.0,33.0,26.0,0.0,14.0,0.04081442614755949
00-0040734,2025,2,38,NE,RB,22.0,TreVeyon Henderson,Ohio St.,2.0,0.0,0.5914974945934754,30.0,30.0,21.0,0.0,17.0,0.03829188947894527
00-0040730,2025,2,60,DEN,RB,24.0,RJ Harvey,Central Florida,2.0,0.47898272865593305,0.30660859157549136,10.0,17.0,20.0,0.0,17.0,0.09232407906808476
00-0040142,2025,3,83,PIT,RB,22.0,Kaleb Johnson,Iowa,3.0,0.6626010228145706,0.3185795691447201,16.0,25.0,114.0,0.0,10.0,0.03333062988160253
00-0040719,2025,4,104,JAX,RB,22.0,Bhayshul Tuten,Virginia Tech,2.0,0.14791700131641347,0.46712966192429306,26.0,20.0,53.0,0.0,15.0,0.016194447237784772
00-0040715,2025,4,105,NYG,RB,23.0,Cam Skattebo,Arizona St.,3.0,0.0,0.5647031112736306,31.0,34.0,37.0,0.0,8.0,0.007938485362034559
00-0040644,2025,4,114,CAR,RB,21.0,Trevor Etienne,Georgia,3.0,0.3463365825938876,0.6248213250292525,23.0,29.0,103.0,0.0,17.0,0.011004431624163235
00-0040583,2025,4,116,HOU,RB,24.0,Woody Marks,USC,4.0,0.0,0.7271122762097901,19.0,27.0,31.0,0.0,16.0,0.004351930267213903
00-0040692,2025,4,117,LA,RB,22.0,Jarquez Hunter,Auburn,3.0,0.0,0.7071942652741666,20.0,16.0,,0.0,,0.0054057007544887625
00-0040162,2025,4,126,CLE,RB,20.0,Dylan Sampson,Tennessee,1.0,0.6026078418539628,0.297051160823524,32.0,33.0,55.0,0.0,15.0,0.04699625901502048
00-0040177,2025,5,147,SF,RB,21.0,Jordan James,Oregon,4.0,0.33400866513174676,0.40355565804261784,13.0,8.0,,0.0,,0.002086264163190903
00-0040586,2025,5,149,DAL,RB,21.0,Jaydon Blue,Texas,3.0,0.8607245981717941,0.13927540182820583,21.0,31.0,94.0,0.0,5.0,0.014662841492463897
00-0040179,2025,5,151,IND,RB,22.0,DJ Giddens,Kansas St.,2.0,0.1491054231248422,0.7478481900441878,17.0,36.0,110.0,0.0,5.0,0.016452217218184705
00-0040198,2025,6,179,MIA,RB,21.0,Ollie Gordon,Oklahoma St.,3.0,0.2907381751012003,0.4757992707849191,22.0,4.0,68.0,0.0,17.0,0.0020993912623862823
00-0040202,2025,6,184,NO,RB,22.0,Devin Neal,Kansas,3.0,0.23716637115171849,0.5566369590322435,24.0,7.0,64.0,0.0,9.0,0.0021920866577438526
00-0040205,2025,6,188,TEN,RB,22.0,Kalel Mullings,Michigan,3.0,0.0,0.6140243366881374,27.0,37.0,137.0,0.0,4.0,0.0024026461268917055
00-0040208,2025,6,193,CIN,RB,23.0,Tahj Brooks,Texas Tech,3.0,0.49055959692088796,0.5094404030791121,6.0,6.0,119.0,0.0,12.0,0.0052822351912836804
00-0040651,2025,7,223,SEA,RB,21.0,Damien Martinez,Miami (FL),4.0,0.0,0.5628438616305877,18.0,19.0,,0.0,,0.00043995034436206825
00-0040078,2025,7,228,KC,RB,22.0,Brashard Smith,SMU,3.0,0.21603520356517336,0.42881124355783046,15.0,13.0,62.0,0.0,17.0,0.0014353684511746404
00-0040236,2025,7,233,CHI,RB,23.0,Kyle Monangai,Rutgers,2.0,0.0,0.7254307725191721,28.0,32.0,29.0,0.0,17.0,0.0030553939160559256
00-0040238,2025,7,236,JAX,RB,21.0,LeQuint Allen,Syracuse,3.0,0.14791700131641347,0.46712966192429306,26.0,20.0,88.0,0.0,16.0,0.0008788927120061711
00-0040021,2025,7,239,DAL,RB,22.0,Phil Mafah,Clemson,4.0,0.8607245981717941,0.13927540182820583,21.0,31.0,,0.0,,0.002024402004562028
00-0040242,2025,7,245,WAS,RB,24.0,Jacory Croskey-Merritt,Arizona,2.0,0.0,0.4273900737794383,5.0,11.0,33.0,0.0,17.0,0.0027610592831801297
00-0031544,2015,1,4,LV,WR,21.0,Amari Cooper,Alabama,1.0,,,31.0,34.0,20.0,0.0,16.0,0.125578896804758
00-0031545,2015,1,7,CHI,WR,23.0,Kevin White,West Virginia,,0.4744796852537629,0.350382942677901,23.0,31.0,,0.0,,0.013584744687873518
00-0031547,2015,1,14,MIA,WR,22.0,DeVante Parker,Louisville,2.0,0.6201755100161193,0.29562986776058736,11.0,19.0,77.0,0.0,10.0,0.025654969201330084
00-0031549,2015,1,20,PHI,WR,22.0,Nelson Agholor,USC,2.0,0.5817699066603511,0.33208318680780446,3.0,13.0,101.0,0.0,13.0,0.02129679351246729
00-0032054,2015,1,26,BAL,WR,21.0,Breshad Perriman,Central Florida,2.0,0.3169013265735739,0.3679752659962507,8.0,11.0,,0.0,,0.038007326162921344
00-0032208,2015,1,29,IND,WR,22.0,Phillip Dorsett,Miami (FL),2.0,0.49456348637248815,0.350514234680653,6.0,9.0,110.0,0.0,11.0,0.021840094002617026
00-0031934,2015,2,37,NYJ,WR,23.0,Devin Smith,Ohio St.,3.0,0.4862556351961777,0.29416240325560594,28.0,30.0,142.0,0.0,7.0,0.005459862174387667
00-0032218,2015,2,40,TEN,WR,22.0,Dorial Green-Beckham,Oklahoma,2.0,0.4004003280853767,0.26608480253790023,30.0,28.0,58.0,0.0,14.0,0.029863080911565622
00-0032055,2015,2,41,CAR,WR,21.0,Devin Funchess,Michigan,2.0,0.644423212162499,0.23520174229414076,19.0,29.0,67.0,0.0,16.0,0.04088188547577533
00-0032211,2015,3,69,SEA,WR,22.0,Tyler Lockett,Kansas St.,1.0,0.3394958082435531,0.34856521611776037,10.0,16.0,40.0,0.0,16.0,0.04235288456198652
00-0031560,2015,3,70,HOU,WR,21.0,Jaelen Strong,Arizona St.,2.0,0.5930080643767656,0.36894051966015856,14.0,7.0,111.0,0.0,10.0,0.028246361362950778
00-0032128,2015,3,76,KC,WR,22.0,Chris Conley,Georgia,2.0,0.7096387072721718,0.1255531763386712,16.0,12.0,121.0,0.0,12.0,0.03537522570455411
00-0032166,2015,3,87,PIT,WR,22.0,Sammie Coates,Auburn,2.0,0.3820504272095976,0.4061687896835229,7.0,3.0,,0.0,,0.013428026562976996
00-0032200,2015,3,94,GB,WR,22.0,Ty Montgomery,Stanford,2.0,0.4626099778437777,0.33988741677446754,1.0,2.0,123.0,0.0,6.0,0.01449122057300083
00-0031941,2015,4,105,WAS,WR,22.0,Jamison Crowder,Duke,3.0,0.12568196167789564,0.29110160241571426,26.0,36.0,49.0,0.0,16.0,0.005557005362090549
00-0031570,2015,4,107,ATL,WR,23.0,Justin Hardy,East Carolina,,0.324568552327128,0.35324995093927863,12.0,14.0,125.0,0.0,9.0,0.007460365757531468
00-0032188,2015,4,123,CLE,WR,24.0,Vince Mayle,Washington St.,,0.5150367714815256,0.2418757131741317,27.0,27.0,,0.0,,0.00542210531827293
00-0032064,2015,4,132,SF,WR,23.0,DeAndre Smelter,Georgia Tech,,0.5974483223794773,0.3620201585923693,25.0,24.0,,0.0,,0.005357635721971284
00-0032170,2015,5,139,JAX,WR,22.0,Rashad Greene,Florida St.,2.0,0.3810311304124757,0.25007948201332403,32.0,37.0,113.0,0.0,9.0,0.012783316134064736
00-0031588,2015,5,146,MIN,WR,21.0,Stefon Diggs,Maryland,2.0,0.6139260559569095,0.3214574582364232,20.0,26.0,46.0,0.0,13.0,0.014177418080702983
00-0031594,2015,5,156,MIA,WR,23.0,Tony Lippett,Michigan St.,,0.6201755100161193,0.29562986776058736,11.0,19.0,,0.0,,0.004892306311160147
00-0032112,2015,5,159,ARI,WR,23.0,JJ Nelson,Ala-Birmingham,3.0,0.06802878605078634,0.3077753949555737,24.0,21.0,106.0,0.0,10.0,0.002628027330381121
00-0032113,2015,5,162,TB,WR,23.0,Kenny Bell,Nebraska,,0.08500694600712985,0.3615910501284798,29.0,32.0,,0.0,,0.004910477692074736
00-0031600,2015,5,175,HOU,WR,23.0,Keith Mumphery,Michigan St.,2.0,0.5930080643767656,0.36894051966015856,14.0,7.0,141.0,0.0,14.0,0.0042615477267492425
00-0032115,2015,6,184,TB,WR,23.0,Kaelin Clay,Utah,,0.08500694600712985,0.3615910501284798,29.0,32.0,176.0,0.0,7.0,0.004116943285785097
00-0031953,2015,6,186,NYG,WR,23.0,Geremy Davis,Connecticut,3.0,0.06594848148599018,0.3306166341066752,13.0,15.0,183.0,0.0,5.0,0.001806828656545558
00-0031954,2015,6,187,WAS,WR,22.0,Evan Spencer,Ohio St.,,0.12568196167789564,0.29110160241571426,26.0,36.0,,0.0,,0.007733908022395347
00-0031610,2015,6,204,BAL,WR,22.0,Darren Waller,Georgia Tech,3.0,0.3169013265735739,0.3679752659962507,8.0,11.0,99.0,0.0,4.0,0.0020419526393762088
00-0032120,2015,7,220,JAX,WR,23.0,Neal Sterling,Monmouth,,0.3810311304124757,0.25007948201332403,32.0,37.0,,0.0,,0.0039347095649036375
00-0032121,2015,7,221,LV,WR,,Andre Debose,Florida,,,,31.0,34.0,,0.0,,0.005404634661438035
00-0031960,2015,7,233,KC,WR,23.0,Da'Ron Brown,Northern Illinois,,0.7096387072721718,0.1255531763386712,16.0,12.0,,0.0,,0.00603211416413704
00-0032070,2015,7,234,BUF,WR,22.0,Dezmin Lewis,Central Arkansas,,0.1367030930684293,0.33972001634082977,18.0,22.0,,0.0,,0.005014948110625035
00-0031962,2015,7,238,CIN,WR,23.0,Mario Alford,West Virginia,3.0,0.16081139035260367,0.40310234723160465,15.0,23.0,,0.0,,0.0007649051746222114
00-0032123,2015,7,245,TEN,WR,22.0,Tre McBride,William & Mary,,0.4004003280853767,0.26608480253790023,30.0,28.0,171.0,0.0,6.0,0.00587786061090745
00-0032966,2016,1,15,CLE,WR,22.0,Corey Coleman,Baylor,1.0,0.8022961381518471,0.1977038618481529,30.0,17.0,82.0,0.0,10.0,0.11070480706952181
00-0033127,2016,1,21,HOU,WR,22.0,Will Fuller,Notre Dame,1.0,0.6149671794950423,0.38503282050495774,21.0,19.0,61.0,0.0,14.0,0.03264262416272514
00-0032760,2016,1,22,WAS,WR,23.0,Josh Doctson,TCU,2.0,0.103957442672166,0.2871205559516969,10.0,6.0,,0.0,,0.006542604573156776
00-0032951,2016,1,23,MIN,WR,21.0,Laquon Treadwell,Mississippi,2.0,0.25915891464653457,0.3399417835363554,16.0,24.0,189.0,0.0,4.0,0.03249571993004966
00-0032385,2016,2,40,NYG,WR,23.0,Sterling Shepard,Oklahoma,3.0,0.4212604609084457,0.42373509012717786,6.0,13.0,36.0,0.0,16.0,0.001166488728534925
00-0032765,2016,2,47,NO,WR,23.0,Michael Thomas,Ohio St.,1.0,0.25721740790862785,0.3354329415644366,8.0,8.0,7.0,1.0,15.0,0.009454203287252843
00-0033009,2016,2,55,CIN,WR,21.0,Tyler Boyd,Pittsburgh,2.0,0.5403171566502757,0.45968284334972437,7.0,2.0,64.0,0.0,16.0,0.015617822478118637
00-0033069,2016,3,85,HOU,WR,23.0,Braxton Miller,Ohio St.,2.0,0.6149671794950423,0.38503282050495774,21.0,19.0,132.0,0.0,10.0,0.003939401204328706
00-0033060,2016,3,86,MIA,WR,22.0,Leonte Carroo,Rutgers,2.0,0.3004836072725844,0.3776340641456194,27.0,27.0,164.0,0.0,5.0,0.010667417382404393
00-0032398,2016,4,107,BAL,WR,23.0,Chris Moore,Cincinnati,3.0,0.43386717762414767,0.3244587940476232,25.0,21.0,147.0,0.0,14.0,0.0021868173456752967
00-0032400,2016,4,112,NE,WR,24.0,Malcolm Mitchell,Georgia,2.0,0.4788520355712838,0.3122718996370988,3.0,5.0,81.0,0.0,12.0,0.001129999695417304
00-0033079,2016,4,114,CLE,WR,22.0,Ricardo Louis,Auburn,2.0,0.8022961381518471,0.1977038618481529,30.0,17.0,122.0,0.0,14.0,0.02885688566940338
00-0033111,2016,4,117,LA,WR,21.0,Pharoh Cooper,South Carolina,3.0,0.29360679220064484,0.2609803725694057,29.0,37.0,143.0,0.0,9.0,0.01608228583056813
00-0032775,2016,4,126,KC,WR,21.0,Demarcus Robinson,Florida,3.0,0.11700702791146822,0.425414440986758,9.0,15.0,198.0,0.0,7.0,0.004394791919923032
00-0032778,2016,5,140,TEN,WR,21.0,Tajae Sharpe,Massachusetts,1.0,0.5337556041391872,0.2482681143398165,28.0,26.0,72.0,0.0,16.0,0.08225687259028519
00-0032974,2016,5,154,CLE,WR,23.0,Jordan Payton,UCLA,3.0,0.8022961381518471,0.1977038618481529,30.0,17.0,,0.0,,0.0040277836736003665
00-0032423,2016,5,163,GB,WR,23.0,Trevor Davis,California,3.0,0.2225707846068592,0.29001647691196797,15.0,29.0,167.0,0.0,8.0,0.0011015897881619674
00-0033040,2016,5,165,KC,WR,22.0,Tyreek Hill,West Alabama,1.0,0.11700702791146822,0.425414440986758,9.0,15.0,18.0,0.0,16.0,0.006944303198354996
00-0032977,2016,5,172,CLE,WR,21.0,Rashard Higgins,Colorado St.,3.0,0.8022961381518471,0.1977038618481529,30.0,17.0,159.0,0.0,10.0,0.022661724988765248
00-0032341,2016,6,180,MIN,WR,22.0,Moritz Boehringer,,,0.25915891464653457,0.3399417835363554,16.0,24.0,,0.0,,0.004964342275831223
00-0032791,2016,6,186,MIA,WR,23.0,Jakeem Grant,Texas Tech,2.0,0.3004836072725844,0.3776340641456194,27.0,27.0,179.0,0.0,14.0,0.002278917080032859
00-0032957,2016,6,192,BUF,WR,22.0,Kolby Listenbee,TCU,,0.4381381531609797,0.32644487190646987,12.0,9.0,,0.0,,0.005327553346463023
00-0032795,2016,6,199,CIN,WR,22.0,Cody Core,Mississippi,3.0,0.5403171566502757,0.45968284334972437,7.0,2.0,125.0,0.0,7.0,0.0011286469589864615
00-0033114,2016,6,206,LA,WR,22.0,Mike Thomas,Southern Miss,3.0,0.29360679220064484,0.2609803725694057,29.0,37.0,178.0,0.0,8.0,0.003694305055043658
00-0032441,2016,6,213,SF,WR,22.0,Aaron Burbridge,Michigan St.,2.0,0.6331524620891452,0.19113065000397483,32.0,35.0,153.0,0.0,15.0,0.013525563507406971
00-0032447,2016,7,225,NE,WR,23.0,Devin Lucien,Arizona St.,,0.4788520355712838,0.3122718996370988,3.0,5.0,,0.0,,0.0014154935008153559
00-0032365,2016,7,229,PIT,WR,22.0,Demarcus Ayers,Houston,,0.277648667293466,0.4375932664812039,4.0,4.0,,0.0,,0.001943123671681642
00-0032801,2016,7,230,CHI,WR,22.0,Daniel Braverman,Western Michigan,,0.23730505398267232,0.36983605246393025,23.0,16.0,,0.0,,0.004449741058494262
00-0032451,2016,7,238,ATL,WR,22.0,Devin Fuller,UCLA,,0.44495540991630317,0.4213319459162924,21.0,11.0,,0.0,,0.0034483015050250244
00-0032959,2016,7,241,NYJ,WR,23.0,Charone Peake,Clemson,3.0,0.3119752014550308,0.309601513953298,11.0,10.0,123.0,0.0,12.0,0.0006912531631433585
00-0032453,2016,7,243,SEA,WR,22.0,Kenny Lawler,California,,0.22875311111778832,0.33099345647861583,4.0,3.0,,0.0,,0.0029439047449293424
00-0033871,2017,1,5,TEN,WR,22.0,Corey Davis,Western Michigan,1.0,0.6925343564697961,0.3074656435302038,14.0,10.0,87.0,0.0,11.0,0.08073749389762791
00-0033536,2017,1,7,LAC,WR,22.0,Mike Williams,Clemson,3.0,0.14037385643448475,0.33736789661283634,9.0,18.0,138.0,0.0,9.0,0.010058059132893146
00-0033460,2017,1,9,CIN,WR,21.0,John Ross,Washington,3.0,0.05641851639362399,0.3530943191578041,24.0,12.0,,0.0,,0.023354926937272424
00-0033891,2017,2,37,BUF,WR,22.0,Zay Jones,East Carolina,1.0,0.9691382130412317,0.030861786958768258,10.0,19.0,85.0,0.0,14.0,0.14170003286578817
00-0033282,2017,2,40,CAR,WR,21.0,Curtis Samuel,Ohio St.,3.0,0.4472283732367659,0.3565739732563403,15.0,30.0,125.0,0.0,8.0,0.008761445542090055
00-0033857,2017,2,62,PIT,WR,20.0,JuJu Smith-Schuster,USC,3.0,0.25119008205809873,0.42642533791821474,10.0,8.0,20.0,0.0,14.0,0.015199497736152017
00-0033908,2017,3,69,LA,WR,24.0,Cooper Kupp,Eastern Washington,2.0,0.6004504535341336,0.30327720558140653,32.0,33.0,25.0,0.0,15.0,0.005662793570145986
00-0033911,2017,3,72,TEN,WR,22.0,Taywan Taylor,Western Kentucky,2.0,0.6925343564697961,0.3074656435302038,14.0,10.0,109.0,0.0,16.0,0.01883785033626907
00-0033916,2017,3,79,NYJ,WR,23.0,ArDarius Stewart,Alabama,2.0,0.6803171726839622,0.20863944011818641,30.0,29.0,147.0,0.0,12.0,0.013988413298560778
00-0033919,2017,3,82,DEN,WR,22.0,Carlos Henderson,Louisiana Tech,,0.11481455198202367,0.340381279980164,22.0,22.0,,0.0,,0.017217034471579382
00-0033921,2017,3,84,TB,WR,21.0,Chris Godwin,Penn St.,,,,18.0,15.0,71.0,0.0,15.0,0.030480725144515424
00-0033932,2017,3,96,DET,WR,23.0,Kenny Golladay,Northern Illinois,2.0,0.32801683698050044,0.36901894160306314,20.0,11.0,69.0,0.0,11.0,0.008994296385980557
00-0033933,2017,3,98,ARI,WR,22.0,Chad Williams,Grambling St.,3.0,0.18348715851545108,0.31032926201254,6.0,21.0,169.0,0.0,6.0,0.004980099368590387
00-0033937,2017,3,106,SEA,WR,23.0,Amara Darboh,Michigan,3.0,0.2541786423320476,0.3569924751854601,18.0,17.0,153.0,0.0,8.0,0.0028381017555774764
00-0033839,2017,4,110,JAX,WR,23.0,Dede Westbrook,Oklahoma,,0.16275230169437474,0.3353914451175612,25.0,31.0,90.0,0.0,7.0,0.007046708385993745
00-0033943,2017,4,117,LA,WR,22.0,Josh Reynolds,Texas A&M,2.0,0.6004504535341336,0.30327720558140653,32.0,33.0,131.0,0.0,10.0,0.011287016416406078
00-0033555,2017,4,118,PHI,WR,23.0,Mack Hollins,North Carolina,2.0,0.6854347080644253,0.31456529193557464,16.0,24.0,114.0,0.0,12.0,0.005752682441659108
00-0033859,2017,4,128,CIN,WR,21.0,Josh Malone,Tennessee,3.0,0.05641851639362399,0.3530943191578041,24.0,12.0,140.0,0.0,9.0,0.009522975231237955
00-0033562,2017,4,133,DAL,WR,22.0,Ryan Switzer,North Carolina,2.0,0.010217974166728379,0.36495713791466644,5.0,3.0,149.0,0.0,16.0,0.01296669341738636
00-0033464,2017,4,139,KC,WR,23.0,Jehu Chesson,Michigan,3.0,0.3087746856902176,0.2522817130751059,13.0,16.0,182.0,0.0,6.0,0.0032927917987026537
00-0033840,2017,4,141,NYJ,WR,22.0,Chad Hansen,California,2.0,0.6803171726839622,0.20863944011818641,30.0,29.0,141.0,0.0,8.0,0.01479304409541444
00-0033573,2017,5,166,PHI,WR,23.0,Shelton Gibson,West Virginia,3.0,0.6854347080644253,0.31456529193557464,16.0,24.0,,0.0,,0.0014607540436533195
00-0033957,2017,5,170,MIN,WR,22.0,Rodney Adams,South Florida,3.0,0.12451623885378871,0.4017825742318074,23.0,20.0,,0.0,,0.0025901557541717886
00-0033466,2017,5,172,DEN,WR,22.0,Isaiah McKenzie,Georgia,1.0,0.11481455198202367,0.340381279980164,22.0,22.0,173.0,0.0,11.0,0.023519795366750383
00-0033291,2017,5,175,GB,WR,22.0,DeAngelo Yancey,Purdue,,0.09124061826463124,0.2936343024281945,4.0,4.0,,0.0,,0.012100977163015149
00-0033292,2017,5,177,SF,WR,23.0,Trent Taylor,Louisiana Tech,2.0,1.0,0.0,27.0,27.0,68.0,0.0,15.0,0.014776734864285266
00-0033530,2017,6,209,WAS,WR,22.0,Robert Davis,Georgia St.,,0.6674316443942753,0.26793596512499496,12.0,5.0,,0.0,,0.008796609033784453
00-0033968,2017,7,219,MIN,WR,23.0,Stacy Coley,Miami (FL),3.0,0.12451623885378871,0.4017825742318074,23.0,20.0,,0.0,,0.0010477132048942455
00-0033589,2017,7,226,SEA,WR,22.0,David Moore,East Central (OK),,0.2541786423320476,0.3569924751854601,18.0,17.0,,0.0,,0.00526373001025523
00-0033471,2017,7,237,MIA,WR,21.0,Isaiah Ford,Virginia Tech,,,,17.0,23.0,,0.0,,0.007935411305764367
00-0033591,2017,7,239,DAL,WR,21.0,Noah Brown,Ohio St.,2.0,0.010217974166728379,0.36495713791466644,5.0,3.0,173.0,0.0,7.0,0.009829621038032406
00-0033305,2017,7,247,GB,WR,21.0,Malachi Dupre,LSU,,0.09124061826463124,0.2936343024281945,4.0,4.0,,0.0,,0.011866264433804516
00-0034827,2018,1,24,CAR,WR,21.0,D.J. Moore,Maryland,2.0,0.4889442391264301,0.29010899800208834,12.0,20.0,36.0,0.0,16.0,0.04197370980907133
00-0034837,2018,1,26,ATL,WR,23.0,Calvin Ridley,Alabama,2.0,0.1461271360444439,0.39321483881050406,15.0,8.0,22.0,0.0,16.0,0.014675803207953326
00-0034348,2018,2,40,DEN,WR,22.0,Courtland Sutton,SMU,2.0,0.32286527759115785,0.3368198475712095,27.0,30.0,50.0,0.0,16.0,0.02054824441300356
00-0034860,2018,2,44,SF,WR,22.0,Dante Pettis,Washington,2.0,0.2306689539861828,0.28118298760557403,20.0,32.0,71.0,0.0,12.0,0.022575150208381644
00-0034775,2018,2,47,ARI,WR,21.0,Christian Kirk,Texas A&M,2.0,0.41629686852994274,0.390068396052135,25.0,21.0,58.0,0.0,12.0,0.029457020858255592
00-0034353,2018,2,51,CHI,WR,23.0,Anthony Miller,Memphis,2.0,0.8090064361345287,0.19099356386547126,29.0,29.0,60.0,0.0,15.0,0.016561024729700686
00-0034676,2018,2,60,PIT,WR,22.0,James Washington,Oklahoma St.,2.0,0.30482708635669853,0.40051355418726875,8.0,7.0,124.0,0.0,12.0,0.015945340973491446
00-0034777,2018,2,61,JAX,WR,21.0,DJ Chark,LSU,2.0,0.5082791045280192,0.2618509891593622,5.0,14.0,143.0,0.0,11.0,0.03566774500887338
00-0034764,2018,3,81,DAL,WR,22.0,Michael Gallup,Colorado St.,2.0,0.5669639879093613,0.2326966169898822,14.0,25.0,76.0,0.0,15.0,0.018382573047269694
00-0034765,2018,3,91,NO,WR,22.0,Tre'Quan Smith,Central Florida,2.0,0.7063859776060254,0.24028537949569537,4.0,5.0,73.0,0.0,13.0,0.019402138396957046
00-0034366,2018,4,103,HOU,WR,21.0,Keke Coutee,Texas Tech,3.0,0.1401822311393636,0.45728283538579895,17.0,33.0,101.0,0.0,6.0,0.004539775269622166
00-0034772,2018,4,105,CLE,WR,21.0,Antonio Callaway,Florida,2.0,0.6356212260344216,0.26294117976488635,32.0,35.0,56.0,0.0,16.0,0.02445363485263058
00-0034370,2018,4,113,DEN,WR,23.0,DaeSean Hamilton,Penn St.,2.0,0.32286527759115785,0.3368198475712095,27.0,30.0,100.0,0.0,11.0,0.006903027021298675
00-0034267,2018,4,132,BAL,WR,23.0,Jaleel Scott,New Mexico St.,,0.8671017877716753,0.13289821222832476,9.0,27.0,,0.0,,0.008407041839172165
00-0034268,2018,4,133,GB,WR,23.0,J'Mon Moore,Missouri,2.0,0.24107447806501425,0.28639675270198783,21.0,34.0,188.0,0.0,7.0,0.006398094752950546
00-0034386,2018,5,144,TB,WR,22.0,Justin Watson,Pennsylvania,2.0,0.007171810037218811,0.3546786054770048,18.0,11.0,203.0,0.0,7.0,0.012793012277741073
00-0034395,2018,5,159,IND,WR,22.0,Daurice Fountain,Northern Iowa,,0.40856369188664315,0.3828149450575769,30.0,26.0,,0.0,,0.007517988632840602
00-0034271,2018,5,162,BAL,WR,21.0,Jordan Lasley,UCLA,2.0,0.8671017877716753,0.13289821222832476,9.0,27.0,,0.0,,0.019681287535081443
00-0034272,2018,5,174,GB,WR,23.0,Marquez Valdes-Scantling,South Florida,2.0,0.24107447806501425,0.28639675270198783,21.0,34.0,66.0,0.0,16.0,0.004682691243495667
00-0034273,2018,6,175,CLE,WR,23.0,Damion Ratley,Texas A&M,3.0,0.6356212260344216,0.26294117976488635,32.0,35.0,147.0,0.0,5.0,0.0018705056091778084
00-0034406,2018,6,185,IND,WR,22.0,Deon Cain,Clemson,,0.40856369188664315,0.3828149450575769,30.0,26.0,,0.0,,0.006169563661665988
00-0034407,2018,6,187,BUF,WR,21.0,Ray-Ray McCloud,Clemson,3.0,0.41239727252573194,0.4094406952268912,22.0,19.0,172.0,0.0,8.0,0.0036147165299949607
00-0034409,2018,6,191,LAC,WR,24.0,Dylan Cantrell,Texas Tech,,0.0,0.4733152332008146,13.0,3.0,,0.0,,0.0020101636627268297
00-0034411,2018,6,194,ATL,WR,22.0,Russell Gage,LSU,3.0,0.1461271360444439,0.39321483881050406,15.0,8.0,166.0,0.0,9.0,0.0026970741002449944
00-0034278,2018,6,196,KC,WR,22.0,Tremon Smith,Central Arkansas,,0.26104168999424066,0.33445045972846843,6.0,6.0,,0.0,,0.007538572837425641
00-0034279,2018,6,207,GB,WR,21.0,Equanimeous St. Brown,Notre Dame,3.0,0.24107447806501425,0.28639675270198783,21.0,34.0,114.0,0.0,11.0,0.004127084637262099
00-0034418,2018,6,208,DAL,WR,22.0,Cedrick Wilson Jr.,Boise St.,,0.5669639879093613,0.2326966169898822,14.0,25.0,,0.0,,0.007033762300600575
00-0034419,2018,6,210,NE,WR,22.0,Braxton Berrios,Miami (FL),,0.620993225714,0.2965457065279603,2.0,1.0,,0.0,,0.00684740978745521
00-0034426,2018,7,224,CHI,WR,23.0,Javon Wims,Georgia,3.0,0.8090064361345287,0.19099356386547126,29.0,29.0,,0.0,,0.0017020210250589497
00-0034747,2018,7,228,LV,WR,23.0,Marcell Ateman,Oklahoma St.,,,,23.0,15.0,135.0,0.0,7.0,0.003804339828922725
00-0034286,2018,7,240,SF,WR,23.0,Richie James,Middle Tenn. St.,,0.2306689539861828,0.28118298760557403,20.0,32.0,137.0,0.0,12.0,0.0029757495714066093
00-0034686,2018,7,253,CIN,WR,21.0,Auden Tate,Florida St.,3.0,0.265046909061743,0.4258618875935873,26.0,24.0,175.0,0.0,5.0,0.0021231839649996373
00-0034442,2018,7,255,BUF,WR,22.0,Austin Proehl,North Carolina,,0.41239727252573194,0.4094406952268912,22.0,19.0,,0.0,,0.003270397031043286
00-0034339,2018,7,256,WAS,WR,22.0,Trey Quinn,SMU,2.0,0.42605801928028453,0.28886129295503216,16.0,18.0,,0.0,,0.004915960556114792
00-0035662,2019,1,25,BAL,WR,22.0,Marquise Brown,Oklahoma,3.0,0.609297084106483,0.3075162110460053,13.0,22.0,46.0,0.0,14.0,0.007514372724818514
00-0035624,2019,1,32,NE,WR,21.0,N'Keal Harry,Arizona St.,,0.16340902018567927,0.4035602262535307,4.0,9.0,51.0,0.0,7.0,0.0327684951888684
00-0035719,2019,2,36,SF,WR,23.0,Deebo Samuel,South Carolina,3.0,0.2656887430155701,0.19234081329976127,21.0,12.0,31.0,0.0,15.0,0.011380261218543642
00-0035676,2019,2,51,TEN,WR,22.0,A.J. Brown,Mississippi,3.0,0.42223598874296986,0.3622025343263929,27.0,24.0,21.0,0.0,16.0,0.006431039202242746
00-0035140,2019,2,56,KC,WR,21.0,Mecole Hardman,Georgia,2.0,0.22135288599152025,0.40656850677011597,1.0,1.0,59.0,0.0,16.0,0.02977798022529164
00-0035246,2019,2,57,PHI,WR,22.0,JJ Arcega-Whiteside,Stanford,2.0,0.38566931564645435,0.33343870040990103,18.0,15.0,134.0,0.0,9.0,0.02046476669719536
00-0035639,2019,2,59,IND,WR,22.0,Parris Campbell,Ohio St.,3.0,0.38765589381929083,0.3284100708409171,5.0,8.0,124.0,0.0,7.0,0.007283927633318409
00-0035527,2019,2,62,ARI,WR,22.0,Andy Isabella,Massachusetts,3.0,0.2901470405767976,0.30923024394642623,32.0,34.0,129.0,0.0,12.0,0.006901875351444746
00-0035640,2019,2,64,SEA,WR,21.0,D.K. Metcalf,Mississippi,1.0,0.4846158577905102,0.2300980952032182,6.0,10.0,33.0,0.0,16.0,0.1132451727789797
00-0035216,2019,3,66,PIT,WR,23.0,Diontae Johnson,Toledo,3.0,0.47903752043736325,0.33456047374808684,6.0,5.0,39.0,0.0,16.0,0.004040643081413331
00-0034971,2019,3,67,SF,WR,23.0,Jalen Hurd,Baylor,3.0,0.2656887430155701,0.19234081329976127,21.0,12.0,,0.0,,0.008968239791903655
00-0035659,2019,3,76,WAS,WR,23.0,Terry McLaurin,Ohio St.,1.0,0.801839029877697,0.19816097012230308,29.0,28.0,29.0,0.0,14.0,0.03442686412216049
00-0035703,2019,3,93,BAL,WR,22.0,Miles Boykin,Notre Dame,3.0,0.609297084106483,0.3075162110460053,13.0,22.0,107.0,0.0,12.0,0.004446313848409553
00-0035529,2019,4,103,ARI,WR,23.0,Hakeem Butler,Iowa St.,,0.2901470405767976,0.30923024394642623,32.0,34.0,,0.0,,0.008003391373960394
00-0035589,2019,4,120,SEA,WR,22.0,Gary Jennings Jr,West Virginia,3.0,0.4846158577905102,0.2300980952032182,6.0,10.0,,0.0,,0.006356970459540606
00-0035590,2019,4,126,CHI,WR,23.0,Riley Ridley,Georgia,2.0,0.09828037625421486,0.3824549914541643,9.0,11.0,,0.0,,0.0064540102020646615
00-0034983,2019,5,149,LV,WR,23.0,Hunter Renfrow,Clemson,2.0,,,28.0,26.0,54.0,0.0,13.0,0.005684424948750695
00-0035535,2019,5,171,NYG,WR,22.0,Darius Slayton,Auburn,2.0,0.4624058252848172,0.2479329112541699,16.0,21.0,37.0,0.0,14.0,0.00998459833408498
00-0035287,2019,6,174,ARI,WR,22.0,KeeSean Johnson,Fresno St.,2.0,0.2901470405767976,0.30923024394642623,32.0,34.0,116.0,0.0,10.0,0.007926802095576297
00-0035592,2019,6,184,DET,WR,23.0,Travis Fulgham,Old Dominion,2.0,0.5254324879199886,0.25970994452718926,25.0,25.0,,0.0,,0.005076561169605677
00-0035593,2019,6,187,DEN,WR,23.0,Juwann Winfree,Colorado,3.0,0.24559492484834455,0.3090858788554725,24.0,30.0,,0.0,,0.0015205915061696751
00-0035296,2019,6,203,ATL,WR,23.0,Marcus Green,La-Monroe,,0.05109566307498042,0.40721587180530777,10.0,7.0,,0.0,,0.0036570961112774004
00-0035297,2019,6,206,WAS,WR,22.0,Kelvin Harmon,North Carolina St.,2.0,0.801839029877697,0.19816097012230308,29.0,28.0,92.0,0.0,15.0,0.008078798568318972
00-0035298,2019,6,208,TB,WR,22.0,Scott Miller,Bowling Green,3.0,0.4332904377176816,0.30269755679012117,12.0,13.0,120.0,0.0,9.0,0.002491570577359677
00-0035597,2019,7,236,SEA,WR,25.0,John Ursua,Hawaii,3.0,0.4846158577905102,0.2300980952032182,6.0,10.0,,0.0,,0.0005120855173343082
00-0035313,2019,7,237,CAR,WR,22.0,Terry Godwin,Georgia,,0.40982544497216455,0.22039713673238676,14.0,20.0,,0.0,,0.006908778560678565
00-0035002,2019,7,239,MIN,WR,22.0,Dillon Mitchell,Oregon,,0.2523617957868992,0.37594585913206857,19.0,27.0,,0.0,,0.0035351224045700965
00-0035006,2019,7,247,MIN,WR,22.0,Olabisi Johnson,Colorado St.,2.0,0.2523617957868992,0.37594585913206857,19.0,27.0,86.0,0.0,13.0,0.0033229844274664726
00-0036357,2020,1,12,LV,WR,21.0,Henry Ruggs III,Alabama,1.0,0.5529102884760067,0.2835829776672616,24.0,8.0,94.0,0.0,13.0,0.14875776076841588
00-0036407,2020,1,15,DEN,WR,21.0,Jerry Jeudy,Alabama,1.0,0.034564981062089425,0.4722683067360764,28.0,32.0,45.0,0.0,16.0,0.08315476945377669
00-0036358,2020,1,17,DAL,WR,21.0,CeeDee Lamb,Oklahoma,2.0,0.29898078863751404,0.31932184749953113,6.0,6.0,22.0,0.0,16.0,0.030275313550229596
00-0036387,2020,1,21,PHI,WR,21.0,Jalen Reagor,TCU,2.0,0.3406921971745568,0.34296468198236607,12.0,16.0,90.0,0.0,11.0,0.026555740088228818
00-0036322,2020,1,22,MIN,WR,21.0,Justin Jefferson,LSU,2.0,0.4836627085817276,0.31290090655549035,8.0,7.0,6.0,1.0,16.0,0.026624506586788967
00-0036261,2020,1,25,SF,WR,22.0,Brandon Aiyuk,Arizona St.,2.0,0.6859502755231843,0.14373682055672807,2.0,9.0,35.0,0.0,12.0,0.02272290168295593
00-0036410,2020,2,33,CIN,WR,21.0,Tee Higgins,Clemson,2.0,0.11446403327903262,0.29536115574338867,30.0,27.0,28.0,0.0,15.0,0.0598643061183483
00-0036252,2020,2,34,IND,WR,22.0,Michael Pittman Jr.,USC,2.0,0.3688602658472109,0.3034654278520596,16.0,21.0,79.0,0.0,13.0,0.019264141338182134
00-0036268,2020,2,42,JAX,WR,21.0,Laviska Shenault Jr.,Colorado,2.0,0.05945570442017412,0.31628485384174654,26.0,26.0,46.0,0.0,14.0,0.04818020997349991
00-0036412,2020,2,46,DEN,WR,21.0,KJ Hamler,Penn St.,3.0,0.034564981062089425,0.4722683067360764,28.0,32.0,86.0,0.0,12.0,0.007510915898206673
00-0036326,2020,2,49,PIT,WR,22.0,Chase Claypool,Notre Dame,2.0,0.33481260900276477,0.2334966445912077,27.0,30.0,23.0,0.0,16.0,0.03171817873595435
00-0036415,2020,2,57,LA,WR,24.0,Van Jefferson,Florida,2.0,0.22368423564234716,0.3465724572463533,11.0,15.0,120.0,0.0,14.0,0.005921622283459495
00-0036255,2020,2,59,NYJ,WR,22.0,Denzel Mims,Baylor,3.0,0.6457130722672795,0.32017040876586605,31.0,28.0,105.0,0.0,9.0,0.005737240875174413
00-0036364,2020,3,80,LV,WR,22.0,Lynn Bowden Jr.,Kentucky,,0.5529102884760067,0.2835829776672616,24.0,8.0,113.0,0.0,9.0,0.022397940787993637
00-0036365,2020,3,81,LV,WR,21.0,Bryan Edwards,South Carolina,1.0,0.5529102884760067,0.2835829776672616,24.0,8.0,132.0,0.0,9.0,0.10164137560466656
00-0036331,2020,3,92,BAL,WR,22.0,Devin Duvernay,Texas,3.0,0.2029004176078029,0.3840709377267145,1.0,1.0,115.0,0.0,15.0,0.0028986158884587694
00-0036196,2020,4,128,BUF,WR,21.0,Gabe Davis,Central Florida,2.0,0.2544238566375164,0.3080685529571291,23.0,25.0,56.0,0.0,16.0,0.022332859288826862
00-0036340,2020,4,142,WAS,WR,22.0,Antonio Gandy-Golden,Liberty,2.0,0.5260523510341888,0.31119581479264574,32.0,23.0,199.0,0.0,4.0,0.014176146667135538
00-0036377,2020,5,151,LAC,WR,22.0,Joe Reed,Virginia,1.0,0.3519478703897908,0.3763388966760178,21.0,13.0,183.0,0.0,10.0,0.029062657231717814
00-0036427,2020,5,161,TB,WR,22.0,Tyler Johnson,Minnesota,3.0,0.23064404844232073,0.3015593602106435,3.0,17.0,127.0,0.0,10.0,0.002150375267088159
00-0036254,2020,5,165,JAX,WR,22.0,Collin Johnson,Texas,3.0,0.05945570442017412,0.31628485384174654,26.0,26.0,107.0,0.0,11.0,0.00467092495471838
00-0036277,2020,5,166,DET,WR,22.0,Quintez Cephus,Wisconsin,1.0,0.3948080147809513,0.2759958551340462,18.0,4.0,101.0,0.0,12.0,0.041872845741253405
00-0036398,2020,5,168,PHI,WR,24.0,John Hightower,Boise St.,3.0,0.3406921971745568,0.34296468198236607,12.0,16.0,145.0,0.0,10.0,0.0008671560327473012
00-0036308,2020,5,171,HOU,WR,21.0,Isaiah Coulter,Rhode Island,,0.38219428368093344,0.2563264519474108,14.0,11.0,,0.0,,0.01761201935795114
00-0036309,2020,5,173,CHI,WR,22.0,Darnell Mooney,Tulane,2.0,0.22711438130391048,0.4068129509633943,29.0,31.0,50.0,0.0,16.0,0.00787918848032428
00-0036345,2020,5,176,MIN,WR,23.0,K.J. Osborn,Miami (FL),1.0,0.4836627085817276,0.31290090655549035,8.0,7.0,215.0,0.0,8.0,0.012825602572660525
00-0036233,2020,6,187,CLE,WR,21.0,Donovan Peoples-Jones,Michigan,3.0,0.254783611035211,0.3342970601135312,22.0,24.0,108.0,0.0,12.0,0.004338552595496423
00-0036271,2020,6,200,PHI,WR,22.0,Quez Watkins,Southern Miss,,0.3406921971745568,0.34296468198236607,12.0,16.0,152.0,0.0,4.0,0.005549047687712983
00-0036133,2020,6,201,BAL,WR,23.0,James Proche,SMU,3.0,0.2029004176078029,0.3840709377267145,1.0,1.0,205.0,0.0,13.0,0.0009233788065029191
00-0036165,2020,6,207,BUF,WR,21.0,Isaiah Hodgins,Oregon St.,,0.2544238566375164,0.3080685529571291,23.0,25.0,,0.0,,0.013696047976856108
00-0036228,2020,6,212,IND,WR,22.0,Dezmon Patmon,Washington St.,3.0,0.3688602658472109,0.3034654278520596,16.0,21.0,,0.0,,0.0020339970413414217
00-0036247,2020,6,214,SEA,WR,22.0,Freddie Swain,Florida,2.0,0.22939818014675065,0.3415218826554958,9.0,10.0,127.0,0.0,13.0,0.0057092631559596705
00-0036259,2020,7,217,SF,WR,23.0,Jauan Jennings,Tennessee,,0.6859502755231843,0.14373682055672807,2.0,9.0,,0.0,,0.004362775624402856
00-0036382,2020,7,220,LAC,WR,22.0,K.J. Hill,Ohio St.,2.0,0.3519478703897908,0.3763388966760178,21.0,13.0,167.0,0.0,12.0,0.006134328276044198
00-0036439,2020,7,252,DEN,WR,22.0,Tyrie Cleveland,Florida,3.0,0.034564981062089425,0.4722683067360764,28.0,32.0,171.0,0.0,7.0,0.001304090461588714
00-0036900,2021,1,5,CIN,WR,21.0,Ja'Marr Chase,LSU,1.0,0.2863553967797338,0.27905846173782606,29.0,16.0,5.0,1.0,17.0,0.10557191338310419
00-0036613,2021,1,6,MIA,WR,22.0,Jaylen Waddle,Alabama,1.0,0.33538669320960407,0.26128845693984076,15.0,29.0,12.0,0.0,16.0,0.07844250874143513
00-0036912,2021,1,10,PHI,WR,22.0,DeVonta Smith,Alabama,1.0,0.5011824990450179,0.1675891963258585,26.0,35.0,30.0,0.0,17.0,0.09560666870785288
00-0036913,2021,1,20,NYG,WR,22.0,Kadarius Toney,Florida,3.0,0.4327973559924227,0.31114047566117387,31.0,30.0,89.0,0.0,9.0,0.008668442277746402
00-0036550,2021,1,27,BAL,WR,21.0,Rashod Bateman,Minnesota,,0.5163040456188307,0.3681099335660164,7.0,13.0,70.0,0.0,12.0,0.032002613304671045
00-0036980,2021,2,34,NYJ,WR,21.0,Elijah Moore,Mississippi,1.0,0.5811183632226352,0.17718524141208372,32.0,36.0,50.0,0.0,11.0,0.11686965957627579
00-0036936,2021,2,49,ARI,WR,21.0,Rondale Moore,Purdue,2.0,0.3255317448103192,0.35866174863417905,13.0,23.0,63.0,0.0,14.0,0.028053422305292397
00-0036620,2021,2,56,SEA,WR,24.0,D'Wayne Eskridge,Western Michigan,2.0,0.13964781858136863,0.3922023841008651,8.0,15.0,145.0,0.0,8.0,0.006172083009553047
00-0036849,2021,2,57,LA,WR,21.0,Tutu Atwell,Louisville,2.0,0.2146404783589973,0.3517428725662977,22.0,25.0,226.0,0.0,6.0,0.02591697446314912
00-0036955,2021,2,59,CAR,WR,21.0,Terrace Marshall Jr.,LSU,2.0,0.2864767632468477,0.35199143329069926,24.0,22.0,139.0,0.0,12.0,0.024984277912447256
00-0036988,2021,3,77,LAC,WR,21.0,Josh Palmer,Tennessee,2.0,0.10465572926944636,0.4455462042011304,18.0,12.0,76.0,0.0,15.0,0.01698698244196425
00-0036626,2021,3,82,WAS,WR,21.0,Dyami Brown,North Carolina,2.0,0.4811398077007812,0.37325407764799423,25.0,33.0,146.0,0.0,10.0,0.0190299497575749
00-0036991,2021,3,85,GB,WR,21.0,Amari Rodgers,Clemson,1.0,0.16788409685858033,0.4337553908391801,1.0,1.0,181.0,0.0,16.0,0.0471091462080625
00-0036554,2021,3,89,HOU,WR,22.0,Nico Collins,Michigan,2.0,0.7687156961714643,0.23128430382853588,18.0,5.0,87.0,0.0,14.0,0.020052018361066612
00-0036999,2021,3,91,CLE,WR,21.0,Anthony Schwartz,Auburn,3.0,0.13100885068839757,0.31433232161775054,14.0,8.0,137.0,0.0,13.0,0.01049859221967587
00-0036627,2021,4,109,TEN,WR,23.0,Dez Fitzpatrick,Louisville,,0.5524908718167617,0.34650492304912744,4.0,4.0,,0.0,,0.008178788194260104
00-0036963,2021,4,112,DET,WR,21.0,Amon-Ra St. Brown,USC,3.0,0.9025937214566336,0.09740627854336639,20.0,19.0,22.0,0.0,16.0,0.017544787259296788
00-0036877,2021,4,129,TB,WR,22.0,Jaelon Darden,North Texas,1.0,0.08433711988510241,0.25797186186494664,3.0,6.0,174.0,0.0,9.0,0.04263336429366005
00-0036630,2021,4,131,BAL,WR,22.0,Tylan Wallace,Oklahoma St.,2.0,0.5163040456188307,0.3681099335660164,7.0,13.0,204.0,0.0,10.0,0.01022561798411396
00-0036918,2021,4,141,LA,WR,24.0,Jacob Harris,Central Florida,3.0,0.2146404783589973,0.3517428725662977,22.0,25.0,,0.0,,0.001439817456616442
00-0036635,2021,5,157,MIN,WR,22.0,Ihmir Smith-Marsette,Iowa,1.0,0.2250414960101958,0.3978115520341604,11.0,11.0,144.0,0.0,6.0,0.01951899362540956
00-0036646,2021,5,179,DAL,WR,23.0,Simi Fehoko,Stanford,2.0,0.0,0.3136586695747002,17.0,28.0,,0.0,,0.005632491193130722
00-0036647,2021,5,181,KC,WR,23.0,Cornell Powell,Clemson,,0.21501065835257915,0.35912755276412894,6.0,2.0,,0.0,,0.005043895635770157
00-0036951,2021,6,187,ATL,WR,23.0,Frank Darby,Arizona St.,,0.33061564012515104,0.2993542157660733,16.0,18.0,214.0,0.0,4.0,0.005464956052739391
00-0036571,2021,6,203,BUF,WR,23.0,Marquez Stevenson,Houston,,0.21281597980747619,0.3461336022279301,2.0,3.0,226.0,0.0,5.0,0.004728903624529094
00-0036572,2021,6,204,CAR,WR,22.0,Shi Smith,South Carolina,3.0,0.2864767632468477,0.35199143329069926,24.0,22.0,162.0,0.0,5.0,0.0024132157466903075
00-0036652,2021,6,205,TEN,WR,22.0,Racey McMath,LSU,3.0,0.5524908718167617,0.34650492304912744,4.0,4.0,223.0,0.0,6.0,0.0027902897219697896
00-0036858,2021,6,209,JAX,WR,23.0,Jalen Camp,Georgia Tech,,0.5022610454480941,0.28108970735936784,30.0,24.0,,0.0,,0.004417129518588425
00-0036657,2021,6,219,DEN,WR,21.0,Seth Williams,Auburn,,0.21690333890510524,0.3165720275934761,28.0,31.0,,0.0,,0.009844037541389461
00-0036907,2021,6,221,CHI,WR,22.0,Dazz Newsome,North Carolina,,0.31252127706606014,0.41690476772299173,22.0,32.0,,0.0,,0.004261161161016698
00-0036482,2021,7,229,IND,WR,24.0,Mike Strachan,Charleston (WV),2.0,0.5266836973727151,0.22895489286861534,9.0,7.0,,0.0,,0.0034867852902471545
00-0036536,2021,7,242,NE,WR,23.0,Tre Nixon,Central Florida,,0.6192294968348181,0.35984088580619655,27.0,27.0,,0.0,,0.0026454715038444934
00-0036862,2021,7,249,LA,WR,24.0,Ben Skowronek,Notre Dame,,0.2146404783589973,0.3517428725662977,22.0,25.0,149.0,0.0,12.0,0.0017861057661412438
00-0036939,2021,7,255,NO,WR,23.0,Kawaan Baker,South Alabama,,0.7225394827369122,0.12029525495866117,5.0,9.0,,0.0,,0.007154666358595098
00-0036671,2021,7,258,WAS,WR,22.0,Dax Milne,BYU,2.0,0.4811398077007812,0.37325407764799423,25.0,33.0,164.0,0.0,9.0,0.0037591268085554225
00-0037238,2022,1,8,ATL,WR,21.0,Drake London,USC,3.0,0.8568941272337118,0.1431058727662881,26.0,21.0,31.0,0.0,17.0,0.03909667452022776
00-0037740,2022,1,10,NYJ,WR,22.0,Garrett Wilson,Ohio St.,2.0,0.31127183080343934,0.21135489485152992,28.0,35.0,21.0,0.0,17.0,0.043454528632437206
00-0037239,2022,1,11,NO,WR,22.0,Chris Olave,Ohio St.,3.0,0.4271791683589486,0.20694356035720013,19.0,25.0,25.0,0.0,15.0,0.01721771765256249
00-0037240,2022,1,12,DET,WR,21.0,Jameson Williams,Alabama,,0.2506962648866491,0.27242790588080945,25.0,24.0,157.0,0.0,6.0,0.06895128432683378
00-0037741,2022,1,16,WAS,WR,22.0,Jahan Dotson,Penn St.,2.0,0.28888685463821784,0.35429519908460694,23.0,26.0,51.0,0.0,12.0,0.024502442030292632
00-0037742,2022,1,18,TEN,WR,22.0,Treylon Burks,Arkansas,2.0,0.8494396469092481,0.15056035309075183,15.0,17.0,81.0,0.0,11.0,0.04650844140007265
00-0038124,2022,2,34,GB,WR,23.0,Christian Watson,North Dakota St.,,0.61804759565269,0.1505041000454828,10.0,1.0,41.0,0.0,14.0,0.035511428336235926
00-0038117,2022,2,43,NYG,WR,21.0,Wan'Dale Robinson,Kentucky,,0.21643155841814105,0.22053496953940918,31.0,23.0,116.0,0.0,6.0,0.07835296052386126
00-0037614,2022,2,44,HOU,WR,22.0,John Metchie,Alabama,,0.29943149167283645,0.33921103766802013,30.0,30.0,,0.0,,0.02153944912702176
00-0038104,2022,2,50,NE,WR,21.0,Tyquan Thornton,Baylor,,0.011424516853149679,0.45956818466087257,6.0,13.0,98.0,0.0,12.0,0.02315881812521821
00-0037247,2022,2,52,PIT,WR,21.0,George Pickens,Georgia,1.0,0.42908001601803264,0.3451145522316926,21.0,27.0,40.0,0.0,17.0,0.07181050405172817
00-0037664,2022,2,53,IND,WR,22.0,Alec Pierce,Cincinnati,1.0,0.38101636796930566,0.35106646790834817,9.0,20.0,64.0,0.0,16.0,0.03980116997175959
00-0038090,2022,2,54,KC,WR,21.0,Skyy Moore,Western Michigan,2.0,0.785203855878209,0.21479614412179115,4.0,2.0,118.0,0.0,16.0,0.053271611578382734
00-0037745,2022,3,71,CHI,WR,25.0,Velus Jones Jr.,Tennessee,2.0,0.6119184934142001,0.3880815065857998,27.0,34.0,126.0,0.0,11.0,0.0018687390612494362
00-0037666,2022,3,88,DAL,WR,23.0,Jalen Tolbert,South Alabama,2.0,0.4512109997439941,0.25307629797830816,1.0,7.0,,0.0,,0.011832262859298347
00-0037257,2022,3,99,CLE,WR,21.0,David Bell,Purdue,2.0,0.656416650267475,0.24602264548748715,20.0,22.0,121.0,0.0,15.0,0.02976175083106184
00-0037828,2022,3,105,SF,WR,23.0,Danny Gray,SMU,3.0,0.259904581740662,0.36103828217412537,13.0,3.0,203.0,0.0,7.0,0.003636212807674331
00-0038092,2022,4,125,MIA,WR,22.0,Erik Ezukanma,Texas Tech,3.0,0.6808323154068798,0.31916768459312017,22.0,15.0,,0.0,,0.0045683664251049486
00-0037816,2022,4,132,GB,WR,22.0,Romeo Doubs,Nevada,2.0,0.61804759565269,0.1505041000454828,10.0,1.0,71.0,0.0,13.0,0.02791997539840719
00-0037837,2022,4,138,PIT,WR,23.0,Calvin Austin III,Memphis,,0.42908001601803264,0.3451145522316926,21.0,27.0,,0.0,,0.004722567573905004
00-0037261,2022,5,148,BUF,WR,22.0,Khalil Shakir,Boise St.,1.0,0.4257351274441872,0.33902222874876714,3.0,11.0,131.0,0.0,10.0,0.02101331375411813
00-0037272,2022,5,162,DEN,WR,23.0,Montrell Washington,Samford,2.0,0.38388515082120117,0.3106216193609964,23.0,10.0,179.0,0.0,15.0,0.007104701224986252
00-0037273,2022,5,163,TEN,WR,23.0,Kyle Philips,UCLA,2.0,0.8494396469092481,0.15056035309075183,15.0,17.0,154.0,0.0,4.0,0.008346761450914694
00-0037291,2022,6,191,MIN,WR,23.0,Jalen Nailor,Michigan St.,2.0,0.08610301965161918,0.41656776584407695,14.0,12.0,132.0,0.0,8.0,0.003322253792945435
00-0037300,2022,6,202,CLE,WR,22.0,Michael Woods II,Oklahoma,3.0,0.656416650267475,0.24602264548748715,20.0,22.0,172.0,0.0,7.0,0.0028554056605607126
00-0037091,2022,7,229,SEA,WR,23.0,Bo Melton,Rutgers,,0.1173769601501601,0.3785406964842666,16.0,19.0,,0.0,,0.0025219294967201806
00-0037093,2022,7,233,SEA,WR,23.0,Dareke Young,Lenoir-Rhyne,3.0,0.1173769601501601,0.3785406964842666,16.0,19.0,188.0,0.0,6.0,0.0009348570725795229
00-0037098,2022,7,258,GB,WR,24.0,Samori Toure,Nebraska,3.0,0.61804759565269,0.1505041000454828,10.0,1.0,147.0,0.0,4.0,0.0012646945615094518
00-0038543,2023,1,20,SEA,WR,21.0,Jaxon Smith-Njigba,Ohio St.,2.0,0.2721966231051722,0.3848746119404725,9.0,15.0,48.0,0.0,17.0,0.047612240708386766
00-0038544,2023,1,21,LAC,WR,22.0,Quentin Johnston,TCU,2.0,0.21421535798551253,0.3078052531635879,13.0,17.0,74.0,0.0,17.0,0.033207772089734446
00-0039064,2023,1,22,BAL,WR,22.0,Zay Flowers,Boston Col.,2.0,0.4861194662300173,0.25779493293929745,19.0,18.0,30.0,0.0,16.0,0.029467276052632604
00-0038994,2023,1,23,MIN,WR,21.0,Jordan Addison,USC,2.0,0.28517502502540754,0.4372683717056249,8.0,19.0,23.0,0.0,17.0,0.03688187790198526
00-0039062,2023,2,39,CAR,WR,22.0,Jonathan Mingo,Mississippi,1.0,0.5964685353001616,0.2397653934811309,20.0,32.0,81.0,0.0,15.0,0.045960056386072555
00-0039146,2023,2,50,GB,WR,23.0,Jayden Reed,Michigan St.,1.0,0.5531493648216695,0.1807127136783028,14.0,21.0,25.0,0.0,16.0,0.037170952513099924
00-0039067,2023,2,55,KC,WR,23.0,Rashee Rice,SMU,2.0,0.4787234860125833,0.22405545924258177,1.0,1.0,27.0,0.0,16.0,0.019022901330403193
00-0038976,2023,2,63,DEN,WR,21.0,Marvin Mims,Oklahoma,2.0,0.3162307330227035,0.2970652687290916,32.0,28.0,86.0,0.0,16.0,0.024668460206829324
00-0038977,2023,3,69,HOU,WR,23.0,Tank Dell,Houston,,0.6966333527309224,0.3033666472690776,30.0,33.0,39.0,0.0,10.0,0.005314483313655378
00-0038938,2023,3,73,NYG,WR,21.0,Jalin Hyatt,Tennessee,2.0,0.4356319050855448,0.19617265146047275,15.0,16.0,100.0,0.0,13.0,0.031931278570104214
00-0038979,2023,3,74,CLE,WR,23.0,Cedric Tillman,Tennessee,2.0,0.15252109245074694,0.41842113796380714,18.0,13.0,118.0,0.0,11.0,0.009886175695586464
00-0038997,2023,3,79,IND,WR,22.0,Josh Downs,North Carolina,1.0,0.40530870945206554,0.38288343364045097,30.0,25.0,44.0,0.0,17.0,0.030585252232022967
00-0038559,2023,3,94,ARI,WR,23.0,Michael Wilson,Stanford,1.0,0.5280560414835185,0.20793697127273358,21.0,23.0,60.0,0.0,13.0,0.02031091098370826
00-0038563,2023,3,100,LV,WR,22.0,Tre Tucker,Cincinnati,2.0,0.3253899715997072,0.45901300901463227,12.0,12.0,89.0,0.0,13.0,0.009787922366712573
00-0038573,2023,4,125,LAC,WR,22.0,Derius Davis,TCU,1.0,0.21421535798551253,0.3078052531635879,13.0,17.0,128.0,0.0,17.0,0.027298348543669016
00-0038576,2023,4,131,CIN,WR,24.0,Charlie Jones,Purdue,2.0,0.09357425676546424,0.3753732409380822,7.0,7.0,159.0,0.0,11.0,0.00375694370332456
00-0038941,2023,4,133,CHI,WR,21.0,Tyler Scott,Cincinnati,2.0,0.35523373227687666,0.40039676565487714,23.0,34.0,131.0,0.0,13.0,0.006771379396554613
00-0038590,2023,5,150,BUF,WR,23.0,Justin Shorter,Florida,,0.31755100174970236,0.3654543286341224,2.0,4.0,,0.0,,0.004584337589353914
00-0038393,2023,5,159,GB,WR,22.0,Dontayvion Wicks,Virginia,2.0,0.5531493648216695,0.1807127136783028,14.0,21.0,58.0,0.0,15.0,0.0054384287981583766
00-0039075,2023,5,177,LA,WR,22.0,Puka Nacua,BYU,2.0,0.5838232967104148,0.1708114986693746,27.0,27.0,4.0,1.0,17.0,0.0038264032179453483
00-0038606,2023,6,185,JAX,WR,21.0,Parker Washington,Penn St.,3.0,0.21726627625712241,0.3430726747041102,10.0,8.0,124.0,0.0,8.0,0.002868219943308044
00-0038608,2023,6,187,NE,WR,21.0,Kayshon Boutte,LSU,3.0,0.6936099307956135,0.17196328961537657,17.0,26.0,,0.0,,0.0017237895055551649
00-0039052,2023,6,191,TB,WR,22.0,Trey Palmer,Nebraska,2.0,0.4719947758176915,0.2506419078855941,25.0,10.0,72.0,0.0,17.0,0.004713332485137264
00-0038612,2023,6,195,NO,WR,23.0,A.T. Perry,Wake Forest,2.0,0.5054823850511411,0.3560093989456775,22.0,14.0,99.0,0.0,8.0,0.0018711291086689237
00-0039041,2023,6,197,MIA,WR,22.0,Elijah Higgins,Stanford,3.0,0.13674353199665948,0.43391334293127426,11.0,3.0,56.0,0.0,11.0,0.0014968943650794813
00-0038618,2023,6,205,HOU,WR,23.0,Xavier Hutchinson,Iowa St.,2.0,0.6966333527309224,0.3033666472690776,30.0,33.0,154.0,0.0,12.0,0.0009670090936186474
00-0038619,2023,6,206,CIN,WR,23.0,Andrei Iosivas,Princeton,2.0,0.09357425676546424,0.3753732409380822,7.0,7.0,111.0,0.0,11.0,0.0024641688467318583
00-0038621,2023,6,210,NE,WR,22.0,DeMario Douglas,Liberty,2.0,0.6936099307956135,0.17196328961537657,17.0,26.0,64.0,0.0,14.0,0.0023170509224546337
00-0038627,2023,7,219,DET,WR,23.0,Antoine Green,North Carolina,2.0,0.3496925549879066,0.33962704440724817,5.0,5.0,,0.0,,0.0019514723404397802
00-0038632,2023,7,228,TEN,WR,24.0,Colton Dowell,UT Martin,3.0,0.6339453400801417,0.21696072279301845,28.0,11.0,201.0,0.0,4.0,0.0003251268240648702
00-0038640,2023,7,244,DAL,WR,23.0,Jalen Brooks,South Carolina,2.0,0.2379709041773246,0.4777355885398689,4.0,9.0,,0.0,,0.0010480173610075431
00-0038647,2023,7,253,SF,WR,23.0,Ronnie Bell,Michigan,2.0,0.05191567772700803,0.35647893572751665,6.0,2.0,140.0,0.0,13.0,0.001675727654328659
00-0038507,2023,7,256,GB,WR,22.0,Grant Dubose,Charlotte,,0.5531493648216695,0.1807127136783028,14.0,21.0,,0.0,,0.0016142596260158852
00-0039849,2024,1,4,ARI,WR,22.0,Marvin Harrison Jr.,Ohio St.,1.0,0.5779905001504654,0.21709301005011872,24.0,32.0,30.0,0.0,17.0,0.03714199479508711
00-0039337,2024,1,6,NYG,WR,21.0,Malik Nabers,LSU,1.0,0.3539568835253705,0.2628732247531454,30.0,33.0,6.0,1.0,15.0,0.05001041858890006
00-0039919,2024,1,9,CHI,WR,22.0,Rome Odunze,Washington,2.0,0.3418107506032181,0.47973591695216455,18.0,28.0,49.0,0.0,17.0,0.007837093248033554
00-0039893,2024,1,23,JAX,WR,21.0,Brian Thomas,LSU,1.0,0.5969516172558944,0.2561984149003787,13.0,19.0,4.0,1.0,17.0,0.04967894917261824
00-0039894,2024,1,28,KC,WR,21.0,Xavier Worthy,Texas,1.0,0.3490686227976119,0.2508014386900747,15.0,14.0,33.0,0.0,16.0,0.07298446639348191
00-0039916,2024,1,31,SF,WR,23.0,Ricky Pearsall,Florida,,0.0736724990111428,0.3799949948995788,3.0,1.0,82.0,0.0,11.0,0.020873882918376198
00-0039342,2024,1,32,CAR,WR,23.0,Xavier Legette,South Carolina,2.0,0.42957294444776417,0.33891023119925173,31.0,35.0,60.0,0.0,15.0,0.008336545383602885
00-0039901,2024,2,33,BUF,WR,21.0,Keon Coleman,Florida St.,2.0,0.8609159812239334,0.1390840187760666,6.0,4.0,71.0,0.0,13.0,0.04954412745136094
00-0039915,2024,2,34,LAC,WR,22.0,Ladd McConkey,Georgia,2.0,0.6188682367031139,0.21219057975624425,21.0,16.0,12.0,0.0,16.0,0.02789271852764123
00-0039907,2024,2,37,NE,WR,22.0,Ja'Lynn Polk,Washington,2.0,0.6980728799249901,0.20304493680945956,31.0,30.0,128.0,0.0,14.0,0.01855124425123591
00-0039890,2024,2,52,IND,WR,21.0,Adonai Mitchell,Texas,2.0,0.049949340105530426,0.4803347500559233,10.0,21.0,112.0,0.0,17.0,0.010796237768763015
00-0039920,2024,3,65,NYJ,WR,22.0,Malachi Corley,Western Kentucky,3.0,0.20445741249194585,0.4984795824634837,29.0,34.0,190.0,0.0,5.0,0.0027045114510341746
00-0039810,2024,3,80,CIN,WR,23.0,Jermaine Burton,Alabama,2.0,0.21407022981526275,0.33968848948798724,16.0,18.0,155.0,0.0,8.0,0.01063182378431558
00-0039739,2024,3,84,PIT,WR,23.0,Roman Wilson,Michigan,,0.5608394913422317,0.3380535988824339,28.0,29.0,,0.0,,0.006721285963881342
00-0039855,2024,3,92,TB,WR,22.0,Jalen McMillan,Washington,2.0,0.16468946629409487,0.3401264448622847,20.0,13.0,55.0,0.0,13.0,0.01781732844452204
00-0039355,2024,3,100,WAS,WR,23.0,Luke McCaffrey,Rice,2.0,0.5397447326422641,0.3431365577187404,25.0,31.0,126.0,0.0,13.0,0.005223403501044974
00-0039868,2024,4,102,DEN,WR,21.0,Troy Franklin,Oregon,3.0,0.46860162369528363,0.318920021343806,19.0,22.0,98.0,0.0,16.0,0.006446922771469235
00-0039853,2024,4,110,NE,WR,22.0,Javon Baker,Central Florida,3.0,0.6980728799249901,0.20304493680945956,31.0,30.0,204.0,0.0,6.0,0.005831093896328238
00-0039792,2024,4,113,BAL,WR,23.0,Devontez Walker,North Carolina,3.0,0.2765938534327516,0.36183109850450224,4.0,7.0,,0.0,,0.0046284812435757276
00-0039365,2024,4,135,SF,WR,23.0,Jacob Cowing,Arizona,3.0,0.0736724990111428,0.3799949948995788,3.0,1.0,166.0,0.0,15.0,0.005424672414796182
00-0039816,2024,5,142,IND,WR,23.0,Anthony Gould,Oregon St.,2.0,0.049949340105530426,0.4803347500559233,10.0,21.0,196.0,0.0,8.0,0.003611780225149928
00-0039747,2024,5,152,PHI,WR,23.0,Ainias Smith,Texas A&M,,0.32691307880219966,0.37421886375127295,7.0,10.0,,0.0,,0.0064046959027113355
00-0039379,2024,5,156,CLE,WR,23.0,Jamari Thrash,Louisville,2.0,0.18848220237508923,0.3624276038368907,10.0,20.0,190.0,0.0,6.0,0.005013872871963938
00-0039386,2024,5,170,NO,WR,23.0,Bub Means,Pittsburgh,3.0,0.37514663344543636,0.3379423558678222,9.0,17.0,135.0,0.0,4.0,0.002435817198694306
00-0039392,2024,6,182,TEN,WR,24.0,Jha'Quan Jackson,Tulane,1.0,0.28258595926321867,0.3934028911117895,27.0,23.0,214.0,0.0,12.0,0.006953934320929533
00-0039880,2024,6,184,MIA,WR,23.0,Malik Washington,Virginia,3.0,0.29443362027087855,0.37306955581451673,2.0,2.0,107.0,0.0,14.0,0.003335943833049261
00-0039236,2024,6,185,PHI,WR,23.0,Johnny Wilson,Florida St.,2.0,0.32691307880219966,0.37421886375127295,7.0,10.0,154.0,0.0,10.0,0.005221494867768634
00-0039394,2024,6,187,ATL,WR,23.0,Casey Washington,Illinois,,0.43859645326085395,0.45838695974409194,26.0,26.0,,0.0,,0.002607541126926575
00-0039397,2024,6,191,ARI,WR,24.0,Tejhaun Palmer,Ala-Birmingham,,0.5779905001504654,0.21709301005011872,24.0,32.0,,0.0,,0.0034120975060274016
00-0039751,2024,6,213,LA,WR,23.0,Jordan Whittington,Texas,2.0,0.047462115835144286,0.326353521366603,8.0,11.0,114.0,0.0,14.0,0.006246036840581492
00-0039410,2024,6,216,DAL,WR,24.0,Ryan Flournoy,SE Missouri St.,2.0,0.15563169885693012,0.4639751688004431,1.0,3.0,145.0,0.0,9.0,0.003064758261415318
00-0039415,2024,7,225,LAC,WR,22.0,Brenden Rice,USC,3.0,0.6188682367031139,0.21219057975624425,21.0,16.0,,0.0,,0.004252841666663002
00-0039424,2024,7,235,DEN,WR,26.0,Devaughn Vele,Utah,3.0,0.46860162369528363,0.318920021343806,19.0,22.0,75.0,0.0,13.0,0.0007308781633188786
00-0039884,2024,7,241,MIA,WR,23.0,Tahj Washington,USC,,0.29443362027087855,0.37306955581451673,2.0,2.0,,0.0,,0.004778925651302153
00-0039437,2024,7,253,LAC,WR,23.0,Cornelius Johnson,Michigan,,0.6188682367031139,0.21219057975624425,21.0,16.0,,0.0,,0.0055663436343106895
00-0040718,2025,1,2,JAX,WR,22.0,Travis Hunter,Colorado,2.0,0.5179496189738264,0.33013749061009834,26.0,20.0,,0.0,,0.024366394770374455
00-0040124,2025,1,8,CAR,WR,22.0,Tetairoa McMillan,Arizona,1.0,0.34931384464614745,0.20031071710324785,23.0,29.0,15.0,0.0,17.0,0.13451688623442215
00-0040129,2025,1,19,TB,WR,22.0,Emeka Egbuka,Ohio St.,3.0,0.0,0.2916480938687263,4.0,5.0,23.0,0.0,17.0,0.009236949856182715
00-0040667,2025,1,23,GB,WR,22.0,Matthew Golden,Texas,2.0,0.057944987784216126,0.25009498814767966,8.0,9.0,88.0,0.0,14.0,0.040006729473375906
00-0040130,2025,2,34,HOU,WR,22.0,Jayden Higgins,Iowa St.,3.0,0.4631482949687683,0.27298978941449875,19.0,27.0,47.0,0.0,17.0,0.004834545211926953
00-0040735,2025,2,39,CHI,WR,21.0,Luther Burden,Missouri,4.0,0.4038294871530549,0.34003372711750907,28.0,32.0,49.0,0.0,15.0,0.0015013806978164941
00-0040727,2025,2,55,LAC,WR,23.0,Tre Harris,Mississippi,4.0,0.36311584434838134,0.27876784951723527,11.0,10.0,90.0,0.0,16.0,0.0008179830572346152
00-0040729,2025,2,58,LV,WR,22.0,Jack Bech,TCU,4.0,0.2045273866335047,0.48882336319644076,29.0,35.0,119.0,0.0,14.0,0.0004599996372894058
00-0040131,2025,3,69,NE,WR,22.0,Kyle Williams,Washington St.,5.0,0.378032162950548,0.26150352010561,30.0,30.0,112.0,0.0,14.0,0.0002702279290824249
00-0040669,2025,3,70,DET,WR,23.0,Isaac TeSlaa,Arkansas,4.0,0.058676418842352675,0.4113958476032102,1.0,2.0,82.0,0.0,14.0,0.0005322317552012203
00-0040134,2025,3,74,DEN,WR,22.0,Pat Bryant,Illinois,4.0,0.24499438048762762,0.3327895421048686,10.0,17.0,85.0,0.0,13.0,0.0008541276794844442
00-0040138,2025,3,79,HOU,WR,23.0,Jaylin Noel,Iowa St.,4.0,0.4631482949687683,0.27298978941449875,19.0,27.0,91.0,0.0,17.0,0.0005023754441301388
00-0040009,2025,3,87,GB,WR,23.0,Savion Williams,TCU,5.0,0.057944987784216126,0.25009498814767966,8.0,9.0,144.0,0.0,12.0,0.00021747485771102915
00-0040154,2025,3,102,MIN,WR,22.0,Tai Felton,Maryland,4.0,0.06716052342316389,0.4627130210554925,9.0,15.0,193.0,0.0,12.0,0.0004634525738184514
00-0040705,2025,4,103,TEN,WR,23.0,Chimere Dike,Florida,4.0,0.42792477703382,0.3826100384471262,27.0,37.0,48.0,0.0,17.0,0.0002425314304140819
00-0040581,2025,4,108,LV,WR,22.0,Dont'e Thornton,Tennessee,3.0,0.2045273866335047,0.48882336319644076,29.0,35.0,147.0,0.0,11.0,0.00128879768374027
00-0040582,2025,4,110,NYJ,WR,23.0,Arian Smith,Georgia,4.0,0.4475995266248874,0.31511737744506757,24.0,21.0,172.0,0.0,13.0,0.00040997257516350557
00-0040164,2025,4,128,WAS,WR,23.0,Jaylin Lane,Virginia Tech,4.0,0.39592548625278584,0.30048986249622267,5.0,11.0,109.0,0.0,15.0,0.00036692109816672847
00-0040646,2025,4,133,KC,WR,22.0,Jalen Royals,Utah St.,4.0,0.3119848144377786,0.32824051157708617,15.0,13.0,,0.0,,0.0006156649132220732
00-0040170,2025,4,136,TEN,WR,22.0,Elic Ayomanor,Stanford,2.0,0.42792477703382,0.3826100384471262,27.0,37.0,54.0,0.0,16.0,0.005261334423444326
00-0040172,2025,4,138,SF,WR,23.0,Jordan Watkins,Mississippi,5.0,0.30933351609548215,0.27485417266077844,13.0,8.0,,0.0,,0.00011878663116606555
00-0040184,2025,5,158,LAC,WR,23.0,KeAndre Lambert-Smith,Auburn,5.0,0.36311584434838134,0.27876784951723527,11.0,10.0,161.0,0.0,10.0,8.891313310590998e-05
00-0040648,2025,5,166,SEA,WR,22.0,Tory Horton,Colorado St.,3.0,0.5560015306951988,0.3754299012023666,18.0,19.0,96.0,0.0,8.0,0.0012141332826046912
00-0040075,2025,6,203,BAL,WR,23.0,LaJohntay Wester,Colorado,6.0,0.1461648242323332,0.4695185163524407,3.0,1.0,221.0,0.0,14.0,8.46350853661536e-06
00-0040218,2025,6,208,CAR,WR,22.0,Jimmy Horn,Colorado,6.0,0.34931384464614745,0.20031071710324785,23.0,29.0,139.0,0.0,10.0,2.7165450439445903e-05
00-0040237,2025,7,235,TB,WR,23.0,Tez Johnson,Oregon,4.0,0.0,0.2916480938687263,4.0,5.0,67.0,0.0,15.0,0.00025537855947878265
00-0040653,2025,7,238,SEA,WR,23.0,Ricky White,UNLV,7.0,0.5560015306951988,0.3754299012023666,18.0,19.0,,0.0,,1.4418497875424606e-06
00-0040590,2025,7,242,LA,WR,22.0,Konata Mumpfield,Pittsburgh,5.0,0.4962170415416605,0.3010887853194422,20.0,16.0,145.0,0.0,10.0,6.278954116133102e-05
00-0040241,2025,7,244,DET,WR,22.0,Dominic Lovett,Georgia,5.0,0.058676418842352675,0.4113958476032102,1.0,2.0,,0.0,,5.488608249724816e-05
00-0040247,2025,7,252,SF,WR,,Junior Bergen,Montana,9.0,0.30933351609548215,0.27485417266077844,13.0,8.0,,0.0,,2.75994348530333e-07
00-0031558,2015,2,55,BAL,TE,21.0,Maxx Williams,Minnesota,2.0,0.7567049808429118,0.2432950191570882,8.0,11.0,40.0,0.0,14.0,0.0794438855195058
00-0032256,2015,3,68,LV,TE,23.0,Clive Walford,Miami (FL),,,,31.0,34.0,32.0,0.0,15.0,0.02215953566597238
00-0032214,2015,3,85,CIN,TE,22.0,Tyler Kroft,Rutgers,2.0,0.7708389744759084,0.2291610255240917,15.0,23.0,60.0,0.0,12.0,0.046415927329692644
00-0032227,2015,3,92,DEN,TE,22.0,Jeff Heuerman,Ohio St.,,0.9068230420927192,0.09317695790728082,2.0,4.0,,0.0,,0.007184486538914847
00-0032062,2015,4,117,SF,TE,24.0,Blake Bell,Oklahoma,2.0,0.2398369728407441,0.5036059910690426,25.0,24.0,58.0,0.0,9.0,0.02480944212255805
00-0031585,2015,5,143,MIN,TE,23.0,MyCole Pruitt,Southern Illinois,3.0,0.0,0.45013134886753875,20.0,26.0,77.0,0.0,11.0,0.00793438225805502
00-0032134,2015,5,157,CIN,TE,22.0,C.J. Uzomah,Auburn,2.0,0.7708389744759084,0.2291610255240917,15.0,23.0,,0.0,,0.014960773476898554
00-0032135,2015,5,160,PIT,TE,21.0,Jesse James,Penn St.,3.0,0.05485718754276557,0.8264354558073157,7.0,3.0,71.0,0.0,5.0,0.006611751279823067
00-0031598,2015,5,171,BAL,TE,22.0,Nick Boyle,Delaware,3.0,0.7567049808429118,0.2432950191570882,8.0,11.0,54.0,0.0,9.0,0.002621369992223174
00-0031951,2015,5,173,KC,TE,23.0,James O'Shaughnessy,Illinois St.,2.0,0.27802455305064794,0.6137081500071607,16.0,12.0,82.0,0.0,6.0,0.010478836044740621
00-0032117,2015,6,194,BUF,TE,23.0,Nick O'Leary,Florida St.,,0.6598983948017081,0.1930990592090008,18.0,22.0,,0.0,,0.0018111446833044627
00-0032068,2015,6,195,CLE,TE,23.0,Malcolm Johnson,Mississippi St.,,0.5545675935889451,0.233618394970833,27.0,27.0,141.0,0.0,5.0,0.0021740527638983713
00-0031533,2015,6,198,CLE,TE,23.0,Randall Telfer,USC,,0.5545675935889451,0.233618394970833,27.0,27.0,,0.0,,0.0020712832537173567
00-0031609,2015,6,202,NE,TE,23.0,A.J. Derby,Arkansas,,0.21012711316292593,0.713930842970399,4.0,5.0,,0.0,,0.0016350049890147041
00-0031617,2015,6,213,GB,TE,22.0,Kennard Backman,Ala-Birmingham,3.0,0.1079084707224055,0.494037555109279,1.0,2.0,,0.0,,0.0019652555084065876
00-0032139,2015,7,229,JAX,TE,22.0,Ben Koyack,Notre Dame,,0.0,0.5031778979681334,32.0,37.0,,0.0,,0.0033765053252345807
00-0032141,2015,7,246,DAL,TE,21.0,Geoff Swaim,Texas,2.0,0.0,0.7735676832724698,5.0,1.0,,0.0,,0.0061393385106118595
00-0032072,2015,7,254,SF,TE,22.0,Rory Anderson,South Carolina,,0.2398369728407441,0.5036059910690426,25.0,24.0,,0.0,,0.0014056557040150216
00-0032190,2015,7,256,ARI,TE,24.0,Gerald Christian,Louisville,,0.6542071210758327,0.24040375711722314,24.0,21.0,,0.0,,0.0004821051000992687
00-0033090,2016,2,35,LAC,TE,21.0,Hunter Henry,Arkansas,3.0,,,26.0,12.0,20.0,0.0,13.0,0.04607453510611817
00-0032392,2016,3,81,ATL,TE,21.0,Austin Hooper,Stanford,2.0,0.15194321079923107,0.7050680042815854,21.0,11.0,39.0,0.0,13.0,0.09411591630438615
00-0032394,2016,3,94,SEA,TE,23.0,Nick Vannett,Ohio St.,3.0,0.25098135426889107,0.5855004906771346,4.0,3.0,,0.0,,0.008348365092726991
00-0033110,2016,4,110,LA,TE,23.0,Tyler Higbee,Western Kentucky,2.0,0.5741313584055728,0.3488772133880971,29.0,37.0,66.0,0.0,12.0,0.03603154907534827
00-0033080,2016,4,138,CLE,TE,23.0,Seth Devalve,Princeton,3.0,0.25973044508520454,0.7402695549147955,30.0,17.0,54.0,0.0,8.0,0.006274161675736493
00-0033112,2016,6,177,LA,TE,23.0,Temarrick Hemingway,South Carolina St.,2.0,0.5741313584055728,0.3488772133880971,29.0,37.0,,0.0,,0.012423467198107446
00-0032429,2016,6,184,NYG,TE,23.0,Jerell Adams,South Carolina,3.0,0.17660887471822367,0.44020364784181854,6.0,13.0,57.0,0.0,10.0,0.0025095671618746212
00-0032430,2016,6,188,MIN,TE,23.0,David Morgan,Texas-San Antonio,3.0,0.0,0.5992646627690169,16.0,24.0,,0.0,,0.003645637124233238
00-0033054,2016,6,217,DAL,TE,22.0,Rico Gathers,Baylor,,0.1537151316109323,0.6798499132189555,31.0,36.0,,0.0,,0.003652250524028476
00-0033061,2016,7,231,MIA,TE,21.0,Thomas Duarte,UCLA,,0.0,0.681992337164751,27.0,27.0,,0.0,,0.0038581479092080415
00-0032900,2016,7,252,CAR,TE,23.0,Beau Sandland,Montana St.,,0.0,0.8266666666666667,1.0,7.0,,0.0,,0.000868856539709595
00-0033879,2017,1,19,TB,TE,22.0,O.J. Howard,Alabama,,,,18.0,15.0,21.0,0.0,13.0,0.029122933378907888
00-0033881,2017,1,23,NYG,TE,23.0,Evan Engram,Mississippi,2.0,0.7916310225936659,0.20836897740633412,26.0,26.0,5.0,1.0,15.0,0.040547849908962076
00-0033885,2017,1,29,CLE,TE,21.0,David Njoku,Miami (FL),3.0,0.6506563119908837,0.1844848689486345,31.0,14.0,24.0,0.0,16.0,0.023934419623603893
00-0033895,2017,2,44,LA,TE,23.0,Gerald Everett,South Alabama,2.0,0.6993760635280771,0.30062393647192287,32.0,33.0,44.0,0.0,14.0,0.03906022635014502
00-0033896,2017,2,45,CHI,TE,22.0,Adam Shaheen,Ashland,3.0,0.16662369403379093,0.549063522052931,28.0,25.0,50.0,0.0,7.0,0.03218250217749495
00-0033858,2017,3,100,TEN,TE,22.0,Jonnu Smith,Florida International,3.0,0.13139531774959656,0.7788630348183336,14.0,10.0,48.0,0.0,14.0,0.01397423039434368
00-0033559,2017,4,127,DET,TE,23.0,Michael Roberts,Toledo,3.0,0.10725847061362467,0.8927415293863753,20.0,11.0,91.0,0.0,6.0,0.00602188275523259
00-0033564,2017,5,145,DEN,TE,22.0,Jake Butt,Michigan,,0.0,0.3899090273763752,22.0,22.0,,0.0,,0.010307880059255956
00-0033288,2017,5,146,SF,TE,23.0,George Kittle,Iowa,1.0,0.6121533862488403,0.38784661375115986,27.0,27.0,19.0,0.0,15.0,0.041624591399806184
00-0033953,2017,5,150,NYJ,TE,22.0,Jordan Leggett,Clemson,2.0,1.0,0.0,30.0,29.0,,0.0,,0.008946757149347713
00-0033528,2017,5,154,WAS,TE,23.0,Jeremy Sprinkle,Arkansas,2.0,0.0,0.6174273858921163,12.0,5.0,,0.0,,0.017542213665943062
00-0033576,2017,5,174,ATL,TE,23.0,Eric Saubert,Drake,3.0,0.5620974297748963,0.2595226564733768,1.0,2.0,,0.0,,0.0014055607212526862
00-0033966,2017,6,201,MIN,TE,22.0,Bucky Hodges,Virginia Tech,,0.13116171807437305,0.868838281925627,23.0,20.0,,0.0,,0.0041178785962062
00-0033798,2017,7,251,CIN,TE,23.0,Mason Schreck,Buffalo,,0.0,0.4794464685664834,24.0,12.0,,0.0,,0.0011963890498478617
00-0034830,2018,1,25,BAL,TE,25.0,Hayden Hurst,South Carolina,3.0,0.54075579330259,0.2742217616966769,9.0,27.0,59.0,0.0,9.0,0.018051003843620694
00-0034829,2018,2,42,MIA,TE,22.0,Mike Gesicki,Penn St.,3.0,1.0,0.0,28.0,23.0,52.0,0.0,14.0,0.02105463755089459
00-0034351,2018,2,49,PHI,TE,23.0,Dallas Goedert,South Dakota St.,2.0,0.34555977606395794,0.654440223936042,3.0,2.0,20.0,0.0,15.0,0.06012629563127855
00-0034753,2018,3,86,BAL,TE,23.0,Mark Andrews,Oklahoma,3.0,0.54075579330259,0.2742217616966769,9.0,27.0,17.0,0.0,16.0,0.01234483447298499
00-0034364,2018,3,98,HOU,TE,26.0,Jordan Akins,Central Florida,2.0,0.6295221554759605,0.37047784452403953,17.0,33.0,53.0,0.0,14.0,0.01671821688952275
00-0034365,2018,4,101,CAR,TE,22.0,Ian Thomas,Indiana,3.0,0.3315621679064825,0.5855472901168968,12.0,20.0,24.0,0.0,10.0,0.013481863106549216
00-0034766,2018,4,107,NYJ,TE,22.0,Chris Herndon,Miami (FL),3.0,0.6571219510424939,0.2096166223668787,24.0,17.0,16.0,0.0,14.0,0.00908043171402169
00-0034159,2018,4,120,SEA,TE,22.0,Will Dissly,Washington,1.0,0.8231858120072106,0.17681418799278936,11.0,16.0,58.0,0.0,4.0,0.0856411846041098
00-0034798,2018,4,123,MIA,TE,23.0,Durham Smythe,Notre Dame,3.0,1.0,0.0,28.0,23.0,93.0,0.0,8.0,0.004429475771116805
00-0034383,2018,4,137,DAL,TE,22.0,Dalton Schultz,Stanford,2.0,0.9257287813712225,0.07427121862877749,14.0,25.0,70.0,0.0,8.0,0.01968059190649843
00-0034393,2018,5,156,DEN,TE,23.0,Troy Fumagalli,Wisconsin,,0.8121981766492217,0.18780182335077827,27.0,30.0,,0.0,,0.003452062690259028
00-0034270,2018,5,157,MIN,TE,23.0,Tyler Conklin,Central Michigan,3.0,0.0,0.7874770548643689,10.0,9.0,88.0,0.0,4.0,0.0045370603324279765
00-0034331,2018,5,165,PIT,TE,22.0,Jaylen Samuels,North Carolina St.,2.0,0.0,0.5482414676785514,8.0,7.0,57.0,0.0,9.0,0.01994621038558295
00-0034420,2018,6,211,HOU,TE,22.0,Jordan Thomas,Mississippi St.,3.0,0.6295221554759605,0.37047784452403953,17.0,33.0,,0.0,,0.0023486725691566675
00-0034439,2018,7,250,NE,TE,22.0,Ryan Izzo,Florida St.,,0.0,0.7534942677999433,2.0,1.0,,0.0,,0.0012095718835705524
00-0035229,2019,1,8,DET,TE,22.0,T.J. Hockenson,Iowa,2.0,1.0,0.0,25.0,25.0,32.0,0.0,12.0,0.15417929594977162
00-0035644,2019,1,20,DEN,TE,21.0,Noah Fant,Iowa,2.0,0.4681733253963064,0.5318266746036937,24.0,30.0,16.0,0.0,16.0,0.272472842928326
00-0034970,2019,2,50,MIN,TE,21.0,Irv Smith Jr.,Alabama,2.0,0.12222849704185913,0.6461730623457297,19.0,27.0,34.0,0.0,14.0,0.21661499670851855
00-0035631,2019,2,52,CIN,TE,23.0,Drew Sample,Washington,3.0,0.26213285332999614,0.3710045717418544,17.0,18.0,94.0,0.0,5.0,0.026379486320115726
00-0035249,2019,3,69,JAX,TE,22.0,Josh Oliver,San Jose St.,2.0,0.693660649738093,0.30633935026190706,31.0,31.0,,0.0,,0.08922853922470295
00-0035671,2019,3,75,GB,TE,23.0,Jace Sternberger,Texas A&M,,0.19613761530390636,0.6095471531242705,14.0,16.0,,0.0,,0.017268307790125087
00-0035660,2019,3,86,HOU,TE,22.0,Kahale Warring,San Diego St.,,0.640217468552342,0.3597825314476581,11.0,14.0,,0.0,,0.012699282996660247
00-0035689,2019,3,96,BUF,TE,22.0,Dawson Knox,Mississippi,3.0,1.0,0.0,30.0,32.0,33.0,0.0,15.0,0.01363981326979366
00-0035259,2019,4,121,NYJ,TE,23.0,Trevon Wesco,West Virginia,3.0,1.0,0.0,23.0,29.0,99.0,0.0,6.0,0.005570057381216756
00-0034981,2019,4,137,LV,TE,22.0,Foster Moreau,LSU,2.0,,,28.0,26.0,39.0,0.0,11.0,0.033807712641928764
00-0035222,2019,5,141,PIT,TE,22.0,Zach Gentry,Michigan,3.0,0.3124476890101058,0.5695479349293658,6.0,5.0,,0.0,,0.005092908741794841
00-0034988,2019,6,176,SF,TE,22.0,Kaden Smith,Stanford,3.0,0.10275889644142346,0.8972411035585767,21.0,12.0,36.0,0.0,7.0,0.004222111731316908
00-0035539,2019,7,224,DET,TE,22.0,Isaac Nauta,Georgia,,1.0,0.0,25.0,25.0,,0.0,,0.0011976252270382054
00-0035308,2019,7,228,BUF,TE,24.0,Tommy Sweeney,Boston Col.,3.0,1.0,0.0,30.0,32.0,77.0,0.0,5.0,0.0006770363878549095
00-0035309,2019,7,231,NO,TE,22.0,Alizé Mack,Notre Dame,,0.7302467222337422,0.214773308075591,3.0,2.0,,0.0,,0.0006686203913566849
00-0035320,2019,7,254,ARI,TE,23.0,Caleb Wilson,UCLA,,1.0,0.0,32.0,34.0,,0.0,,0.0006493281804428804
00-0036290,2020,2,43,CHI,TE,21.0,Cole Kmet,Notre Dame,2.0,0.9067972579276103,0.0932027420723895,29.0,31.0,43.0,0.0,15.0,0.12890836065224848
00-0036194,2020,3,91,NE,TE,23.0,Devin Asiasi,UCLA,2.0,0.5008754880115571,0.35223027270070517,7.0,18.0,83.0,0.0,4.0,0.03495033631295511
00-0036332,2020,3,94,GB,TE,23.0,Josiah Deguara,Cincinnati,3.0,0.5422673570471982,0.23400390726081288,15.0,14.0,,0.0,,0.00856258862199577
00-0036225,2020,3,101,NE,TE,21.0,Dalton Keene,Virginia Tech,3.0,0.5008754880115571,0.35223027270070517,7.0,18.0,,0.0,,0.015655414007215356
00-0036422,2020,3,105,NO,TE,23.0,Adam Trautman,Dayton,2.0,0.0,0.5477491362884314,3.0,3.0,59.0,0.0,10.0,0.031835937193548366
00-0036232,2020,4,115,CLE,TE,22.0,Harrison Bryant,Florida Atlantic,2.0,1.0,0.0,22.0,24.0,44.0,0.0,12.0,0.02621804093899701
00-0036423,2020,4,118,DEN,TE,22.0,Albert Okwuegbunam,Missouri,3.0,0.4761835531012279,0.523816446898772,28.0,32.0,68.0,0.0,4.0,0.012006135538741615
00-0036244,2020,4,133,SEA,TE,21.0,Colby Parkinson,Stanford,,0.0,0.48950313308205146,9.0,10.0,,0.0,,0.012614975345871695
00-0036424,2020,4,136,LA,TE,23.0,Brycen Hopkins,Purdue,3.0,0.0,0.493107366529548,11.0,15.0,,0.0,,0.006984203148338885
00-0036429,2020,6,190,SF,TE,22.0,Charlie Woerner,Georgia,3.0,0.0,0.7687165404565754,2.0,9.0,96.0,0.0,4.0,0.003373384277822102
00-0036250,2020,6,206,JAX,TE,23.0,Tyler Davis,Georgia Tech,3.0,0.5820393447410244,0.41796065525897563,26.0,26.0,,0.0,,0.0017527146414135085
00-0036438,2020,7,251,SEA,TE,23.0,Stephen Sullivan,LSU,,0.0,0.48950313308205146,9.0,10.0,,0.0,,0.0010091447677321604
00-0036970,2021,1,4,ATL,TE,20.0,Kyle Pitts,Florida,1.0,0.22439792095305774,0.7756020790469422,16.0,18.0,6.0,1.0,17.0,0.5437752737046779
00-0036894,2021,2,55,PIT,TE,22.0,Pat Freiermuth,Penn St.,2.0,0.2502516899180208,0.7497483100819792,12.0,21.0,13.0,0.0,16.0,0.1001794998731461
00-0037004,2021,3,81,MIA,TE,23.0,Hunter Long,Boston Col.,1.0,0.1732975841572528,0.5900327011971949,15.0,29.0,,0.0,,0.24749598550804935
00-0037005,2021,3,83,CAR,TE,21.0,Tommy Tremble,Notre Dame,2.0,0.3223721725907618,0.6776278274092382,24.0,22.0,46.0,0.0,15.0,0.07938961136397815
00-0037011,2021,3,97,LAC,TE,22.0,Tre' McKitty,Georgia,3.0,0.7001659113666784,0.1643814319683568,18.0,12.0,89.0,0.0,6.0,0.008256723780897257
00-0036628,2021,4,124,WAS,TE,23.0,John Bates,Boise St.,2.0,0.06660467278856214,0.9333953272114379,25.0,33.0,48.0,0.0,12.0,0.05519223691605206
00-0036876,2021,4,127,IND,TE,23.0,Kylen Granson,SMU,2.0,0.42081710271995376,0.30806365695495097,9.0,7.0,70.0,0.0,10.0,0.018731252020428843
00-0036887,2021,5,145,JAX,TE,23.0,Luke Farrell,Ohio St.,3.0,0.6433755706537728,0.3566244293462272,30.0,24.0,86.0,0.0,8.0,0.0052442709148884815
00-0036556,2021,5,147,HOU,TE,21.0,Brevin Jordan,Miami (FL),3.0,0.430850190714452,0.4038252223107879,18.0,5.0,44.0,0.0,8.0,0.004925540412207379
00-0036637,2021,5,162,KC,TE,22.0,Noah Gray,Duke,3.0,0.21244892410406052,0.7875510758959394,6.0,2.0,79.0,0.0,7.0,0.0036414110765925507
00-0036640,2021,5,168,MIN,TE,23.0,Zach Davidson,Central Missouri St.,,0.720154873434281,0.2798451265657189,11.0,11.0,,0.0,,0.0022598634250739678
00-0037744,2022,2,55,ARI,TE,22.0,Trey McBride,Colorado St.,3.0,0.09293283562438531,0.5808189438979211,11.0,9.0,40.0,0.0,12.0,0.029243563921437326
00-0037755,2022,3,73,IND,TE,23.0,Jelani Woods,Virginia,2.0,0.4103899829079556,0.38490134171913104,9.0,20.0,35.0,0.0,12.0,0.05252489027802231
00-0037252,2022,3,80,DEN,TE,22.0,Greg Dulcich,UCLA,,0.5708540930352194,0.31114545922207093,23.0,10.0,30.0,0.0,10.0,0.013470739809965765
00-0037805,2022,3,101,NYJ,TE,22.0,Jeremy Ruckert,Ohio St.,3.0,1.0,0.0,28.0,35.0,,0.0,,0.010447741929920483
00-0038129,2022,4,106,TB,TE,23.0,Cade Otton,Washington,3.0,0.7229568575553241,0.2770431424446759,2.0,4.0,26.0,0.0,16.0,0.004889676319799372
00-0038115,2022,4,112,NYG,TE,21.0,Daniel Bellinger,San Diego St.,,0.8515020545913392,0.14849794540866082,31.0,23.0,34.0,0.0,11.0,0.010960974080384848
00-0038046,2022,4,128,BAL,TE,23.0,Charlie Kolar,Iowa St.,,0.013536244251301824,0.8550508805238581,17.0,16.0,,0.0,,0.008662906926896601
00-0038041,2022,4,129,DAL,TE,23.0,Jake Ferguson,Wisconsin,2.0,0.3890052787664691,0.6109947212335309,1.0,7.0,48.0,0.0,11.0,0.017546514184186984
00-0037838,2022,4,139,BAL,TE,22.0,Isaiah Likely,Coastal Carolina,3.0,0.013536244251301824,0.8550508805238581,17.0,16.0,27.0,0.0,14.0,0.009795229219546089
00-0037809,2022,4,143,TEN,TE,22.0,Chig Okonkwo,Maryland,2.0,0.6904983741292179,0.30950162587078206,15.0,17.0,25.0,0.0,16.0,0.017901250262605937
00-0037078,2022,5,149,WAS,TE,22.0,Cole Turner,Nevada,3.0,0.35001462049375487,0.45702096996532865,23.0,26.0,106.0,0.0,7.0,0.007510798695459349
00-0037277,2022,5,170,HOU,TE,22.0,Teagan Quitoriano,Oregon St.,,0.37168570960094127,0.3401769045385,30.0,30.0,64.0,0.0,7.0,0.005816881934846778
00-0037282,2022,5,177,DET,TE,23.0,James Mitchell,Virginia Tech,3.0,0.0,0.7505791505791505,25.0,24.0,67.0,0.0,8.0,0.004817538696001357
00-0037292,2022,6,192,IND,TE,24.0,Andrew Ogletree,Youngstown St.,,0.4103899829079556,0.38490134171913104,9.0,20.0,,0.0,,0.0017161083932064908
00-0037086,2022,6,198,PHI,TE,23.0,Grant Calcaterra,SMU,3.0,0.0,0.8368307667757121,12.0,18.0,88.0,0.0,6.0,0.002983748151927676
00-0037304,2022,6,208,PIT,TE,23.0,Connor Heyward,Michigan St.,3.0,0.2169205122133483,0.5079624360376958,21.0,27.0,87.0,0.0,15.0,0.0025282635481365
00-0037306,2022,6,213,ATL,TE,22.0,John FitzPatrick,Georgia,,0.3039181670690361,0.562291153350617,26.0,21.0,,0.0,,0.0026274163909243728
00-0037311,2022,6,218,TB,TE,24.0,Ko Kieft,Minnesota,3.0,0.7229568575553241,0.2770431424446759,2.0,4.0,78.0,0.0,13.0,0.0006193058883176157
00-0037317,2022,7,227,MIN,TE,23.0,Nick Muse,South Carolina,,1.0,0.0,14.0,12.0,,0.0,,0.0006706501605667969
00-0038933,2023,1,25,BUF,TE,23.0,Dalton Kincaid,Utah,2.0,0.0,0.7945230322814656,2.0,4.0,11.0,0.0,16.0,0.04748343315396353
00-0039065,2023,2,34,DET,TE,22.0,Sam LaPorta,Iowa,2.0,0.37646902764405943,0.3453300139789713,5.0,5.0,1.0,1.0,17.0,0.03436248784472498
00-0039066,2023,2,35,LV,TE,22.0,Michael Mayer,Notre Dame,2.0,0.9248261851495996,0.0751738148504004,12.0,12.0,35.0,0.0,13.0,0.032034483907118
00-0039144,2023,2,42,GB,TE,23.0,Luke Musgrave,Oregon St.,1.0,0.7902206037146011,0.20977939628539896,14.0,21.0,31.0,0.0,11.0,0.1556697724213054
00-0038547,2023,2,58,DAL,TE,24.0,Luke Schoonmaker,Michigan,3.0,0.6334873585019878,0.21695987826109417,4.0,9.0,66.0,0.0,12.0,0.0032073215158639713
00-0038935,2023,2,61,JAX,TE,22.0,Brenton Strange,Penn St.,2.0,0.24884726391300452,0.6221589677956164,10.0,8.0,79.0,0.0,7.0,0.03905480281807835
00-0038996,2023,3,78,GB,TE,22.0,Tucker Kraft,South Dakota St.,3.0,0.7902206037146011,0.20977939628539896,14.0,21.0,29.0,0.0,14.0,0.0071705745682201704
00-0038558,2023,3,93,PIT,TE,22.0,Darnell Washington,Georgia,2.0,0.2043136836868846,0.7956863163131154,26.0,22.0,81.0,0.0,8.0,0.07344884675725459
00-0038564,2023,3,101,SF,TE,23.0,Cameron Latu,Alabama,,0.11436346868902511,0.697566778620371,6.0,2.0,,0.0,,0.0033159349095084212
00-0038589,2023,5,147,TEN,TE,23.0,Josh Whyle,Cincinnati,2.0,0.6212012385528026,0.3787987614471973,28.0,11.0,70.0,0.0,9.0,0.010992883787533934
00-0038394,2023,5,162,IND,TE,24.0,Will Mallory,Miami (FL),2.0,0.39013970067884574,0.35777003119020795,30.0,25.0,53.0,0.0,11.0,0.014352284005094116
00-0039050,2023,5,171,TB,TE,23.0,Payne Durham,Purdue,2.0,0.5401262402696276,0.3914479055525228,25.0,10.0,86.0,0.0,6.0,0.007225672508477704
00-0039074,2023,5,175,LA,TE,22.0,Davis Allen,Clemson,3.0,0.0,0.7921658986175115,27.0,27.0,68.0,0.0,7.0,0.007513768746482757
00-0038406,2023,7,220,NYJ,TE,24.0,Zack Kuntz,Old Dominion,,0.0,0.7141931302657163,29.0,31.0,,0.0,,0.0028413499319459154
00-0038643,2023,7,247,SF,TE,23.0,Brayden Willis,Oklahoma,2.0,0.11436346868902511,0.697566778620371,6.0,2.0,,0.0,,0.0016255206106755471
00-0039338,2024,1,13,LV,TE,21.0,Brock Bowers,Georgia,1.0,0.41113136862775174,0.5888686313722482,23.0,24.0,1.0,1.0,17.0,0.4389022936987658
00-0039912,2024,2,53,WAS,TE,22.0,Ben Sinnott,Kansas St.,3.0,0.7831220067519825,0.21687799324801751,25.0,31.0,80.0,0.0,7.0,0.025957613451679625
00-0039737,2024,3,82,ARI,TE,22.0,Tip Reiman,Illinois,3.0,0.4836690401389237,0.404723585147078,24.0,32.0,90.0,0.0,8.0,0.0216870361998809
00-0039356,2024,4,101,CAR,TE,21.0,Ja'Tavion Sanders,Texas,2.0,0.7668621001169967,0.23313789988300326,31.0,35.0,36.0,0.0,15.0,0.05795388657490181
00-0039847,2024,4,107,NYG,TE,23.0,Theo Johnson,Penn St.,2.0,0.7732607118677646,0.22673928813223546,30.0,33.0,37.0,0.0,11.0,0.030942598656077697
00-0039814,2024,4,115,CIN,TE,23.0,Erick All,Iowa,3.0,0.36811217743969676,0.43152610107127054,16.0,18.0,54.0,0.0,8.0,0.008262129218371035
00-0039793,2024,4,121,SEA,TE,22.0,AJ Barner,Michigan,3.0,0.5873809108902649,0.41261908910973516,17.0,15.0,35.0,0.0,15.0,0.007490960248086946
00-0039359,2024,4,123,HOU,TE,24.0,Cade Stover,Ohio St.,3.0,0.0,0.7273833671399595,13.0,8.0,58.0,0.0,14.0,0.00597701929466737
00-0039824,2024,4,131,KC,TE,23.0,Jared Wiley,TCU,3.0,0.10727512707421072,0.6750401636630945,15.0,14.0,,0.0,,0.007160853910861664
00-0039399,2024,6,194,CIN,TE,25.0,Tanner McLachlan,Arizona,2.0,0.36811217743969676,0.43152610107127054,16.0,18.0,,0.0,,0.004948372550362942
00-0039420,2024,7,231,NE,TE,23.0,Jaheim Bell,Florida St.,3.0,0.4877967534248387,0.5122032465751614,31.0,30.0,99.0,0.0,4.0,0.0016613397030236716
00-0039754,2024,7,246,TB,TE,24.0,Devin Culp,Washington,1.0,0.0,0.7225137379663681,20.0,13.0,,0.0,,0.01140655160048066
00-0040126,2025,1,10,CHI,TE,21.0,Colston Loveland,Michigan,2.0,0.2996445680729406,0.7003554319270595,28.0,32.0,12.0,0.0,16.0,0.1572300705879841
00-0040128,2025,1,14,IND,TE,23.0,Tyler Warren,Penn St.,1.0,0.3146383673673056,0.3149657746174276,17.0,36.0,4.0,1.0,17.0,0.23671534969211155
00-0040736,2025,2,42,NYJ,TE,21.0,Mason Taylor,LSU,1.0,0.7305684922907688,0.2694315077092312,24.0,21.0,32.0,0.0,13.0,0.356629762308571
00-0040737,2025,2,46,LA,TE,22.0,Terrance Ferguson,Oregon,4.0,0.16076441139361564,0.561794883633715,20.0,16.0,52.0,0.0,11.0,0.005130136713458017
00-0040739,2025,2,50,SEA,TE,22.0,Elijah Arroyo,Miami (FL),2.0,0.7007772345044908,0.2992227654955092,18.0,19.0,60.0,0.0,13.0,0.07363311695740589
00-0040663,2025,3,67,CLE,TE,21.0,Harold Fannin,Bowling Green,2.0,0.26581924875749413,0.6376197756237015,32.0,33.0,6.0,1.0,16.0,0.06846952990313135
00-0040584,2025,4,120,TEN,TE,23.0,Gunnar Helm,Texas,2.0,0.17741242129401089,0.4889929861916174,27.0,37.0,31.0,0.0,16.0,0.013092124711783072
00-0040187,2025,5,163,CAR,TE,22.0,Mitchell Evans,Notre Dame,3.0,0.04912638445140979,0.4850786856873985,23.0,29.0,54.0,0.0,14.0,0.0026591997317997823
00-0040189,2025,5,165,LAC,TE,22.0,Oronde Gadsden II,Syracuse,3.0,0.4923601021495464,0.4096176549670176,11.0,10.0,15.0,0.0,15.0,0.0034792797929964064
00-0040194,2025,5,173,BUF,TE,24.0,Jackson Hawes,Georgia Tech,3.0,0.09016004724009531,0.6538729841115406,2.0,3.0,51.0,0.0,13.0,0.0016621486628206658
00-0040649,2025,5,175,SEA,TE,23.0,Robbie Ouzts,Alabama,,0.7007772345044908,0.2992227654955092,18.0,19.0,143.0,0.0,4.0,0.0016722709267336746
00-0040215,2025,6,202,MIN,TE,22.0,Gavin Bartholomew,Pittsburgh,4.0,0.20380332791192288,0.5585720839067518,9.0,15.0,,0.0,,0.0004194024047527434
00-0040225,2025,7,219,NYG,TE,22.0,Thomas Fidone,Nebraska,4.0,0.09232172740628594,0.6699095344918637,31.0,34.0,,0.0,,0.00023239978480272104
00-0040240,2025,7,241,DEN,TE,24.0,Caleb Lohner,Utah,5.0,0.36545051415498053,0.2979678530755689,10.0,17.0,,0.0,,2.246507552900907e-05
00-0040244,2025,7,248,NO,TE,22.0,Moliki Matavao,UCLA,3.0,0.0,0.378560073643144,24.0,7.0,,0.0,,0.001026565272800843
00-0040250,2025,7,255,HOU,TE,24.0,Luke Lachey,Iowa,5.0,0.0,0.7622866624525918,19.0,27.0,,0.0,,1.5828030466617854e-05
