player_id,season,pos,player,gp,ppg,late_ppg,early_ppg,late_tgt_share,tgt_share,ramp,tgt_ramp,rank_ppg,rank_late
00-0007091,2015,QB,Matt Hasselbeck,8,11.3875,9.916666666666668,15.8,0.0,0.0,-5.883333333333333,0.0,32,35
00-0010346,2014,QB,Peyton Manning,16,19.5425,12.873333333333333,23.544000000000004,0.0,0.0,-10.670666666666671,0.0,4,27
00-0010346,2015,QB,Peyton Manning,10,9.136000000000001,6.506666666666667,13.08,0.0,0.0,-6.573333333333333,0.0,36,40
00-0019596,2014,QB,Tom Brady,16,17.37875,15.116666666666665,18.736,0.0,0.0,-3.6193333333333353,0.0,11,19
00-0019596,2015,QB,Tom Brady,16,21.54375,18.183333333333337,23.56,0.0029761904761904834,0.0011160714285714313,-5.376666666666662,0.001860119047619052,2,13
00-0019596,2016,QB,Tom Brady,12,21.546666666666667,18.94333333333333,24.150000000000002,0.0,0.0,-5.2066666666666706,0.0,3,5
00-0019596,2017,QB,Tom Brady,16,18.4925,14.199999999999998,21.067999999999998,0.0,0.0,-6.868,0.0,7,21
00-0019596,2018,QB,Tom Brady,16,17.58125,17.496666666666666,17.631999999999998,0.0,0.0015625,-0.13533333333333175,-0.0015625,18,12
00-0019596,2019,QB,Tom Brady,16,16.480000000000004,15.233333333333334,17.228,0.0,0.0,-1.9946666666666673,0.0,16,19
00-0019596,2020,QB,Tom Brady,16,21.119999999999997,22.26,20.436000000000003,0.0,0.0,1.823999999999998,0.0,10,8
00-0019596,2021,QB,Tom Brady,17,22.043529411764705,21.55333333333333,22.31090909090909,0.0,0.0,-0.7575757575757578,0.0,3,6
00-0019596,2022,QB,Tom Brady,17,15.979999999999999,16.70333333333333,15.585454545454546,0.0,0.002028397565922924,1.1178787878787837,-0.002028397565922924,16,14
00-0020245,2014,QB,Mike Vick,9,4.828888888888888,7.1933333333333325,0.09999999999999999,0.0,0.0,7.093333333333333,0.0,40,40
00-0020337,2014,WR,Steve Smith,16,13.71875,12.616666666666665,14.379999999999999,0.24928315412186383,0.24925919065588142,-1.7633333333333336,2.3963465982407284e-05,24,34
00-0020337,2015,WR,Steve Smith,7,18.714285714285715,21.283333333333335,3.3,0.2556849244349245,0.2504085066585067,17.983333333333334,0.005276417776417797,9,7
00-0020337,2016,WR,Steve Smith,14,13.135714285714286,11.383333333333333,14.45,0.1579068509487228,0.18250574405256445,-3.0666666666666664,-0.02459889310384164,26,42
00-0020498,2014,WR,Reggie Wayne,15,10.126666666666667,5.566666666666666,13.166666666666666,0.16448936707330164,0.19283855733481783,-7.6,-0.028349190261516194,53,92
00-0020531,2014,QB,Drew Brees,16,18.99875,19.87333333333333,18.474,0.0043859649122807,0.0016447368421052624,1.399333333333331,0.0027412280701754376,6,3
00-0020531,2015,QB,Drew Brees,15,20.279999999999998,20.236666666666668,20.308888888888887,0.0,0.0,-0.0722222222222193,0.0,4,8
00-0020531,2016,QB,Drew Brees,16,20.77,18.24,22.288,0.0,0.0,-4.048000000000002,0.0,4,6
00-0020531,2017,QB,Drew Brees,16,16.41,14.69,17.442,0.0,0.0,-2.7520000000000007,0.0,13,18
00-0020531,2018,QB,Drew Brees,15,20.332,15.840000000000002,23.326666666666668,0.0,0.0022988505747126467,-7.486666666666666,-0.0022988505747126467,7,16
00-0020531,2019,QB,Drew Brees,11,20.432727272727274,24.486666666666668,15.568000000000001,0.0,0.0,8.918666666666667,0.0,7,2
00-0020531,2020,QB,Drew Brees,12,17.456666666666667,16.126666666666665,18.786666666666665,0.0,0.0,-2.66,0.0,15,21
00-0020679,2014,QB,Shaun Hill,8,11.285,12.556666666666667,7.470000000000001,0.0,0.004310344827586213,5.086666666666666,-0.004310344827586213,33,28
00-0021206,2014,QB,Josh McCown,11,11.54,9.096666666666668,14.472000000000003,0.0,0.0,-5.3753333333333355,0.0,32,37
00-0021206,2015,QB,Josh McCown,8,16.52,18.376666666666665,10.95,0.0,0.0,7.426666666666666,0.0,21,12
00-0021206,2017,QB,Josh McCown,13,15.80307692307692,17.07,14.717142857142859,0.0,0.0,2.3528571428571414,0.0,16,11
00-0021429,2014,QB,Carson Palmer,6,17.256666666666664,17.256666666666664,21.06,0.0,0.0,-3.8033333333333346,0.0,12,12
00-0021429,2015,QB,Carson Palmer,16,19.3275,16.516666666666666,21.014,0.0,0.0,-4.497333333333334,0.0,7,19
00-0021429,2016,QB,Carson Palmer,15,16.208000000000002,17.99,15.020000000000001,0.0,0.0,2.969999999999997,0.0,18,7
00-0021429,2017,QB,Carson Palmer,7,14.617142857142856,15.566666666666665,8.92,0.0,0.0,6.646666666666665,0.0,22,16
00-0021547,2014,TE,Antonio Gates,16,13.943749999999998,13.9,13.969999999999999,0.16619380075262427,0.17111403927798785,-0.06999999999999851,-0.004920238525363579,3,2
00-0021547,2015,TE,Antonio Gates,11,13.545454545454545,12.700000000000001,14.559999999999999,0.17273530271869134,0.1829569072660284,-1.8599999999999977,-0.01022160454733706,8,8
00-0021547,2016,TE,Antonio Gates,13,11.369230769230768,12.85,10.1,0.20193144331075355,0.19971253764357208,2.75,0.00221890566718147,13,7
00-0021547,2017,TE,Antonio Gates,16,4.975,7.1499999999999995,3.6700000000000004,0.10636154770901697,0.0883916075391499,3.479999999999999,0.01796994016986707,40,19
00-0021547,2018,TE,Antonio Gates,16,4.70625,3.5333333333333337,5.409999999999999,0.0804670881876549,0.08647777109268989,-1.8766666666666656,-0.006010682905034995,40,50
00-0021678,2014,QB,Tony Romo,15,17.753333333333334,19.106666666666666,16.85111111111111,0.0,0.0,2.2555555555555564,0.0,9,5
00-0022044,2014,WR,Andre Johnson,15,12.706666666666667,14.050000000000002,11.81111111111111,0.3157263313322065,0.328201827770276,2.2388888888888925,-0.0124754964380695,30,24
00-0022044,2015,WR,Andre Johnson,16,7.20625,7.033333333333334,7.3100000000000005,0.13140453152953735,0.1283618735189891,-0.2766666666666664,0.0030426580105482603,77,82
00-0022044,2016,WR,Andre Johnson,6,4.916666666666667,4.916666666666667,6.0,0.11653849763605868,0.11653849763605868,-1.083333333333333,0.0,106,99
00-0022084,2014,WR,Anquan Boldin,16,13.725000000000001,12.799999999999999,14.280000000000001,0.2984357218703862,0.27626252722104255,-1.4800000000000022,0.02217319464934364,23,33
00-0022084,2015,WR,Anquan Boldin,14,12.135714285714284,12.566666666666668,11.8125,0.2253802910052912,0.24517752953250674,0.7541666666666682,-0.019797238527215544,38,35
00-0022084,2016,WR,Anquan Boldin,16,10.837499999999999,11.683333333333332,10.33,0.16220257862634965,0.16677227074219164,1.3533333333333317,-0.004569692115841989,47,39
00-0022097,2014,WR,Brandon Lloyd,12,4.116666666666667,1.366666666666667,6.866666666666667,0.0803456172784667,0.09589131182150468,-5.5,-0.015545694543037974,107,134
00-0022127,2014,TE,Jason Witten,16,10.26875,10.700000000000001,10.01,0.2074164802968047,0.1944123392514798,0.6900000000000013,0.013004141045324907,11,12
00-0022127,2015,TE,Jason Witten,16,10.26875,9.350000000000001,10.82,0.1992292559355376,0.2046906436025581,-1.4699999999999989,-0.005461387667020479,15,19
00-0022127,2016,TE,Jason Witten,15,10.153333333333334,8.0,11.58888888888889,0.16967277836843045,0.20188714793323814,-3.5888888888888903,-0.03221436956480769,17,25
00-0022127,2017,TE,Jason Witten,16,9.3125,8.25,9.950000000000001,0.18730507691291995,0.17852449275743631,-1.700000000000001,0.008780584155483634,11,14
00-0022127,2019,TE,Jason Witten,16,8.743749999999999,8.633333333333333,8.809999999999999,0.14348229410341204,0.14715730255566295,-0.17666666666666586,-0.0036750084522509108,18,20
00-0022127,2020,TE,Jason Witten,10,3.19,2.8333333333333335,3.725,0.06417561421309553,0.05612074926379762,-0.8916666666666666,0.008054864949297913,63,68
00-0022414,2014,WR,Malcom Floyd,16,10.85,10.033333333333333,11.34,0.17628160691886183,0.1623414622152155,-1.3066666666666666,0.013940144703646323,43,50
00-0022414,2015,WR,Malcom Floyd,15,6.8066666666666675,3.6999999999999997,8.877777777777778,0.11524104356330263,0.10869328762381732,-5.177777777777779,0.006547755939485311,82,120
00-0022427,2014,WR,Wes Welker,14,7.671428571428572,7.5,7.8,0.126359588124294,0.12087710811947286,-0.2999999999999998,0.0054824800048211275,71,68
00-0022427,2015,WR,Wes Welker,7,3.3142857142857145,2.8333333333333335,6.2,0.08533665695806925,0.0963117291300825,-3.3666666666666667,-0.010975072172013253,131,135
00-0022736,2014,RB,Steven Jackson,15,9.433333333333334,9.25,9.555555555555555,0.040209723058560264,0.044695140160256434,-0.30555555555555536,-0.004485417101696171,34,34
00-0022803,2014,QB,Eli Manning,16,16.84375,19.05,15.52,0.0,0.0,3.530000000000001,0.0,14,6
00-0022803,2015,QB,Eli Manning,16,17.96125,17.64,18.154,0.0,0.0,-0.5139999999999993,0.0,14,14
00-0022803,2016,QB,Eli Manning,16,14.01125,12.043333333333335,15.192000000000002,0.0,0.0,-3.148666666666667,0.0,25,30
00-0022803,2017,QB,Eli Manning,15,12.488000000000001,9.916666666666666,14.202222222222224,0.0,0.0,-4.285555555555558,0.0,28,34
00-0022803,2018,QB,Eli Manning,16,14.997499999999999,14.386666666666665,15.363999999999999,0.0,0.0,-0.977333333333334,0.0,24,23
00-0022811,2014,WR,Jerricho Cotchery,15,7.6,7.166666666666667,7.888888888888889,0.13154528376302568,0.15735209412154377,-0.7222222222222223,-0.02580681035851809,72,74
00-0022811,2015,WR,Jerricho Cotchery,14,7.6499999999999995,9.466666666666667,6.2875,0.12789090334467532,0.12378247434413937,3.179166666666667,0.004108429000535943,71,55
00-0022921,2014,WR,Larry Fitzgerald,14,10.814285714285717,9.183333333333332,12.037500000000001,0.22987454443509955,0.21356314245857136,-2.8541666666666696,0.016311401976528195,45,56
00-0022921,2015,WR,Larry Fitzgerald,16,17.53125,12.816666666666668,20.36,0.21677574238136246,0.27082951864165417,-7.543333333333331,-0.0540537762602917,11,33
00-0022921,2016,WR,Larry Fitzgerald,16,15.237500000000002,10.733333333333334,17.94,0.19321085532325846,0.23543722985070453,-7.206666666666667,-0.04222637452744607,12,45
00-0022921,2017,WR,Larry Fitzgerald,16,16.34,15.606666666666667,16.779999999999998,0.31384380832910236,0.2812148566016379,-1.1733333333333302,0.03262895172746444,5,11
00-0022921,2018,WR,Larry Fitzgerald,16,11.605,12.446666666666665,11.1,0.22979675598155713,0.2282786636256368,1.3466666666666658,0.0015180923559203197,34,38
00-0022921,2019,WR,Larry Fitzgerald,16,11.087499999999999,9.966666666666667,11.76,0.21162901778843815,0.2040535862515645,-1.793333333333333,0.00757543153687365,45,53
00-0022921,2020,WR,Larry Fitzgerald,13,7.761538461538461,8.533333333333333,7.1000000000000005,0.16345651671738617,0.15946740280572846,1.4333333333333327,0.00398911391165771,80,66
00-0022924,2014,QB,Ben Roethlisberger,16,19.13625,18.026666666666667,19.802,0.0,0.0,-1.7753333333333323,0.0,5,8
00-0022924,2015,QB,Ben Roethlisberger,12,19.009999999999998,19.490000000000002,18.53,0.0,0.0,0.9600000000000009,0.0,8,9
00-0022924,2016,QB,Ben Roethlisberger,14,18.01142857142857,13.946666666666667,21.06,0.0,0.0,-7.1133333333333315,0.0,9,25
00-0022924,2017,QB,Ben Roethlisberger,15,17.404,23.62333333333333,13.257777777777777,0.0,0.0,10.365555555555554,0.0,8,2
00-0022924,2018,QB,Ben Roethlisberger,16,21.36625,18.88,22.857999999999997,0.0,0.0013888888888888874,-3.977999999999998,-0.0013888888888888874,3,8
00-0022924,2020,QB,Ben Roethlisberger,15,17.814666666666664,15.523333333333335,19.34222222222222,0.0,0.0,-3.8188888888888837,0.0,13,25
00-0022924,2021,QB,Ben Roethlisberger,16,13.631249999999998,13.436666666666666,13.748,0.0,0.0,-0.3113333333333337,0.0,25,24
00-0022942,2014,QB,Philip Rivers,16,16.6025,15.13,17.486,0.0,0.0,-2.356,0.0,15,18
00-0022942,2015,QB,Philip Rivers,16,17.78,15.840000000000002,18.943999999999996,0.0,0.0,-3.103999999999994,0.0,16,23
00-0022942,2016,QB,Philip Rivers,16,16.18375,14.983333333333334,16.904,0.0,0.0,-1.9206666666666656,0.0,19,20
00-0022942,2017,QB,Philip Rivers,16,16.9,19.64,15.256,0.0,0.0,4.384,0.0,12,4
00-0022942,2018,QB,Philip Rivers,16,17.81375,14.503333333333336,19.8,0.0,0.0,-5.296666666666665,0.0,14,22
00-0022942,2019,QB,Philip Rivers,16,14.71875,14.743333333333332,14.703999999999999,0.0,0.0,0.03933333333333344,0.0,24,27
00-0022942,2020,QB,Philip Rivers,16,14.997499999999999,15.49,14.701999999999998,0.0,0.0,0.788000000000002,0.0,26,26
00-0022943,2014,TE,Benjamin Watson,15,3.04,4.2,2.266666666666667,0.05130624735887892,0.04823253400652781,1.9333333333333331,0.0030737133523511123,57,39
00-0022943,2015,TE,Benjamin Watson,16,11.90625,12.233333333333334,11.71,0.1988645311957847,0.1640896999506773,0.5233333333333334,0.03477483124510741,9,10
00-0022943,2017,TE,Benjamin Watson,16,8.575000000000001,9.466666666666667,8.04,0.12085142233847858,0.13504989957593974,1.4266666666666676,-0.014198477237461163,14,12
00-0022943,2018,TE,Benjamin Watson,13,6.6923076923076925,3.3000000000000003,9.6,0.0857866803470852,0.10962863432532745,-6.299999999999999,-0.02384195397824225,21,54
00-0022943,2019,TE,Benjamin Watson,9,3.811111111111111,3.183333333333333,5.066666666666666,0.05893826400291918,0.06954204695303656,-1.8833333333333333,-0.01060378295011738,51,60
00-0022999,2014,RB,John Kuhn,12,1.7333333333333334,1.1666666666666665,2.3000000000000003,0.01037675606641125,0.011008777146287667,-1.1333333333333337,-0.0006320210798764162,111,116
00-0022999,2015,RB,John Kuhn,12,2.1999999999999997,2.3000000000000003,2.1,0.022238912997786936,0.02363741626900841,0.20000000000000018,-0.0013985032712214747,105,97
00-0022999,2016,RB,John Kuhn,13,4.361538461538462,3.1500000000000004,5.3999999999999995,0.03628240283548751,0.038662959723466894,-2.249999999999999,-0.0023805568879793834,75,82
00-0023176,2014,WR,Josh Cribbs,6,0.3,0.3,0.0,0.003787878787878783,0.003787878787878783,0.3,0.0,156,154
00-0023310,2014,WR,Lance Moore,11,4.345454545454545,2.983333333333333,5.98,0.05107480163523923,0.056557431786730845,-2.9966666666666675,-0.005482630151491613,104,117
00-0023310,2015,WR,Lance Moore,13,6.515384615384615,5.483333333333333,7.3999999999999995,0.06483474186260557,0.07956239905037228,-1.916666666666666,-0.01472765718776671,88,97
00-0023367,2014,WR,Nate Washington,16,7.29375,9.333333333333334,6.07,0.16938075739633715,0.14016271276627304,3.2633333333333336,0.02921804463006411,75,55
00-0023367,2015,WR,Nate Washington,13,10.523076923076925,7.2,13.37142857142857,0.17638823575673634,0.1922743767319906,-6.17142857142857,-0.01588614097525426,50,78
00-0023436,2014,QB,Alex Smith,15,14.666666666666668,14.423333333333332,14.82888888888889,0.0,0.0,-0.40555555555555856,0.0,25,23
00-0023436,2015,QB,Alex Smith,16,16.9525,17.566666666666666,16.584,0.0,0.0,0.9826666666666668,0.0,20,15
00-0023436,2016,QB,Alex Smith,15,14.985333333333333,16.38333333333333,14.053333333333333,0.006666666666666667,0.0026666666666666666,2.3299999999999965,0.004,22,12
00-0023436,2017,QB,Alex Smith,15,19.67866666666667,17.686666666666667,21.006666666666668,0.0,0.0,-3.3200000000000003,0.0,4,9
00-0023436,2018,QB,Alex Smith,10,13.8,12.47,15.795000000000002,0.0,0.0,-3.325000000000001,0.0,25,29
00-0023436,2020,QB,Alex Smith,8,8.9475,9.833333333333334,6.29,0.0,0.0,3.543333333333334,0.0,36,36
00-0023437,2014,RB,Ronnie Brown,8,1.9625000000000001,2.3000000000000003,0.95,0.02987280516784845,0.026081074464121636,1.3500000000000003,0.003791730703726813,104,99
00-0023459,2014,QB,Aaron Rodgers,16,22.13375,19.636666666666667,23.631999999999998,0.0,0.0,-3.995333333333331,0.0,1,4
00-0023459,2015,QB,Aaron Rodgers,16,18.8275,14.876666666666667,21.198,0.0,0.0,-6.3213333333333335,0.0,9,25
00-0023459,2016,QB,Aaron Rodgers,16,23.75125,23.94666666666667,23.634,0.0,0.0,0.31266666666666865,0.0,1,1
00-0023459,2017,QB,Aaron Rodgers,7,18.514285714285712,18.843333333333334,16.54,0.0,0.0,2.3033333333333346,0.0,6,7
00-0023459,2018,QB,Aaron Rodgers,16,19.536250000000003,17.47666666666667,20.772000000000002,0.0,0.0,-3.295333333333332,0.0,9,13
00-0023459,2019,QB,Aaron Rodgers,16,17.39875,15.126666666666665,18.762,0.0,0.0,-3.6353333333333353,0.0,13,23
00-0023459,2020,QB,Aaron Rodgers,16,23.95375,24.916666666666668,23.376,0.0,0.002083333333333331,1.5406666666666666,-0.002083333333333331,3,3
00-0023459,2021,QB,Aaron Rodgers,16,20.83125,22.37666666666667,19.904,0.0,0.0020161290322580623,2.472666666666669,-0.0020161290322580623,6,4
00-0023459,2022,QB,Aaron Rodgers,17,14.070588235294117,12.520000000000001,14.916363636363634,0.0,0.0,-2.396363636363633,0.0,24,27
00-0023459,2024,QB,Aaron Rodgers,17,15.092941176470587,16.650000000000002,14.243636363636364,0.0,0.0,2.406363636363638,0.0,18,16
00-0023459,2025,QB,Aaron Rodgers,16,14.1925,13.62,14.535999999999998,0.00505050505050505,0.0018939393939393938,-0.9159999999999986,0.003156565656565656,24,25
00-0023462,2014,WR,Roddy White,14,15.15,16.666666666666668,14.0125,0.2306799932789542,0.22438694257719502,2.6541666666666686,0.006293050701759173,17,13
00-0023462,2015,WR,Roddy White,15,6.640000000000001,7.866666666666667,5.822222222222222,0.1505363672785468,0.12724582625814734,2.044444444444445,0.023290541020399458,86,70
00-0023465,2014,TE,Heath Miller,16,10.006250000000001,11.516666666666666,9.100000000000001,0.18907373779471295,0.151393529499989,2.4166666666666643,0.03768020829472396,12,10
00-0023465,2015,TE,Heath Miller,15,8.513333333333334,9.866666666666667,7.611111111111111,0.15599494195451624,0.14211719648348234,2.2555555555555564,0.013877745471033903,22,18
00-0023496,2014,WR,Vincent Jackson,16,11.2625,11.516666666666666,11.11,0.24265827311426236,0.26637369643367703,0.4066666666666663,-0.023715423319414675,41,42
00-0023496,2015,WR,Vincent Jackson,10,10.73,7.849999999999999,15.05,0.15752315427880872,0.20000682144615373,-7.200000000000002,-0.042483667167345,49,71
00-0023500,2014,RB,Frank Gore,16,9.91875,10.016666666666667,9.860000000000001,0.030725022104332384,0.038820596678191294,0.1566666666666663,-0.00809557457385891,30,33
00-0023500,2015,RB,Frank Gore,16,12.087499999999999,11.5,12.440000000000001,0.10921093834202954,0.09486511558173852,-0.9400000000000013,0.014345822760291019,24,31
00-0023500,2016,RB,Frank Gore,16,13.3875,9.983333333333333,15.429999999999998,0.0616781737471393,0.08210474405248111,-5.446666666666665,-0.020426570305341812,19,40
00-0023500,2017,RB,Frank Gore,16,10.850000000000001,12.916666666666666,9.61,0.09394139810806475,0.08139079514222532,3.3066666666666666,0.01255060296583943,25,23
00-0023500,2018,RB,Frank Gore,14,7.328571428571428,7.6499999999999995,7.0874999999999995,0.0510699096225412,0.0420597937531576,0.5625,0.009010115869383606,60,53
00-0023500,2019,RB,Frank Gore,15,6.326666666666666,4.133333333333334,7.788888888888888,0.03451337193272685,0.03320744336105579,-3.655555555555554,0.0013059285716710556,59,77
00-0023500,2020,RB,Frank Gore,15,6.679999999999999,8.133333333333333,5.711111111111111,0.04979487769342838,0.04214265789510146,2.4222222222222216,0.00765221979832692,59,50
00-0023541,2014,QB,Kyle Orton,12,14.676666666666668,13.319999999999999,16.033333333333335,0.0,0.0,-2.7133333333333365,0.0,24,26
00-0023564,2014,RB,Darren Sproles,15,10.506666666666668,7.816666666666666,12.3,0.10323785197348422,0.10644303807168749,-4.483333333333334,-0.0032051860982032776,27,43
00-0023564,2015,RB,Darren Sproles,16,10.09375,11.9,9.010000000000002,0.14890800182841266,0.13693852856755054,2.889999999999999,0.011969473260862118,38,30
00-0023564,2016,RB,Darren Sproles,15,10.833333333333334,10.55,11.02222222222222,0.09760411666377282,0.12539131559925495,-0.47222222222221966,-0.027787198935482135,29,35
00-0023564,2018,RB,Darren Sproles,6,10.166666666666668,10.166666666666668,7.2,0.10557775529566667,0.10557775529566667,2.9666666666666677,0.0,36,38
00-0023564,2019,RB,Darren Sproles,6,2.8333333333333335,2.8333333333333335,11.3,0.04258782982187239,0.04258782982187239,-8.466666666666667,0.0,88,90
00-0023662,2015,QB,Matt Cassel,8,8.355,8.53,7.83,0.0,0.0,0.6999999999999993,0.0,38,37
00-0023682,2014,QB,Ryan Fitzpatrick,12,14.976666666666667,17.73333333333333,12.22,0.0,0.0,5.51333333333333,0.0,20,10
00-0023682,2015,QB,Ryan Fitzpatrick,16,17.825,21.44,15.656,0.0,0.0,5.784000000000001,0.0,15,7
00-0023682,2016,QB,Ryan Fitzpatrick,14,9.528571428571428,7.873333333333332,10.77,0.0,0.0,-2.8966666666666674,0.0,33,34
00-0023682,2017,QB,Ryan Fitzpatrick,6,12.32,12.32,-0.2,0.0,0.0,12.52,0.0,29,29
00-0023682,2018,QB,Ryan Fitzpatrick,8,20.73,15.596666666666664,36.13,0.0,0.0,-20.53333333333334,0.0,5,19
00-0023682,2019,QB,Ryan Fitzpatrick,15,16.097333333333335,23.430000000000003,11.208888888888888,0.0,0.0,12.221111111111115,0.0,19,3
00-0023682,2020,QB,Ryan Fitzpatrick,9,17.082222222222224,16.463333333333335,18.32,0.0,0.005555555555555556,-1.8566666666666656,-0.005555555555555556,18,18
00-0023752,2014,TE,Daniel Fells,13,4.369230769230769,2.55,5.928571428571429,0.050817004178252335,0.04516786498844105,-3.378571428571429,0.005649139189811282,45,62
00-0023921,2014,WR,Miles Austin,12,9.65,9.616666666666667,9.683333333333332,0.1811760885673929,0.18030271591371952,-0.06666666666666465,0.0008733726536733766,59,54
00-0023921,2015,WR,Miles Austin,11,3.763636363636364,4.016666666666667,3.46,0.07944114138882613,0.07578076411586487,0.5566666666666666,0.003660377272961257,125,116
00-0024204,2014,RB,Fred Jackson,14,13.471428571428572,13.783333333333333,13.2375,0.18425576508335983,0.16853427111372202,0.5458333333333325,0.015721493969637818,15,16
00-0024204,2015,RB,Fred Jackson,15,5.180000000000001,5.316666666666666,5.0888888888888895,0.09938408095735678,0.09324555200326155,0.22777777777777697,0.006138528954095224,73,71
00-0024217,2014,RB,Reggie Bush,11,9.727272727272727,8.450000000000001,11.26,0.1280500833854493,0.14629119294168924,-2.8099999999999987,-0.01824110955623995,32,39
00-0024217,2016,RB,Reggie Bush,10,2.37,2.1333333333333333,2.725,0.034970113401485946,0.033527522586346115,-0.5916666666666668,0.0014425908151398312,92,91
00-0024221,2014,TE,Vernon Davis,13,4.838461538461538,2.8333333333333335,6.557142857142856,0.11791092553343008,0.12732904029527978,-3.7238095238095226,-0.0094181147618497,37,57
00-0024221,2015,TE,Vernon Davis,13,5.961538461538462,6.683333333333334,5.3428571428571425,0.12048359124282505,0.1323880473229787,1.340476190476191,-0.011904456080153655,33,31
00-0024221,2016,TE,Vernon Davis,15,7.619999999999999,6.3500000000000005,8.466666666666665,0.1267386479857257,0.10195329983197593,-2.1166666666666645,0.024785348153749776,29,35
00-0024221,2017,TE,Vernon Davis,16,7.612500000000001,5.3500000000000005,8.97,0.1171030004363337,0.13215258527758525,-3.62,-0.015049584841251545,20,33
00-0024221,2018,TE,Vernon Davis,13,5.823076923076922,5.25,6.314285714285715,0.09182990038943657,0.08711610421374592,-1.064285714285715,0.004713796175690649,27,34
00-0024226,2014,QB,Jay Cutler,15,17.038666666666664,16.113333333333333,17.65555555555555,0.0,0.0,-1.5422222222222182,0.0,13,15
00-0024226,2015,QB,Jay Cutler,15,15.097333333333335,12.943333333333335,16.533333333333335,0.0,0.0,-3.59,0.0,26,27
00-0024226,2017,QB,Jay Cutler,14,11.274285714285714,9.863333333333333,12.3325,0.0,0.0,-2.4691666666666663,0.0,35,35
00-0024240,2014,WR,Santonio Holmes,7,2.1,1.7666666666666666,4.1,0.041017371861025095,0.0497350067846688,-2.333333333333333,-0.008717634923643705,134,132
00-0024242,2014,RB,DeAngelo Williams,6,4.883333333333334,4.883333333333334,7.2,0.028165218790218785,0.028165218790218785,-2.3166666666666664,0.0,73,73
00-0024242,2015,RB,DeAngelo Williams,16,14.587500000000002,20.216666666666665,11.21,0.11171744047798282,0.07351107074364255,9.006666666666664,0.03820636973434027,10,2
00-0024242,2016,RB,DeAngelo Williams,8,12.5125,6.966666666666666,29.15,0.054252108330122485,0.08798637854488911,-22.183333333333334,-0.033734270214766625,22,59
00-0024243,2014,TE,Marcedes Lewis,8,6.325000000000001,4.333333333333333,12.3,0.0962988278777752,0.11240269233690278,-7.966666666666668,-0.01610386445912758,26,38
00-0024243,2015,TE,Marcedes Lewis,15,2.573333333333333,3.15,2.1888888888888887,0.046027213437927726,0.06625707787852538,0.9611111111111112,-0.02022986444059765,63,56
00-0024243,2016,TE,Marcedes Lewis,10,4.29,3.1999999999999997,5.925,0.07499284891311467,0.07020170635837708,-2.725,0.004791142554737587,49,61
00-0024243,2017,TE,Marcedes Lewis,16,5.4875,3.8166666666666664,6.489999999999999,0.07743159799532351,0.09624259998594431,-2.673333333333333,-0.0188110019906208,38,46
00-0024243,2019,TE,Marcedes Lewis,12,3.0500000000000003,2.6166666666666667,3.483333333333333,0.0346781339141271,0.04862300730802629,-0.8666666666666663,-0.013944873393899188,60,68
00-0024243,2020,TE,Marcedes Lewis,11,3.5181818181818185,4.433333333333334,2.4200000000000004,0.0508350879283861,0.05070563188365653,2.013333333333333,0.0001294560447295673,60,46
00-0024243,2021,TE,Marcedes Lewis,13,3.4153846153846157,3.9499999999999997,2.9571428571428564,0.07553188430797535,0.06469806679721289,0.9928571428571433,0.010833817510762456,60,51
00-0024243,2022,TE,Marcedes Lewis,6,4.433333333333334,4.433333333333334,7.2,0.03749196709723023,0.03749196709723023,-2.7666666666666666,0.0,45,45
00-0024243,2023,TE,Marcedes Lewis,6,2.15,2.15,1.8,0.031333149713022285,0.031333149713022285,0.34999999999999987,0.0,76,71
00-0024267,2014,WR,Greg Jennings,16,10.575,12.483333333333333,9.43,0.19568850902184234,0.18718594481551792,3.053333333333333,0.00850256420632442,47,35
00-0024267,2015,WR,Greg Jennings,12,3.816666666666667,4.233333333333333,3.4,0.06414545213282878,0.07868210284913157,0.8333333333333335,-0.014536650716302793,121,112
00-0024268,2014,TE,Anthony Fasano,14,5.114285714285715,4.0,5.95,0.03980611062689967,0.0816335165085631,-1.9500000000000002,-0.04182740588166343,35,41
00-0024268,2015,TE,Anthony Fasano,14,4.778571428571429,3.283333333333333,5.9,0.09438255100019803,0.0855985461063529,-2.616666666666667,0.008784004893845135,41,55
00-0024268,2016,TE,Anthony Fasano,12,2.3583333333333334,2.4499999999999997,2.2666666666666666,0.03802239092094164,0.04064118584046119,0.18333333333333313,-0.0026187949195195515,67,67
00-0024268,2017,TE,Anthony Fasano,11,2.6090909090909093,1.8666666666666665,3.5,0.028540922182826615,0.03773211053900298,-1.6333333333333335,-0.009191188356176366,66,75
00-0024272,2014,WR,Devin Hester,16,7.125,7.1000000000000005,7.139999999999999,0.10886660787383073,0.09162371490694676,-0.03999999999999826,0.01724289296688397,79,76
00-0024272,2016,WR,Devin Hester,12,0.0,0.0,0.0,0.0,0.0,0.0,0.0,164,164
00-0024275,2014,RB,Maurice Jones-Drew,11,2.5181818181818176,2.183333333333333,2.92,0.02887571365832235,0.03496172570590292,-0.7366666666666668,-0.00608601204758057,97,102
00-0024296,2014,QB,Charlie Whitehurst,7,12.434285714285712,12.326666666666668,13.08,0.0,0.0,-0.7533333333333321,0.0,28,29
00-0024297,2014,WR,Derek Hagan,11,4.581818181818182,4.9,4.2,0.13606367278094034,0.09494673025328602,0.7000000000000002,0.04111694252765431,102,99
00-0024313,2014,TE,Owen Daniels,15,8.313333333333334,6.1499999999999995,9.755555555555556,0.1513142174432496,0.16219528581115522,-3.605555555555557,-0.010881068367905616,21,25
00-0024313,2015,TE,Owen Daniels,16,7.231249999999999,6.383333333333333,7.74,0.1103424564050751,0.13026476311989638,-1.3566666666666674,-0.019922306714821272,29,32
00-0024318,2014,WR,Brad Smith,8,1.0125,0.0,4.05,0.0095350052246604,0.01005823066268135,-4.05,-0.0005232254380209498,142,158
00-0024324,2014,WR,Jason Avant,15,5.026666666666666,4.999999999999999,5.044444444444443,0.11903093209101918,0.11815018595851057,-0.04444444444444429,0.0008807461325086169,96,98
00-0024324,2015,WR,Jason Avant,10,2.6900000000000004,1.8833333333333335,3.9000000000000004,0.06645720096397983,0.07606194856646602,-2.0166666666666666,-0.009604747602486183,139,146
00-0024332,2014,RB,Leon Washington,14,3.971428571428572,4.566666666666667,3.5250000000000004,0.08469473811029772,0.06958817567960017,1.041666666666667,0.015106562430697551,81,76
00-0024334,2014,WR,Brandon Marshall,13,13.776923076923076,14.200000000000001,13.414285714285715,0.21159679980669208,0.21145729424249474,0.7857142857142865,0.00013950556419733973,22,23
00-0024334,2015,WR,Brandon Marshall,16,21.2,26.533333333333335,18.0,0.28483444983444983,0.2933284857124598,8.533333333333335,-0.008494035878009953,4,2
00-0024334,2016,WR,Brandon Marshall,15,10.386666666666667,7.699999999999999,12.177777777777777,0.2090092396544008,0.24900762741670976,-4.477777777777778,-0.03999838776230896,50,68
00-0024334,2018,WR,Brandon Marshall,6,5.1000000000000005,5.1000000000000005,13.6,0.13662436724221624,0.13662436724221624,-8.5,0.0,111,106
00-0024389,2014,TE,Delanie Walker,15,11.733333333333333,10.466666666666667,12.577777777777776,0.212698888270645,0.22017599171985455,-2.111111111111109,-0.007477103449209543,8,13
00-0024389,2015,TE,Delanie Walker,15,16.293333333333333,18.283333333333335,14.966666666666669,0.32777468737407905,0.26414817885627756,3.3166666666666664,0.0636265085178015,3,2
00-0024389,2016,TE,Delanie Walker,15,12.540000000000001,9.783333333333333,14.377777777777778,0.24040586849432435,0.23081821102142647,-4.594444444444445,0.009587657472897887,6,15
00-0024389,2017,TE,Delanie Walker,16,10.90625,11.116666666666667,10.78,0.235501971389068,0.23195234871968873,0.3366666666666678,0.0035496226693792765,6,5
00-0024389,2019,TE,Delanie Walker,6,9.083333333333332,9.083333333333332,22.5,0.18187642036326254,0.18187642036326254,-13.416666666666668,0.0,15,16
00-0024466,2014,WR,Marques Colston,15,11.813333333333333,14.266666666666666,10.177777777777777,0.16726858667648115,0.16332377146892346,4.088888888888889,0.003944815207557684,35,20
00-0024466,2015,WR,Marques Colston,13,9.307692307692308,9.1,9.485714285714286,0.11562225352639423,0.12426558816643687,-0.3857142857142861,-0.008643334640042646,58,60
00-0024535,2014,WR,Eric Weems,10,3.2199999999999998,3.15,3.325,0.020358131028862733,0.03284979925223832,-0.17500000000000027,-0.012491668223375586,119,114
00-0024535,2015,WR,Eric Weems,12,0.20833333333333334,0.4166666666666667,0.0,0.0037037037037037,0.00185185185185185,0.4166666666666667,0.00185185185185185,166,159
00-0024535,2016,WR,Eric Weems,16,0.0,0.0,0.0,0.0,0.0,0.0,0.0,164,164
00-0024535,2017,WR,Eric Weems,11,0.13636363636363635,0.25,0.0,0.004901960784313733,0.005606348111091945,0.25,-0.000704387326778212,170,168
00-0024813,2014,RB,Pierre Thomas,11,11.181818181818183,8.716666666666667,14.14,0.12618816368816377,0.11913263504172605,-5.423333333333334,0.007055528646437714,25,35
00-0025389,2014,WR,Calvin Johnson,13,17.438461538461542,20.45,14.85714285714286,0.2800950207200208,0.2669927350029018,5.59285714285714,0.013102285717118967,9,6
00-0025389,2015,WR,Calvin Johnson,16,16.3375,17.266666666666666,15.780000000000001,0.234951989379234,0.2402840367052828,1.4866666666666646,-0.0053320473260488055,18,13
00-0025394,2015,RB,Adrian Peterson,16,16.29375,15.283333333333333,16.9,0.076688641786681,0.07967517285341529,-1.6166666666666654,-0.0029865310667342854,6,10
00-0025394,2017,RB,Adrian Peterson,10,7.890000000000001,11.4,2.6250000000000004,0.07833852096885635,0.05660236700815444,8.775,0.021736153960701908,49,27
00-0025394,2018,RB,Adrian Peterson,16,11.8125,7.983333333333334,14.11,0.050750940319314077,0.05291881179894306,-6.126666666666665,-0.002167871479628984,29,51
00-0025394,2019,RB,Adrian Peterson,15,9.800000000000002,12.299999999999999,8.133333333333333,0.05926671745637258,0.051173926949789,4.166666666666666,0.008092790506583583,38,30
00-0025394,2020,RB,Adrian Peterson,16,7.78125,9.133333333333333,6.970000000000001,0.0084510055626872,0.03046537027617056,2.163333333333332,-0.02201436471348336,52,41
00-0025396,2014,WR,Ted Ginn,16,2.5,2.533333333333333,2.48,0.05279128598094124,0.044425717393168,0.05333333333333323,0.008365568587773237,129,124
00-0025396,2015,WR,Ted Ginn,15,12.26,15.966666666666669,9.788888888888888,0.17121757075795965,0.1985021007120271,6.177777777777781,-0.027284529954067438,35,22
00-0025396,2016,WR,Ted Ginn,16,10.1875,13.766666666666667,8.040000000000001,0.226078535176122,0.17350189727826984,5.726666666666667,0.05257663789785216,53,26
00-0025396,2017,WR,Ted Ginn,15,10.639999999999999,10.183333333333334,10.944444444444445,0.17006222943722948,0.1426450585224158,-0.7611111111111111,0.027417170914813688,42,44
00-0025396,2019,WR,Ted Ginn,15,5.7266666666666675,3.1833333333333336,7.422222222222223,0.07339050760324715,0.10676409349068498,-4.23888888888889,-0.03337358588743783,95,129
00-0025399,2014,RB,Marshawn Lynch,16,18.893749999999997,16.716666666666665,20.2,0.10179434092477564,0.11177258509079964,-3.4833333333333343,-0.009978244166023997,5,7
00-0025399,2015,RB,Marshawn Lynch,7,11.814285714285715,10.883333333333333,17.4,0.08139961358352166,0.09416134125974328,-6.516666666666666,-0.01276172767622162,25,37
00-0025399,2017,RB,Marshawn Lynch,15,10.946666666666665,14.800000000000002,8.377777777777778,0.0971686499446448,0.06765903867830361,6.422222222222224,0.02950961126634119,23,16
00-0025399,2018,RB,Marshawn Lynch,6,13.166666666666666,13.166666666666666,12.9,0.09014387447112414,0.09014387447112414,0.2666666666666657,0.0,20,23
00-0025410,2014,WR,Dwayne Bowe,15,9.026666666666667,7.25,10.21111111111111,0.17138369609577322,0.21793389162294952,-2.9611111111111104,-0.04655019552717629,62,71
00-0025410,2015,WR,Dwayne Bowe,7,1.4714285714285715,1.7166666666666668,0.0,0.05893423950292701,0.060038871954889834,1.7166666666666668,-0.0011046324519628226,157,149
00-0025414,2014,WR,Robert Meachem,10,1.8400000000000003,1.4000000000000001,2.5,0.04579161808263974,0.05018725856187154,-1.0999999999999999,-0.004395640479231799,138,133
00-0025418,2014,TE,Greg Olsen,16,13.8,12.333333333333334,14.680000000000001,0.25309217627766,0.2235202495059868,-2.3466666666666676,0.029571926771673196,5,7
00-0025418,2015,TE,Greg Olsen,16,14.212499999999999,11.933333333333332,15.579999999999998,0.20951961947424214,0.24769764751457637,-3.6466666666666665,-0.03817802804033424,7,12
00-0025418,2016,TE,Greg Olsen,16,12.95625,9.8,14.850000000000003,0.22030426174665352,0.23384278259963592,-5.0500000000000025,-0.013538520852982405,5,14
00-0025418,2017,TE,Greg Olsen,7,6.014285714285714,6.383333333333334,3.8,0.1923913393759117,0.1887163861317339,2.583333333333334,0.0036749532441778254,30,26
00-0025418,2018,TE,Greg Olsen,9,8.9,9.583333333333334,7.533333333333334,0.1426393703166902,0.140017838469385,2.05,0.0026215318473051807,15,13
00-0025418,2019,TE,Greg Olsen,14,8.835714285714285,8.6,9.0125,0.1499258189933612,0.1627837732070582,-0.41249999999999964,-0.01285795421369701,17,21
00-0025418,2020,TE,Greg Olsen,11,4.8999999999999995,3.15,7.0,0.08432273611871306,0.09668831029951298,-3.85,-0.012365574180799921,46,62
00-0025430,2014,QB,Drew Stanton,9,10.526666666666667,10.696666666666665,10.186666666666666,0.0,0.0,0.5099999999999998,0.0,36,35
00-0025430,2015,QB,Drew Stanton,6,-0.19000000000000003,-0.19000000000000003,-0.3,0.0,0.0,0.10999999999999996,0.0,43,43
00-0025460,2014,WR,Jacoby Jones,16,1.85625,2.4166666666666665,1.52,0.023252688172043016,0.028131945416775817,0.8966666666666665,-0.004879257244732801,137,125
00-0025460,2015,WR,Jacoby Jones,9,0.0,0.0,0.0,0.0,0.0,0.0,0.0,168,162
00-0025465,2014,WR,James Jones,16,10.85,9.799999999999999,11.48,0.14488795518207276,0.1767997718502413,-1.6800000000000015,-0.03191181666816853,43,51
00-0025465,2015,WR,James Jones,16,11.9375,9.633333333333333,13.320000000000002,0.22597473550708677,0.1804870442344485,-3.686666666666669,0.04548769127263827,39,54
00-0025516,2014,TE,Scott Chandler,16,7.168750000000001,8.666666666666666,6.2700000000000005,0.10495966070403573,0.11353390126970446,2.3966666666666656,-0.008574240565668731,23,15
00-0025516,2015,TE,Scott Chandler,12,6.075,7.133333333333334,5.016666666666666,0.1049383582470874,0.08042967475539611,2.116666666666668,0.024508683491691288,32,27
00-0025542,2014,TE,Dante Rosario,14,1.9714285714285715,1.7166666666666666,2.1625,0.04295231946388157,0.04389275431895168,-0.4458333333333335,-0.0009404348550701089,71,77
00-0025549,2014,TE,Brent Celek,16,4.375,4.716666666666666,4.17,0.09260536398467435,0.08664404330425966,0.546666666666666,0.005961320680414689,43,35
00-0025549,2015,TE,Brent Celek,12,7.0666666666666655,4.3999999999999995,9.733333333333333,0.060577125633822254,0.07610349373258431,-5.333333333333333,-0.015526368098762053,30,46
00-0025549,2016,TE,Brent Celek,10,2.9499999999999997,2.766666666666666,3.2249999999999996,0.052746396022432494,0.057426926295773964,-0.4583333333333335,-0.00468053027334147,63,66
00-0025549,2017,TE,Brent Celek,12,2.6666666666666665,2.966666666666667,2.3666666666666667,0.05635921812392397,0.06190089143456015,0.6000000000000001,-0.00554167331063618,65,54
00-0025637,2014,RB,Ahmad Bradshaw,10,15.45,14.15,17.400000000000002,0.12051396173736582,0.11123087594544712,-3.2500000000000018,0.009283085791918708,8,14
00-0025637,2015,RB,Ahmad Bradshaw,6,7.1499999999999995,7.1499999999999995,2.6,0.06237902386158206,0.06237902386158206,4.549999999999999,0.0,60,62
00-0025701,2014,RB,Jackie Battle,10,1.47,1.3499999999999999,1.65,0.03288224121557454,0.019729344729344723,-0.30000000000000004,0.013152896486229814,115,113
00-0025708,2019,QB,Matt Moore,6,7.043333333333333,7.043333333333333,-0.1,0.0,0.0,7.143333333333333,0.0,36,36
00-0026019,2015,RB,Danny Woodhead,16,15.193750000000001,15.066666666666668,15.27,0.19182930395554984,0.16171564467381,-0.20333333333333137,0.03011365928173984,8,11
00-0026019,2017,RB,Danny Woodhead,8,7.324999999999999,7.433333333333333,7.0,0.12934124637899092,0.1458504725993692,0.4333333333333327,-0.016509226220378287,54,54
00-0026035,2014,WR,Danny Amendola,15,3.5333333333333337,4.416666666666667,2.9444444444444446,0.11287138568978189,0.0757817858062908,1.4722222222222223,0.03708959988349109,115,102
00-0026035,2015,WR,Danny Amendola,14,10.73857142857143,12.473333333333331,9.4375,0.21695253497205477,0.15906119093779306,3.035833333333331,0.057891344034261716,48,36
00-0026035,2016,WR,Danny Amendola,12,5.7749999999999995,5.05,6.5,0.05639433522871734,0.07159370198222377,-1.4500000000000002,-0.01519936675350643,96,98
00-0026035,2017,WR,Danny Amendola,15,9.26,6.650000000000001,11.0,0.14943640370469632,0.1558664315170625,-4.349999999999999,-0.006430027812366179,54,76
00-0026035,2018,WR,Danny Amendola,15,8.494666666666665,6.316666666666666,9.946666666666665,0.17157098664535753,0.18614467547877162,-3.629999999999999,-0.014573688833414089,68,89
00-0026035,2019,WR,Danny Amendola,15,9.370666666666667,8.393333333333334,10.022222222222222,0.18390665608308332,0.17889615197092923,-1.6288888888888877,0.0050105041121540905,61,63
00-0026035,2020,WR,Danny Amendola,14,7.6,6.8500000000000005,8.1625,0.1343115527169472,0.13969681938011358,-1.3124999999999991,-0.005385266663166383,83,88
00-0026035,2021,WR,Danny Amendola,8,8.6,8.75,8.15,0.16536919410779852,0.1480224312951346,0.5999999999999996,0.017346762812663924,65,66
00-0026069,2014,RB,Mike Tolbert,8,3.6374999999999997,3.266666666666666,4.75,0.04322430781911504,0.06274911321727741,-1.4833333333333338,-0.01952480539816237,87,88
00-0026069,2015,RB,Mike Tolbert,16,5.1875,5.5,5.0,0.05545587354530441,0.0465105168489633,0.5,0.008945356696341111,72,69
00-0026069,2016,RB,Mike Tolbert,16,2.1625,3.5500000000000003,1.3299999999999998,0.03677515360983102,0.027826042405175458,2.2200000000000006,0.008949111204655559,93,80
00-0026069,2017,RB,Mike Tolbert,12,4.208333333333333,3.1333333333333333,5.283333333333334,0.05213612735542559,0.04543996877878457,-2.150000000000001,0.00669615857664102,83,88
00-0026072,2014,RB,Jed Collins,9,1.8666666666666667,1.383333333333333,2.8333333333333335,0.01657025224098395,0.01567646445695227,-1.4500000000000004,0.0008937877840316799,108,112
00-0026143,2014,QB,Matt Ryan,16,17.76625,18.889999999999997,17.092,0.0,0.0,1.7979999999999983,0.0,8,7
00-0026143,2015,QB,Matt Ryan,16,14.62125,12.11,16.128,0.0,0.0,-4.018000000000001,0.0,27,29
00-0026143,2016,QB,Matt Ryan,16,21.716250000000002,20.78,22.278,0.0,0.0,-1.4979999999999976,0.0,2,3
00-0026143,2017,QB,Matt Ryan,16,14.25625,13.053333333333333,14.978,0.0,0.0,-1.924666666666667,0.0,23,25
00-0026143,2018,QB,Matt Ryan,16,22.185,20.436666666666667,23.234,0.0038759689922480667,0.001453488372093025,-2.7973333333333343,0.0024224806201550418,2,4
00-0026143,2019,QB,Matt Ryan,15,17.822666666666667,15.853333333333332,19.135555555555555,0.0,0.0,-3.2822222222222237,0.0,12,14
00-0026143,2020,QB,Matt Ryan,16,17.6525,17.419999999999998,17.791999999999998,0.0,0.0,-0.3719999999999999,0.0,14,12
00-0026143,2021,QB,Matt Ryan,17,13.112941176470587,11.323333333333332,14.089090909090908,0.0,0.0,-2.7657575757575756,0.0,28,32
00-0026143,2022,QB,Matt Ryan,12,12.94,11.963333333333331,13.916666666666666,0.0,0.0,-1.953333333333335,0.0,26,28
00-0026144,2014,RB,Darren McFadden,16,7.5375,4.0,9.66,0.044790694055399906,0.0934108679323036,-5.66,-0.0486201738769037,48,80
00-0026144,2015,RB,Darren McFadden,16,12.23125,12.200000000000001,12.25,0.09363529792222491,0.09906801446237677,-0.049999999999998934,-0.005432716540151858,23,27
00-0026153,2014,RB,Jonathan Stewart,13,11.23076923076923,13.050000000000002,9.671428571428573,0.07491904346743053,0.07880011813635085,3.37857142857143,-0.00388107466892032,24,20
00-0026153,2015,RB,Jonathan Stewart,13,12.523076923076925,14.366666666666667,10.942857142857141,0.059692950044044214,0.051835077096376136,3.423809523809526,0.007857872947668078,18,15
00-0026153,2016,RB,Jonathan Stewart,13,11.26153846153846,12.316666666666668,10.357142857142858,0.05153482897840864,0.04922139105009023,1.9595238095238106,0.0023134379283184098,27,22
00-0026153,2017,RB,Jonathan Stewart,15,7.813333333333333,10.966666666666669,5.711111111111111,0.025164569729787117,0.032735884321704316,5.255555555555557,-0.007571314591917198,50,30
00-0026158,2014,QB,Joe Flacco,16,16.4025,17.683333333333334,15.634,0.0,0.0,2.0493333333333332,0.0,16,11
00-0026158,2015,QB,Joe Flacco,10,16.194,18.61,12.57,0.0,0.0,6.039999999999999,0.0,23,11
00-0026158,2016,QB,Joe Flacco,16,15.155,16.143333333333334,14.562000000000001,0.0,0.0,1.5813333333333333,0.0,21,14
00-0026158,2017,QB,Joe Flacco,16,11.565000000000001,16.413333333333338,8.656,0.0,0.0,7.757333333333337,0.0,31,13
00-0026158,2018,QB,Joe Flacco,9,15.233333333333336,13.706666666666665,18.286666666666665,0.0,0.0,-4.58,0.0,23,24
00-0026158,2019,QB,Joe Flacco,8,10.61,9.063333333333333,15.25,0.0,0.0,-6.186666666666667,0.0,32,34
00-0026158,2024,QB,Joe Flacco,7,14.148571428571428,14.003333333333336,15.02,0.0,0.0,-1.016666666666664,0.0,24,26
00-0026158,2025,QB,Joe Flacco,13,11.281538461538458,8.616666666666665,13.565714285714288,0.0,0.0,-4.949047619047622,0.0,34,39
00-0026164,2014,RB,Chris Johnson,16,7.2125,6.8,7.459999999999999,0.05840783312047674,0.06854054310950859,-0.6599999999999993,-0.010132709989031853,53,51
00-0026164,2015,RB,Chris Johnson,11,9.745454545454546,7.6000000000000005,12.319999999999999,0.0268109018109018,0.03334331522126371,-4.719999999999998,-0.0065324134103619085,42,58
00-0026176,2014,WR,Jordy Nelson,16,20.49375,19.016666666666666,21.38,0.28582910530899147,0.283906893517491,-2.3633333333333333,0.0019222117915004833,4,8
00-0026176,2016,WR,Jordy Nelson,16,19.043750000000003,22.233333333333334,17.130000000000003,0.2830589293747188,0.25573566041092055,5.103333333333332,0.027323268963798275,2,1
00-0026176,2017,WR,Jordy Nelson,14,9.799999999999999,5.3999999999999995,13.1,0.18471591182662964,0.1925943743636293,-7.7,-0.00787846253699967,48,86
00-0026176,2018,WR,Jordy Nelson,15,10.446666666666667,12.733333333333334,8.922222222222224,0.25806499243999237,0.17835696956876926,3.81111111111111,0.07970802287122311,47,37
00-0026178,2014,TE,John Carlson,16,4.75,3.6,5.4399999999999995,0.06504199823165344,0.09883673167027023,-1.8399999999999994,-0.03379473343861679,38,46
00-0026182,2014,WR,Eddie Royal,16,11.325,13.616666666666667,9.95,0.18462071697365814,0.15741914365832543,3.666666666666668,0.02720157331533271,40,26
00-0026182,2015,WR,Eddie Royal,9,7.411111111111111,8.183333333333334,5.866666666666667,0.15793399261369914,0.16854796519718132,2.3166666666666664,-0.010613972583482179,74,68
00-0026182,2016,WR,Eddie Royal,9,9.766666666666667,8.65,12.0,0.12122298846336649,0.13502076260630194,-3.3499999999999996,-0.013797774142935454,58,62
00-0026184,2014,RB,Matt Forte,16,21.6625,18.8,23.38,0.209648798148558,0.21605792096220533,-4.579999999999998,-0.006409122813647333,3,5
00-0026184,2015,RB,Matt Forte,13,16.515384615384615,15.833333333333336,17.1,0.12184864855505335,0.13724046617160526,-1.2666666666666657,-0.015391817616551909,5,8
00-0026184,2016,RB,Matt Forte,14,13.114285714285716,8.85,16.3125,0.07085038319743543,0.09193327891600875,-7.4625,-0.021082895718573316,20,49
00-0026184,2017,RB,Matt Forte,12,10.033333333333333,9.783333333333333,10.283333333333333,0.10651260504201687,0.12370750397549939,-0.5,-0.017194898933482514,28,39
00-0026189,2014,WR,DeSean Jackson,15,13.973333333333333,11.933333333333332,15.333333333333334,0.18954486619674385,0.19329237750576017,-3.400000000000002,-0.0037475113090163215,20,39
00-0026189,2015,WR,DeSean Jackson,9,11.866666666666667,15.983333333333333,3.6333333333333333,0.19593091319163783,0.17309372707399512,12.35,0.02283718611764271,40,21
00-0026189,2016,WR,DeSean Jackson,15,12.033333333333333,14.633333333333335,10.299999999999999,0.181353699288854,0.18185517241101737,4.333333333333336,-0.000501473122163365,38,20
00-0026189,2017,WR,DeSean Jackson,14,9.900000000000002,9.433333333333332,10.25,0.15678219998072943,0.1710314345275057,-0.8166666666666682,-0.014249234546776263,47,51
00-0026189,2018,WR,DeSean Jackson,12,12.608333333333334,8.366666666666665,16.85,0.15683117006608657,0.15443499690771836,-8.483333333333336,0.002396173158368209,30,66
00-0026189,2021,WR,DeSean Jackson,14,5.414285714285714,6.083333333333333,4.9125,0.09277264948547082,0.07222559146911288,1.1708333333333334,0.020547058016357936,102,95
00-0026189,2022,WR,DeSean Jackson,7,3.471428571428571,3.6166666666666667,2.6,0.10552054154995322,0.10343319145840145,1.0166666666666666,0.002087350091551768,122,116
00-0026201,2014,TE,Martellus Bennett,16,13.85,12.916666666666666,14.41,0.23209403225350797,0.21153028450223318,-1.493333333333334,0.020563747751274786,4,4
00-0026201,2015,TE,Martellus Bennett,11,10.445454545454545,8.6,12.66,0.1830303662949425,0.2115063518789338,-4.0600000000000005,-0.02847598558399131,14,22
00-0026201,2016,TE,Martellus Bennett,16,10.506250000000001,8.783333333333333,11.540000000000001,0.10668687144709094,0.136311300759553,-2.7566666666666677,-0.029624429312462064,16,22
00-0026201,2017,TE,Martellus Bennett,9,6.511111111111111,6.233333333333333,7.066666666666666,0.12611206444539771,0.13547304674288793,-0.833333333333333,-0.009360982297490217,26,28
00-0026213,2014,RB,Jamaal Charles,15,16.693333333333335,14.733333333333334,18.000000000000004,0.14996937154002518,0.13172207349271534,-3.2666666666666693,0.018247298047309846,7,13
00-0026213,2017,RB,Jamaal Charles,13,5.1923076923076925,4.7,5.614285714285714,0.07662270989476867,0.06095778031266374,-0.9142857142857137,0.015664929582104935,75,72
00-0026224,2014,WR,Harry Douglas,12,10.049999999999999,12.116666666666667,7.983333333333334,0.1906112020687936,0.15980770100161304,4.133333333333333,0.03080350106718055,56,37
00-0026224,2015,WR,Harry Douglas,14,6.321428571428571,7.416666666666667,5.5,0.15619612282391182,0.14462367499530213,1.916666666666667,0.011572447828609694,89,74
00-0026224,2016,WR,Harry Douglas,8,4.5,4.65,4.05,0.06753508166551647,0.08104672883967684,0.6000000000000005,-0.013511647174160368,110,108
00-0026225,2015,TE,Craig Stevens,10,3.6099999999999994,4.316666666666667,2.5500000000000003,0.04694300891055455,0.044995477291346,1.766666666666667,0.001947531619208548,52,48
00-0026237,2014,WR,Andre Caldwell,13,0.7461538461538461,1.0166666666666666,0.5142857142857143,0.0249933662923859,0.02966340445280468,0.5023809523809523,-0.00467003816041878,150,140
00-0026237,2015,WR,Andre Caldwell,12,2.4583333333333335,3.066666666666667,1.8499999999999999,0.05173175231314769,0.04601668565838602,1.216666666666667,0.005715066654761666,142,132
00-0026267,2014,TE,Jacob Tamme,13,2.684615384615384,1.866666666666667,3.3857142857142857,0.06133911477048729,0.0490625807420143,-1.5190476190476188,0.012276534028472993,61,75
00-0026267,2015,TE,Jacob Tamme,15,8.713333333333333,6.8500000000000005,9.955555555555556,0.11863334157685608,0.13502779197712866,-3.105555555555555,-0.016394450400272584,21,28
00-0026267,2016,TE,Jacob Tamme,8,7.625,5.233333333333333,14.8,0.07360842601158234,0.11093387368825339,-9.566666666666666,-0.03732544767667105,28,40
00-0026281,2014,TE,Gary Barnidge,10,2.86,3.033333333333333,2.5999999999999996,0.0888110795719491,0.07214843636105564,0.43333333333333357,0.01666264321089346,59,51
00-0026281,2015,TE,Gary Barnidge,16,14.83125,13.433333333333332,15.669999999999998,0.22744972719733317,0.20174298493680878,-2.2366666666666664,0.025706742260524384,4,6
00-0026281,2016,TE,Gary Barnidge,16,8.1375,7.966666666666666,8.239999999999998,0.14145594930478653,0.14813143486207525,-0.27333333333333254,-0.006675485557288724,26,26
00-0026286,2014,RB,Jerome Felton,8,0.33749999999999997,0.09999999999999999,1.05,0.008338544923910765,0.0062539086929330745,-0.9500000000000001,0.002084636230977691,125,127
00-0026286,2016,RB,Jerome Felton,12,1.0833333333333333,1.0166666666666666,1.15,0.020115635997988948,0.021994390198724567,-0.1333333333333333,-0.001878754200735619,104,102
00-0026289,2015,RB,Tim Hightower,6,14.399999999999999,14.399999999999999,4.6,0.050551112717873936,0.050551112717873936,9.799999999999999,0.0,13,14
00-0026289,2016,RB,Tim Hightower,16,7.925000000000001,9.833333333333332,6.779999999999999,0.0369407722438569,0.040839283624437096,3.053333333333333,-0.0038985113805801996,51,42
00-0026293,2014,WR,Matthew Slater,9,0.0,0.0,0.0,0.0,0.0,0.0,0.0,159,158
00-0026293,2015,WR,Matthew Slater,13,0.0,0.0,0.0,0.0,0.002849002849002846,0.0,-0.002849002849002846,168,162
00-0026293,2016,WR,Matthew Slater,7,0.07142857142857142,0.08333333333333333,0.0,0.0,0.004081632653061228,0.08333333333333333,-0.004081632653061228,163,162
00-0026293,2017,WR,Matthew Slater,6,0.0,0.0,0.0,0.0,0.0,0.0,0.0,171,170
00-0026293,2018,WR,Matthew Slater,9,0.0,0.0,0.0,0.0,0.0,0.0,0.0,167,167
00-0026293,2019,WR,Matthew Slater,7,0.8571428571428571,1.0,0.0,0.0,0.0,1.0,0.0,160,154
00-0026293,2020,WR,Matthew Slater,6,0.0,0.0,0.0,0.0,0.0,0.0,0.0,169,167
00-0026293,2021,WR,Matthew Slater,10,0.0,0.0,0.0,0.0,0.0,0.0,0.0,180,178
00-0026293,2022,WR,Matthew Slater,8,0.0,0.0,0.0,0.0,0.0,0.0,0.0,166,163
00-0026298,2015,TE,Kellen Davis,13,0.8307692307692308,0.6166666666666667,1.0142857142857142,0.02317663817663818,0.02302216610342154,-0.39761904761904754,0.00015447207321664033,84,86
00-0026314,2014,WR,Josh Morgan,8,3.2500000000000004,3.1166666666666667,3.6500000000000004,0.0506195850386446,0.0599034642891875,-0.5333333333333337,-0.009283879250542894,117,115
00-0026345,2014,WR,Pierre Garcon,16,10.075,8.966666666666667,10.739999999999998,0.20773876771163266,0.19034193260971743,-1.7733333333333317,0.017396835101915226,55,57
00-0026345,2015,WR,Pierre Garcon,16,11.60625,12.4,11.129999999999999,0.20268038614510533,0.19671053812952327,1.2700000000000014,0.005969848015582063,41,39
00-0026345,2016,WR,Pierre Garcon,16,12.568750000000001,13.633333333333333,11.929999999999998,0.20968741077013195,0.20342133666711,1.703333333333335,0.0062660741030219624,31,27
00-0026345,2017,WR,Pierre Garcon,8,11.25,11.716666666666667,9.85,0.20616680510297516,0.21437785107997864,1.8666666666666671,-0.008211045977003478,36,34
00-0026345,2018,WR,Pierre Garcon,8,7.324999999999999,7.466666666666666,6.8999999999999995,0.1822829746742788,0.18014973100570914,0.5666666666666664,0.0021332436685696787,79,75
00-0026349,2014,QB,Matt Flynn,7,-0.3371428571428571,-0.19000000000000003,-1.22,0.0,0.0,1.03,0.0,41,41
00-0026364,2014,WR,Steve Johnson,13,7.423076923076922,3.6666666666666665,10.642857142857142,0.09676397596656226,0.11617219854663628,-6.976190476190476,-0.01940822258007402,73,110
00-0026364,2015,WR,Steve Johnson,9,12.522222222222222,11.566666666666665,14.433333333333335,0.2016836528464435,0.18929617807950186,-2.8666666666666707,0.01238747476694163,32,44
00-0026367,2014,RB,Peyton Hillis,8,3.775,5.033333333333333,0.0,0.07313884274640096,0.05485413205980072,5.033333333333333,0.018284710686600245,86,70
00-0026373,2014,RB,Justin Forsett,16,15.43125,15.266666666666666,15.529999999999998,0.08464755077658302,0.10469894533020233,-0.26333333333333186,-0.020051394553619303,9,12
00-0026373,2015,RB,Justin Forsett,10,12.24,13.15,10.875,0.08586388586388598,0.0998958567708568,2.2750000000000004,-0.014031970906970823,22,18
00-0026373,2016,RB,Justin Forsett,9,6.844444444444444,6.2,8.133333333333333,0.05819300911533017,0.07752990731145466,-1.9333333333333327,-0.01933689819612449,58,62
00-0026393,2014,RB,Marcel Reece,15,5.066666666666666,7.7,3.311111111111111,0.1341383017853607,0.10608743325171908,4.388888888888889,0.028050868533641624,71,45
00-0026393,2015,RB,Marcel Reece,15,5.233333333333333,2.733333333333333,6.9,0.04562110963146798,0.06449003032621273,-4.166666666666668,-0.018868920694744745,70,93
00-0026498,2014,QB,Matthew Stafford,16,15.72375,15.670000000000002,15.755999999999997,0.0,0.0,-0.08599999999999497,0.0,17,16
00-0026498,2015,QB,Matthew Stafford,16,18.17375,22.7,15.457999999999998,0.0,0.0013888888888888874,7.242000000000001,-0.0013888888888888874,13,5
00-0026498,2016,QB,Matthew Stafford,16,17.48625,16.523333333333333,18.064,0.0,0.0,-1.5406666666666666,0.0,12,11
00-0026498,2017,QB,Matthew Stafford,16,17.1025,16.073333333333334,17.72,0.0,0.0,-1.6466666666666647,0.0,10,14
00-0026498,2018,QB,Matthew Stafford,16,13.26125,9.263333333333334,15.66,0.0,0.0,-6.3966666666666665,0.0,29,35
00-0026498,2019,QB,Matthew Stafford,8,20.82,20.643333333333334,21.35,0.0,0.0,-0.706666666666667,0.0,4,6
00-0026498,2020,QB,Matthew Stafford,16,16.285,15.853333333333333,16.544,0.003968253968253967,0.0014880952380952376,-0.690666666666667,0.0024801587301587296,21,22
00-0026498,2021,QB,Matthew Stafford,17,19.396470588235296,16.900000000000002,20.758181818181814,0.0,0.0,-3.858181818181812,0.0,11,11
00-0026498,2022,QB,Matthew Stafford,9,12.042222222222223,11.923333333333334,12.280000000000001,0.0,0.0,-0.35666666666666735,0.0,32,29
00-0026498,2023,QB,Matthew Stafford,15,16.206666666666667,20.3,13.477777777777778,0.0,0.0,6.822222222222223,0.0,16,4
00-0026498,2024,QB,Matthew Stafford,16,13.411249999999999,13.166666666666666,13.558000000000002,0.0,0.0,-0.39133333333333553,0.0,28,31
00-0026498,2025,QB,Matthew Stafford,17,20.61058823529412,21.013333333333332,20.39090909090909,0.0,0.0,0.6224242424242412,0.0,3,3
00-0026557,2014,RB,Will Ta'ufo'ou,11,1.3727272727272728,0.65,2.2399999999999998,0.013928975664968866,0.0196210835005402,-1.5899999999999999,-0.005692107835571334,116,120
00-0026577,2014,WR,Marcus Thigpen,9,0.6666666666666666,1.0,0.0,0.0,0.002710027100271,1.0,-0.002710027100271,151,141
00-0026577,2015,WR,Marcus Thigpen,9,-0.011111111111111112,-0.016666666666666666,0.0,0.0,0.0,-0.016666666666666666,0.0,172,172
00-0026625,2014,QB,Brian Hoyer,14,11.210000000000003,7.68,13.8575,0.004166666666666667,0.0017857142857142859,-6.1775,0.0023809523809523807,34,38
00-0026625,2015,QB,Brian Hoyer,11,15.149090909090908,12.483333333333334,18.348,0.0,0.0,-5.864666666666665,0.0,25,28
00-0026625,2016,QB,Brian Hoyer,6,13.266666666666666,13.266666666666666,3.12,0.0,0.0,10.146666666666665,0.0,28,26
00-0026625,2017,QB,Brian Hoyer,10,6.388,4.1433333333333335,9.754999999999999,0.0,0.0,-5.6116666666666655,0.0,37,39
00-0026691,2014,WR,Chris Williams,6,0.8666666666666667,0.8666666666666667,0.0,0.0,0.0,0.8666666666666667,0.0,146,148
00-0026739,2015,WR,Jordan Norwood,10,4.2700000000000005,4.1000000000000005,4.525,0.07125517150481152,0.08207849972828371,-0.4249999999999998,-0.010823328223472192,117,115
00-0026739,2016,WR,Jordan Norwood,14,3.442857142857143,3.5499999999999994,3.3625,0.052269361973309315,0.07094295450715178,0.18749999999999956,-0.018673592533842466,124,122
00-0026796,2014,RB,Arian Foster,13,21.03846153846154,17.716666666666665,23.885714285714283,0.1362613604718868,0.15983209300715012,-6.169047619047618,-0.023570732535263317,4,6
00-0026852,2014,RB,Darrel Young,15,3.42,2.8166666666666664,3.822222222222222,0.028169899985444866,0.028360913337131293,-1.0055555555555555,-0.0001910133516864268,89,91
00-0026852,2015,RB,Darrel Young,11,0.8363636363636363,1.0333333333333334,0.6,0.024405648115325532,0.018310838721395897,0.43333333333333346,0.006094809393929635,119,115
00-0026855,2014,RB,Antone Smith,10,7.76,6.5666666666666655,9.55,0.04151006185889905,0.03658931507768716,-2.983333333333335,0.0049207467812118905,45,54
00-0026898,2014,QB,Mark Sanchez,9,15.49111111111111,15.303333333333333,15.866666666666665,0.0,0.0,-0.5633333333333326,0.0,19,17
00-0026899,2014,RB,Shonn Greene,13,3.961538461538461,4.6000000000000005,3.4142857142857146,0.004901960784313733,0.007070135746606338,1.185714285714286,-0.002168174962292605,82,75
00-0026901,2014,WR,Mike Wallace,16,13.3,12.916666666666666,13.530000000000001,0.1425578164939866,0.19921608824983517,-0.6133333333333351,-0.05665827175584856,26,30
00-0026901,2015,WR,Mike Wallace,15,6.593333333333333,5.516666666666667,7.311111111111111,0.14653044182455952,0.17166650873570885,-1.7944444444444443,-0.025136066911149335,87,96
00-0026901,2016,WR,Mike Wallace,16,12.675,8.683333333333334,15.070000000000002,0.1390048272745316,0.17621529483010293,-6.3866666666666685,-0.037210467555571336,30,61
00-0026901,2017,WR,Mike Wallace,15,10.08,12.75,8.3,0.22920001645052687,0.16422221664442496,4.449999999999999,0.06497779980610191,44,24
00-0026926,2014,RB,Frank Summers,8,1.7000000000000002,1.9166666666666667,1.0499999999999998,0.026109614293817366,0.025264028902181213,0.8666666666666669,0.0008455853916361535,113,106
00-0026932,2014,RB,Cedric Peerman,12,0.8333333333333334,0.35000000000000003,1.3166666666666667,0.0,0.013067502986857814,-0.9666666666666666,-0.013067502986857814,121,123
00-0026932,2015,RB,Cedric Peerman,12,0.0,0.0,0.0,0.0,0.0,0.0,0.0,128,126
00-0026937,2014,WR,Brandon Gibson,14,4.607142857142857,5.533333333333334,3.9125,0.1190444307465585,0.09615888762391904,1.620833333333334,0.022885543122639462,101,93
00-0026957,2016,TE,David Johnson,11,1.5454545454545454,1.3166666666666667,1.8199999999999998,0.02394662243890855,0.027499891104379174,-0.5033333333333332,-0.003553268665470625,79,79
00-0026983,2014,WR,Darrius Heyward-Bey,9,0.47777777777777775,0.55,0.3333333333333333,0.015344552455128403,0.01331612138983869,0.21666666666666673,0.0020284310652897136,154,151
00-0026983,2015,WR,Darrius Heyward-Bey,14,4.6000000000000005,2.4166666666666665,6.2375,0.04326378414613712,0.09040932522356666,-3.8208333333333333,-0.04714554107742954,108,142
00-0026983,2016,WR,Darrius Heyward-Bey,7,5.914285714285714,6.616666666666667,1.7,0.0702722720838662,0.06795538379389304,4.916666666666667,0.0023168882899731597,93,81
00-0026983,2017,WR,Darrius Heyward-Bey,10,1.59,1.7000000000000002,1.425,0.01093189964157705,0.010559139784946232,0.27500000000000013,0.00037275985663081865,149,146
00-0026983,2018,WR,Darrius Heyward-Bey,8,0.15,0.19999999999999998,0.0,0.009876543209876533,0.0074074074074074,0.19999999999999998,0.0024691358024691327,166,166
00-0026986,2014,WR,Michael Crabtree,16,10.1375,7.316666666666666,11.830000000000002,0.1870795946340411,0.2167723558824473,-4.513333333333335,-0.029692761248406196,52,70
00-0026986,2015,WR,Michael Crabtree,16,14.45,12.433333333333332,15.66,0.21351925749454903,0.24593136861506054,-3.2266666666666683,-0.03241211112051151,24,38
00-0026986,2016,WR,Michael Crabtree,16,14.95625,14.866666666666667,15.01,0.27446994240960865,0.24737387403311756,-0.14333333333333265,0.02709606837649109,13,19
00-0026986,2017,WR,Michael Crabtree,13,13.215384615384615,10.283333333333333,15.72857142857143,0.21801322556706604,0.21793426294537607,-5.445238095238096,7.896262168996526e-05,20,43
00-0026986,2018,WR,Michael Crabtree,16,8.29375,5.133333333333333,10.190000000000001,0.14670665083708564,0.1787965143107948,-5.056666666666668,-0.03208986347370915,72,104
00-0026995,2014,WR,Jeremy Maclin,16,17.299999999999997,12.283333333333337,20.310000000000002,0.2240321109286627,0.23592418919545513,-8.026666666666666,-0.011892078266792422,10,36
00-0026995,2015,WR,Jeremy Maclin,15,16.21333333333333,20.366666666666667,13.444444444444446,0.3575586785731713,0.2942152104837233,6.922222222222221,0.06334346808944802,19,10
00-0026995,2016,WR,Jeremy Maclin,12,9.125,7.216666666666666,11.033333333333331,0.16109988195354052,0.18805847596977723,-3.8166666666666655,-0.02695859401623671,67,77
00-0026995,2017,WR,Jeremy Maclin,12,8.5,7.300000000000002,9.700000000000001,0.17878744349332595,0.19318051963024854,-2.3999999999999995,-0.014393076136922589,59,70
00-0026996,2014,TE,Brandon Pettigrew,9,1.8888888888888888,2.516666666666666,0.6333333333333333,0.0550179211469534,0.0459651064726966,1.8833333333333329,0.009052814674256796,74,63
00-0026996,2015,TE,Brandon Pettigrew,8,2.4625000000000004,2.3,2.95,0.03930741887398236,0.04313602634036073,-0.6500000000000004,-0.0038286074663783642,70,65
00-0026998,2014,WR,Percy Harvin,13,10.115384615384615,8.049999999999999,11.885714285714286,0.21364246651602983,0.21756911081844774,-3.835714285714287,-0.003926644302417903,54,64
00-0027003,2014,RB,Donald Brown,13,5.569230769230769,5.650000000000001,5.5,0.08297187561893447,0.09416152389003066,0.15000000000000124,-0.011189648271096184,64,64
00-0027003,2015,RB,Donald Brown,6,7.616666666666667,7.616666666666667,1.3,0.05458248838647511,0.05458248838647511,6.316666666666667,0.0,56,57
00-0027005,2014,WR,Hakeem Nicks,15,6.833333333333333,8.05,6.022222222222222,0.1140621808386791,0.10865077997145228,2.0277777777777786,0.005411400867226815,81,63
00-0027005,2015,WR,Hakeem Nicks,6,2.066666666666667,2.066666666666667,1.4,0.0585042619198217,0.0585042619198217,0.666666666666667,0.0,149,145
00-0027006,2014,WR,Kenny Britt,16,8.8875,8.966666666666667,8.84,0.19430022341206543,0.16605839658740634,0.12666666666666693,0.02824182682465909,63,57
00-0027006,2015,WR,Kenny Britt,16,7.63125,10.666666666666666,5.81,0.1724049224982588,0.1502223795565416,4.8566666666666665,0.022182542941717204,72,48
00-0027006,2016,WR,Kenny Britt,15,13.08,11.15,14.366666666666667,0.23989682959558034,0.22570000382305982,-3.216666666666667,0.014196825772520516,27,43
00-0027006,2017,WR,Kenny Britt,12,4.8,2.8333333333333335,6.766666666666666,0.06270247449682935,0.09540409787157163,-3.9333333333333322,-0.03270162337474228,101,124
00-0027029,2014,RB,LeSean McCoy,16,12.4625,13.916666666666666,11.59,0.03427689594356262,0.05712385447252489,2.326666666666666,-0.02284695852896227,21,15
00-0027029,2015,RB,LeSean McCoy,12,14.891666666666666,15.516666666666667,14.266666666666666,0.14679415775906993,0.1408314694536715,1.2500000000000018,0.0059626883053984225,9,9
00-0027029,2016,RB,LeSean McCoy,15,19.886666666666667,23.049999999999997,17.77777777777778,0.14953588824556566,0.1331335296452644,5.272222222222219,0.01640235860030126,4,3
00-0027029,2017,RB,LeSean McCoy,16,16.475,16.033333333333335,16.740000000000002,0.12648048733508332,0.1657071401682386,-0.706666666666667,-0.03922665283315527,9,12
00-0027029,2018,RB,LeSean McCoy,14,9.085714285714285,9.816666666666666,8.5375,0.0781189398836458,0.1054858569430163,1.2791666666666668,-0.027366917059370513,44,39
00-0027029,2019,RB,LeSean McCoy,13,9.123076923076923,7.466666666666666,10.542857142857143,0.08653861117096405,0.07578969743308954,-3.076190476190477,0.01074891373787451,43,46
00-0027029,2020,RB,LeSean McCoy,8,3.525,3.3166666666666664,4.1499999999999995,0.051663766931303305,0.06742429578671277,-0.833333333333333,-0.01576052885540947,90,89
00-0027057,2014,WR,Brandon Tate,15,2.9600000000000004,1.0666666666666667,4.222222222222222,0.031808688387635765,0.053432140126407186,-3.155555555555556,-0.02162345173877142,123,137
00-0027057,2015,WR,Brandon Tate,15,0.9266666666666666,0.0,1.5444444444444445,0.007575757575757583,0.008474747474747479,-1.5444444444444445,-0.0008989898989898958,161,162
00-0027057,2016,WR,Brandon Tate,15,1.6333333333333333,1.1833333333333333,1.9333333333333331,0.019397508107185532,0.02562794911182007,-0.7499999999999998,-0.006230441004634539,144,149
00-0027057,2017,WR,Brandon Tate,13,1.546153846153846,0.75,2.2285714285714286,0.01911027568922305,0.030322271820247486,-1.4785714285714286,-0.011211996131024436,152,161
00-0027061,2014,TE,Jared Cook,16,8.3375,8.133333333333335,8.459999999999999,0.1970118636237056,0.18699350195139092,-0.32666666666666444,0.01001836167231468,19,19
00-0027061,2015,TE,Jared Cook,16,5.44375,4.833333333333333,5.8100000000000005,0.1614214718469588,0.16767613827348987,-0.9766666666666675,-0.00625466642653108,39,40
00-0027061,2016,TE,Jared Cook,10,7.17,6.6499999999999995,7.949999999999999,0.1443274853801169,0.1474051593041801,-1.2999999999999998,-0.003077673924063218,30,33
00-0027061,2017,TE,Jared Cook,16,8.3,5.716666666666666,9.85,0.1370619695127611,0.1631575502992727,-4.133333333333334,-0.026095580786511613,15,31
00-0027061,2018,TE,Jared Cook,16,12.1,11.15,12.67,0.18389685577185585,0.18372883445636523,-1.5199999999999996,0.00016802131549062405,5,9
00-0027061,2019,TE,Jared Cook,14,11.964285714285717,16.5,8.5625,0.1285110514095509,0.1351153998922778,7.9375,-0.006604348482726896,10,5
00-0027061,2020,TE,Jared Cook,15,8.493333333333332,9.149999999999999,8.055555555555554,0.1421477455960215,0.12497243422147034,1.094444444444445,0.017175311374551167,23,18
00-0027061,2021,TE,Jared Cook,16,8.274999999999999,8.799999999999999,7.959999999999999,0.14003529288455766,0.13299953786188995,0.8399999999999999,0.007035755022667706,18,16
00-0027069,2014,TE,Chase Coffman,8,2.3,2.433333333333333,1.9,0.06727237903708498,0.06289641390744335,0.5333333333333332,0.004375965129641626,66,65
00-0027077,2014,WR,Brian Hartline,16,6.15,5.216666666666666,6.709999999999999,0.0705025077365503,0.10770375776438831,-1.4933333333333332,-0.037201250027838015,87,95
00-0027077,2015,WR,Brian Hartline,12,9.191666666666668,14.75,3.6333333333333333,0.23524492234169658,0.17261027360351366,11.116666666666667,0.06263464873818292,60,26
00-0027089,2014,WR,Louis Murphy,11,7.363636363636363,4.333333333333333,10.999999999999998,0.10987886229878528,0.139737643898511,-6.666666666666665,-0.02985878159972573,74,103
00-0027089,2017,WR,Louis Murphy,6,4.3500000000000005,4.3500000000000005,6.8,0.08397745233271547,0.08397745233271547,-2.4499999999999993,0.0,104,98
00-0027109,2014,TE,James Casey,9,2.322222222222222,3.0,0.9666666666666667,0.0088702147525677,0.0086235036019828,2.033333333333333,0.0002467111505849006,65,52
00-0027125,2015,TE,Zach Miller,13,8.3,10.566666666666666,6.357142857142857,0.1836793110314615,0.118089073744222,4.20952380952381,0.0655902372872395,23,16
00-0027125,2016,TE,Zach Miller,10,11.959999999999999,11.333333333333334,12.9,0.209819917924742,0.18575237768423764,-1.5666666666666664,0.024067540240504365,10,10
00-0027125,2017,TE,Zach Miller,8,6.949999999999999,6.25,9.05,0.19187756687756694,0.18765817515817518,-2.8000000000000007,0.004219391719391757,25,27
00-0027135,2014,TE,Brandon Myers,11,3.727272727272727,2.066666666666667,5.720000000000001,0.09496768328290069,0.10095443094454959,-3.6533333333333338,-0.005986747661648903,51,70
00-0027135,2015,TE,Brandon Myers,6,4.116666666666666,4.116666666666666,4.8,0.09085384900324213,0.09085384900324213,-0.6833333333333336,0.0,46,50
00-0027135,2016,TE,Brandon Myers,10,2.09,1.5999999999999999,2.825,0.04658591000502763,0.03967303723108675,-1.2250000000000003,0.006912872773940884,72,74
00-0027139,2014,TE,John Phillips,9,0.7888888888888889,1.1833333333333333,0.0,0.0053763440860215,0.0035842293906809997,1.1833333333333333,0.0017921146953405,88,83
00-0027139,2015,TE,John Phillips,9,2.5444444444444443,1.383333333333333,4.866666666666666,0.020741427884285034,0.030944735706640476,-3.4833333333333334,-0.010203307822355442,66,77
00-0027139,2016,TE,John Phillips,9,2.5777777777777775,1.3666666666666665,5.0,0.02793178431757032,0.04167977468122899,-3.6333333333333337,-0.013747990363658674,66,77
00-0027150,2014,WR,Julian Edelman,14,16.32857142857143,20.933333333333334,12.875,0.26785306894982513,0.25830060769811175,8.058333333333334,0.009552461251713384,15,5
00-0027150,2015,WR,Julian Edelman,9,19.166666666666668,16.75,24.0,0.19767394200428,0.2390411370286215,-7.25,-0.0413671950243415,7,16
00-0027150,2016,WR,Julian Edelman,16,14.51875,17.96666666666667,12.45,0.32193112582638866,0.2933075226089274,5.516666666666669,0.02862360321746127,16,6
00-0027150,2018,WR,Julian Edelman,12,17.285,17.716666666666665,16.85333333333333,0.2723468660968663,0.25806790036972976,0.8633333333333333,0.01427896572713655,13,11
00-0027150,2019,WR,Julian Edelman,16,16.0175,14.366666666666667,17.008000000000003,0.25626824484583116,0.2579398281940881,-2.6413333333333355,-0.0016715833482569553,9,24
00-0027150,2020,WR,Julian Edelman,6,9.37,9.37,13.0,0.22808919173668232,0.22808919173668232,-3.630000000000001,0.0,65,60
00-0027155,2014,RB,Rashad Jennings,11,12.590909090909092,11.166666666666666,14.3,0.1139869033788072,0.09642584007142402,-3.1333333333333346,0.017561063307383176,20,25
00-0027155,2015,RB,Rashad Jennings,16,10.30625,13.033333333333333,8.67,0.07601879461462005,0.06327913977933024,4.363333333333333,0.012739654835289813,34,22
00-0027155,2016,RB,Rashad Jennings,13,10.646153846153844,9.75,11.414285714285715,0.0695292361959029,0.08398351658405498,-1.6642857142857146,-0.01445428038815208,33,43
00-0027202,2014,TE,Michael Palmer,6,1.1833333333333333,1.1833333333333333,0.0,0.011296296296296299,0.011296296296296299,1.1833333333333333,0.0,82,83
00-0027215,2014,TE,Logan Paulsen,15,1.653333333333333,2.1999999999999997,1.2888888888888888,0.028169899985444866,0.03185237557859352,0.911111111111111,-0.0036824755931486562,77,66
00-0027215,2016,TE,Logan Paulsen,10,0.45,0.25,0.75,0.025333360798692667,0.0295438027742214,-0.5,-0.004210441975528733,86,86
00-0027215,2018,TE,Logan Paulsen,8,3.0124999999999997,3.6833333333333322,1.0,0.033049863260668395,0.02925168315978701,2.6833333333333322,0.003798180100881385,63,46
00-0027218,2014,RB,Joique Bell,15,13.213333333333333,16.266666666666666,11.177777777777777,0.09230688293188295,0.09743211508455414,5.088888888888889,-0.005125232152671189,16,8
00-0027218,2015,RB,Joique Bell,13,8.13076923076923,11.133333333333333,5.557142857142857,0.07242974577339902,0.05986836971357095,5.576190476190476,0.012561376059828065,52,33
00-0027265,2014,WR,Victor Cruz,6,10.450000000000001,10.450000000000001,4.4,0.20362484737484718,0.20362484737484718,6.050000000000001,0.0,49,48
00-0027265,2016,WR,Victor Cruz,14,7.257142857142858,5.816666666666667,8.3375,0.13587030253696916,0.1346756458499894,-2.520833333333333,0.001194656686979767,77,90
00-0027321,2014,TE,Jeff Cumberland,16,4.10625,4.883333333333334,3.6399999999999997,0.10270982742247103,0.09619293143000036,1.243333333333334,0.00651689599247067,49,34
00-0027321,2015,TE,Jeff Cumberland,9,1.411111111111111,0.9,2.433333333333333,0.01933551198257082,0.03619238369932486,-1.5333333333333332,-0.016856871716754037,80,81
00-0027322,2014,WR,David Nelson,6,2.4166666666666665,2.4166666666666665,2.7,0.07722048066875666,0.07722048066875666,-0.28333333333333366,0.0,130,125
00-0027325,2014,RB,LeGarrette Blount,15,6.540000000000001,8.65,5.133333333333334,0.0170995670995671,0.020962390279617167,3.5166666666666666,-0.0038628231800500665,57,37
00-0027325,2015,RB,LeGarrette Blount,12,10.216666666666667,9.183333333333332,11.25,0.016902011125374417,0.014928760596283057,-2.066666666666668,0.0019732505290913603,36,45
00-0027325,2016,RB,LeGarrette Blount,16,14.556249999999999,12.266666666666666,15.930000000000001,0.007837837837837834,0.01585890835890835,-3.6633333333333358,-0.008021070521070515,15,23
00-0027325,2017,RB,LeGarrette Blount,16,6.725,4.166666666666667,8.260000000000002,0.016216082392552986,0.01315111496153485,-4.093333333333335,0.003064967431018136,58,79
00-0027325,2018,RB,LeGarrette Blount,16,5.40625,6.883333333333333,4.52,0.05410767910767903,0.028504530710413027,2.3633333333333333,0.025603148397266004,77,57
00-0027356,2014,WR,Marlon Moore,12,0.0,0.0,0.0,0.0,0.0,0.0,0.0,159,158
00-0027356,2015,WR,Marlon Moore,10,2.11,3.0999999999999996,0.625,0.04420292094096324,0.02856256889110855,2.4749999999999996,0.015640352049854686,148,131
00-0027450,2014,WR,Preston Parker,16,5.6125,5.766666666666666,5.519999999999999,0.10041846720482288,0.09259715958790055,0.24666666666666703,0.007821307616922332,92,89
00-0027531,2014,RB,Chris Ivory,16,9.524999999999999,7.55,10.709999999999999,0.04050659855257555,0.05065038330124536,-3.1599999999999993,-0.01014378474866981,33,46
00-0027531,2015,RB,Chris Ivory,15,13.51333333333333,10.216666666666667,15.711111111111112,0.06014861014861017,0.06703390889852412,-5.494444444444445,-0.006885298749913948,15,39
00-0027531,2016,RB,Chris Ivory,11,8.590909090909092,11.25,5.3999999999999995,0.08536891679748819,0.06736183231819783,5.8500000000000005,0.018007084479290364,45,32
00-0027531,2017,RB,Chris Ivory,14,6.049999999999999,1.6833333333333333,9.325,0.011297852474323066,0.059062543936493496,-7.641666666666666,-0.04776469146217043,65,102
00-0027531,2018,RB,Chris Ivory,13,5.6923076923076925,5.016666666666667,6.271428571428571,0.03422407970280312,0.04972644659634341,-1.2547619047619047,-0.015502366893540294,73,74
00-0027581,2014,WR,Seyi Ajirotutu,16,0.5312500000000001,1.0666666666666667,0.21000000000000002,0.039433551198257095,0.018888110799875513,0.8566666666666667,0.020545440398381583,153,137
00-0027581,2015,WR,Seyi Ajirotutu,7,0.19999999999999998,0.2333333333333333,0.0,0.016850183516850182,0.014443014443014443,0.2333333333333333,0.0024071690738357385,167,161
00-0027595,2014,WR,Bryan Walters,13,0.8846153846153846,0.3833333333333333,1.3142857142857145,0.005747126436781617,0.02984754708892643,-0.9309523809523812,-0.024100420652144815,145,152
00-0027595,2015,WR,Bryan Walters,11,6.8,5.749999999999999,8.059999999999999,0.08902468477194364,0.09923492112695179,-2.3099999999999996,-0.010210236355008145,83,92
00-0027595,2016,WR,Bryan Walters,10,5.95,8.35,2.35,0.13569201069201084,0.09064921314921322,6.0,0.04504279754279762,91,65
00-0027651,2014,WR,Dexter McCluster,13,4.984615384615386,5.933333333333333,4.171428571428572,0.10247740558257608,0.08673869665601515,1.761904761904761,0.01573870892656093,97,88
00-0027651,2015,WR,Dexter McCluster,11,8.336363636363636,8.883333333333333,7.68,0.15310388536194994,0.1094993680169804,1.2033333333333331,0.043604517344969534,65,61
00-0027651,2016,WR,Dexter McCluster,6,1.8,1.8,2.9,0.0479151346432822,0.0479151346432822,-1.0999999999999999,0.0,142,143
00-0027654,2016,WR,Arrelious Benn,12,1.8833333333333335,0.43333333333333335,3.3333333333333335,0.011757590924257584,0.020731882574352118,-2.9000000000000004,-0.008974291650094534,141,155
00-0027656,2014,TE,Rob Gronkowski,15,17.76,17.183333333333334,18.144444444444446,0.24470598258822085,0.23320100570241933,-0.9611111111111121,0.011504976885801516,1,1
00-0027656,2015,TE,Rob Gronkowski,15,17.040000000000003,13.0,19.733333333333334,0.22545281610097334,0.20974554295838235,-6.733333333333334,0.01570727314259099,2,7
00-0027656,2016,TE,Rob Gronkowski,8,12.125,15.816666666666668,1.05,0.17022365507121598,0.14350594793109234,14.766666666666667,0.026717707140123642,9,4
00-0027656,2017,TE,Rob Gronkowski,13,17.49230769230769,18.75,16.414285714285715,0.25734663234663235,0.23341289654806824,2.3357142857142854,0.023933735798564115,1,1
00-0027656,2018,TE,Rob Gronkowski,13,10.092307692307692,8.9,11.114285714285714,0.14830840455840452,0.16046894266875492,-2.2142857142857135,-0.012160538110350394,9,16
00-0027656,2020,TE,Rob Gronkowski,16,9.331249999999999,9.816666666666666,9.04,0.11768911934471382,0.1289326119613829,0.7766666666666673,-0.01124349261666907,15,17
00-0027656,2021,TE,Rob Gronkowski,12,14.266666666666667,13.399999999999999,15.133333333333333,0.18631443838483855,0.17049821594207726,-1.7333333333333343,0.01581622244276129,3,6
00-0027675,2014,TE,Ed Dickson,13,2.1153846153846154,3.6,0.8428571428571429,0.04926438535309505,0.042068253747205735,2.757142857142857,0.007196131605889312,69,46
00-0027675,2015,TE,Ed Dickson,16,2.5687500000000005,2.516666666666667,2.6,0.04996136805079888,0.05528941362671907,-0.08333333333333304,-0.00532804557592019,64,63
00-0027675,2016,TE,Ed Dickson,13,2.2615384615384615,0.6333333333333333,3.6571428571428575,0.03060372401301384,0.03938814729615783,-3.023809523809524,-0.008784423283143994,68,83
00-0027675,2017,TE,Ed Dickson,14,5.692857142857143,3.8000000000000003,7.1125,0.09046207415772632,0.10489529753604186,-3.3124999999999996,-0.01443322337831554,35,47
00-0027675,2018,TE,Ed Dickson,9,5.022222222222222,4.733333333333333,5.6000000000000005,0.05849183543149058,0.05990037325656275,-0.8666666666666671,-0.0014085378250721717,34,38
00-0027681,2014,WR,Brandon LaFell,16,13.1625,14.0,12.66,0.22212437719513214,0.19380297630500276,1.3399999999999999,0.028321400890129383,27,25
00-0027681,2015,WR,Brandon LaFell,11,8.127272727272727,6.966666666666666,9.52,0.16349725911870136,0.17281629446813487,-2.5533333333333337,-0.009319035349433513,67,87
00-0027681,2016,WR,Brandon LaFell,16,11.625,14.549999999999999,9.870000000000001,0.2870601955305245,0.20526442593071853,4.679999999999998,0.08179576959980595,41,21
00-0027681,2017,WR,Brandon LaFell,16,7.8,7.466666666666666,8.000000000000002,0.17654709788856135,0.18186055029686238,-0.5333333333333359,-0.005313452408301028,66,68
00-0027685,2014,WR,Emmanuel Sanders,16,18.862499999999997,15.766666666666666,20.72,0.25461254431842667,0.2361930632013301,-4.953333333333333,0.01841948111709657,7,14
00-0027685,2015,WR,Emmanuel Sanders,15,15.093333333333334,15.41666666666667,14.877777777777778,0.23158851479534584,0.2404212688438262,0.5388888888888914,-0.008832754048480357,22,24
00-0027685,2016,WR,Emmanuel Sanders,15,14.17333333333333,14.033333333333333,14.266666666666664,0.23706983805668014,0.2701006847494487,-0.23333333333333073,-0.03303084669276857,18,23
00-0027685,2017,WR,Emmanuel Sanders,12,9.541666666666666,7.816666666666667,11.266666666666666,0.23301295518207285,0.22834238695053063,-3.4499999999999984,0.004670568231542216,51,62
00-0027685,2018,WR,Emmanuel Sanders,12,16.51833333333333,14.13666666666667,18.900000000000002,0.2773974280765453,0.25353485828618155,-4.763333333333332,0.023862569790363775,18,24
00-0027685,2019,WR,Emmanuel Sanders,17,11.194117647058825,10.366666666666667,11.645454545454548,0.1867902078428394,0.18086380395977916,-1.278787878787881,0.005926403883060233,44,48
00-0027685,2020,WR,Emmanuel Sanders,14,11.771428571428574,11.75,11.787500000000001,0.19118138514690255,0.185963852189903,-0.03750000000000142,0.00521753295699956,44,48
00-0027685,2021,WR,Emmanuel Sanders,14,9.407142857142857,5.2,12.5625,0.10460823566158715,0.1425532691197626,-7.3625,-0.037945033458175445,54,105
00-0027688,2021,QB,Colt McCoy,7,5.9,6.916666666666668,-0.2,0.0,0.0,7.116666666666668,0.0,41,39
00-0027690,2014,WR,Eric Decker,15,13.346666666666666,14.700000000000001,12.444444444444445,0.3021973343812423,0.26096430176889934,2.2555555555555564,0.04123303261234296,25,17
00-0027690,2015,WR,Eric Decker,15,16.846666666666664,17.15,16.644444444444442,0.23623854623854615,0.24230135370694686,0.5055555555555564,-0.0060628074684007105,14,14
00-0027690,2017,WR,Eric Decker,16,7.26875,8.166666666666666,6.7299999999999995,0.220195163743551,0.17690903306661748,1.4366666666666665,0.043286130676933515,70,57
00-0027691,2014,WR,Andre Roberts,16,5.8375,4.266666666666667,6.779999999999999,0.10700425333324086,0.13628632434226057,-2.5133333333333328,-0.02928207100901971,90,104
00-0027691,2015,WR,Andre Roberts,8,3.8125,3.8166666666666664,3.8,0.06443605655428317,0.06908570430340649,0.016666666666666607,-0.004649647749123326,123,118
00-0027691,2016,WR,Andre Roberts,16,3.175,2.3000000000000003,3.7,0.06404596849360115,0.04374468636150458,-1.4,0.020301282132096574,127,136
00-0027691,2017,WR,Andre Roberts,16,0.1375,0.0,0.22000000000000003,0.0,0.007683657683657682,-0.22000000000000003,-0.007683657683657682,169,170
00-0027691,2018,WR,Andre Roberts,16,2.36875,4.366666666666666,1.17,0.048412698412698386,0.03526515151515151,3.1966666666666663,0.013147546897546873,143,117
00-0027691,2019,WR,Andre Roberts,13,0.43846153846153846,0.2833333333333333,0.5714285714285714,0.013888888888888883,0.017280511858373017,-0.28809523809523807,-0.003391622969484134,172,166
00-0027691,2020,WR,Andre Roberts,15,0.4733333333333334,0.5333333333333333,0.43333333333333335,0.0087719298245614,0.008555068226120852,0.09999999999999998,0.0002168615984405476,166,163
00-0027691,2021,WR,Andre Roberts,16,0.775,1.0999999999999999,0.5800000000000001,0.0,0.004464285714285712,0.5199999999999998,-0.004464285714285712,166,159
00-0027695,2014,TE,Tony Moeaki,6,4.566666666666667,4.566666666666667,7.1,0.08932590658134128,0.08932590658134128,-2.5333333333333323,0.0,41,36
00-0027696,2014,TE,Jimmy Graham,15,15.326666666666666,12.416666666666666,17.266666666666666,0.1971864829294225,0.20182687509463912,-4.85,-0.004640392165216611,2,5
00-0027696,2015,TE,Jimmy Graham,11,10.954545454545455,11.183333333333332,10.68,0.272738399318859,0.23889005378607023,0.5033333333333321,0.03384834553278879,13,13
00-0027696,2016,TE,Jimmy Graham,16,11.83125,9.733333333333333,13.09,0.1487052934421356,0.1794168914777396,-3.3566666666666674,-0.030711598035604,11,16
00-0027696,2017,TE,Jimmy Graham,16,10.6875,6.616666666666666,13.129999999999999,0.12905477876742238,0.1790923988969878,-6.513333333333333,-0.05003762012956542,7,23
00-0027696,2018,TE,Jimmy Graham,16,8.1625,6.566666666666666,9.120000000000001,0.14216095406625942,0.1393389738181816,-2.5533333333333346,0.00282198024807781,17,27
00-0027696,2019,TE,Jimmy Graham,16,6.29375,4.116666666666666,7.6,0.09338708724673635,0.10967555922008602,-3.4833333333333334,-0.016288471973349677,32,48
00-0027696,2020,TE,Jimmy Graham,16,8.975,8.066666666666666,9.52,0.0954917936625254,0.12454750756081534,-1.4533333333333331,-0.02905571389828994,18,27
00-0027696,2021,TE,Jimmy Graham,11,4.609090909090909,4.816666666666667,4.36,0.0508716173118347,0.061878922883931736,0.456666666666667,-0.011007305572097038,41,43
00-0027696,2023,TE,Jimmy Graham,6,5.6499999999999995,5.6499999999999995,0.0,0.04437203094403907,0.04437203094403907,5.6499999999999995,0.0,32,36
00-0027702,2014,WR,Mike Williams,6,4.7,4.7,5.6,0.09444577590232417,0.09444577590232417,-0.8999999999999995,0.0,99,100
00-0027708,2014,WR,Marcus Easley,6,0.0,0.0,0.0,0.0,0.0,0.0,0.0,159,158
00-0027708,2015,WR,Marcus Easley,11,1.1636363636363638,0.0,2.56,0.006172839506172833,0.00769600769600769,-2.56,-0.0015231681898348571,159,162
00-0027714,2016,TE,Dennis Pitta,16,10.55625,13.233333333333334,8.95,0.18705529897032372,0.17612249013571352,4.283333333333335,0.010932808834610203,15,5
00-0027718,2014,TE,Garrett Graham,10,4.369999999999999,3.983333333333333,4.95,0.07204901513651941,0.08381980598035807,-0.9666666666666672,-0.011770790843838655,44,43
00-0027718,2015,TE,Garrett Graham,8,1.625,0.8833333333333333,3.85,0.04438980753421808,0.04697465923571314,-2.966666666666667,-0.0025848517014950556,79,82
00-0027725,2014,TE,Clay Harbor,10,6.090000000000001,2.1999999999999997,11.924999999999999,0.062301185830597496,0.09895777243025808,-9.725,-0.03665658659966058,27,66
00-0027725,2015,TE,Clay Harbor,10,3.69,2.1333333333333333,6.0249999999999995,0.027884070294784583,0.05366363024252282,-3.891666666666666,-0.025779559947738236,51,67
00-0027732,2014,TE,Michael Hoomanawanui,7,1.0571428571428572,1.2333333333333332,0.0,0.03292028173493692,0.028217384344231648,1.2333333333333332,0.004702897390705271,84,82
00-0027732,2015,TE,Michael Hoomanawanui,10,3.46,3.3499999999999996,3.625,0.029399396217320222,0.03821853944882877,-0.27500000000000036,-0.008819143231508546,54,54
00-0027732,2017,TE,Michael Hoomanawanui,9,1.911111111111111,2.183333333333333,1.3666666666666665,0.03372545329067069,0.03439586123244295,0.8166666666666667,-0.0006704079417722553,75,69
00-0027739,2014,RB,John Conner,7,1.9285714285714286,2.25,0.0,0.012345679012345666,0.014153439153439144,2.25,-0.0018077601410934774,106,101
00-0027753,2014,TE,Andrew Quarless,16,4.95625,4.05,5.5,0.08053836706664494,0.08623378307784763,-1.4500000000000002,-0.005695416011202686,36,40
00-0027758,2014,WR,Riley Cooper,16,8.043750000000001,8.516666666666667,7.76,0.1676196557805754,0.15926551292364322,0.7566666666666677,0.008354142856932173,68,59
00-0027758,2015,WR,Riley Cooper,12,5.4750000000000005,2.6666666666666665,8.283333333333333,0.06999358102802689,0.0892660121612839,-5.616666666666667,-0.01927243113325701,96,138
00-0027772,2014,RB,Anthony Dixon,14,4.864285714285714,5.416666666666667,4.45,0.018795560403788533,0.01878327978427541,0.9666666666666668,1.2280619513124758e-05,74,65
00-0027772,2015,RB,Anthony Dixon,15,1.3866666666666667,0.65,1.8777777777777775,0.006172839506172833,0.018342151675485027,-1.2277777777777774,-0.012169312169312194,115,119
00-0027791,2014,RB,James Starks,14,5.521428571428572,6.050000000000001,5.125,0.056806770805155136,0.059651377530040496,0.9250000000000007,-0.0028446067248853596,65,58
00-0027791,2015,RB,James Starks,16,10.39375,10.033333333333333,10.61,0.08892907038561872,0.08914361344620897,-0.5766666666666662,-0.00021454306059025263,33,42
00-0027791,2016,RB,James Starks,9,6.544444444444443,8.65,2.333333333333333,0.08003412336337662,0.06906876462160011,6.316666666666667,0.01096535874177651,60,51
00-0027793,2014,WR,Antonio Brown,16,24.30625,25.133333333333336,23.810000000000002,0.3188721639127987,0.3072448222885261,1.3233333333333341,0.011627341624272591,2,2
00-0027793,2015,WR,Antonio Brown,16,24.387500000000003,26.71666666666667,22.990000000000002,0.3135317826387538,0.33600600471717146,3.7266666666666666,-0.02247422207841765,1,1
00-0027793,2016,WR,Antonio Brown,15,20.48666666666667,18.716666666666665,21.66666666666667,0.2703831711896228,0.27657752832163224,-2.9500000000000064,-0.006194357132009443,1,5
00-0027793,2017,WR,Antonio Brown,14,22.164285714285715,25.299999999999997,19.8125,0.26168981481481485,0.3100038343845948,5.487499999999997,-0.04831401956977993,1,1
00-0027793,2018,WR,Antonio Brown,15,21.579999999999995,22.95,20.666666666666664,0.2651635353605797,0.26737193935721837,2.283333333333335,-0.002208403996638686,2,1
00-0027793,2020,WR,Antonio Brown,8,14.6375,16.233333333333334,9.85,0.21348470114253518,0.20332120722247748,6.383333333333335,0.010163493920057692,23,21
00-0027793,2021,WR,Antonio Brown,7,17.3,16.233333333333334,23.7,0.24346840580658893,0.2309094271992985,-7.466666666666665,0.012558978607290439,8,15
00-0027796,2015,QB,Joe Webb,9,-0.011111111111111112,-0.016666666666666666,0.0,0.0,0.0,-0.016666666666666666,0.0,42,42
00-0027796,2016,QB,Joe Webb,9,0.14444444444444446,0.0,0.43333333333333335,0.0077519379844961335,0.007482773471145567,-0.43333333333333335,0.0002691645133505666,39,39
00-0027796,2017,QB,Joe Webb,9,0.5333333333333334,0.8000000000000002,0.0,0.0,0.0,0.8000000000000002,0.0,40,40
00-0027816,2014,WR,Marc Mariani,6,0.0,0.0,0.0,0.0,0.0,0.0,0.0,159,158
00-0027816,2015,WR,Marc Mariani,16,3.25,7.133333333333333,0.9199999999999999,0.13801880421796273,0.06805242093469029,6.213333333333333,0.06996638328327244,132,81
00-0027816,2016,WR,Marc Mariani,16,0.09375,0.25,0.0,0.0,0.0,0.25,0.0,162,159
00-0027825,2014,TE,Jim Dray,13,3.6307692307692303,2.8000000000000003,4.342857142857143,0.08123230373230376,0.07038326746049284,-1.5428571428571431,0.010849036271810927,52,58
00-0027825,2015,TE,Jim Dray,11,1.1,0.85,1.4,0.04189313884113662,0.04275202106723911,-0.5499999999999999,-0.0008588822261024892,82,83
00-0027844,2014,RB,Erik Lorig,7,2.3000000000000003,2.716666666666667,-0.2,0.03822052794434431,0.03722473823800941,2.916666666666667,0.0009957897063348972,100,93
00-0027854,2015,QB,Sam Bradford,14,13.921428571428569,15.226666666666665,12.942499999999999,0.0,0.0,2.284166666666666,0.0,29,24
00-0027854,2016,QB,Sam Bradford,15,14.792,15.839999999999998,14.093333333333334,0.0,0.0016666666666666668,1.7466666666666644,-0.0016666666666666668,23,16
00-0027861,2014,RB,C.J. Spiller,9,7.944444444444446,5.349999999999999,13.133333333333335,0.06368098430848279,0.07042601751101644,-7.783333333333336,-0.006745033202533654,42,67
00-0027861,2015,RB,C.J. Spiller,13,6.238461538461539,3.1166666666666667,8.914285714285715,0.0684305217061882,0.08069797988869956,-5.7976190476190474,-0.012267458182511362,64,90
00-0027861,2016,RB,C.J. Spiller,6,3.133333333333333,3.133333333333333,9.7,0.06316447495882985,0.06316447495882985,-6.566666666666666,0.0,87,83
00-0027864,2014,RB,Ryan Mathews,6,11.15,11.15,14.0,0.045946863593922416,0.045946863593922416,-2.8499999999999996,0.0,26,26
00-0027864,2015,RB,Ryan Mathews,13,9.576923076923077,8.1,10.842857142857143,0.05004822552158882,0.05222928137752263,-2.7428571428571438,-0.002181055855933804,43,53
00-0027864,2016,RB,Ryan Mathews,13,11.123076923076923,12.833333333333334,9.657142857142857,0.027643177735684688,0.03160412731989975,3.1761904761904773,-0.00396094958421506,28,17
00-0027873,2014,TE,Jermaine Gresham,15,9.2,12.4,7.066666666666666,0.18381285705847095,0.16994714555531534,5.333333333333334,0.013865711503155603,16,6
00-0027873,2015,TE,Jermaine Gresham,14,3.307142857142857,3.6833333333333336,3.025,0.05175136376686765,0.0678109967401768,0.6583333333333337,-0.016059632973309146,56,52
00-0027873,2016,TE,Jermaine Gresham,16,5.50625,7.900000000000001,4.07,0.14994933648034411,0.09658848914528506,3.830000000000001,0.05336084733505905,40,27
00-0027873,2017,TE,Jermaine Gresham,14,5.514285714285715,3.4166666666666665,7.0875,0.06691446305416894,0.08681534093956952,-3.670833333333334,-0.019900877885400584,37,51
00-0027873,2018,TE,Jermaine Gresham,8,2.05,2.066666666666667,2.0,0.05583678500179733,0.05731237136004365,0.06666666666666687,-0.0014755863582463155,75,75
00-0027874,2014,WR,Demaryius Thomas,16,21.306250000000002,20.066666666666666,22.050000000000004,0.38027838174897005,0.3190879332111074,-1.9833333333333378,0.06119044853786265,3,7
00-0027874,2015,WR,Demaryius Thomas,16,16.712500000000002,16.483333333333334,16.85,0.28092416754655863,0.2949066969808082,-0.36666666666666714,-0.013982529434249547,17,18
00-0027874,2016,WR,Demaryius Thomas,16,14.14375,12.583333333333336,15.079999999999998,0.2797720797720798,0.262718713486399,-2.4966666666666626,0.01705336628568077,19,34
00-0027874,2017,WR,Demaryius Thomas,16,12.86875,12.266666666666666,13.23,0.27568203741828035,0.25727356350248476,-0.9633333333333347,0.018408473915795587,22,28
00-0027874,2018,WR,Demaryius Thomas,15,10.446666666666667,8.9,11.47777777777778,0.17034313477539229,0.18931567615197936,-2.5777777777777793,-0.018972541376587077,47,60
00-0027874,2019,WR,Demaryius Thomas,11,7.754545454545454,7.833333333333333,7.659999999999999,0.15600325600325587,0.17806871906983127,0.17333333333333378,-0.02206546306657539,72,68
00-0027888,2014,RB,Toby Gerhart,14,5.8,6.05,5.612500000000001,0.05830896686159842,0.05282835648021618,0.4374999999999991,0.005480610381382242,63,59
00-0027890,2014,RB,Ben Tate,11,6.918181818181818,4.033333333333334,10.379999999999999,0.0380281071585419,0.033337951865860846,-6.346666666666665,0.004690155292681054,55,79
00-0027891,2014,WR,Golden Tate,16,16.193749999999998,12.816666666666668,18.220000000000002,0.21726803289303265,0.24267471203658322,-5.403333333333334,-0.025406679143550576,16,31
00-0027891,2015,WR,Golden Tate,16,13.0875,16.816666666666666,10.849999999999998,0.20930791234196813,0.2070118081882788,5.966666666666669,0.0022961041536893323,29,15
00-0027891,2016,WR,Golden Tate,16,13.94375,17.55,11.78,0.24599367924898385,0.23714863241950257,5.770000000000001,0.008845046829481285,20,8
00-0027891,2017,WR,Golden Tate,16,14.03125,13.25,14.5,0.21609993004516367,0.2141166552853968,-1.25,0.0019832747597668676,15,21
00-0027891,2018,WR,Golden Tate,15,12.193333333333335,8.683333333333332,14.533333333333335,0.1604433687736554,0.2127102064352641,-5.850000000000003,-0.052266837661608695,31,62
00-0027891,2019,WR,Golden Tate,11,14.018181818181818,14.233333333333333,13.76,0.19650292405426437,0.21515056511625527,0.4733333333333327,-0.018647641061990905,26,25
00-0027891,2020,WR,Golden Tate,12,7.21,6.836666666666666,7.583333333333333,0.14231448644558406,0.14038723716079488,-0.746666666666667,0.0019272492847891842,89,89
00-0027902,2014,WR,Dez Bryant,16,19.75,22.116666666666664,18.330000000000002,0.260836125785416,0.29686031922159734,3.7866666666666617,-0.03602419343618135,6,4
00-0027902,2015,WR,Dez Bryant,9,9.899999999999999,9.116666666666665,11.466666666666667,0.2858557684533915,0.2575195125845947,-2.3500000000000014,0.02833625586879679,53,59
00-0027902,2016,WR,Dez Bryant,13,13.846153846153847,12.366666666666665,15.114285714285714,0.23875195070847247,0.24577847223828014,-2.7476190476190485,-0.007026521529807678,21,36
00-0027902,2017,WR,Dez Bryant,16,11.65,9.716666666666667,12.810000000000002,0.21268898131643235,0.26628027705225554,-3.0933333333333355,-0.05359129573582319,29,49
00-0027905,2015,RB,Will Tukuafu,7,1.6857142857142857,1.9666666666666668,0.0,0.005208333333333333,0.004464285714285714,1.9666666666666668,0.000744047619047619,110,110
00-0027918,2014,WR,Andrew Hawkins,15,10.593333333333335,6.833333333333333,13.100000000000001,0.18368547118547104,0.23549229322113083,-6.266666666666668,-0.05180682203565978,46,80
00-0027918,2015,WR,Andrew Hawkins,8,6.824999999999999,6.983333333333333,6.35,0.12293246358372421,0.14897018102112652,0.6333333333333337,-0.02603771743740231,81,86
00-0027918,2016,WR,Andrew Hawkins,16,5.2125,2.9499999999999997,6.57,0.05678192034781182,0.09452143180615928,-3.6200000000000006,-0.03773951145834746,102,128
00-0027925,2014,RB,James Develin,6,1.8,1.8,3.7,0.04161720747492987,0.04161720747492987,-1.9000000000000001,0.0,109,107
00-0027925,2016,RB,James Develin,9,0.5333333333333333,0.7999999999999999,0.0,0.025917830099771385,0.017278553399847588,0.7999999999999999,0.008639276699923797,113,107
00-0027925,2017,RB,James Develin,8,1.225,0.7999999999999999,2.5,0.02982222465227137,0.031127352249887275,-1.7000000000000002,-0.0013051275976159044,105,112
00-0027925,2018,RB,James Develin,15,2.86,5.283333333333333,1.2444444444444445,0.019675925925925934,0.03129334306163578,4.038888888888889,-0.011617417135709848,90,70
00-0027939,2014,QB,Cam Newton,14,17.784285714285712,20.58666666666667,15.6825,0.0,0.0,4.90416666666667,0.0,7,1
00-0027939,2015,QB,Cam Newton,16,24.317500000000003,27.593333333333334,22.351999999999997,0.0,0.0,5.241333333333337,0.0,1,2
00-0027939,2016,QB,Cam Newton,15,16.950666666666667,14.003333333333332,18.915555555555553,0.0,0.0,-4.912222222222221,0.0,14,24
00-0027939,2017,QB,Cam Newton,16,18.717499999999998,18.433333333333334,18.887999999999998,0.0,0.0,-0.45466666666666455,0.0,5,8
00-0027939,2018,QB,Cam Newton,14,20.185714285714283,15.446666666666667,23.740000000000002,0.0,0.0,-8.293333333333335,0.0,8,20
00-0027939,2020,QB,Cam Newton,15,17.398666666666667,15.38,18.744444444444444,0.00555555555555555,0.004691358024691354,-3.364444444444443,0.0008641975308641961,16,27
00-0027939,2021,QB,Cam Newton,7,12.337142857142856,12.44,11.72,0.0,0.0,0.7199999999999989,0.0,31,28
00-0027942,2014,WR,A.J. Green,12,17.108333333333334,17.216666666666665,17.0,0.3581859741947462,0.3167455106611431,0.216666666666665,0.04144046353360309,12,9
00-0027942,2015,WR,A.J. Green,16,17.106250000000003,17.983333333333338,16.58,0.23738965283082933,0.26416589667345103,1.4033333333333395,-0.0267762438426217,13,11
00-0027942,2016,WR,A.J. Green,10,18.64,15.933333333333335,22.7,0.2803049549017292,0.30432651279425477,-6.766666666666664,-0.02402155789252558,4,11
00-0027942,2017,WR,A.J. Green,16,14.175,11.75,15.63,0.2891546800083385,0.2902904191311808,-3.880000000000001,-0.0011357391228423164,11,33
00-0027942,2018,WR,A.J. Green,9,16.599999999999998,14.91666666666667,19.966666666666665,0.25086099819331514,0.24313002753043397,-5.049999999999995,0.00773097066288117,17,17
00-0027942,2020,WR,A.J. Green,16,6.95625,5.766666666666667,7.67,0.1745564052581595,0.18016536797379928,-1.9033333333333333,-0.0056089627156397925,91,105
00-0027942,2021,WR,A.J. Green,16,9.799999999999999,8.499999999999998,10.58,0.1512115726401441,0.16481459532600762,-2.080000000000002,-0.013603022685863525,52,68
00-0027942,2022,WR,A.J. Green,13,4.7384615384615385,5.833333333333333,3.8,0.10534998290667945,0.09627688805411287,2.033333333333333,0.009073094852566577,107,87
00-0027944,2014,WR,Julio Jones,15,19.826666666666668,22.5,18.044444444444444,0.2751864516799167,0.2830178389640622,4.455555555555556,-0.007831387284145508,5,3
00-0027944,2015,WR,Julio Jones,16,23.068749999999998,21.2,24.189999999999998,0.31872783313544034,0.329150598913815,-2.9899999999999984,-0.010422765778374643,2,8
00-0027944,2016,WR,Julio Jones,14,18.564285714285717,17.833333333333332,19.1125,0.29777135683207795,0.2714845387073668,-1.2791666666666686,0.026286818124711175,5,7
00-0027944,2017,WR,Julio Jones,16,15.743749999999999,18.883333333333336,13.86,0.31638959542948714,0.28993036001149586,5.023333333333337,0.026459235417991278,9,5
00-0027944,2018,WR,Julio Jones,16,20.36875,20.0,20.589999999999996,0.26215481575864213,0.2812035118862444,-0.5899999999999963,-0.019048696127602238,5,9
00-0027944,2019,WR,Julio Jones,15,18.273333333333333,19.65,17.355555555555558,0.30621655549954246,0.2633134142039102,2.2944444444444407,0.042903141295632274,3,6
00-0027944,2020,WR,Julio Jones,9,16.233333333333334,18.3,12.100000000000001,0.22628290054760627,0.2002379830811203,6.199999999999999,0.02604491746648596,14,11
00-0027944,2021,WR,Julio Jones,10,8.040000000000001,6.516666666666667,10.325000000000001,0.14130460588793922,0.15734686609686613,-3.8083333333333345,-0.016042260208926906,74,90
00-0027944,2022,WR,Julio Jones,10,7.039999999999999,7.033333333333334,7.05,0.10450131581585126,0.10368018046890173,-0.01666666666666572,0.0008211353469495253,79,76
00-0027944,2023,WR,Julio Jones,8,4.55,4.55,4.55,0.09249900662944131,0.08068377878160479,0.0,0.01181522784783652,100,99
00-0027946,2014,QB,Jake Locker,7,9.13142857142857,7.313333333333333,20.04,0.0,0.0,-12.726666666666667,0.0,39,39
00-0027948,2015,QB,Blaine Gabbert,8,16.2175,16.396666666666665,15.68,0.0,0.0,0.716666666666665,0.0,22,20
00-0027948,2016,QB,Blaine Gabbert,6,12.283333333333333,12.283333333333333,14.5,0.004761904761904767,0.004761904761904767,-2.216666666666667,0.0,29,28
00-0027948,2018,QB,Blaine Gabbert,8,4.13,3.5799999999999996,5.78,0.0,0.0,-2.2000000000000006,0.0,37,37
00-0027948,2021,QB,Blaine Gabbert,6,0.33,0.33,-0.3,0.0,0.0,0.63,0.0,45,45
00-0027966,2014,RB,Mark Ingram,13,14.76153846153846,11.066666666666665,17.92857142857143,0.051609720688668065,0.06979847050210784,-6.861904761904766,-0.018188749813439778,12,27
00-0027966,2015,RB,Mark Ingram,12,16.95,16.783333333333335,17.11666666666667,0.1248174652598929,0.1220294444541205,-0.3333333333333357,0.0027880208057723954,4,5
00-0027966,2016,RB,Mark Ingram,16,15.1375,17.5,13.719999999999999,0.09330081626146391,0.08539466485792035,3.780000000000001,0.00790615140354356,10,8
00-0027966,2017,RB,Mark Ingram,16,17.375,16.683333333333334,17.79,0.14264520202020198,0.13125491366686357,-1.1066666666666656,0.011390288353338412,8,9
00-0027966,2018,RB,Mark Ingram,12,11.875,8.783333333333333,14.966666666666667,0.08336163625537436,0.08101234284152077,-6.183333333333334,0.0023492934138535926,28,46
00-0027966,2019,RB,Mark Ingram,15,16.166666666666668,18.016666666666666,14.933333333333334,0.09476162592104626,0.07132451800431766,3.083333333333332,0.023437107916728595,10,9
00-0027966,2020,RB,Mark Ingram,10,5.289999999999999,3.433333333333333,8.075,0.019607843137254898,0.03285971393388276,-4.641666666666666,-0.013251870796627863,68,86
00-0027966,2021,RB,Mark Ingram,14,7.757142857142857,9.433333333333334,6.5,0.1116750548457865,0.07244749991525588,2.9333333333333336,0.03922755493053062,54,41
00-0027966,2022,RB,Mark Ingram,10,5.01,4.6000000000000005,5.625,0.06249526926245025,0.05633644727175584,-1.0249999999999995,0.00615882199069441,68,67
00-0027973,2014,QB,Andy Dalton,16,14.10125,13.636666666666665,14.38,0.0,0.002403846153846156,-0.7433333333333358,-0.002403846153846156,26,25
00-0027973,2015,QB,Andy Dalton,13,18.784615384615385,16.136666666666667,21.054285714285715,0.0,0.0,-4.9176190476190484,0.0,10,21
00-0027973,2016,QB,Andy Dalton,16,16.29,14.723333333333334,17.23,0.0,0.0,-2.506666666666666,0.0,17,21
00-0027973,2017,QB,Andy Dalton,16,13.16875,13.113333333333335,13.202000000000002,0.0,0.0,-0.08866666666666667,0.0,26,24
00-0027973,2018,QB,Andy Dalton,11,15.867272727272727,13.273333333333333,18.98,0.0,0.0,-5.706666666666667,0.0,21,25
00-0027973,2019,QB,Andy Dalton,13,15.666153846153845,15.60666666666667,15.717142857142857,0.003472222222222217,0.0016025641025641001,-0.11047619047618795,0.0018696581196581167,20,16
00-0027973,2020,QB,Andy Dalton,11,12.445454545454545,16.916666666666668,7.08,0.0,0.002932551319648091,9.836666666666668,-0.002932551319648091,30,16
00-0027973,2021,QB,Andy Dalton,8,10.525,11.653333333333334,7.140000000000001,0.0,0.0,4.513333333333334,0.0,38,30
00-0027973,2022,QB,Andy Dalton,14,12.445714285714287,9.379999999999999,14.745000000000001,0.0,0.0,-5.365000000000002,0.0,28,35
00-0027973,2024,QB,Andy Dalton,6,9.826666666666666,9.826666666666666,0.0,0.0,0.0,9.826666666666666,0.0,38,38
00-0027974,2014,QB,Colin Kaepernick,16,15.66625,14.35,16.456000000000003,0.0,0.0,-2.1060000000000034,0.0,18,24
00-0027974,2015,QB,Colin Kaepernick,9,12.244444444444445,11.286666666666667,14.160000000000002,0.0,0.0,-2.873333333333335,0.0,31,32
00-0027974,2016,QB,Colin Kaepernick,11,18.221818181818183,17.113333333333333,19.552,0.0,0.0,-2.4386666666666663,0.0,7,9
00-0027981,2014,TE,Kyle Rudolph,9,6.566666666666666,5.583333333333333,8.533333333333333,0.09040835707502383,0.12200063311174435,-2.95,-0.03159227603672052,25,30
00-0027981,2015,TE,Kyle Rudolph,16,8.03125,7.783333333333334,8.180000000000001,0.16231153740957663,0.16820823443310232,-0.3966666666666674,-0.005896697023525688,26,24
00-0027981,2016,TE,Kyle Rudolph,16,13.0625,16.599999999999998,10.94,0.27127712550741334,0.22746427799216806,5.659999999999998,0.04381284751524528,4,2
00-0027981,2017,TE,Kyle Rudolph,16,9.8875,10.266666666666667,9.66,0.10723698781838316,0.15270093584151864,0.6066666666666674,-0.045463948023135484,10,7
00-0027981,2018,TE,Kyle Rudolph,16,9.4625,11.200000000000001,8.419999999999998,0.1752300373268114,0.14267121242207648,2.780000000000003,0.03255882490473491,12,8
00-0027981,2019,TE,Kyle Rudolph,15,7.58,10.783333333333331,5.444444444444445,0.12190771933541683,0.11066932297373527,5.338888888888887,0.011238396361681557,20,14
00-0027981,2020,TE,Kyle Rudolph,12,5.449999999999999,6.183333333333334,4.716666666666666,0.12847799003322258,0.1063751324616732,1.4666666666666677,0.02210285757154938,39,33
00-0027981,2021,TE,Kyle Rudolph,15,3.9799999999999995,3.3333333333333335,4.4111111111111105,0.0845272999826349,0.08779331147544546,-1.077777777777777,-0.0032660114928105555,55,58
00-0027985,2014,TE,Lance Kendricks,16,5.18125,3.483333333333333,6.2,0.05348393078656236,0.07624618053100363,-2.7166666666666672,-0.022762249744441264,34,49
00-0027985,2015,TE,Lance Kendricks,14,4.392857142857144,5.233333333333333,3.7625,0.11162974245945877,0.09986440449872473,1.4708333333333332,0.011765337960734035,45,36
00-0027985,2016,TE,Lance Kendricks,16,6.86875,5.333333333333333,7.789999999999999,0.14055373690257636,0.16374533636869124,-2.456666666666666,-0.023191599466114876,31,39
00-0027985,2017,TE,Lance Kendricks,14,3.1642857142857146,2.6333333333333333,3.5625,0.08999125663685821,0.06726044507096604,-0.9291666666666667,0.02273081156589217,57,61
00-0027985,2018,TE,Lance Kendricks,14,3.0,2.983333333333333,3.0124999999999997,0.05142553635830583,0.047601189680390524,-0.029166666666666785,0.0038243466779153065,64,59
00-0027994,2014,RB,Shane Vereen,16,10.362499999999999,7.25,12.23,0.09762006861063462,0.12313472768087616,-4.98,-0.025514659070241544,29,48
00-0027994,2015,RB,Shane Vereen,16,9.9,8.933333333333332,10.48,0.13509131251066728,0.1283305512467327,-1.5466666666666686,0.006760761263934573,40,46
00-0027994,2017,RB,Shane Vereen,16,5.23125,4.133333333333333,5.889999999999999,0.06898942654091393,0.08734072315644101,-1.756666666666666,-0.018351296615527077,73,80
00-0027996,2014,WR,Torrey Smith,15,12.78,17.099999999999998,9.899999999999999,0.224800876144962,0.18440335396212293,7.199999999999999,0.04039752218283907,29,11
00-0027996,2015,WR,Torrey Smith,16,7.831250000000001,8.683333333333334,7.32,0.10353986291486295,0.11761244213194957,1.3633333333333333,-0.014072579217086628,69,64
00-0027996,2016,WR,Torrey Smith,12,5.391666666666667,3.75,7.033333333333334,0.10001780626780625,0.13154398108903717,-3.283333333333334,-0.03152617482123092,98,120
00-0027996,2017,WR,Torrey Smith,16,5.66875,6.016666666666667,5.460000000000001,0.13505433652492485,0.11600726332523437,0.5566666666666658,0.019047073199690484,91,84
00-0027996,2018,WR,Torrey Smith,8,6.25,5.866666666666667,7.4,0.11328989417224707,0.11441186507362983,-1.5333333333333332,-0.00112197090138276,96,96
00-0028000,2014,RB,Daniel Thomas,12,4.491666666666666,4.283333333333333,4.7,0.03254381552253893,0.04360936767885718,-0.41666666666666696,-0.01106555215631825,79,78
00-0028002,2014,WR,Randall Cobb,16,18.462500000000002,17.099999999999998,19.279999999999998,0.2475401402137327,0.23848675237425807,-2.1799999999999997,0.009053387839474625,8,11
00-0028002,2015,WR,Randall Cobb,16,12.681249999999999,10.450000000000001,14.02,0.19049825299561518,0.23568462037937774,-3.5699999999999985,-0.045186367383762555,30,51
00-0028002,2016,WR,Randall Cobb,13,11.407692307692312,7.633333333333333,14.642857142857142,0.11654624581185156,0.16065593185544216,-7.0095238095238095,-0.0441096860435906,44,70
00-0028002,2017,WR,Randall Cobb,14,11.385714285714286,13.066666666666668,10.125,0.19991189955874053,0.18276535343569672,2.941666666666668,0.01714654612304381,32,22
00-0028002,2018,WR,Randall Cobb,9,9.58888888888889,7.650000000000001,13.466666666666669,0.1553527938608585,0.177853383200223,-5.816666666666667,-0.022500589339364496,53,72
00-0028002,2019,WR,Randall Cobb,15,10.326666666666664,8.883333333333335,11.288888888888888,0.13769502366163855,0.15675189821207364,-2.4055555555555532,-0.019056874550435088,52,59
00-0028002,2020,WR,Randall Cobb,10,10.01,9.966666666666667,10.075000000000001,0.14646138879351217,0.1461451585273547,-0.10833333333333428,0.00031623026615745786,58,56
00-0028002,2021,WR,Randall Cobb,11,8.69090909090909,9.466666666666667,7.76,0.11819873477250135,0.10363704288255772,1.706666666666667,0.014561691889943634,63,59
00-0028002,2022,WR,Randall Cobb,13,6.2846153846153845,4.116666666666667,8.142857142857142,0.1071113681639997,0.11926375325637048,-4.026190476190475,-0.01215238509237078,93,108
00-0028002,2023,WR,Randall Cobb,9,1.8777777777777775,2.45,0.7333333333333334,0.06782846782846791,0.06377277043943716,1.7166666666666668,0.004055697389030749,160,138
00-0028007,2014,TE,Rob Housler,12,1.8333333333333337,2.0166666666666666,1.6500000000000001,0.0294027532174084,0.03888572842443705,0.3666666666666665,-0.009482975207028649,75,71
00-0028009,2014,RB,DeMarco Murray,16,21.94375,21.950000000000003,21.94,0.13903833151297665,0.13394386998875657,0.010000000000001563,0.005094461524220079,2,3
00-0028009,2015,RB,DeMarco Murray,15,12.293333333333331,6.066666666666666,16.444444444444443,0.025516186042501835,0.08744796048139242,-10.377777777777776,-0.061931774438890586,20,66
00-0028009,2016,RB,DeMarco Murray,16,18.362499999999997,12.583333333333334,21.830000000000002,0.12380988077389876,0.13436863519064035,-9.246666666666668,-0.01055875441674159,6,20
00-0028009,2017,RB,DeMarco Murray,15,11.433333333333334,10.283333333333333,12.2,0.1131513792804116,0.10302909720003814,-1.916666666666666,0.010122282080373454,19,35
00-0028011,2014,RB,Stevan Ridley,6,8.666666666666666,8.666666666666666,4.8,0.0205169455169455,0.0205169455169455,3.8666666666666663,0.0,38,36
00-0028011,2015,RB,Stevan Ridley,8,1.6,2.066666666666667,0.2,0.017806267806267817,0.016559829059829063,1.866666666666667,0.0012464387464387536,112,106
00-0028011,2018,RB,Stevan Ridley,9,1.6444444444444444,1.75,1.4333333333333333,0.016273849607182932,0.012701084923307146,0.31666666666666665,0.0035727646838757867,99,96
00-0028012,2015,QB,Ryan Mallett,7,10.134285714285713,10.069999999999999,10.52,0.0,0.0,-0.45000000000000107,0.0,35,34
00-0028017,2015,WR,Leonard Hankerson,7,10.957142857142857,12.183333333333332,3.6,0.1823003657516632,0.173064179047644,8.583333333333332,0.009236186704019184,45,42
00-0028020,2014,WR,Vincent Brown,6,3.966666666666667,3.966666666666667,5.2,0.08219250135326982,0.08219250135326982,-1.2333333333333334,0.0,110,108
00-0028040,2014,TE,Jordan Cameron,10,7.839999999999999,7.1499999999999995,8.875,0.16658601109820625,0.17694895695039176,-1.7250000000000005,-0.010362945852185501,22,22
00-0028040,2015,TE,Jordan Cameron,16,5.725,4.616666666666667,6.39,0.08727474020246904,0.12573762597646215,-1.7733333333333325,-0.03846288577399311,37,43
00-0028042,2014,TE,Luke Stocker,7,1.5857142857142859,1.55,1.8,0.04885691793586524,0.045958990883802855,-0.25,0.0028979270520623837,79,79
00-0028042,2015,TE,Luke Stocker,8,2.6375,2.65,2.6,0.034890995923897335,0.04771997108085409,0.04999999999999982,-0.012828975156956753,62,60
00-0028042,2016,TE,Luke Stocker,6,1.2166666666666668,1.2166666666666668,2.8,0.04150008488243783,0.04150008488243783,-1.583333333333333,0.0,83,80
00-0028042,2018,TE,Luke Stocker,12,3.625,3.6,3.65,0.06683949691820755,0.06839323541723986,-0.04999999999999982,-0.0015537384990323144,53,47
00-0028042,2019,TE,Luke Stocker,12,1.1083333333333332,1.1166666666666665,1.0999999999999999,0.023544054206264053,0.029780520610941524,0.016666666666666607,-0.006236466404677472,84,85
00-0028042,2020,TE,Luke Stocker,11,1.2090909090909092,1.75,0.5599999999999999,0.0290475336476054,0.024854835378319493,1.19,0.004192698269285908,79,75
00-0028042,2021,TE,Luke Stocker,6,0.5333333333333333,0.5333333333333333,1.7,0.011002886002886,0.011002886002886,-1.1666666666666665,0.0,86,86
00-0028043,2014,RB,Roy Helu,13,9.792307692307691,10.5,9.185714285714287,0.1236076394149035,0.1084217725494167,1.3142857142857132,0.0151858668654868,31,31
00-0028043,2015,RB,Roy Helu,8,3.3,2.1166666666666667,6.85,0.05804843304843308,0.05501833236208238,-4.7333333333333325,0.0030301006863506993,88,101
00-0028050,2014,WR,Greg Salas,8,4.0875,5.083333333333333,1.1,0.09409592642351267,0.08752596780614025,3.983333333333333,0.006569958617372418,108,96
00-0028052,2014,WR,Cecil Shorts,13,9.075384615384614,7.246666666666666,10.642857142857142,0.24024096436377132,0.24289386135486202,-3.396190476190476,-0.0026528969910906974,61,72
00-0028052,2015,WR,Cecil Shorts,11,9.994545454545456,8.34,11.98,0.15032056006178215,0.16902156486959583,-3.6400000000000006,-0.01870100480781367,52,67
00-0028052,2016,WR,Cecil Shorts,7,3.742857142857143,4.0,2.2,0.11964667277167283,0.10815653184350668,1.7999999999999998,0.011490140928166151,122,116
00-0028063,2015,RB,Taiwan Jones,12,2.5833333333333335,0.31666666666666665,4.8500000000000005,0.009009009009009016,0.020527353541313558,-4.533333333333334,-0.011518344532304542,98,124
00-0028063,2016,RB,Taiwan Jones,10,0.75,0.7666666666666666,0.725,0.009147869674185466,0.01089412720991669,0.04166666666666663,-0.0017462575357312243,110,108
00-0028063,2019,RB,Taiwan Jones,8,0.7375,0.9833333333333334,0.0,0.005208333333333333,0.00390625,0.9833333333333334,0.001302083333333333,115,108
00-0028063,2020,RB,Taiwan Jones,8,0.0,0.0,0.0,0.008089668615984398,0.006067251461988299,0.0,0.002022417153996099,125,125
00-0028063,2021,RB,Taiwan Jones,7,0.0,0.0,0.0,0.0,0.0,0.0,0.0,123,122
00-0028063,2022,RB,Taiwan Jones,7,0.0,0.0,0.0,0.0,0.0,0.0,0.0,124,122
00-0028064,2014,RB,Bilal Powell,15,2.6866666666666665,2.4166666666666665,2.8666666666666667,0.07241215574548913,0.0422116155449489,-0.4500000000000002,0.030200540200540235,96,98
00-0028064,2015,RB,Bilal Powell,11,12.281818181818181,16.383333333333336,7.360000000000001,0.1779997304997307,0.14478174588722276,9.023333333333335,0.03321798461250794,21,6
00-0028064,2016,RB,Bilal Powell,16,12.3125,16.633333333333336,9.719999999999999,0.12638750501653734,0.12882991587068726,6.9133333333333375,-0.0024424108541499234,24,10
00-0028064,2017,RB,Bilal Powell,15,9.68,9.933333333333334,9.511111111111111,0.0395813881107999,0.06857523441951185,0.4222222222222225,-0.028993846308711956,30,38
00-0028064,2018,RB,Bilal Powell,7,8.614285714285714,8.799999999999999,7.5,0.07501471521656547,0.07858404161419898,1.299999999999999,-0.003569326397633507,46,45
00-0028064,2019,RB,Bilal Powell,12,2.766666666666667,4.633333333333334,0.9,0.05975172975172974,0.032653642653642644,3.733333333333334,0.027098087098087094,90,72
00-0028067,2014,TE,Julius Thomas,12,13.658333333333337,8.583333333333334,18.73333333333333,0.10658448520290607,0.14133571262630598,-10.149999999999997,-0.03475122742339991,6,17
00-0028067,2015,TE,Julius Thomas,12,10.125000000000002,12.133333333333335,8.116666666666667,0.17736499254356386,0.17613019953940826,4.0166666666666675,0.0012347930041556043,16,11
00-0028067,2016,TE,Julius Thomas,9,9.122222222222224,8.383333333333335,10.6,0.13200878425130916,0.13274376932650522,-2.216666666666665,-0.0007349850751960652,19,24
00-0028067,2017,TE,Julius Thomas,14,6.985714285714286,7.266666666666667,6.7749999999999995,0.12018235665819692,0.12450527670777357,0.49166666666666714,-0.004322920049576656,24,18
00-0028074,2014,RB,Anthony Sherman,14,1.7071428571428573,1.2,2.0875,0.03016134580600775,0.0353406895221059,-0.8875,-0.0051793437160981524,112,115
00-0028074,2015,RB,Anthony Sherman,11,0.6727272727272727,0.6833333333333332,0.6599999999999999,0.022068511198945984,0.017426923521530174,0.023333333333333317,0.00464158767741581,121,118
00-0028074,2016,RB,Anthony Sherman,8,0.6375000000000001,0.6333333333333333,0.65,0.024201643766861153,0.02762092979484284,-0.01666666666666672,-0.003419286027981687,112,111
00-0028074,2017,RB,Anthony Sherman,7,2.957142857142857,3.4499999999999997,0.0,0.04052404052404047,0.034734891877748975,3.4499999999999997,0.0057891486462914934,89,85
00-0028074,2018,RB,Anthony Sherman,10,2.38,1.2166666666666668,4.125,0.027146626272970348,0.028475110266706193,-2.908333333333333,-0.0013284839937358454,92,102
00-0028074,2019,RB,Anthony Sherman,11,0.4636363636363637,0.2833333333333333,0.68,0.006172839506172833,0.008497802615449673,-0.3966666666666667,-0.0023249631092768395,118,114
00-0028074,2020,RB,Anthony Sherman,6,1.3833333333333335,1.3833333333333335,0.2,0.008967001434720234,0.008967001434720234,1.1833333333333336,0.0,113,112
00-0028083,2014,RB,Jacquizz Rodgers,16,5.0,6.266666666666667,4.24,0.07880857912627987,0.06410050935046106,2.0266666666666664,0.014708069775818802,72,57
00-0028083,2016,RB,Jacquizz Rodgers,10,9.08,10.466666666666667,7.0,0.031076841656202715,0.04807556098664511,3.466666666666667,-0.016998719330442395,42,37
00-0028083,2017,RB,Jacquizz Rodgers,16,2.9250000000000003,1.9000000000000001,3.54,0.014242424242424251,0.01630866940077466,-1.64,-0.0020662451583504104,90,98
00-0028083,2018,RB,Jacquizz Rodgers,15,5.533333333333333,7.066666666666667,4.51111111111111,0.09452179152837037,0.07475183853007981,2.555555555555557,0.019769952998290555,74,56
00-0028086,2014,WR,Denarius Moore,10,2.36,1.2833333333333332,3.975,0.0246767451853588,0.07613579895330101,-2.691666666666667,-0.051459053767942214,131,135
00-0028087,2015,RB,Dion Lewis,7,17.17142857142857,17.366666666666667,16.0,0.20151839923856765,0.19505148506162942,1.3666666666666671,0.006466914176938232,3,4
00-0028087,2016,RB,Dion Lewis,7,7.814285714285716,7.800000000000001,7.9,0.07763386013029693,0.08534030116431465,-0.09999999999999964,-0.0077064410340177275,52,55
00-0028087,2017,RB,Dion Lewis,16,12.6875,18.633333333333333,9.120000000000001,0.10143020935703874,0.06108142799612033,9.513333333333332,0.040348781360918407,16,5
00-0028087,2018,RB,Dion Lewis,16,10.04375,7.483333333333333,11.580000000000002,0.17757238804840014,0.15447041815136142,-4.0966666666666685,0.02310196989703872,38,54
00-0028087,2019,RB,Dion Lewis,15,4.42,5.166666666666667,3.922222222222222,0.051680153542898566,0.08352965051113688,1.244444444444445,-0.031849496968238314,74,65
00-0028087,2020,RB,Dion Lewis,16,3.7,2.783333333333333,4.250000000000001,0.03059684684684685,0.05793190476706124,-1.4666666666666677,-0.02733505792021439,87,97
00-0028091,2014,WR,Jeremy Kerley,16,5.84375,5.683333333333334,5.940000000000001,0.1253151914071455,0.14825430994612035,-0.2566666666666677,-0.022939118538974845,89,90
00-0028091,2015,WR,Jeremy Kerley,16,2.7,0.0,4.32,0.0,0.03594205262103714,-4.32,-0.03594205262103714,138,162
00-0028091,2016,WR,Jeremy Kerley,16,9.29375,8.05,10.040000000000001,0.22536522536522532,0.24434315446094457,-1.9900000000000002,-0.018977929095719243,63,66
00-0028091,2017,WR,Jeremy Kerley,8,6.2125,6.016666666666668,6.8,0.10148107940446645,0.11890972259682808,-0.7833333333333314,-0.017428643192361634,81,83
00-0028093,2014,TE,Niles Paul,16,5.856249999999999,2.0166666666666666,8.16,0.04201656743762664,0.0929966920649511,-6.1433333333333335,-0.050980124627324465,31,71
00-0028093,2017,TE,Niles Paul,11,2.0727272727272728,2.4,1.6800000000000002,0.072267780601114,0.0545703045703046,0.7199999999999998,0.017697476030809393,73,67
00-0028093,2018,TE,Niles Paul,6,3.25,3.25,0.0,0.04220047759737141,0.04220047759737141,3.25,0.0,59,56
00-0028097,2014,TE,Lee Smith,8,2.1500000000000004,2.8666666666666667,0.0,0.05097244187762556,0.03822933140821917,2.8666666666666667,0.01274311046940639,68,56
00-0028097,2015,TE,Lee Smith,13,1.9230769230769231,2.0833333333333335,1.7857142857142858,0.016427732289413917,0.026916156695531396,0.29761904761904767,-0.01048842440611748,76,70
00-0028097,2017,TE,Lee Smith,10,1.56,1.7000000000000002,1.35,0.03939163384652105,0.03292069459362691,0.3500000000000001,0.006470939252894138,81,79
00-0028097,2018,TE,Lee Smith,9,3.922222222222222,5.0,1.7666666666666666,0.036769114894114885,0.03244925119925119,3.2333333333333334,0.0043198636948636945,48,35
00-0028097,2019,TE,Lee Smith,8,1.6375,1.883333333333333,0.9,0.022840642239974836,0.02159476739426684,0.9833333333333331,0.0012458748457079977,79,77
00-0028097,2021,TE,Lee Smith,10,2.15,0.3666666666666667,4.825,0.011728395061728384,0.029248575498575492,-4.458333333333334,-0.01752018043684711,72,87
00-0028112,2014,TE,Charles Clay,14,9.75,11.75,8.25,0.17102853398222617,0.15929636786041712,3.5,0.011732166121809051,13,9
00-0028112,2015,TE,Charles Clay,13,9.36923076923077,6.8,11.571428571428571,0.16614185035237672,0.19505088385794814,-4.771428571428571,-0.02890903350557142,19,29
00-0028112,2016,TE,Charles Clay,15,9.08,13.15,6.366666666666666,0.24728303158410667,0.2071462757521546,6.783333333333334,0.04013675583195206,21,6
00-0028112,2017,TE,Charles Clay,13,8.984615384615385,8.333333333333334,9.542857142857143,0.24403199136749534,0.21520646243823352,-1.2095238095238088,0.028825528929261823,12,13
00-0028112,2018,TE,Charles Clay,11,3.4000000000000004,3.0833333333333335,3.78,0.10929230085418111,0.10728960211880953,-0.6966666666666663,0.0020026987353715803,55,57
00-0028112,2019,TE,Charles Clay,15,3.18,3.216666666666667,3.155555555555556,0.0456454582255054,0.05353195345001718,0.061111111111110894,-0.007886495224511784,58,59
00-0028114,2014,WR,Dwayne Harris,16,1.2062499999999998,0.016666666666666666,1.92,0.020093890783545967,0.023699311037673115,-1.9033333333333333,-0.003605420254127148,141,157
00-0028114,2015,WR,Dwayne Harris,15,7.52,7.75,7.366666666666666,0.10803145305042844,0.09613245584793825,0.38333333333333375,0.011898997202490186,73,72
00-0028114,2016,WR,Dwayne Harris,16,0.51875,1.3833333333333335,0.0,0.006172839506172833,0.0023148148148148125,1.3833333333333335,0.0038580246913580206,160,146
00-0028114,2018,WR,Dwayne Harris,15,1.146666666666667,1.3166666666666667,1.0333333333333334,0.0045045045045045,0.01261216103321366,0.2833333333333332,-0.00810765652870916,155,154
00-0028116,2016,WR,Aldrick Robinson,13,4.946153846153847,6.8999999999999995,3.271428571428572,0.1044028409386053,0.07956075530764486,3.6285714285714277,0.024842085630960437,105,79
00-0028116,2017,WR,Aldrick Robinson,14,4.071428571428571,3.4,4.575,0.06444036226930963,0.08356740482093362,-1.1750000000000003,-0.019127042551623993,111,113
00-0028116,2018,WR,Aldrick Robinson,14,5.007142857142858,3.8666666666666667,5.862500000000001,0.09855306710145424,0.0726666283282478,-1.995833333333334,0.02588643877320644,115,128
00-0028118,2015,QB,Tyrod Taylor,14,19.400000000000002,21.84,17.57,0.0,0.0039682539682539715,4.27,-0.0039682539682539715,6,6
00-0028118,2016,QB,Tyrod Taylor,15,18.061333333333337,17.326666666666668,18.551111111111116,0.0,0.0,-1.2244444444444476,0.0,8,8
00-0028118,2017,QB,Tyrod Taylor,15,14.844000000000001,14.6,15.006666666666668,0.0,0.0,-0.40666666666666806,0.0,19,20
00-0028118,2021,QB,Tyrod Taylor,6,13.623333333333333,13.623333333333333,23.64,0.0,0.0,-10.016666666666667,0.0,26,22
00-0028118,2023,QB,Tyrod Taylor,10,8.734,11.943333333333333,3.92,0.0,0.0,8.023333333333333,0.0,38,27
00-0028118,2025,QB,Tyrod Taylor,6,9.91,9.91,8.34,0.0,0.0,1.5700000000000003,0.0,39,35
00-0028121,2014,RB,Jordan Todman,16,4.7125,7.933333333333333,2.7800000000000002,0.0898024733551049,0.06750103227729187,5.153333333333332,0.022301441077813025,76,42
00-0028121,2015,RB,Jordan Todman,6,0.3666666666666667,0.3666666666666667,1.1,0.006666666666666667,0.006666666666666667,-0.7333333333333334,0.0,125,123
00-0028121,2016,RB,Jordan Todman,13,0.9153846153846155,0.9833333333333334,0.8571428571428571,0.0059523809523809494,0.002747252747252746,0.1261904761904763,0.0032051282051282033,108,103
00-0028121,2017,RB,Jordan Todman,9,0.0,0.0,0.0,0.0,0.0,0.0,0.0,125,125
00-0028142,2014,TE,Virgil Green,9,2.1888888888888887,2.65,1.2666666666666666,0.01772247360482655,0.01721621697111893,1.3833333333333333,0.0005062566337076177,67,59
00-0028142,2015,TE,Virgil Green,13,2.715384615384615,1.2333333333333334,3.9857142857142853,0.01932807862599133,0.032535658989423906,-2.752380952380952,-0.013207580363432576,59,79
00-0028142,2016,TE,Virgil Green,10,5.17,3.7833333333333337,7.25,0.09142737541860342,0.10790495808692888,-3.4666666666666663,-0.016477582668325455,42,51
00-0028142,2017,TE,Virgil Green,11,3.5545454545454547,2.4499999999999997,4.88,0.05684148569822195,0.05707036196134332,-2.43,-0.00022887626312136783,51,66
00-0028142,2018,TE,Virgil Green,14,3.285714285714286,2.6333333333333333,3.7750000000000004,0.06947258772632874,0.06055412168542419,-1.141666666666667,0.008918466040904544,58,65
00-0028142,2019,TE,Virgil Green,12,1.8999999999999997,1.9333333333333336,1.8666666666666665,0.02434770143103475,0.03029239951137458,0.0666666666666671,-0.00594469808033983,75,75
00-0028149,2014,RB,Bruce Miller,15,3.1866666666666674,6.283333333333334,1.1222222222222222,0.12661076068517088,0.06646473250391688,5.161111111111111,0.060146028181254,92,56
00-0028149,2015,RB,Bruce Miller,13,2.376923076923077,2.1,2.614285714285714,0.02495580808080809,0.029681332423909287,-0.5142857142857138,-0.0047255243431011985,102,103
00-0028198,2014,RB,Matt Asiata,15,12.946666666666667,13.766666666666666,12.4,0.17103445936779282,0.13572059922466426,1.3666666666666654,0.03531386014312857,18,17
00-0028198,2015,RB,Matt Asiata,15,2.893333333333333,2.9333333333333336,2.8666666666666667,0.06240974740974738,0.05413839412347556,0.06666666666666687,0.008271353286271821,95,92
00-0028198,2016,RB,Matt Asiata,16,8.28125,7.966666666666666,8.47,0.05924637940282498,0.0643739880112841,-0.5033333333333347,-0.005127608608459129,50,53
00-0028202,2014,RB,Shaun Draughn,7,0.2714285714285714,0.31666666666666665,0.0,0.0,0.0,0.31666666666666665,0.0,126,124
00-0028202,2015,RB,Shaun Draughn,11,7.081818181818181,12.466666666666667,0.62,0.16652879527879516,0.09780281226709792,11.846666666666668,0.06872598301169724,62,24
00-0028202,2016,RB,Shaun Draughn,15,7.260000000000001,10.583333333333334,5.044444444444445,0.12784077784077774,0.08866052323661015,5.538888888888889,0.03918025460416759,55,34
00-0028237,2014,WR,Chris Hogan,13,8.123076923076923,6.6499999999999995,9.385714285714286,0.12936409829905834,0.12064856815125553,-2.7357142857142867,0.00871553014780281,67,81
00-0028237,2015,WR,Chris Hogan,15,6.237333333333334,3.7333333333333343,7.906666666666666,0.14230019493177384,0.12614193529801515,-4.173333333333332,0.016158259633758693,90,119
00-0028237,2016,WR,Chris Hogan,15,8.593333333333332,10.100000000000001,7.588888888888889,0.12541030372038953,0.11463194480653532,2.511111111111113,0.010778358913854202,69,50
00-0028237,2017,WR,Chris Hogan,9,12.177777777777777,10.75,15.033333333333333,0.17634118322397266,0.16913452372305002,-4.283333333333333,0.007206659500922641,26,39
00-0028237,2018,WR,Chris Hogan,15,7.080000000000001,6.316666666666666,7.58888888888889,0.10531517094017094,0.10728730280559547,-1.272222222222224,-0.0019721318654245257,86,89
00-0028237,2019,WR,Chris Hogan,7,2.1,2.45,0.0,0.06011591583020154,0.05538893171546232,2.45,0.004726984114739222,142,136
00-0028249,2014,WR,Jeremy Ross,16,3.83125,3.0666666666666664,4.290000000000001,0.05294208106708103,0.058419668774223284,-1.2233333333333345,-0.0054775877071422535,111,116
00-0028249,2015,WR,Jeremy Ross,11,1.6363636363636365,0.0,3.6,0.0,0.031009081009080994,-3.6,-0.031009081009080994,153,162
00-0028263,2014,WR,Andre Holmes,16,8.76875,7.900000000000001,9.290000000000001,0.19336679116090882,0.15914932283953084,-1.3899999999999997,0.03421746832137798,64,65
00-0028263,2015,WR,Andre Holmes,15,3.8733333333333335,2.1666666666666665,5.011111111111111,0.07339289737665998,0.05495562620346881,-2.8444444444444446,0.018437271173191168,119,143
00-0028263,2016,WR,Andre Holmes,16,2.7875,2.6,2.8999999999999995,0.049229324466006176,0.04371491330797929,-0.2999999999999994,0.005514411158026887,133,133
00-0028263,2017,WR,Andre Holmes,10,4.3,3.5833333333333335,5.375,0.07530073639142267,0.07757645323086497,-1.7916666666666665,-0.0022757168394423044,105,111
00-0028263,2018,WR,Andre Holmes,13,2.246153846153846,2.1333333333333333,2.342857142857143,0.026160059404740265,0.06303225195610399,-0.20952380952380967,-0.03687219255136372,144,142
00-0028345,2014,RB,Robert Hughes,11,2.1,2.6999999999999997,1.38,0.0332593813387424,0.03062344321218561,1.3199999999999998,0.0026359381265567902,102,94
00-0028352,2014,WR,Dane Sanzenbacher,6,2.9,2.9,6.2,0.08259194999561979,0.08259194999561979,-3.3000000000000003,0.0,124,119
00-0028409,2014,RB,DuJuan Harris,12,0.7083333333333334,0.9333333333333335,0.48333333333333334,0.0,0.004065040650406508,0.4500000000000001,-0.004065040650406508,122,118
00-0028409,2016,RB,DuJuan Harris,8,4.4125,0.7333333333333334,15.45,0.0045045045045045,0.030421647609147624,-14.716666666666665,-0.025917143104643124,73,109
00-0028411,2015,WR,Dontrelle Inman,13,7.661538461538462,11.100000000000001,4.714285714285714,0.16869977260342708,0.11597381200626794,6.385714285714287,0.052725960597159144,70,45
00-0028411,2016,WR,Dontrelle Inman,16,10.1875,14.033333333333333,7.88,0.20684128485852601,0.17010737760211486,6.153333333333333,0.03673390725641115,53,23
00-0028411,2017,WR,Dontrelle Inman,10,6.529999999999999,7.933333333333333,4.425,0.17940318035426736,0.1408940614647137,3.508333333333333,0.03850911888955366,76,60
00-0028411,2018,WR,Dontrelle Inman,8,9.549999999999999,9.516666666666666,9.649999999999999,0.12271493857020176,0.13750338968960907,-0.13333333333333286,-0.014788451119407311,54,55
00-0028411,2019,WR,Dontrelle Inman,7,4.3,4.766666666666667,1.5,0.10915600100382701,0.09776396724697778,3.2666666666666666,0.011392033756849232,115,106
00-0028411,2020,WR,Dontrelle Inman,7,6.614285714285714,7.033333333333334,4.1,0.1056998556998559,0.11440940012368606,2.9333333333333345,-0.008709544423830151,98,81
00-0028434,2014,WR,Doug Baldwin,16,10.45625,10.466666666666667,10.45,0.21852926350677473,0.2263174856243097,0.016666666666667496,-0.007788222117534965,48,47
00-0028434,2015,WR,Doug Baldwin,16,16.80625,25.5,11.59,0.2457059822361547,0.214564190046804,13.91,0.031141792189350703,16,3
00-0028434,2016,WR,Doug Baldwin,16,15.849999999999998,15.350000000000001,16.15,0.24976872345293386,0.22541052263113076,-0.7999999999999972,0.024358200821803094,10,15
00-0028434,2017,WR,Doug Baldwin,16,13.956249999999999,12.383333333333335,14.9,0.19729741310201085,0.21525501315963355,-2.5166666666666657,-0.017957600057622702,16,26
00-0028434,2018,WR,Doug Baldwin,13,10.907692307692306,15.216666666666667,7.2142857142857135,0.289808643764019,0.22704481226786635,8.002380952380953,0.06276383149615264,44,15
00-0028442,2014,WR,Ricardo Lockette,16,2.6687499999999997,1.8666666666666665,3.15,0.0244812658605762,0.03682756446796759,-1.2833333333333334,-0.01234629860739139,126,131
00-0028442,2015,WR,Ricardo Lockette,6,2.816666666666667,2.816666666666667,0.0,0.04237032124963159,0.04237032124963159,2.816666666666667,0.0,136,136
00-0028497,2014,WR,Kamar Aiken,13,5.746153846153846,7.366666666666667,4.357142857142857,0.08485414177618471,0.07355543248223145,3.0095238095238104,0.011298709293953255,91,69
00-0028497,2015,WR,Kamar Aiken,16,12.337499999999999,16.466666666666665,9.86,0.2359425815414735,0.19032171644201312,6.606666666666666,0.04562086509946037,34,19
00-0028497,2016,WR,Kamar Aiken,16,4.2375,4.7,3.96,0.06261228167016344,0.07520527454512407,0.7400000000000002,-0.012592992874960629,114,105
00-0028497,2017,WR,Kamar Aiken,14,2.0214285714285714,0.19999999999999998,3.3874999999999997,0.04391286817757407,0.09748898223024717,-3.1874999999999996,-0.0535761140526731,142,169
00-0028581,2014,RB,Patrick DiMarco,12,1.7666666666666666,1.0999999999999999,2.433333333333333,0.023627068457115166,0.0347912509562743,-1.3333333333333333,-0.011164182499159132,110,117
00-0028581,2015,RB,Patrick DiMarco,12,3.0,4.65,1.3499999999999999,0.04259696648349883,0.03439140306705886,3.3000000000000007,0.008205563416439972,94,79
00-0028581,2016,RB,Patrick DiMarco,10,1.8200000000000003,1.6666666666666667,2.05,0.025460487225193118,0.029323729649562168,-0.3833333333333331,-0.0038632424243690497,100,96
00-0028581,2017,RB,Patrick DiMarco,9,1.0666666666666667,1.383333333333333,0.43333333333333335,0.0452555891152382,0.03873006352538513,0.9499999999999997,0.0065255255898530665,112,105
00-0028581,2018,RB,Patrick DiMarco,8,1.2625000000000002,1.1166666666666667,1.7,0.014880952380952384,0.015066964285714288,-0.5833333333333333,-0.0001860119047619041,103,104
00-0028581,2019,RB,Patrick DiMarco,7,1.4,1.1500000000000001,2.9,0.029213340423017837,0.03320327138299488,-1.7499999999999998,-0.0039899309599770415,106,105
00-0028702,2015,WR,Chris Matthews,12,2.841666666666667,4.116666666666667,1.5666666666666664,0.07750638569604089,0.05572087379803949,2.5500000000000007,0.021785511898001396,135,114
00-0028795,2014,RB,Chase Reynolds,11,0.0,0.0,0.0,0.0,0.0,0.0,0.0,128,128
00-0028795,2015,RB,Chase Reynolds,8,0.0,0.0,0.0,0.0,0.0,0.0,0.0,128,126
00-0028795,2016,RB,Chase Reynolds,11,0.12727272727272726,0.2333333333333333,0.0,0.0059523809523809494,0.0032467532467532452,0.2333333333333333,0.002705627705627704,120,119
00-0028825,2016,WR,Terrelle Pryor,16,13.34,10.666666666666666,14.943999999999999,0.23101339157540704,0.24740407351103919,-4.277333333333333,-0.016390681935632145,24,46
00-0028825,2017,WR,Terrelle Pryor,8,6.249999999999999,5.383333333333333,8.85,0.11769943019943009,0.1411680911680911,-3.466666666666667,-0.023468660968661,80,87
00-0028825,2018,WR,Terrelle Pryor,8,6.6375,5.466666666666666,10.15,0.10073695359828881,0.1186929591011556,-4.6833333333333345,-0.017956005502866787,90,101
00-0028838,2014,TE,Larry Donnell,16,9.58125,5.933333333333334,11.77,0.13434887568069262,0.1539160328802171,-5.836666666666666,-0.019567157199524482,15,28
00-0028838,2015,TE,Larry Donnell,8,7.9125,7.566666666666666,8.95,0.14853132297046234,0.14530000737936188,-1.3833333333333329,0.0032313155911004587,28,25
00-0028838,2016,TE,Larry Donnell,7,4.0285714285714285,3.283333333333333,8.5,0.08101839952875278,0.07964842408586972,-5.216666666666667,0.001369975442883059,53,58
00-0028841,2014,RB,Will Johnson,11,0.9181818181818181,1.3166666666666667,0.44000000000000006,0.019758231155627068,0.024224698912555662,0.8766666666666666,-0.0044664677569285945,120,114
00-0028841,2015,RB,Will Johnson,8,1.5375,0.9333333333333332,3.35,0.014352790924799052,0.010764593193599289,-2.416666666666667,0.0035881977311997635,114,116
00-0028903,2015,TE,Garrett Celek,10,5.56,5.683333333333334,5.375,0.07513671588874841,0.10060394468903147,0.30833333333333357,-0.025467228800283057,38,35
00-0028903,2016,TE,Garrett Celek,14,5.714285714285715,7.083333333333333,4.6875,0.10359835359835362,0.11269351230042972,2.395833333333333,-0.009095158702076098,38,31
00-0028903,2017,TE,Garrett Celek,14,5.614285714285714,9.699999999999998,2.55,0.10457854813117969,0.06755544643898977,7.149999999999998,0.03702310169218992,36,11
00-0028903,2018,TE,Garrett Celek,8,3.25,2.6333333333333333,5.1,0.033060610898254565,0.034795458173690924,-2.4666666666666663,-0.001734847275436359,59,65
00-0028905,2014,WR,Chris Owusu,6,4.683333333333334,4.683333333333334,10.0,0.03189011924644107,0.03189011924644107,-5.316666666666666,0.0,100,101
00-0028957,2014,QB,Austin Davis,9,11.96,11.93,12.020000000000001,0.0,0.0,-0.09000000000000163,0.0,31,32
00-0028958,2014,TE,Cory Harkey,11,1.9545454545454546,2.5666666666666664,1.22,0.04167101782233362,0.03585349541565513,1.3466666666666665,0.005817522406678495,72,61
00-0028958,2015,TE,Cory Harkey,9,0.8444444444444444,1.0333333333333332,0.4666666666666666,0.019678956596238948,0.021580351651643345,0.5666666666666667,-0.0019013950554043965,83,80
00-0028986,2016,QB,Case Keenum,10,11.114,11.19,11.0,0.0,0.0,0.1899999999999995,0.0,31,31
00-0028986,2017,QB,Case Keenum,15,15.858666666666666,17.303333333333335,14.895555555555555,0.0,0.0,2.4077777777777793,0.0,15,10
00-0028986,2018,QB,Case Keenum,16,13.43125,13.200000000000001,13.569999999999999,0.0,0.0,-0.36999999999999744,0.0,27,26
00-0028986,2019,QB,Case Keenum,10,10.347999999999999,8.08,13.749999999999998,0.0,0.0,-5.669999999999998,0.0,33,35
00-0028987,2015,TE,Phillip Supernaw,10,0.42000000000000004,0.7000000000000001,0.0,0.01843434343434343,0.011060606060606059,0.7000000000000001,0.007373737373737373,87,85
00-0028987,2016,TE,Phillip Supernaw,7,1.457142857142857,1.4166666666666667,1.7,0.026185770750988133,0.026773950686994157,-0.2833333333333332,-0.0005881799360060239,80,76
00-0028987,2017,TE,Phillip Supernaw,9,1.5444444444444445,2.1,0.43333333333333335,0.029273873527905784,0.023100145075951522,1.6666666666666667,0.006173728451954262,82,71
00-0029000,2014,WR,Cole Beasley,15,6.6000000000000005,11.783333333333331,3.144444444444445,0.16370966423704766,0.10848162167233516,8.638888888888886,0.055228042564712504,84,40
00-0029000,2015,WR,Cole Beasley,16,8.35,9.299999999999999,7.780000000000001,0.1454194963214486,0.14025379537143923,1.5199999999999978,0.005165700950009372,64,57
00-0029000,2016,WR,Cole Beasley,16,11.8125,7.699999999999999,14.279999999999998,0.19868704107834534,0.20712187190124182,-6.579999999999998,-0.008434830822896477,39,68
00-0029000,2017,WR,Cole Beasley,15,6.093333333333335,4.1,7.422222222222222,0.13758050673294184,0.1345309456715866,-3.322222222222222,0.0030495610613552326,84,101
00-0029000,2018,WR,Cole Beasley,16,9.3875,7.966666666666666,10.239999999999998,0.1338556931401951,0.17470670684469486,-2.2733333333333325,-0.040851013704499756,56,71
00-0029000,2019,WR,Cole Beasley,15,12.32,14.116666666666667,11.122222222222222,0.286475136313846,0.23976919543912684,2.9944444444444454,0.04670594087471919,37,27
00-0029000,2020,WR,Cole Beasley,15,13.833333333333334,16.366666666666667,12.144444444444446,0.23094748884222563,0.19683291998214972,4.222222222222221,0.03411456886007591,31,20
00-0029000,2021,WR,Cole Beasley,16,9.95625,7.983333333333334,11.139999999999999,0.1878615990096065,0.1842037700277826,-3.1566666666666645,0.003657828981823902,50,75
00-0029004,2014,RB,Lance Dunbar,15,3.3066666666666666,2.566666666666667,3.8000000000000003,0.04593869731800765,0.0499901281955255,-1.2333333333333334,-0.004051430877517852,91,96
00-0029004,2016,RB,Lance Dunbar,12,3.108333333333333,2.7000000000000006,3.516666666666667,0.07474244430766164,0.06155969114607888,-0.8166666666666664,0.01318275316158276,88,87
00-0029006,2014,WR,Saalim Hakim,12,0.0,0.0,0.0,0.0,0.0,0.0,0.0,159,158
00-0029033,2014,WR,Griff Whalen,9,0.47777777777777775,0.7166666666666667,0.0,0.011363636363636367,0.007575757575757579,0.7166666666666667,0.003787878787878789,154,149
00-0029033,2015,WR,Griff Whalen,12,3.625,4.983333333333333,2.2666666666666666,0.10362096466939254,0.058791865313419685,2.716666666666667,0.04482909935597285,126,100
00-0029048,2014,RB,Joe Banyard,8,3.0,3.483333333333333,1.55,0.05339506172839505,0.04572811447811448,1.933333333333333,0.007666947250280574,93,85
00-0029051,2014,WR,Jarrett Boykin,8,0.6625000000000001,0.26666666666666666,1.85,0.022455635192316834,0.04450658637617076,-1.5833333333333335,-0.022050951183853928,152,156
00-0029068,2015,RB,Derrick Coleman,10,0.42000000000000004,0.5,0.3,0.0,0.0034482758620689702,0.2,-0.0034482758620689702,124,121
00-0029068,2017,RB,Derrick Coleman,13,0.3692307692307693,0.13333333333333333,0.5714285714285714,0.01521942110177405,0.015330456506927093,-0.4380952380952381,-0.0001110354051530437,121,122
00-0029068,2018,RB,Derrick Coleman,10,0.4,0.03333333333333333,0.9500000000000001,0.009803921568627449,0.01388235294117647,-0.9166666666666667,-0.0040784313725490216,114,116
00-0029104,2014,RB,Jonas Gray,8,9.112499999999999,10.516666666666666,4.8999999999999995,0.012925170068027216,0.009693877551020412,5.616666666666666,0.003231292517006804,35,30
00-0029104,2015,RB,Jonas Gray,7,4.6000000000000005,4.55,4.9,0.03866863806468862,0.03314454691259024,-0.35000000000000053,0.005524091152098377,77,80
00-0029119,2014,TE,Derek Carrier,7,2.814285714285714,2.1,7.1,0.048900669915162655,0.05923087724329956,-5.0,-0.010330207328136908,60,69
00-0029119,2015,TE,Derek Carrier,12,3.0916666666666672,1.9833333333333334,4.199999999999999,0.05112347052280312,0.05165020560108658,-2.216666666666666,-0.0005267350782834634,57,71
00-0029119,2017,TE,Derek Carrier,9,1.6777777777777778,1.3833333333333335,2.2666666666666666,0.041753281358099435,0.04365562672550544,-0.8833333333333331,-0.0019023453674060081,80,83
00-0029119,2018,TE,Derek Carrier,10,1.9700000000000002,2.3666666666666667,1.375,0.04595174091141832,0.038590781388956254,0.9916666666666667,0.007360959522462067,76,71
00-0029119,2019,TE,Derek Carrier,11,2.9545454545454546,2.5166666666666666,3.4799999999999995,0.043708165758863465,0.053916641310863496,-0.9633333333333329,-0.01020847555200003,62,69
00-0029119,2020,TE,Derek Carrier,6,0.39999999999999997,0.39999999999999997,0.0,0.005747126436781617,0.005747126436781617,0.39999999999999997,0.0,87,87
00-0029129,2016,WR,Rod Streater,14,3.5071428571428567,6.533333333333334,1.2374999999999998,0.09029869029869027,0.059755003398436576,5.295833333333334,0.03054368690025369,123,82
00-0029137,2014,WR,Alshon Jeffery,16,16.35,17.2,15.839999999999998,0.2397636611723062,0.2367540242188127,1.3600000000000012,0.0030096369534934886,13,10
00-0029137,2015,WR,Alshon Jeffery,9,17.633333333333333,14.933333333333335,23.03333333333333,0.2931443752751052,0.3106655670454032,-8.099999999999996,-0.01752119177029804,10,25
00-0029137,2016,WR,Alshon Jeffery,12,12.174999999999999,11.4,12.950000000000001,0.2667980987289262,0.2302121372760131,-1.5500000000000007,0.03658596145291307,37,40
00-0029137,2017,WR,Alshon Jeffery,16,12.243749999999999,9.866666666666665,13.669999999999998,0.16103678750737568,0.2197587021957839,-3.803333333333333,-0.058721914688408205,24,46
00-0029137,2018,WR,Alshon Jeffery,13,14.253846153846153,13.683333333333332,14.742857142857142,0.17118932674937548,0.19730522260842936,-1.0595238095238102,-0.026115895859053884,23,26
00-0029137,2019,WR,Alshon Jeffery,9,13.577777777777778,12.683333333333335,15.366666666666669,0.2238944479188382,0.23798905400531423,-2.6833333333333336,-0.01409460608647603,30,35
00-0029137,2020,WR,Alshon Jeffery,7,3.357142857142857,3.9166666666666665,0.0,0.05615582130288013,0.05210181508500838,3.9166666666666665,0.004054006217871754,134,120
00-0029141,2014,RB,Alfred Morris,16,11.74375,10.233333333333334,12.649999999999999,0.05253328620242723,0.04669125904991719,-2.4166666666666643,0.005842027152510046,22,32
00-0029141,2015,RB,Alfred Morris,16,6.0375,7.1499999999999995,5.369999999999999,0.014746658928600215,0.024718668229830994,1.7800000000000002,-0.009972009301230779,66,62
00-0029141,2016,RB,Alfred Morris,14,2.8857142857142857,1.3333333333333333,4.05,0.017113095238095233,0.014947694193956656,-2.716666666666667,0.0021654010441385773,90,99
00-0029141,2017,RB,Alfred Morris,13,5.553846153846153,8.9,2.685714285714286,0.0432547699214366,0.02494949494949495,6.214285714285714,0.01830527497194165,70,41
00-0029141,2018,RB,Alfred Morris,11,6.1909090909090905,4.783333333333333,7.88,0.021193582651915982,0.03314262757444575,-3.0966666666666667,-0.011949044922529767,70,77
00-0029141,2020,RB,Alfred Morris,9,4.522222222222222,4.3999999999999995,4.766666666666667,0.01830746489283075,0.015571979962223866,-0.36666666666666714,0.002735484930606883,77,77
00-0029159,2014,WR,Jermaine Kearse,15,6.658666666666667,7.083333333333333,6.375555555555556,0.18520572641168578,0.17065511026494487,0.7077777777777774,0.014550616146740913,83,77
00-0029159,2015,WR,Jermaine Kearse,16,9.21875,13.050000000000002,6.92,0.15752739836791543,0.14140606094223884,6.130000000000003,0.01612133742567659,59,32
00-0029159,2016,WR,Jermaine Kearse,16,6.125,6.066666666666666,6.159999999999999,0.16987856461540687,0.1590786144570398,-0.09333333333333282,0.010799950158367072,88,86
00-0029159,2017,WR,Jermaine Kearse,16,11.0,12.583333333333334,10.049999999999999,0.2543962029256148,0.21032752947302247,2.533333333333335,0.044068673452592355,39,25
00-0029159,2018,WR,Jermaine Kearse,13,6.161538461538462,6.933333333333334,5.5,0.1708129531035972,0.18457216719890307,1.4333333333333336,-0.013759214095305866,98,82
00-0029205,2014,RB,Travaris Cadet,14,5.200000000000001,3.9499999999999997,6.1375,0.08372829626038868,0.0899773521497195,-2.1875000000000004,-0.006249055889330821,70,82
00-0029205,2015,RB,Travaris Cadet,6,7.533333333333334,7.533333333333334,1.2,0.09221162509150288,0.09221162509150288,6.333333333333334,0.0,57,59
00-0029205,2016,RB,Travaris Cadet,15,6.266666666666666,8.866666666666667,4.533333333333333,0.08830656246238344,0.08427497945638346,4.333333333333334,0.0040315830059999835,62,48
00-0029205,2017,RB,Travaris Cadet,7,5.357142857142857,5.266666666666667,5.9,0.07773055473760082,0.07614999929889595,-0.6333333333333337,0.0015805554387048754,72,67
00-0029239,2014,RB,Brandon Bolden,12,1.4749999999999999,2.066666666666667,0.8833333333333333,0.010416666666666666,0.011987433862433866,1.1833333333333336,-0.0015707671957672,114,103
00-0029239,2015,RB,Brandon Bolden,12,5.808333333333333,8.666666666666666,2.9499999999999997,0.09642759254239326,0.06760707031141322,5.716666666666667,0.028820522230980042,68,47
00-0029239,2016,RB,Brandon Bolden,6,0.65,0.65,0.4,0.024928774928774915,0.024928774928774915,0.25,0.0,111,110
00-0029239,2017,RB,Brandon Bolden,11,0.7636363636363637,1.4000000000000001,0.0,0.01709401709401717,0.009324009324009364,1.4000000000000001,0.007770007770007805,113,104
00-0029239,2018,RB,Brandon Bolden,9,3.2666666666666666,4.8999999999999995,0.0,0.022263993316624885,0.014842662211083256,4.8999999999999995,0.007421331105541629,86,76
00-0029239,2019,RB,Brandon Bolden,15,3.3933333333333335,1.3499999999999999,4.755555555555556,0.0,0.018002401660229223,-3.405555555555557,-0.018002401660229223,84,103
00-0029239,2021,RB,Brandon Bolden,16,7.7562500000000005,8.8,7.129999999999998,0.1484726295210166,0.11160216694016505,1.6700000000000026,0.03687046258085157,55,45
00-0029239,2022,RB,Brandon Bolden,13,2.1,0.7666666666666666,3.2428571428571433,0.0045045045045045,0.021338062801477424,-2.4761904761904767,-0.016833558296972924,98,112
00-0029262,2014,WR,Rueben Randle,16,11.425,11.450000000000001,11.41,0.13640884606076784,0.2141966716896888,0.040000000000000924,-0.07778782562892098,39,43
00-0029262,2015,WR,Rueben Randle,16,11.543750000000001,13.366666666666665,10.45,0.15208377257713115,0.1517390744754602,2.916666666666666,0.0003446981016709538,42,31
00-0029263,2014,QB,Russell Wilson,16,20.5375,20.34,20.656,0.0,0.0018939393939393938,-0.31599999999999895,-0.0018939393939393938,3,2
00-0029263,2015,QB,Russell Wilson,16,21.01625,28.106666666666666,16.762,0.0,0.0,11.344666666666665,0.0,3,1
00-0029263,2016,QB,Russell Wilson,16,16.87875,16.7,16.986,0.0,0.0037522401433691746,-0.28600000000000136,-0.0037522401433691746,16,10
00-0029263,2017,QB,Russell Wilson,16,21.744999999999997,19.38,23.164000000000005,0.0,0.0,-3.784000000000006,0.0,2,6
00-0029263,2018,QB,Russell Wilson,16,18.71375,18.523333333333337,18.828,0.0,0.0021551724137931065,-0.3046666666666624,-0.0021551724137931065,12,10
00-0029263,2019,QB,Russell Wilson,16,20.537499999999998,14.586666666666668,24.107999999999997,0.0,0.0,-9.52133333333333,0.0,5,28
00-0029263,2020,QB,Russell Wilson,16,22.48625,16.94,25.814,0.0,0.0,-8.873999999999999,0.0,6,15
00-0029263,2021,QB,Russell Wilson,14,17.344285714285714,18.43,16.53,0.0,0.0,1.8999999999999986,0.0,13,10
00-0029263,2022,QB,Russell Wilson,15,15.050666666666666,16.44666666666667,14.120000000000001,0.0,0.0026666666666666666,2.326666666666668,-0.0026666666666666666,18,15
00-0029263,2023,QB,Russell Wilson,15,17.12666666666667,17.26,17.037777777777777,0.0,0.0,0.22222222222222499,0.0,13,14
00-0029263,2024,QB,Russell Wilson,11,15.707272727272727,15.983333333333333,15.376,0.0,0.0,0.6073333333333331,0.0,15,20
00-0029263,2025,QB,Russell Wilson,6,8.306666666666667,8.306666666666667,11.12,0.0,0.0,-2.8133333333333326,0.0,40,40
00-0029264,2014,RB,Bernard Pierce,13,3.838461538461538,2.5500000000000003,4.942857142857142,0.017876344086021498,0.016632583212116022,-2.392857142857142,0.0012437608739054758,85,97
00-0029269,2014,WR,Travis Benjamin,16,4.28125,1.25,6.1,0.08810953810953814,0.09379642589907078,-4.85,-0.005686887789532635,105,136
00-0029269,2015,WR,Travis Benjamin,16,12.487499999999999,8.483333333333334,14.889999999999997,0.18750498182808228,0.20510253060959133,-6.406666666666663,-0.017597548781509043,33,66
00-0029269,2016,WR,Travis Benjamin,14,9.599999999999998,5.266666666666667,12.85,0.09022117729014288,0.15773185687379757,-7.583333333333333,-0.06751067958365468,60,95
00-0029269,2017,WR,Travis Benjamin,16,8.14375,7.95,8.26,0.1210493602764463,0.11408481174755519,-0.3099999999999996,0.006964548528891112,62,58
00-0029269,2018,WR,Travis Benjamin,12,3.3916666666666675,5.766666666666667,1.0166666666666666,0.06512664602428082,0.05544205382844774,4.75,0.009684592195833085,133,97
00-0029273,2014,RB,Robert Turbin,16,4.725,5.800000000000001,4.08,0.056637806637806674,0.0452952250976148,1.7200000000000006,0.011342581540191875,75,63
00-0029273,2015,RB,Robert Turbin,10,3.5199999999999996,3.6,3.4000000000000004,0.02531850459482037,0.030453618019407474,0.19999999999999973,-0.005135113424587105,87,86
00-0029273,2016,RB,Robert Turbin,15,7.22,10.216666666666667,5.222222222222222,0.0805216969010073,0.0631936197453439,4.9944444444444445,0.017328077155663396,56,38
00-0029273,2017,RB,Robert Turbin,6,4.316666666666666,4.316666666666666,1.3,0.059704184704184725,0.059704184704184725,3.0166666666666666,0.0,81,76
00-0029275,2014,TE,Ladarius Green,10,4.16,2.5,6.65,0.052493518490649045,0.07904108463936298,-4.15,-0.02654756614871393,48,64
00-0029275,2015,TE,Ladarius Green,13,8.299999999999999,3.5833333333333326,12.342857142857143,0.11235360246988162,0.1201512870951983,-8.759523809523811,-0.0077976846253166865,24,53
00-0029275,2016,TE,Ladarius Green,6,9.066666666666668,9.066666666666668,6.0,0.1688407652292647,0.1688407652292647,3.066666666666668,0.0,22,20
00-0029281,2014,TE,Adrien Robinson,9,1.7777777777777777,1.3499999999999999,2.6333333333333333,0.011498872968584983,0.022155129801604466,-1.2833333333333334,-0.010656256833019483,76,81
00-0029293,2015,WR,Marvin Jones,16,10.868749999999999,10.85,10.879999999999999,0.2213327250091955,0.20917321684403545,-0.02999999999999936,0.012159508165160066,46,47
00-0029293,2016,WR,Marvin Jones,15,11.486666666666663,7.483333333333334,14.155555555555555,0.16860147991311628,0.1903544807311305,-6.672222222222221,-0.021753000818014234,43,74
00-0029293,2017,WR,Marvin Jones,16,14.06875,14.816666666666668,13.62,0.17572230564116983,0.18906251506387275,1.196666666666669,-0.01334020942270292,14,13
00-0029293,2018,WR,Marvin Jones,9,12.866666666666667,12.35,13.9,0.200155321352076,0.18880928627378932,-1.5500000000000007,0.011346035078286687,29,40
00-0029293,2019,WR,Marvin Jones,13,14.915384615384616,14.766666666666666,15.042857142857144,0.2143431169623813,0.2021191452964291,-0.27619047619047876,0.01222397166595221,20,22
00-0029293,2020,WR,Marvin Jones,16,14.2375,19.21666666666667,11.25,0.2613477603891285,0.20258429920369203,7.966666666666669,0.05876346118543646,26,9
00-0029293,2021,WR,Marvin Jones,17,10.600000000000001,10.549999999999999,10.627272727272727,0.20994015994015983,0.2071969252313584,-0.07727272727272805,0.0027432347088014175,45,51
00-0029293,2022,WR,Marvin Jones,16,7.3062499999999995,6.183333333333334,7.9799999999999995,0.14693216558229164,0.14637082891793352,-1.796666666666666,0.0005613366643581197,75,85
00-0029298,2014,RB,Cyrus Gray,7,1.3,1.4333333333333333,0.5,0.0,0.0,0.9333333333333333,0.0,118,111
00-0029311,2014,WR,Junior Hemingway,11,2.0727272727272723,0.9833333333333334,3.38,0.04375037000339626,0.06135483203830088,-2.3966666666666665,-0.017604462034904622,135,142
00-0029319,2015,WR,Josh Bellamy,14,3.8142857142857145,5.1499999999999995,2.8125,0.10431032803490727,0.07713357401035,2.3374999999999995,0.02717675402455727,122,99
00-0029319,2016,WR,Josh Bellamy,13,4.3769230769230765,7.0,2.128571428571429,0.14808624031007753,0.0949783265002604,4.871428571428571,0.05310791380981712,111,78
00-0029319,2017,WR,Josh Bellamy,11,6.199999999999999,7.8,4.279999999999999,0.15455690613474618,0.12406501583474681,3.5200000000000005,0.030491890299999366,82,64
00-0029319,2018,WR,Josh Bellamy,14,2.4071428571428575,1.5166666666666666,3.075,0.05184554556151655,0.06017369987224263,-1.5583333333333336,-0.008328154310726081,142,150
00-0029336,2015,WR,Brittan Golden,7,0.21428571428571427,0.25,0.0,0.0038759689922480667,0.0033222591362126286,0.25,0.0005537098560354382,165,160
00-0029336,2016,WR,Brittan Golden,12,1.6833333333333333,2.5500000000000003,0.8166666666666668,0.04899791566458234,0.029903341808103712,1.7333333333333334,0.019094573856478624,143,134
00-0029336,2017,WR,Brittan Golden,9,1.3333333333333333,0.8333333333333334,2.3333333333333335,0.020526960784313732,0.02680192447349311,-1.5,-0.006274963689179378,154,158
00-0029384,2014,RB,Bobby Rainey,15,7.406666666666666,2.283333333333333,10.822222222222221,0.03957396301849075,0.08940699695553975,-8.538888888888888,-0.049833033937049,49,100
00-0029384,2015,RB,Bobby Rainey,15,0.4266666666666667,0.0,0.7111111111111111,0.0,0.007493655769517841,-0.7111111111111111,-0.007493655769517841,123,126
00-0029384,2016,RB,Bobby Rainey,11,3.7818181818181813,0.9166666666666665,7.219999999999999,0.01765364265364265,0.05656603860265184,-6.303333333333333,-0.038912395949009186,77,105
00-0029388,2015,WR,Deonte Thompson,7,1.4428571428571428,1.6833333333333333,0.0,0.0198690977092099,0.017030655179322774,1.6833333333333333,0.0028384425298871273,158,151
00-0029388,2016,WR,Deonte Thompson,15,3.9266666666666667,9.25,0.37777777777777777,0.148481912144703,0.06897035819520757,8.872222222222222,0.07951155394949543,120,56
00-0029388,2017,WR,Deonte Thompson,16,6.5625,5.016666666666667,7.489999999999999,0.1326196943790624,0.13063175222901524,-2.4733333333333327,0.0019879421500471617,74,92
00-0029388,2018,WR,Deonte Thompson,13,2.5461538461538455,1.7999999999999998,3.185714285714286,0.07846673031063754,0.08687070143207493,-1.3857142857142861,-0.008403971121437384,139,146
00-0029391,2016,TE,Sean McGrath,9,0.5,0.3666666666666667,0.7666666666666666,0.003968253968253967,0.005648505648505645,-0.3999999999999999,-0.0016802516802516777,85,85
00-0029394,2014,WR,Brenton Bersin,15,2.273333333333333,0.7166666666666667,3.311111111111111,0.025336021505376335,0.037959160766931385,-2.594444444444444,-0.01262313926155505,133,149
00-0029394,2017,WR,Brenton Bersin,6,3.4666666666666663,3.4666666666666663,2.2,0.0804703750355924,0.0804703750355924,1.2666666666666662,0.0,117,112
00-0029414,2018,TE,Orson Charles,10,0.53,0.5833333333333334,0.45,0.015182884748102135,0.01673147949159688,0.13333333333333336,-0.0015485947434947436,91,91
00-0029415,2014,WR,Keshawn Martin,14,0.9857142857142858,1.0666666666666667,0.925,0.035242263516437285,0.03147079818388946,0.1416666666666666,0.0037714653325478242,143,137
00-0029415,2015,WR,Keshawn Martin,9,7.0555555555555545,7.0,7.166666666666667,0.14208096141682464,0.11708718092626588,-0.16666666666666696,0.024993780490558754,78,84
00-0029429,2014,RB,Bryce Brown,7,6.314285714285715,7.116666666666667,1.5,0.08928281351526958,0.1017382099038445,5.616666666666667,-0.012455396388574916,59,50
00-0029432,2014,TE,Chase Ford,10,5.480000000000001,6.383333333333334,4.125,0.08630925082144597,0.09926176796908495,2.2583333333333337,-0.012952517147638981,32,24
00-0029435,2014,WR,Damaris Johnson,16,4.499999999999999,4.133333333333334,4.720000000000001,0.0912975179315449,0.1020990035176216,-0.5866666666666669,-0.0108014855860767,103,105
00-0029438,2014,RB,Chris Polk,11,4.618181818181818,5.233333333333333,3.88,0.0085978835978836,0.006230586739061319,1.3533333333333335,0.0023672968588222803,78,68
00-0029438,2015,RB,Chris Polk,15,4.819999999999999,4.916666666666667,4.755555555555556,0.028002738037716284,0.04327041206140728,0.16111111111111054,-0.015267674023690999,75,75
00-0029492,2014,RB,Jamize Olawale,10,1.8799999999999997,2.65,0.725,0.01851427439662735,0.017080044138867677,1.9249999999999998,0.0014342302577596729,107,95
00-0029492,2015,RB,Jamize Olawale,13,2.646153846153846,1.7500000000000002,3.414285714285714,0.02320540935672515,0.021705433054471777,-1.664285714285714,0.0014999763022533717,97,112
00-0029492,2016,RB,Jamize Olawale,13,4.415384615384616,4.316666666666666,4.5,0.04089948226519615,0.029118196220674242,-0.18333333333333357,0.011781286044521909,72,74
00-0029492,2017,RB,Jamize Olawale,7,2.8000000000000003,3.266666666666667,0.0,0.0290554683411826,0.024904687149585086,3.266666666666667,0.004150781191597515,92,86
00-0029492,2018,RB,Jamize Olawale,10,0.32999999999999996,0.5499999999999999,0.0,0.020048534400806683,0.012029120640484009,0.5499999999999999,0.008019413760322674,115,110
00-0029492,2019,RB,Jamize Olawale,6,0.0,0.0,0.0,0.008831521739130434,0.008831521739130434,0.0,0.0,122,119
00-0029510,2014,RB,Jonathan Grimes,12,2.4916666666666667,3.9166666666666665,1.0666666666666667,0.029789590254706535,0.017345775519510134,2.8499999999999996,0.012443814735196401,98,83
00-0029510,2015,RB,Jonathan Grimes,13,6.576923076923077,7.466666666666666,5.814285714285715,0.04813886963159036,0.06037418312082315,1.652380952380951,-0.01223531348923279,63,61
00-0029510,2016,RB,Jonathan Grimes,10,3.29,3.7999999999999994,2.525,0.04762345271133427,0.04766498071770965,1.2749999999999995,-4.15280063753784e-05,84,77
00-0029534,2014,TE,Cooper Helfet,8,5.3125,6.033333333333332,3.15,0.12270547586850837,0.10707540319767755,2.8833333333333324,0.015630072670830816,33,27
00-0029534,2015,TE,Cooper Helfet,7,3.7142857142857144,4.333333333333333,0.0,0.10782762629026998,0.09791818517187977,4.333333333333333,0.00990944111839022,50,47
00-0029567,2014,QB,Nick Foles,8,14.915,14.5,16.16,0.0,0.0,-1.6600000000000001,0.0,22,22
00-0029567,2015,QB,Nick Foles,11,8.734545454545453,6.59,11.308000000000002,0.0,0.0,-4.718000000000002,0.0,37,39
00-0029567,2017,QB,Nick Foles,7,4.825714285714286,5.663333333333334,-0.2,0.0,0.0,5.863333333333334,0.0,39,38
00-0029567,2020,QB,Nick Foles,9,11.575555555555555,10.58,13.566666666666665,0.0,0.0,-2.9866666666666646,0.0,32,35
00-0029572,2014,WR,Jarius Wright,15,7.993333333333333,10.133333333333333,6.566666666666666,0.11780151946818612,0.13002835959746528,3.5666666666666664,-0.01222684012927916,69,49
00-0029572,2015,WR,Jarius Wright,15,5.2733333333333325,5.8,4.922222222222222,0.12896523592602024,0.12428640612718779,0.8777777777777782,0.004678829798832454,100,91
00-0029572,2017,WR,Jarius Wright,12,4.1499999999999995,3.3000000000000003,5.0,0.06547123623011017,0.06571357454033347,-1.6999999999999997,-0.0002423383102233001,108,115
00-0029572,2018,WR,Jarius Wright,16,6.1,6.5,5.86,0.1129837968778254,0.1062940884896433,0.6399999999999997,0.006689708388182086,99,86
00-0029572,2019,WR,Jarius Wright,16,3.55625,3.766666666666666,3.4300000000000006,0.09936360128428251,0.09675119116950975,0.33666666666666556,0.0026124101147727563,129,119
00-0029580,2014,WR,Rishard Matthews,11,3.4363636363636356,3.683333333333333,3.1399999999999997,0.0503498599556171,0.0509888578443054,0.5433333333333334,-0.0006389978886882988,116,109
00-0029580,2015,WR,Rishard Matthews,11,12.145454545454545,9.383333333333333,15.460000000000003,0.14294971838554696,0.1523745089801829,-6.07666666666667,-0.00942479059463594,37,56
00-0029580,2016,WR,Rishard Matthews,16,13.21875,15.199999999999998,12.03,0.3157620396151131,0.22170620393948132,3.169999999999998,0.0940558356756318,25,16
00-0029580,2017,WR,Rishard Matthews,14,11.157142857142857,11.200000000000001,11.125,0.15799497654336353,0.20374806994452263,0.07500000000000107,-0.0457530934011591,37,37
00-0029580,2018,WR,Rishard Matthews,6,1.2333333333333332,1.2333333333333332,0.0,0.0643759018759018,0.0643759018759018,1.2333333333333332,0.0,154,155
00-0029587,2014,TE,Rhett Ellison,14,3.414285714285714,5.449999999999999,1.8875,0.0822242572242572,0.05700881018825269,3.562499999999999,0.025215447036004514,55,31
00-0029587,2015,TE,Rhett Ellison,12,2.45,2.183333333333333,2.716666666666667,0.053332666764039326,0.05924441837945949,-0.5333333333333337,-0.005911751615420166,71,66
00-0029587,2016,TE,Rhett Ellison,11,1.8909090909090913,1.5499999999999998,2.3,0.05213308964247637,0.03648096375881107,-0.75,0.015652125883665303,73,75
00-0029587,2017,TE,Rhett Ellison,14,4.25,6.400000000000001,2.6375,0.10161855053159395,0.06241759594074773,3.762500000000001,0.03920095459084622,45,25
00-0029587,2018,TE,Rhett Ellison,13,4.630769230769231,4.583333333333333,4.671428571428571,0.08477462590365807,0.07416567996911182,-0.08809523809523778,0.010608945934546254,42,40
00-0029587,2019,TE,Rhett Ellison,10,4.07,5.066666666666666,2.575,0.09619975553311842,0.08021903872228224,2.4916666666666663,0.015980716810836182,46,39
00-0029588,2014,RB,Dan Herron,14,5.385714285714285,10.85,1.2875,0.10608624596207834,0.048676212194426076,9.5625,0.05741003376765227,68,28
00-0029588,2015,RB,Dan Herron,9,2.4,2.15,2.9,0.032709451278723434,0.030007359053540485,-0.75,0.0027020922251829484,101,100
00-0029601,2014,TE,Brandon Bostick,7,1.1857142857142855,1.383333333333333,0.0,0.024305555555555552,0.020833333333333332,1.383333333333333,0.0034722222222222203,81,80
00-0029601,2016,TE,Brandon Bostick,9,1.588888888888889,2.0666666666666664,0.6333333333333333,0.04218296298467076,0.039364430838015184,1.4333333333333331,0.002818532146655575,77,71
00-0029604,2014,QB,Kirk Cousins,6,14.733333333333333,14.733333333333333,17.9,0.0,0.0,-3.166666666666666,0.0,23,21
00-0029604,2015,QB,Kirk Cousins,16,18.34,23.99,14.95,0.0,0.0,9.04,0.0,12,3
00-0029604,2016,QB,Kirk Cousins,16,18.7675,18.99,18.634,0.0,0.0,0.3559999999999981,0.0,6,4
00-0029604,2017,QB,Kirk Cousins,16,17.35125,13.946666666666667,19.394,0.0,0.0,-5.447333333333331,0.0,9,22
00-0029604,2018,QB,Kirk Cousins,16,17.695,15.623333333333335,18.938000000000002,0.0,0.0020161290322580623,-3.3146666666666675,-0.0020161290322580623,16,18
00-0029604,2019,QB,Kirk Cousins,15,16.294666666666668,15.223333333333334,17.00888888888889,0.00555555555555555,0.00222222222222222,-1.7855555555555558,0.0033333333333333296,18,21
00-0029604,2020,QB,Kirk Cousins,16,19.1375,23.66,16.424,0.0,0.0,7.236000000000001,0.0,11,6
00-0029604,2021,QB,Kirk Cousins,16,18.771250000000002,16.406666666666666,20.19,0.0,0.0,-3.783333333333335,0.0,12,12
00-0029604,2022,QB,Kirk Cousins,17,17.151764705882353,19.046666666666667,16.118181818181814,0.0,0.0,2.928484848484853,0.0,12,8
00-0029604,2023,QB,Kirk Cousins,8,18.717499999999998,17.453333333333333,22.509999999999998,0.0,0.0,-5.056666666666665,0.0,6,13
00-0029604,2024,QB,Kirk Cousins,14,12.594285714285713,8.546666666666667,15.63,0.0,0.0,-7.083333333333334,0.0,30,42
00-0029604,2025,QB,Kirk Cousins,10,10.354000000000001,13.113333333333335,6.215,0.0,0.0,6.898333333333335,0.0,38,26
00-0029608,2014,WR,T.Y. Hilton,15,17.233333333333334,15.049999999999999,18.688888888888886,0.20554524865360044,0.2146382806361026,-3.6388888888888875,-0.009093031982502164,11,15
00-0029608,2015,WR,T.Y. Hilton,16,13.212499999999999,12.666666666666666,13.540000000000001,0.20342068692226734,0.2196771030709209,-0.8733333333333348,-0.016256416148653557,28,34
00-0029608,2016,WR,T.Y. Hilton,16,17.1125,16.333333333333332,17.579999999999995,0.27390906701251533,0.2723610646967327,-1.2466666666666626,0.001548002315782615,7,9
00-0029608,2017,WR,T.Y. Hilton,16,10.975000000000001,8.516666666666667,12.45,0.23754868950947383,0.23579725132445045,-3.933333333333332,0.0017514381850233796,40,54
00-0029608,2018,WR,T.Y. Hilton,14,17.071428571428573,17.749999999999996,16.5625,0.24734949261265052,0.23218356414697233,1.1874999999999964,0.015165928465678186,14,10
00-0029608,2019,WR,T.Y. Hilton,10,12.51,8.983333333333333,17.8,0.22832491582491599,0.2365675990675992,-8.816666666666668,-0.008242683242683208,35,58
00-0029608,2020,WR,T.Y. Hilton,15,10.946666666666665,17.083333333333332,6.855555555555556,0.2291003777481125,0.1914198005962858,10.227777777777776,0.03768057715182671,52,17
00-0029608,2021,WR,T.Y. Hilton,10,7.410000000000001,8.733333333333333,5.425000000000001,0.12775111928079053,0.1344410756088784,3.308333333333332,-0.006689956328087887,79,67
00-0029613,2014,RB,Doug Martin,11,7.345454545454545,7.3,7.4,0.03291239537836635,0.052306308537747245,-0.10000000000000053,-0.019393913159380896,51,47
00-0029613,2015,RB,Doug Martin,16,14.51875,13.066666666666665,15.39,0.09184615914033827,0.08470347223530686,-2.323333333333336,0.007142686905031406,11,20
00-0029613,2016,RB,Doug Martin,8,10.6875,11.433333333333335,8.45,0.05779151404151409,0.06287488553113557,2.983333333333336,-0.0050833714896214785,31,30
00-0029613,2017,RB,Doug Martin,11,6.909090909090909,4.366666666666666,9.96,0.03720632397102985,0.04193282107720611,-5.593333333333335,-0.004726497106176258,57,75
00-0029613,2018,RB,Doug Martin,16,7.4937499999999995,11.616666666666665,5.02,0.057498713748713716,0.048910031086521935,6.596666666666666,0.00858868266219178,56,30
00-0029614,2014,WR,Chris Givens,9,3.6999999999999997,3.983333333333334,3.1333333333333333,0.07317038405400479,0.07363885848081253,0.8500000000000005,-0.00046847442680773843,113,107
00-0029614,2015,WR,Chris Givens,14,4.507142857142857,4.133333333333334,4.7875,0.1120555871301822,0.09120888078611596,-0.6541666666666659,0.02084670634406624,111,113
00-0029615,2014,RB,Lamar Miller,16,14.087500000000002,15.466666666666667,13.26,0.08462977133189908,0.08800130880152118,2.206666666666667,-0.003371537469622099,14,11
00-0029615,2015,RB,Lamar Miller,16,14.493749999999999,10.899999999999999,16.65,0.07487851999297464,0.10295507213097208,-5.75,-0.028076552137997438,12,36
00-0029615,2016,RB,Lamar Miller,14,13.65,12.5,14.5125,0.05096861202319108,0.07600276470205385,-2.0124999999999993,-0.02503415267886277,18,21
00-0029615,2017,RB,Lamar Miller,16,12.09375,8.450000000000001,14.280000000000001,0.06981658382520459,0.0871204213852858,-5.83,-0.01730383756008122,18,46
00-0029615,2018,RB,Lamar Miller,14,12.328571428571427,13.433333333333332,11.5,0.08355532446809166,0.08642196280131596,1.9333333333333318,-0.0028666383332243,24,22
00-0029632,2014,WR,Mohamed Sanu,16,11.20375,5.240000000000001,14.782,0.10524575327206903,0.1999863357356615,-9.541999999999998,-0.09474058246359246,42,94
00-0029632,2015,WR,Mohamed Sanu,16,5.71875,4.25,6.6,0.08114407379113263,0.09996414284180233,-2.3499999999999996,-0.0188200690506697,93,111
00-0029632,2016,WR,Mohamed Sanu,15,9.92,8.700000000000001,10.733333333333334,0.12676791288291986,0.16000259212132759,-2.033333333333333,-0.03323467923840773,56,60
00-0029632,2017,WR,Mohamed Sanu,15,11.622666666666667,12.306666666666667,11.166666666666668,0.22223599529211416,0.20210323465901545,1.1399999999999988,0.020132760633098712,30,27
00-0029632,2018,WR,Mohamed Sanu,16,11.4,13.216666666666667,10.31,0.18844130591615338,0.15793794289752733,2.9066666666666663,0.03050336301862605,40,33
00-0029632,2019,WR,Mohamed Sanu,15,8.273333333333333,4.183333333333334,11.0,0.1404915845648604,0.1566996411943464,-6.816666666666666,-0.01620805662948599,70,114
00-0029632,2020,WR,Mohamed Sanu,7,6.285714285714286,7.016666666666667,1.9,0.10977783625926395,0.09817692087528748,5.116666666666667,0.011600915383976465,100,83
00-0029632,2021,WR,Mohamed Sanu,8,4.0874999999999995,5.166666666666667,0.85,0.1092251640497253,0.0915203223126563,4.316666666666667,0.017704841737069002,122,106
00-0029634,2014,TE,James Hanna,11,0.8,1.1833333333333333,0.33999999999999997,0.02221771467207573,0.018008370632379492,0.8433333333333334,0.00420934403969624,87,83
00-0029634,2015,TE,James Hanna,10,1.6900000000000002,2.1,1.075,0.04396761392729128,0.04432543630124271,1.0250000000000001,-0.0003578223739514261,78,68
00-0029634,2017,TE,James Hanna,10,1.8800000000000001,1.5,2.45,0.03896853843090401,0.02901604369346305,-0.9500000000000002,0.009952494737440962,77,80
00-0029638,2014,WR,Michael Floyd,16,10.33125,11.616666666666665,9.559999999999999,0.19208173690932315,0.17475746717715224,2.0566666666666666,0.01732426973217091,50,41
00-0029638,2015,WR,Michael Floyd,15,11.526666666666666,12.116666666666665,11.133333333333333,0.20774373487551775,0.16970631705447206,0.9833333333333325,0.038037417821045694,43,43
00-0029638,2016,WR,Michael Floyd,14,8.271428571428569,6.333333333333333,9.725,0.11872327956223422,0.13497615153318251,-3.3916666666666666,-0.016252871970948296,72,83
00-0029638,2017,WR,Michael Floyd,10,1.7799999999999998,1.3499999999999999,2.4250000000000003,0.055609080841638965,0.05241252112840239,-1.0750000000000004,0.0031965597132365756,146,151
00-0029638,2018,WR,Michael Floyd,10,2.8,3.5833333333333335,1.625,0.10126881003942483,0.09005227281464163,1.9583333333333335,0.01121653722478319,137,131
00-0029640,2014,WR,Brian Quick,7,11.5,10.6,16.9,0.14527572523262178,0.1602363359136758,-6.299999999999999,-0.014960610681054032,38,46
00-0029640,2015,WR,Brian Quick,9,2.2444444444444445,2.783333333333333,1.1666666666666667,0.12197180030872762,0.10247062216150724,1.6166666666666665,0.019501178147220383,145,137
00-0029640,2016,WR,Brian Quick,16,7.2124999999999995,4.033333333333334,9.12,0.16324478912991902,0.14594808469321735,-5.086666666666665,0.01729670443670167,78,115
00-0029640,2017,WR,Brian Quick,6,2.2666666666666666,2.2666666666666666,2.1,0.04218802135468802,0.04218802135468802,0.16666666666666652,0.0,136,134
00-0029654,2014,WR,A.J. Jenkins,7,2.5857142857142854,2.25,4.6,0.06854366743132045,0.06946600065541753,-2.3499999999999996,-0.0009223332240970716,127,130
00-0029660,2014,WR,Trevor Graham,11,1.6090909090909091,2.6,0.42000000000000004,0.027352064708386567,0.025412654801369547,2.18,0.00193940990701702,139,123
00-0029664,2018,WR,Josh Gordon,12,11.558333333333332,13.4,9.716666666666667,0.18398071835571841,0.16119732893040017,3.6833333333333336,0.02278338942531824,36,31
00-0029664,2019,WR,Josh Gordon,11,6.7,3.4333333333333336,10.620000000000001,0.0659543403798185,0.12219108048981785,-7.186666666666667,-0.05623674010999935,82,122
00-0029664,2021,WR,Josh Gordon,9,1.5777777777777777,2.0166666666666666,0.7000000000000001,0.06356950652082494,0.049500687379085695,1.3166666666666664,0.014068819141739242,155,147
00-0029665,2014,QB,Robert Griffin III,9,9.706666666666667,10.053333333333333,9.013333333333334,0.0,0.0,1.0399999999999991,0.0,38,36
00-0029665,2019,QB,Robert Griffin III,6,2.6666666666666665,2.6666666666666665,7.1,0.0,0.0,-4.433333333333334,0.0,38,38
00-0029667,2014,WR,Nick Toon,6,7.1499999999999995,7.1499999999999995,7.2,0.09516146621409777,0.09516146621409777,-0.05000000000000071,0.0,78,75
00-0029668,2014,QB,Andrew Luck,16,21.98375,16.970000000000002,24.991999999999997,0.0,0.0,-8.021999999999995,0.0,2,13
00-0029668,2015,QB,Andrew Luck,7,18.691428571428567,18.85333333333333,17.72,0.0,0.0,1.1333333333333329,0.0,11,10
00-0029668,2016,QB,Andrew Luck,15,20.513333333333332,21.116666666666664,20.11111111111111,0.0,0.0,1.0055555555555529,0.0,5,2
00-0029668,2018,QB,Andrew Luck,16,20.495,18.51,21.686,0.0043859649122807,0.003597861842105262,-3.1759999999999984,0.0007881030701754376,6,11
00-0029675,2014,RB,Trent Richardson,15,7.8533333333333335,4.3999999999999995,10.155555555555555,0.03225187802393687,0.05474071148437718,-5.7555555555555555,-0.02248883346044031,44,77
00-0029677,2015,QB,Brandon Weeden,6,11.070000000000002,11.070000000000002,7.62,0.0,0.0,3.450000000000002,0.0,33,33
00-0029682,2015,QB,Brock Osweiler,8,14.5975,14.790000000000001,14.02,0.0,0.0,0.7700000000000014,0.0,28,26
00-0029682,2016,QB,Brock Osweiler,15,11.265333333333333,10.876666666666665,11.524444444444446,0.004273504273504266,0.0017094017094017066,-0.6477777777777813,0.0025641025641025593,30,32
00-0029682,2017,QB,Brock Osweiler,6,11.32,11.32,0.62,0.0,0.0,10.700000000000001,0.0,33,32
00-0029682,2018,QB,Brock Osweiler,7,9.711428571428572,10.313333333333334,6.1,0.0,0.0,4.213333333333335,0.0,35,34
00-0029683,2014,RB,Ronnie Hillman,8,12.787500000000001,15.666666666666666,4.15,0.12492852947896804,0.10416847157731116,11.516666666666666,0.020760057901656886,19,10
00-0029683,2015,RB,Ronnie Hillman,16,10.0875,11.049999999999999,9.51,0.0730133244364744,0.055231273477891266,1.5399999999999991,0.017782050958583137,39,35
00-0029683,2016,RB,Ronnie Hillman,8,3.675,4.066666666666666,2.5,0.03876945126945125,0.04917410854910852,1.5666666666666664,-0.010404657279657267,79,76
00-0029689,2014,TE,Dwayne Allen,12,9.708333333333332,8.2,11.216666666666667,0.09149971785931822,0.0962163917777218,-3.0166666666666675,-0.00471667391840358,14,18
00-0029689,2015,TE,Dwayne Allen,13,2.5384615384615383,1.7499999999999998,3.214285714285714,0.05607359749875326,0.05627000688765285,-1.4642857142857142,-0.00019640938889959464,67,74
00-0029689,2016,TE,Dwayne Allen,14,8.114285714285714,9.983333333333333,6.7124999999999995,0.10530507082231229,0.10444509234533872,3.270833333333333,0.0008599784769735691,27,13
00-0029689,2017,TE,Dwayne Allen,12,2.0500000000000003,2.0166666666666666,2.0833333333333335,0.058725691652520874,0.05175199321540783,-0.06666666666666687,0.0069736984371130475,74,72
00-0029697,2014,TE,Coby Fleener,16,11.025,13.25,9.690000000000001,0.18524927409500117,0.1446552965882511,3.5599999999999987,0.04059397750675006,10,3
00-0029697,2015,TE,Coby Fleener,15,8.206666666666667,6.766666666666667,9.166666666666666,0.13930149165301772,0.14855910824147392,-2.3999999999999995,-0.009257616588456197,25,30
00-0029697,2016,TE,Coby Fleener,16,8.58125,6.6499999999999995,9.739999999999998,0.10795259160574804,0.11961316877760451,-3.089999999999999,-0.011660577171856479,25,33
00-0029697,2017,TE,Coby Fleener,11,5.7727272727272725,4.6,7.18,0.07017279006695482,0.0765385532206368,-2.58,-0.00636576315368198,32,39
00-0029701,2014,QB,Ryan Tannehill,16,17.46875,17.773333333333333,17.286,0.0,0.00183823529411765,0.48733333333333206,-0.00183823529411765,10,9
00-0029701,2015,QB,Ryan Tannehill,16,16.145,16.52,15.919999999999998,0.0,0.0017857142857142874,0.6000000000000014,-0.0017857142857142874,24,18
00-0029701,2016,QB,Ryan Tannehill,13,14.630769230769232,15.88,13.56,0.0,0.0,2.3200000000000003,0.0,24,15
00-0029701,2018,QB,Ryan Tannehill,11,12.996363636363638,13.163333333333334,12.796,0.00555555555555555,0.0030303030303030273,0.3673333333333346,0.0025252525252525224,30,27
00-0029701,2019,QB,Ryan Tannehill,12,18.68166666666667,23.24,14.123333333333335,0.0,0.0,9.116666666666664,0.0,9,4
00-0029701,2020,QB,Ryan Tannehill,16,21.5225,24.163333333333338,19.938,0.0,0.0018939393939393938,4.225333333333339,-0.0018939393939393938,9,5
00-0029701,2021,QB,Ryan Tannehill,17,15.785882352941178,14.986666666666666,16.221818181818183,0.0,0.0,-1.2351515151515162,0.0,15,16
00-0029701,2022,QB,Ryan Tannehill,12,13.436666666666666,15.410000000000002,11.463333333333333,0.0,0.0,3.946666666666669,0.0,25,17
00-0029701,2023,QB,Ryan Tannehill,9,8.893333333333334,8.736666666666666,9.206666666666667,0.006410256410256416,0.004273504273504277,-0.47000000000000064,0.0021367521367521387,37,36
00-0029708,2014,WR,Kendall Wright,14,11.992857142857146,11.933333333333335,12.037500000000001,0.22575590004598947,0.21962949470250187,-0.10416666666666607,0.006126405343487601,33,38
00-0029708,2015,WR,Kendall Wright,10,9.65,7.149999999999999,13.4,0.1617628147538833,0.18119214307399345,-6.250000000000002,-0.019429328320110156,54,80
00-0029708,2016,WR,Kendall Wright,11,8.19090909090909,5.733333333333333,11.14,0.10075121169573946,0.13189698440822875,-5.406666666666667,-0.031145772712489292,74,91
00-0029708,2017,WR,Kendall Wright,15,8.426666666666668,9.733333333333333,7.555555555555555,0.23502042101708978,0.18968462158328905,2.177777777777777,0.04533579943380073,60,48
00-0029729,2014,RB,Austin Johnson,6,1.9500000000000002,1.9500000000000002,1.0,0.008996212121212117,0.008996212121212117,0.9500000000000002,0.0,105,105
00-0029729,2015,RB,Austin Johnson,6,2.4833333333333334,2.4833333333333334,2.9,0.03229347406978985,0.03229347406978985,-0.4166666666666665,0.0,100,96
00-0029731,2014,RB,Fozzy Whittaker,8,4.6875,3.116666666666667,9.399999999999999,0.009880848590525999,0.01921619199845005,-6.283333333333331,-0.00933534340792405,77,90
00-0029731,2015,RB,Fozzy Whittaker,14,2.5142857142857147,3.6833333333333336,1.6375000000000002,0.030968917083828183,0.03577698138152854,2.0458333333333334,-0.004808064297700355,99,83
00-0029731,2016,RB,Fozzy Whittaker,16,4.50625,2.216666666666667,5.879999999999999,0.02671547516508757,0.055401867771419866,-3.663333333333332,-0.028686392606332295,69,90
00-0029731,2017,RB,Fozzy Whittaker,10,1.75,0.6833333333333332,3.35,0.018707138272355667,0.0215691105496203,-2.666666666666667,-0.002861972277264632,99,116
00-0029738,2014,TE,Darren Fells,6,2.0166666666666666,2.0166666666666666,0.0,0.05277871685072492,0.05277871685072492,2.0166666666666666,0.0,70,71
00-0029738,2015,TE,Darren Fells,12,5.841666666666668,4.9,6.783333333333334,0.05770233480989292,0.06955474213069861,-1.8833333333333337,-0.01185240732080569,34,39
00-0029738,2016,TE,Darren Fells,9,3.933333333333333,3.6833333333333336,4.433333333333334,0.04039706801334708,0.05265396400599321,-0.75,-0.012256895992646129,56,53
00-0029738,2017,TE,Darren Fells,14,3.764285714285714,1.7333333333333332,5.2875,0.03900098516502363,0.05269153071954503,-3.5541666666666663,-0.0136905455545214,48,77
00-0029738,2018,TE,Darren Fells,10,4.07,3.5500000000000003,4.8500000000000005,0.028940107104420316,0.03392131103812747,-1.3000000000000003,-0.004981203933707153,46,49
00-0029738,2019,TE,Darren Fells,15,7.340000000000001,4.266666666666667,9.38888888888889,0.09094492829865164,0.0962825049582475,-5.122222222222223,-0.005337576659595861,23,46
00-0029738,2020,TE,Darren Fells,12,6.350000000000001,3.9499999999999997,8.75,0.04723399694664062,0.07087411824783409,-4.800000000000001,-0.023640121301193466,30,50
00-0029740,2017,TE,Ifeanyi Momah,6,0.9333333333333332,0.9333333333333332,0.0,0.009259259259259267,0.009259259259259267,0.9333333333333332,0.0,85,85
00-0029755,2014,TE,Brian Leonhardt,8,1.9375,1.9333333333333333,1.9500000000000002,0.028621091019978784,0.02917454691773551,-0.01666666666666683,-0.0005534558977567279,73,74
00-0029793,2014,TE,Brandon Williams,8,1.05,0.9666666666666668,1.3,0.02293956043956043,0.027125305250305237,-0.33333333333333326,-0.004185744810744806,85,87
00-0029793,2016,TE,Brandon Williams,6,0.9333333333333332,0.9333333333333332,0.0,0.018393393393393385,0.018393393393393385,0.9333333333333332,0.0,84,81
00-0029793,2017,TE,Brandon Williams,10,2.5100000000000002,1.9166666666666667,3.4000000000000004,0.060876422641128525,0.0597040642628878,-1.4833333333333336,0.0011723583782407218,68,74
00-0029795,2014,RB,Benny Cunningham,16,7.925,6.033333333333334,9.059999999999999,0.11729434064960366,0.10908868918311974,-3.0266666666666646,0.008205651466483915,43,60
00-0029795,2015,RB,Benny Cunningham,16,4.0625,3.5500000000000003,4.37,0.056808705795847035,0.0766755946604184,-0.8199999999999998,-0.019866888864571365,81,88
00-0029795,2016,RB,Benny Cunningham,11,3.2,3.7166666666666663,2.5800000000000005,0.06959263337727341,0.05600493495799881,1.1366666666666658,0.013587698419274596,85,79
00-0029795,2017,RB,Benny Cunningham,14,4.064285714285714,4.716666666666667,3.5749999999999997,0.05840768012051322,0.0613822684556255,1.141666666666667,-0.0029745883351122784,84,70
00-0029795,2018,RB,Benny Cunningham,9,0.43333333333333335,0.3333333333333333,0.6333333333333333,0.0,0.006349206349206344,-0.3,-0.006349206349206344,113,114
00-0029848,2015,WR,Nick Williams,11,4.081818181818182,5.916666666666667,1.8800000000000001,0.07485079377882486,0.06010020169637955,4.036666666666667,0.014750592082445314,118,90
00-0029854,2014,RB,C.J. Anderson,14,15.092857142857143,24.98333333333333,7.675,0.1003258179728767,0.07314158559182878,17.30833333333333,0.027184232381047918,10,2
00-0029854,2015,RB,C.J. Anderson,15,9.42,12.833333333333334,7.144444444444444,0.07066862846432741,0.06417492814040411,5.68888888888889,0.006493700323923296,44,23
00-0029854,2016,RB,C.J. Anderson,7,14.642857142857142,12.1,29.9,0.08701482797732134,0.10205666573880286,-17.799999999999997,-0.015041837761481519,14,24
00-0029854,2017,RB,C.J. Anderson,16,10.94375,12.616666666666665,9.940000000000001,0.09365497986465722,0.07482939989240389,2.676666666666664,0.01882557997225333,24,24
00-0029854,2018,RB,C.J. Anderson,9,7.48888888888889,8.416666666666666,5.633333333333333,0.04025764895330117,0.03640633387010201,2.783333333333333,0.003851315083199157,57,48
00-0029878,2014,TE,MarQueis Gray,9,2.488888888888889,3.2999999999999994,0.8666666666666667,0.04874977874868911,0.03755035754963113,2.4333333333333327,0.01119942119905798,63,50
00-0029878,2016,TE,MarQueis Gray,10,3.14,3.3833333333333333,2.775,0.08865322240840369,0.06656693344504223,0.6083333333333334,0.022086288963361456,61,55
00-0029878,2017,TE,MarQueis Gray,7,0.48571428571428577,0.5666666666666668,0.0,0.015941846824199784,0.013664440135028386,0.5666666666666668,0.002277406689171398,89,87
00-0029883,2014,TE,Joseph Fauria,6,3.5666666666666664,3.5666666666666664,5.6,0.05534264210734798,0.05534264210734798,-2.033333333333333,0.0,54,48
00-0029892,2014,RB,Kyle Juszczyk,14,2.8,1.7333333333333334,3.6,0.06677120669056152,0.0645324299356557,-1.8666666666666667,0.00223877675490583,95,109
00-0029892,2015,RB,Kyle Juszczyk,16,6.0874999999999995,6.416666666666667,5.890000000000001,0.08858261501057736,0.08694127597603507,0.5266666666666664,0.0016413390345422912,65,65
00-0029892,2016,RB,Kyle Juszczyk,16,4.612500000000001,5.183333333333334,4.2700000000000005,0.0794949952893304,0.07471984341072531,0.9133333333333331,0.004775151878605097,68,66
00-0029892,2017,RB,Kyle Juszczyk,14,4.971428571428571,6.6000000000000005,3.7499999999999996,0.10697159052422212,0.08669620425867662,2.850000000000001,0.020275386265545495,76,60
00-0029892,2018,RB,Kyle Juszczyk,15,4.493333333333334,2.516666666666667,5.811111111111112,0.05827805205238464,0.08586377535176926,-3.2944444444444447,-0.027585723299384614,80,93
00-0029892,2019,RB,Kyle Juszczyk,12,4.216666666666667,3.85,4.583333333333333,0.04430816097482765,0.060708939606789046,-0.733333333333333,-0.016400778631961398,78,81
00-0029892,2020,RB,Kyle Juszczyk,16,5.1,7.283333333333332,3.79,0.06690447683991445,0.05571731690051275,3.4933333333333323,0.011187159939401697,73,56
00-0029892,2021,RB,Kyle Juszczyk,15,4.920000000000001,4.983333333333333,4.877777777777778,0.08374291037334518,0.08497385538194087,0.10555555555555518,-0.0012309450085956908,77,73
00-0029892,2022,RB,Kyle Juszczyk,13,4.1230769230769235,3.383333333333333,4.757142857142858,0.0449938574938575,0.05493998547608704,-1.3738095238095251,-0.00994612798222954,73,85
00-0029892,2023,RB,Kyle Juszczyk,11,3.5,3.6666666666666665,3.3,0.06298886298886294,0.05701989929262654,0.3666666666666667,0.005968963696236403,74,75
00-0029892,2024,RB,Kyle Juszczyk,14,4.114285714285714,4.333333333333333,3.95,0.053908303908303916,0.07099519808005426,0.38333333333333286,-0.01708689417175035,66,65
00-0029892,2025,RB,Kyle Juszczyk,16,3.5625,3.65,3.5100000000000002,0.056225157022258464,0.055291803790889486,0.13999999999999968,0.0009333532313689774,74,68
00-0029910,2014,TE,Timothy Wright,13,6.746153846153846,5.783333333333334,7.571428571428571,0.06308674450143216,0.06654110362294802,-1.788095238095237,-0.003454359121515857,24,29
00-0029910,2015,TE,Timothy Wright,8,3.5875,4.183333333333334,1.8,0.05460532931121167,0.04809685412626588,2.3833333333333337,0.0065084751849457875,53,49
00-0029931,2015,RB,Zach Line,11,3.1363636363636362,2.483333333333334,3.9200000000000004,0.038567355234021904,0.028860382229871074,-1.4366666666666665,0.00970697300415083,92,95
00-0029931,2016,RB,Zach Line,7,0.21428571428571427,0.25,0.0,0.014624183006535951,0.012535014005602243,0.25,0.002089169000933708,118,117
00-0029931,2017,RB,Zach Line,10,1.16,1.8666666666666665,0.1,0.014814814814814817,0.014853801169590638,1.7666666666666664,-3.89863547758211e-05,109,99
00-0029931,2018,RB,Zach Line,13,1.7307692307692308,1.6500000000000001,1.8000000000000003,0.013312852022529431,0.022877924260412734,-0.15000000000000013,-0.009565072237883302,97,97
00-0029931,2019,RB,Zach Line,8,1.4500000000000002,1.9333333333333333,0.0,0.03967410078901188,0.03366182559175891,1.9333333333333333,0.006012275197252968,104,96
00-0029999,2014,TE,Zach Sudfeld,13,1.0384615384615385,1.8333333333333333,0.35714285714285715,0.031339031339031334,0.02119077503692888,1.476190476190476,0.010148256302102455,86,76
00-0030000,2014,WR,Kenbrell Thompkins,13,3.6692307692307695,3.3333333333333335,3.957142857142857,0.08955786860198627,0.08234711077385885,-0.6238095238095234,0.007210757828127412,114,111
00-0030000,2015,WR,Kenbrell Thompkins,6,5.583333333333333,5.583333333333333,10.1,0.1414244211960105,0.1414244211960105,-4.516666666666667,0.0,95,95
00-0030035,2014,WR,Adam Thielen,12,2.8083333333333336,4.0,1.6166666666666665,0.02666666666666667,0.032670308462991425,2.3833333333333337,-0.006003641796324757,125,106
00-0030035,2015,WR,Adam Thielen,10,3.53,2.4499999999999997,5.15,0.026025597790303667,0.05767657340397657,-2.7000000000000006,-0.0316509756136729,129,141
00-0030035,2016,WR,Adam Thielen,16,12.325,14.883333333333333,10.790000000000001,0.1662208382170837,0.1559312086354459,4.093333333333332,0.010289629581637788,35,18
00-0030035,2017,WR,Adam Thielen,16,14.98125,11.833333333333334,16.87,0.25040051679586567,0.2732538693802342,-5.036666666666667,-0.022853352584368547,10,30
00-0030035,2018,WR,Adam Thielen,16,19.206249999999997,12.833333333333334,23.029999999999998,0.18994006574651714,0.25309795159665527,-10.196666666666664,-0.06315788585013812,8,35
00-0030035,2019,WR,Adam Thielen,10,11.440000000000001,10.9,12.250000000000002,0.16083567333567325,0.20160722410722398,-1.3500000000000014,-0.04077155077155073,42,46
00-0030035,2020,WR,Adam Thielen,15,16.933333333333334,17.2,16.755555555555556,0.20842731829573935,0.25560047764338384,0.44444444444444287,-0.04717315934764449,11,15
00-0030035,2021,WR,Adam Thielen,13,15.369230769230766,12.25,18.04285714285714,0.18289373676299794,0.20356408159036354,-5.792857142857141,-0.0206703448273656,16,37
00-0030035,2022,WR,Adam Thielen,17,10.588235294117647,8.450000000000001,11.754545454545456,0.12838515815022902,0.17153917997618795,-3.3045454545454547,-0.04315402182595893,44,61
00-0030035,2023,WR,Adam Thielen,17,13.588235294117647,9.100000000000001,16.036363636363635,0.22734701843660485,0.2543912915497805,-6.936363636363634,-0.02704427311317567,25,52
00-0030035,2024,WR,Adam Thielen,10,13.95,17.650000000000002,8.399999999999999,0.255108479295471,0.2040313781987456,9.250000000000004,0.05107710109672539,29,16
00-0030035,2025,WR,Adam Thielen,14,2.8285714285714283,3.783333333333333,2.1125,0.08327625871485515,0.0768431767480456,1.6708333333333334,0.006433081966809556,135,112
00-0030047,2014,WR,Marquess Wilson,7,5.285714285714286,5.6499999999999995,3.1,0.1282091634337518,0.12318260520235207,2.5499999999999994,0.005026558231399733,93,91
00-0030047,2015,WR,Marquess Wilson,11,7.3090909090909095,6.0,8.879999999999999,0.12874295958675744,0.13550707062237308,-2.879999999999999,-0.006764111035615639,76,89
00-0030049,2014,TE,Chris Gragg,6,2.966666666666667,2.966666666666667,2.4,0.04881378250614133,0.04881378250614133,0.5666666666666669,0.0,58,55
00-0030049,2015,TE,Chris Gragg,7,3.857142857142857,4.083333333333333,2.5,0.09645061728395071,0.08607331821617545,1.583333333333333,0.010377299067775264,48,51
00-0030061,2014,TE,Zach Ertz,16,9.0125,10.2,8.3,0.1670257860487746,0.13990646041126756,1.8999999999999986,0.027119325637507047,17,14
00-0030061,2015,TE,Zach Ertz,15,11.353333333333332,16.01666666666667,8.244444444444445,0.2194038360918977,0.18211250509207758,7.772222222222224,0.03729133099982013,11,4
00-0030061,2016,TE,Zach Ertz,14,13.114285714285714,18.150000000000002,9.3375,0.2248001829649959,0.1843437915569028,8.812500000000002,0.040456391408093095,3,1
00-0030061,2017,TE,Zach Ertz,14,14.457142857142859,12.100000000000001,16.225,0.21360451360451357,0.23269925700952868,-4.125,-0.019094743405015102,3,3
00-0030061,2018,TE,Zach Ertz,16,17.518749999999997,15.483333333333334,18.74,0.24480938385540965,0.2584678759537542,-3.256666666666664,-0.013658492098344549,2,3
00-0030061,2019,TE,Zach Ertz,15,14.373333333333333,17.48333333333333,12.3,0.23231968810916168,0.2375201149758456,5.18333333333333,-0.005200426866683927,4,4
00-0030061,2020,TE,Zach Ertz,11,7.045454545454546,5.833333333333333,8.5,0.18659562941003083,0.18574720333554645,-2.666666666666667,0.0008484260744843763,26,36
00-0030061,2021,TE,Zach Ertz,17,10.629411764705884,10.75,10.563636363636363,0.22305732930732913,0.18753117592704727,0.1863636363636374,0.035526153380281866,10,10
00-0030061,2022,TE,Zach Ertz,10,11.559999999999999,10.25,13.524999999999999,0.17769024129341526,0.17866616809780475,-3.2749999999999986,-0.0009759268043894875,6,8
00-0030061,2023,TE,Zach Ertz,7,7.385714285714286,7.266666666666667,8.1,0.16685450085697953,0.1906371912107443,-0.833333333333333,-0.023782690353764763,21,25
00-0030061,2024,TE,Zach Ertz,17,10.435294117647059,12.600000000000001,9.254545454545454,0.15367207815025663,0.1786319948777832,3.3454545454545475,-0.024959916727526565,10,9
00-0030061,2025,TE,Zach Ertz,13,9.723076923076924,9.083333333333334,10.271428571428572,0.2137499792672205,0.19288705496327488,-1.1880952380952383,0.020862924303945624,19,19
00-0030068,2014,WR,Marquise Goodwin,8,0.7500000000000001,0.9333333333333335,0.2,0.03271087677452425,0.03021497576271137,0.7333333333333334,0.002495901011812879,149,143
00-0030068,2016,WR,Marquise Goodwin,14,6.435714285714284,3.7500000000000004,8.45,0.163381516929904,0.17588706685495153,-4.699999999999999,-0.012505549925047543,84,119
00-0030068,2017,WR,Marquise Goodwin,16,10.537500000000001,14.533333333333331,8.14,0.22997448063237527,0.17788038785058075,6.393333333333331,0.052094092781794527,43,15
00-0030068,2018,WR,Marquise Goodwin,11,7.945454545454546,6.216666666666668,10.02,0.1355082457812343,0.13557458260589644,-3.803333333333332,-6.63368246621443e-05,75,91
00-0030068,2019,WR,Marquise Goodwin,8,4.762499999999999,3.283333333333333,9.2,0.07796397151235863,0.08678494444623473,-5.916666666666666,-0.008820972933876098,107,127
00-0030068,2021,WR,Marquise Goodwin,14,4.085714285714285,5.666666666666667,2.9000000000000004,0.09839143549788225,0.09775527311393897,2.7666666666666666,0.0006361623839432756,123,99
00-0030068,2022,WR,Marquise Goodwin,13,6.938461538461539,7.716666666666666,6.271428571428571,0.0982703733024658,0.09393504010369821,1.4452380952380945,0.0043353331987675825,83,70
00-0030068,2023,WR,Marquise Goodwin,10,1.4,2.15,0.275,0.03919342930970837,0.038353785780551194,1.875,0.0008396435291571774,165,142
00-0030085,2014,WR,Kenny Stills,15,11.593333333333334,14.633333333333333,9.566666666666668,0.1835660927766192,0.14489305593738136,5.066666666666665,0.03867303683923784,37,18
00-0030085,2015,WR,Kenny Stills,15,5.9333333333333345,4.316666666666667,7.011111111111112,0.11266250286178285,0.10880939352059789,-2.6944444444444446,0.0038531093411849626,92,110
00-0030085,2016,WR,Kenny Stills,16,10.5375,13.466666666666667,8.78,0.2110700230578525,0.17397910098759345,4.686666666666667,0.03709092207025905,49,28
00-0030085,2017,WR,Kenny Stills,16,10.91875,7.6499999999999995,12.88,0.1921861800116882,0.1775592701512962,-5.230000000000001,0.014626909860392001,41,67
00-0030085,2018,WR,Kenny Stills,15,8.961333333333332,9.47,8.622222222222222,0.22489284806218449,0.16913331087930641,0.8477777777777789,0.05575953718287807,62,56
00-0030085,2019,WR,Kenny Stills,13,9.238461538461538,9.233333333333334,9.242857142857144,0.15040187501623667,0.13647920244596679,-0.00952380952380949,0.013922672570269884,62,57
00-0030085,2020,WR,Kenny Stills,7,4.485714285714286,5.233333333333333,0.0,0.08916076208512706,0.08564010022043149,5.233333333333333,0.0035206618646955734,119,110
00-0030085,2021,WR,Kenny Stills,7,2.6999999999999997,2.6999999999999997,2.7,0.10122289352472284,0.10819105159261957,-4.440892098500626e-16,-0.006968158067896732,142,138
00-0030089,2014,TE,Luke Willson,13,5.861538461538462,7.7,4.285714285714286,0.1182828499170329,0.11572267784003834,3.4142857142857146,0.002560172076994563,30,21
00-0030089,2015,TE,Luke Willson,13,3.407692307692308,2.8000000000000003,3.9285714285714284,0.06171187794751012,0.07105205272540457,-1.1285714285714281,-0.009340174777894457,55,59
00-0030089,2016,TE,Luke Willson,10,3.9899999999999998,5.133333333333333,2.275,0.0536768298865073,0.06419433835002286,2.858333333333333,-0.010517508463515561,54,41
00-0030089,2017,TE,Luke Willson,14,3.878571428571429,2.766666666666666,4.7125,0.049045186401508255,0.047134833789285305,-1.9458333333333342,0.00191035261222295,47,59
00-0030089,2018,TE,Luke Willson,10,2.17,2.466666666666667,1.725,0.06141687318157913,0.05616425805066781,0.7416666666666667,0.005252615130911319,74,69
00-0030089,2019,TE,Luke Willson,7,2.2714285714285714,1.8833333333333335,4.6,0.04367199380586775,0.04801514812989723,-2.716666666666666,-0.004343154324029486,72,76
00-0030091,2017,WR,Tavarres King,8,7.5375000000000005,9.716666666666667,1.0,0.14801083222135855,0.14061338732391362,8.716666666666667,0.007397444897444927,68,49
00-0030095,2014,WR,Corey Fuller,13,3.0153846153846158,0.9,4.828571428571428,0.030319217819217814,0.06413740353128763,-3.9285714285714284,-0.03381818571206982,121,144
00-0030095,2015,WR,Corey Fuller,7,1.657142857142857,0.6666666666666666,7.6,0.022742518059855516,0.027896948252985398,-6.933333333333333,-0.005154430193129882,152,158
00-0030107,2014,RB,Theo Riddick,13,7.284615384615386,7.166666666666667,7.385714285714286,0.12405788655788648,0.0978510388923147,-0.21904761904761916,0.026206847665571784,52,49
00-0030107,2015,RB,Theo Riddick,16,11.1875,11.116666666666665,11.229999999999999,0.16281922074491714,0.15396618648553617,-0.11333333333333329,0.00885303425938097,30,34
00-0030107,2016,RB,Theo Riddick,10,16.18,16.983333333333334,14.974999999999998,0.19989723923976296,0.18821681432232845,2.0083333333333364,0.011680424917434512,8,9
00-0030107,2017,RB,Theo Riddick,16,9.625,11.116666666666667,8.73,0.12391313892328082,0.12253900152643854,2.3866666666666667,0.0013741373968422788,32,28
00-0030107,2018,RB,Theo Riddick,14,8.321428571428571,7.683333333333334,8.8,0.11973499473499466,0.14504975955280214,-1.1166666666666671,-0.025314764817807478,47,52
00-0030108,2014,TE,Ryan Griffin,10,2.51,3.6166666666666667,0.8500000000000001,0.07113274730165794,0.05593722413857053,2.7666666666666666,0.015195523163087414,62,45
00-0030108,2015,TE,Ryan Griffin,9,6.344444444444445,7.516666666666667,3.9999999999999996,0.12286176653259279,0.11830764801829265,3.516666666666667,0.00455411851430014,31,26
00-0030108,2016,TE,Ryan Griffin,16,6.5125,7.150000000000001,6.13,0.1209211503670657,0.12531123447687575,1.0200000000000014,-0.004390084109810052,33,29
00-0030108,2017,TE,Ryan Griffin,6,6.133333333333333,6.133333333333333,0.0,0.13951909220671907,0.13951909220671907,6.133333333333333,0.0,28,29
00-0030108,2018,TE,Ryan Griffin,13,4.1923076923076925,4.7,3.757142857142857,0.0845012860833898,0.10039648477452573,0.9428571428571431,-0.015895198691135926,45,39
00-0030108,2019,TE,Ryan Griffin,13,7.538461538461538,8.966666666666667,6.314285714285715,0.1228903812237146,0.09662602348114921,2.652380952380952,0.026264357742565386,21,17
00-0030108,2020,TE,Ryan Griffin,10,1.7600000000000002,2.2666666666666666,1.0,0.04337606837606837,0.040694692903995223,1.2666666666666666,0.002681375472073144,76,73
00-0030108,2021,TE,Ryan Griffin,14,4.6499999999999995,5.866666666666667,3.7375,0.09219027751636445,0.08547747472966434,2.1291666666666673,0.006712802786700112,40,34
00-0030108,2022,TE,Ryan Griffin,10,0.66,0.45,0.975,0.023862433862433866,0.04378113389878092,-0.5249999999999999,-0.01991870003634705,92,93
00-0030110,2015,TE,Michael Williams,9,0.6222222222222222,0.2833333333333333,1.3,0.014343345520741735,0.015560695855984475,-1.0166666666666666,-0.0012173503352427405,86,87
00-0030112,2015,RB,Tommy Bohanon,9,1.0888888888888888,1.5999999999999996,0.06666666666666667,0.03575974164209467,0.023839827761396447,1.533333333333333,0.01191991388069822,118,113
00-0030112,2017,RB,Tommy Bohanon,12,2.4,2.75,2.0500000000000003,0.013945317866886485,0.02879805575884006,0.6999999999999997,-0.014852737891953575,96,90
00-0030112,2018,RB,Tommy Bohanon,9,1.1222222222222222,1.4333333333333333,0.5,0.03501556419246321,0.031701150798832754,0.9333333333333333,0.003314413393630457,106,99
00-0030113,2014,WR,Charles D. Johnson,11,8.309090909090909,10.783333333333331,5.34,0.23022317188983865,0.17512387944760455,5.443333333333332,0.055099292442234105,65,44
00-0030113,2015,WR,Charles D. Johnson,6,3.6166666666666667,3.6166666666666667,4.7,0.085692425942486,0.085692425942486,-1.0833333333333335,0.0,127,121
00-0030113,2016,WR,Charles D. Johnson,14,3.085714285714286,4.3500000000000005,2.1375,0.06996828045639057,0.07018985965020176,2.2125000000000004,-0.00022157919381118885,131,113
00-0030117,2015,RB,Kerwynn Williams,6,3.6333333333333333,3.6333333333333333,0.3,0.011381172839506168,0.011381172839506168,3.3333333333333335,0.0,83,84
00-0030117,2017,RB,Kerwynn Williams,16,4.24375,7.666666666666667,2.19,0.034837814984873816,0.027108428637683965,5.476666666666667,0.007729386347189851,82,52
00-0030120,2015,WR,B.J. Daniels,6,0.7800000000000001,0.7800000000000001,2.2,0.012362637362637366,0.012362637362637366,-1.42,0.0,163,157
00-0030147,2014,WR,Russell Shepard,12,0.8583333333333334,0.8833333333333333,0.8333333333333334,0.040140415140415116,0.024038461538461526,0.04999999999999993,0.01610195360195359,147,145
00-0030147,2015,WR,Russell Shepard,11,1.0727272727272728,1.7,0.32,0.03102551210853882,0.022351624332740513,1.38,0.008673887775798306,160,150
00-0030147,2016,WR,Russell Shepard,13,5.384615384615385,4.3999999999999995,6.228571428571428,0.12119367560544025,0.09266739334566446,-1.8285714285714283,0.028526282259775798,99,111
00-0030147,2017,WR,Russell Shepard,15,3.006666666666667,2.2833333333333337,3.488888888888889,0.06309523809523816,0.06504816700276846,-1.2055555555555553,-0.0019529289075302936,125,133
00-0030147,2018,WR,Russell Shepard,8,5.1,6.483333333333333,0.95,0.07283887283887283,0.06661640518347836,5.533333333333333,0.00622246765539447,112,87
00-0030154,2014,WR,Frankie Hammond,10,0.85,0.8833333333333333,0.8,0.0413573031863033,0.03472114181854189,0.08333333333333326,0.006636161367761406,148,145
00-0030154,2015,WR,Frankie Hammond,7,0.0,0.0,0.0,0.0,0.0,0.0,0.0,168,162
00-0030155,2015,TE,Demetrius Harris,8,2.55,2.8166666666666664,1.75,0.05551759834368535,0.05151995551452078,1.0666666666666664,0.003997642829164573,65,58
00-0030155,2016,TE,Demetrius Harris,14,2.664285714285714,3.216666666666667,2.25,0.06161059372227532,0.06599159925945114,0.9666666666666668,-0.004381005537175818,65,60
00-0030155,2017,TE,Demetrius Harris,13,3.56923076923077,4.7,2.6,0.08857645622351508,0.07709073187892038,2.1,0.011485724344594703,50,37
00-0030155,2018,TE,Demetrius Harris,15,3.0933333333333333,3.3333333333333335,2.9333333333333336,0.05876749634741959,0.04287355602097523,0.3999999999999999,0.01589394032644436,62,53
00-0030155,2019,TE,Demetrius Harris,14,3.5642857142857136,3.5833333333333335,3.55,0.06958091250854405,0.05891313463184315,0.03333333333333366,0.010667777876700896,54,54
00-0030155,2020,TE,Demetrius Harris,11,1.0454545454545454,0.5833333333333334,1.6,0.027046783625730986,0.032584166042812654,-1.0166666666666666,-0.005537382417081668,80,86
00-0030155,2021,TE,Demetrius Harris,10,0.4,0.6666666666666666,0.0,0.026495726495726433,0.025272435897435858,0.6666666666666666,0.0012232905982905752,88,84
00-0030181,2014,TE,Jack Doyle,11,3.8,4.0,3.5599999999999996,0.06641377578877582,0.05465496745887868,0.4400000000000004,0.01175880832989714,50,41
00-0030181,2015,TE,Jack Doyle,10,2.52,3.0,1.8,0.042487642056607565,0.042389136958102466,1.2,9.850509850509864e-05,68,57
00-0030181,2016,TE,Jack Doyle,16,9.0875,7.633333333333333,9.959999999999999,0.14013171771792468,0.13274669309152065,-2.326666666666666,0.00738502462640403,20,28
00-0030181,2017,TE,Jack Doyle,15,11.266666666666667,10.666666666666666,11.666666666666668,0.23173884031727165,0.23962685613603185,-1.0000000000000018,-0.007888015818760197,5,6
00-0030181,2018,TE,Jack Doyle,6,10.083333333333334,10.083333333333334,11.0,0.152185983376341,0.152185983376341,-0.9166666666666661,0.0,10,11
00-0030181,2019,TE,Jack Doyle,16,6.987500000000001,6.533333333333334,7.26,0.18670683670683683,0.14332675861208471,-0.7266666666666657,0.04338007809475211,24,29
00-0030181,2020,TE,Jack Doyle,13,4.93076923076923,4.45,5.3428571428571425,0.08738546405889196,0.07530493163748364,-0.8928571428571423,0.012080532421408316,45,45
00-0030181,2021,TE,Jack Doyle,15,5.28,6.266666666666667,4.622222222222223,0.12700987420313817,0.0952700640079173,1.644444444444444,0.031739810195220874,35,31
00-0030187,2015,WR,Rashad Ross,13,3.4153846153846152,3.3000000000000003,3.5142857142857147,0.02998345740281218,0.027239713879511636,-0.2142857142857144,0.002743743523300545,130,126
00-0030216,2014,TE,Josh Hill,14,4.4,3.733333333333333,4.9,0.03719279252815839,0.03719151193082838,-1.1666666666666674,1.2805973300042406e-06,42,44
00-0030216,2015,TE,Josh Hill,14,2.857142857142857,1.55,3.8375,0.050114793506739065,0.053322747312976725,-2.2874999999999996,-0.0032079538062376595,58,75
00-0030216,2016,TE,Josh Hill,8,4.487500000000001,4.000000000000001,5.95,0.07168674237639758,0.06944546458371667,-1.9499999999999993,0.002241277792680907,45,47
00-0030216,2017,TE,Josh Hill,12,2.475,2.9666666666666663,1.9833333333333336,0.06678090428090427,0.05791470095880388,0.9833333333333327,0.008866203322100391,69,55
00-0030216,2018,TE,Josh Hill,12,3.375,1.8499999999999999,4.8999999999999995,0.06167258052931677,0.05939400558345743,-3.05,0.0022785749458593407,56,77
00-0030216,2019,TE,Josh Hill,14,4.685714285714285,4.3,4.975,0.06236652747652699,0.07443957990395918,-0.6749999999999998,-0.012073052427432188,43,45
00-0030216,2020,TE,Josh Hill,9,2.066666666666667,2.3833333333333333,1.4333333333333333,0.026681470776223366,0.03194180133830307,0.95,-0.005260330562079706,72,72
00-0030274,2015,WR,Myles White,10,2.18,3.3333333333333335,0.45,0.060550533344650916,0.049094291986132986,2.8833333333333333,0.01145624135851793,147,125
00-0030279,2014,WR,Keenan Allen,14,12.664285714285715,14.266666666666666,11.462499999999999,0.2695758489876136,0.2490373292308841,2.804166666666667,0.020538519756729517,31,20
00-0030279,2015,WR,Keenan Allen,8,20.4375,21.383333333333336,17.6,0.24225737975737968,0.25204082162923613,3.783333333333335,-0.009783441871856452,6,6
00-0030279,2017,WR,Keenan Allen,16,17.3875,21.3,15.040000000000001,0.2995139582006885,0.27676715444278166,6.26,0.02274680375790683,3,2
00-0030279,2018,WR,Keenan Allen,15,17.339999999999996,20.166666666666668,15.455555555555556,0.30373415911449114,0.2931886561127187,4.711111111111112,0.010545503001772427,12,8
00-0030279,2019,WR,Keenan Allen,16,16.34375,17.816666666666666,15.459999999999999,0.243948724211882,0.25916968609082014,2.3566666666666674,-0.01522096187893815,8,10
00-0030279,2020,WR,Keenan Allen,14,17.50714285714286,16.0,18.637500000000003,0.22765837104072398,0.266929267145818,-2.637500000000003,-0.039270896105094016,7,22
00-0030279,2021,WR,Keenan Allen,16,16.1125,15.133333333333335,16.7,0.2212641690582867,0.2568939154213439,-1.5666666666666647,-0.035629746363057185,12,19
00-0030279,2022,WR,Keenan Allen,10,16.4,20.333333333333332,10.5,0.2916391561340628,0.23314959210806988,9.833333333333332,0.05848956402599295,11,4
00-0030279,2023,WR,Keenan Allen,13,21.450769230769232,21.666666666666668,21.265714285714285,0.3414666408568845,0.3139221441716048,0.4009523809523827,0.027544496685279696,3,2
00-0030279,2024,WR,Keenan Allen,15,12.293333333333333,15.1,10.422222222222224,0.2723256755514818,0.26502101568487374,4.677777777777775,0.007304659866608054,35,29
00-0030279,2025,WR,Keenan Allen,17,10.747058823529413,7.25,12.654545454545456,0.20920194586873572,0.2206107794873937,-5.404545454545456,-0.011408833618657965,38,60
00-0030280,2014,RB,Knile Davis,16,7.5625,4.9,9.16,0.03243573209899595,0.04822001892348425,-4.26,-0.0157842868244883,46,71
00-0030280,2015,RB,Knile Davis,13,1.3538461538461537,0.5,2.0857142857142854,0.0,0.0076373147340889225,-1.5857142857142854,-0.0076373147340889225,116,121
00-0030280,2016,RB,Knile Davis,9,1.1444444444444446,1.1666666666666667,1.1,0.0197748158274474,0.019985931640066977,0.06666666666666665,-0.0002111158126195771,103,100
00-0030282,2014,RB,Stepfan Taylor,12,5.4750000000000005,4.8999999999999995,6.05,0.02957191276156795,0.033679165546170564,-1.1500000000000004,-0.004107252784602614,66,72
00-0030282,2015,RB,Stepfan Taylor,9,0.8,0.7833333333333333,0.8333333333333334,0.008928571428571433,0.012125220458553802,-0.050000000000000044,-0.0031966490299823683,120,117
00-0030287,2014,RB,Andre Ellington,12,14.791666666666664,12.866666666666665,16.716666666666665,0.137048431004672,0.1580383365629465,-3.8499999999999996,-0.020989905558274485,11,21
00-0030287,2015,RB,Andre Ellington,10,7.4700000000000015,5.75,10.049999999999999,0.06518854125443273,0.06731929358382849,-4.299999999999999,-0.0021307523293957603,58,68
00-0030287,2016,RB,Andre Ellington,14,2.1499999999999995,2.6833333333333336,1.75,0.051771769504327714,0.03278207453540381,0.9333333333333336,0.0189896949689239,94,88
00-0030287,2017,RB,Andre Ellington,11,7.945454545454546,4.8,11.719999999999999,0.08318245178471981,0.1245693258811103,-6.919999999999999,-0.0413868740963905,48,69
00-0030288,2014,RB,Rex Burkhead,7,2.942857142857143,3.4333333333333336,0.0,0.05687432300335518,0.04874941971716158,3.4333333333333336,0.0081249032861936,94,86
00-0030288,2015,RB,Rex Burkhead,15,1.5866666666666667,2.2833333333333337,1.1222222222222222,0.0504767563591093,0.0366152745316832,1.1611111111111114,0.013861481827426102,113,98
00-0030288,2016,RB,Rex Burkhead,14,5.421428571428572,11.266666666666666,1.0374999999999999,0.09906521903997219,0.0469894894786694,10.229166666666666,0.05207572956130279,66,31
00-0030288,2017,RB,Rex Burkhead,10,12.979999999999999,15.433333333333332,9.3,0.09975463268146184,0.0967844160819663,6.133333333333331,0.0029702165994955343,15,14
00-0030288,2018,RB,Rex Burkhead,8,6.2125,6.599999999999999,5.050000000000001,0.09882478632478627,0.08373397435897431,1.549999999999998,0.015090811965811954,69,59
00-0030288,2019,RB,Rex Burkhead,13,7.776923076923078,7.449999999999999,8.057142857142857,0.07076035395000915,0.08085434832282218,-0.6071428571428577,-0.010093994372813025,50,47
00-0030288,2020,RB,Rex Burkhead,10,10.760000000000002,9.116666666666667,13.225,0.11443279204754515,0.12118459217204866,-4.1083333333333325,-0.006751800124503507,34,42
00-0030288,2021,RB,Rex Burkhead,15,6.953333333333334,12.366666666666667,3.3444444444444446,0.10988841405508072,0.06747571564238226,9.022222222222222,0.04241269841269846,59,25
00-0030288,2022,RB,Rex Burkhead,15,4.76,2.3666666666666667,6.355555555555555,0.08051518483309164,0.10321115735767489,-3.9888888888888885,-0.022695972524583247,71,91
00-0030290,2016,WR,Cobi Hamilton,11,4.763636363636364,4.366666666666666,5.24,0.0656754680948229,0.06949824453330766,-0.873333333333334,-0.0038227764384847623,107,112
00-0030300,2014,WR,Jaron Brown,14,4.064285714285714,7.033333333333334,1.8375,0.1241836522587154,0.06729875526952643,5.195833333333335,0.05688489698918897,109,78
00-0030300,2015,WR,Jaron Brown,12,2.6166666666666667,1.7333333333333334,3.5,0.03236472560600467,0.052920755451721084,-1.7666666666666666,-0.020556029845716417,140,148
00-0030300,2016,WR,Jaron Brown,6,5.95,5.95,2.8,0.09348665191802448,0.09348665191802448,3.1500000000000004,0.0,91,87
00-0030300,2017,WR,Jaron Brown,16,6.41875,5.3,7.090000000000001,0.09391615494556667,0.11361202574378863,-1.790000000000001,-0.019695870798221965,78,88
00-0030300,2018,WR,Jaron Brown,12,5.05,4.383333333333333,5.716666666666666,0.06862031849776945,0.06425603397736815,-1.333333333333333,0.0043642845204013014,113,116
00-0030300,2019,WR,Jaron Brown,10,4.8,5.066666666666666,4.4,0.0731723967176004,0.08623984558435913,0.6666666666666661,-0.01306744886675873,104,97
00-0030348,2014,RB,Khiry Robinson,9,7.388888888888889,7.95,6.266666666666667,0.03905091010354168,0.028679442714530434,1.6833333333333336,0.010371467389011249,50,41
00-0030348,2015,RB,Khiry Robinson,8,8.8125,8.633333333333335,9.35,0.051785584412237545,0.05775366199338869,-0.716666666666665,-0.005968077581151143,49,48
00-0030388,2014,RB,Joseph Randle,14,3.8999999999999995,6.616666666666667,1.8625,0.023487555941917,0.013171685465790516,4.754166666666667,0.010315870476126483,83,53
00-0030388,2015,RB,Joseph Randle,6,12.350000000000001,12.350000000000001,13.7,0.04592760180995483,0.04592760180995483,-1.3499999999999979,0.0,19,26
00-0030400,2014,WR,Marlon Brown,13,3.8076923076923084,5.033333333333333,2.757142857142857,0.08950866188769425,0.07035606269477243,2.276190476190476,0.019152599192921824,112,97
00-0030400,2015,WR,Marlon Brown,9,2.8000000000000003,2.1,4.2,0.0816458816458815,0.0828256494923161,-2.1,-0.0011797678464346012,137,144
00-0030404,2015,RB,Chris Thompson,13,7.1230769230769235,5.416666666666667,8.585714285714285,0.05976458007555355,0.09720096126937917,-3.1690476190476184,-0.03743638119382563,61,70
00-0030404,2016,RB,Chris Thompson,16,9.21875,9.866666666666667,8.830000000000002,0.10705699175366445,0.10256561011719674,1.0366666666666653,0.0044913816364677145,39,41
00-0030404,2017,RB,Chris Thompson,10,15.540000000000001,13.283333333333333,18.925,0.1472578347578349,0.15844729344729344,-5.6416666666666675,-0.011189458689458531,10,22
00-0030404,2018,RB,Chris Thompson,10,9.16,4.933333333333334,15.5,0.15070873314835995,0.17800297436330217,-10.566666666666666,-0.027294241214942228,42,75
00-0030404,2019,RB,Chris Thompson,11,8.509090909090908,5.8500000000000005,11.7,0.13682652432652434,0.1673043702113469,-5.849999999999999,-0.030477845884822552,47,57
00-0030404,2020,RB,Chris Thompson,6,7.099999999999999,7.099999999999999,2.6,0.09968671679198,0.09968671679198,4.499999999999998,0.0,55,57
00-0030414,2015,RB,Spencer Ware,9,9.2,12.4,2.8000000000000003,0.04033670033670032,0.02689113355780021,9.6,0.013445566778900107,46,25
00-0030414,2016,RB,Spencer Ware,14,13.842857142857142,12.033333333333331,15.2,0.09025342584351238,0.08845119495883191,-3.166666666666668,0.0018022308846804697,17,25
00-0030414,2018,RB,Spencer Ware,12,6.583333333333333,10.4,2.766666666666666,0.06858860588699299,0.05346584290451014,7.633333333333335,0.01512276298248285,66,34
00-0030422,2014,TE,Dion Sims,14,4.6000000000000005,6.116666666666667,3.4625000000000004,0.08862569660442006,0.07220812527575282,2.654166666666667,0.016417571328667238,40,26
00-0030422,2015,TE,Dion Sims,13,2.6692307692307695,2.566666666666667,2.757142857142857,0.06366282985469043,0.06046674275094891,-0.19047619047619024,0.0031960871037415226,61,61
00-0030422,2016,TE,Dion Sims,13,5.815384615384615,8.866666666666667,3.1999999999999997,0.11400859901874107,0.09909092033158394,5.666666666666668,0.014917678687157127,35,21
00-0030422,2017,TE,Dion Sims,12,3.25,2.1166666666666667,4.383333333333333,0.07355153628382942,0.09407755200619859,-2.266666666666666,-0.020526015722369173,56,70
00-0030431,2014,WR,Robert Woods,16,10.306249999999999,13.466666666666669,8.41,0.20018652994307404,0.18914235079211061,5.056666666666668,0.011044179150963424,51,27
00-0030431,2015,WR,Robert Woods,14,8.442857142857145,8.783333333333333,8.1875,0.23513912987597183,0.18296625737642067,0.5958333333333332,0.05217287249955116,62,62
00-0030431,2016,WR,Robert Woods,13,9.146153846153847,9.049999999999999,9.228571428571428,0.1681000881190635,0.19929994481477561,-0.17857142857142883,-0.031199856695712125,66,58
00-0030431,2017,WR,Robert Woods,12,13.608333333333334,18.383333333333333,8.833333333333334,0.2524448986119468,0.23083425054820939,9.549999999999999,0.021610648063737414,18,7
00-0030431,2018,WR,Robert Woods,16,16.6,16.383333333333336,16.729999999999997,0.23056425693521998,0.24165018296570542,-0.34666666666666046,-0.011085926030485443,16,14
00-0030431,2019,WR,Robert Woods,15,15.526666666666666,19.7,12.744444444444445,0.2867122555429585,0.22853626732462992,6.955555555555554,0.05817598821832856,12,5
00-0030431,2020,WR,Robert Woods,16,15.318750000000001,13.416666666666666,16.46,0.27089467516296767,0.23330017468063513,-3.043333333333335,0.03759450048233254,19,36
00-0030431,2021,WR,Robert Woods,9,15.244444444444447,17.666666666666668,10.4,0.22280357221594752,0.21765635017446122,7.2666666666666675,0.0051472220414862935,17,10
00-0030431,2022,WR,Robert Woods,17,6.923529411764707,7.433333333333334,6.645454545454545,0.20168066176838098,0.21238046902129878,0.787878787878789,-0.010699807252917803,84,72
00-0030431,2023,WR,Robert Woods,14,6.378571428571427,4.45,7.825,0.0992559210063954,0.1543010112723973,-3.375,-0.05504509026600189,76,101
00-0030431,2024,WR,Robert Woods,14,2.7357142857142853,2.983333333333333,2.55,0.07939704052607273,0.06522691714358395,0.4333333333333331,0.014170123382488783,126,121
00-0030432,2014,RB,Christine Michael,10,1.97,1.5499999999999998,2.5999999999999996,0.014822134387351783,0.00889328063241107,-1.0499999999999998,0.005928853754940714,103,110
00-0030432,2015,RB,Christine Michael,8,3.6125,4.733333333333333,0.25,0.032535018993352316,0.024401264245014237,4.483333333333333,0.008133754748338079,84,76
00-0030432,2016,RB,Christine Michael,15,9.133333333333331,3.4166666666666665,12.944444444444443,0.012820512820512817,0.05554761408419942,-9.527777777777777,-0.042727101263686604,41,81
00-0030433,2016,RB,Mike Gillislee,15,8.38,9.716666666666667,7.488888888888888,0.011549183592194333,0.02243074437488365,2.2277777777777787,-0.010881560782689318,49,44
00-0030433,2017,RB,Mike Gillislee,9,7.644444444444444,5.05,12.833333333333334,0.0059523809523809494,0.003968253968253966,-7.783333333333334,0.001984126984126983,51,68
00-0030443,2014,TE,Levine Toilolo,15,4.319999999999999,4.433333333333333,4.244444444444444,0.08515263724771212,0.08930772037830853,0.1888888888888891,-0.0041550831305964125,46,37
00-0030443,2015,TE,Levine Toilolo,11,1.2181818181818183,0.7666666666666666,1.7600000000000002,0.025493612078977934,0.027495585276947846,-0.9933333333333336,-0.002001973197969912,81,84
00-0030443,2016,TE,Levine Toilolo,13,3.9538461538461536,3.283333333333333,4.5285714285714285,0.04184233640755378,0.04289036878394996,-1.2452380952380953,-0.0010480323763961755,55,58
00-0030443,2017,TE,Levine Toilolo,10,3.02,3.216666666666667,2.725,0.03596515234446269,0.04586909569668188,0.4916666666666667,-0.00990394335221919,59,52
00-0030443,2018,TE,Levine Toilolo,11,4.845454545454545,7.266666666666667,1.9400000000000002,0.09819624819624821,0.06957144214197507,5.326666666666666,0.028624806054273144,38,24
00-0030443,2020,TE,Levine Toilolo,7,1.3714285714285714,1.2166666666666666,2.3,0.025055586351318066,0.025139220535562,-1.0833333333333333,-8.363418424393518e-05,78,80
00-0030450,2015,WR,Quinton Patton,16,4.74375,4.333333333333333,4.99,0.12579365079365076,0.11379236609103838,-0.6566666666666672,0.012001284702612386,106,109
00-0030450,2016,WR,Quinton Patton,13,5.984615384615385,6.683333333333333,5.385714285714286,0.16850556850556864,0.15773139478447507,1.2976190476190466,0.010774173721093572,90,80
00-0030456,2014,RB,Giovani Bernard,13,14.453846153846154,12.233333333333334,16.357142857142858,0.1349113524552121,0.14517251141594983,-4.123809523809523,-0.010261158960737732,13,23
00-0030456,2015,RB,Giovani Bernard,16,11.325,7.683333333333333,13.51,0.12567021758198224,0.1258142754113711,-5.826666666666667,-0.00014405782938886613,27,56
00-0030456,2016,RB,Giovani Bernard,10,12.229999999999999,12.666666666666666,11.575000000000001,0.1324067509551381,0.14390812294038108,1.091666666666665,-0.01150137198524298,25,18
00-0030456,2017,RB,Giovani Bernard,16,9.481250000000001,15.066666666666665,6.129999999999999,0.1532469450152377,0.11566574491441542,8.936666666666666,0.037581200100822276,36,15
00-0030456,2018,RB,Giovani Bernard,12,7.991666666666667,4.75,11.233333333333334,0.11795082788217796,0.12159889028407746,-6.483333333333334,-0.0036480624018994934,52,78
00-0030456,2019,RB,Giovani Bernard,16,4.275,4.066666666666666,4.4,0.07089149325119576,0.07457702348051162,-0.3333333333333339,-0.0036855302293158643,76,79
00-0030456,2020,RB,Giovani Bernard,16,9.881250000000001,9.766666666666667,9.950000000000001,0.1002636577197981,0.09993224409542752,-0.18333333333333357,0.00033141362437058564,36,38
00-0030456,2021,RB,Giovani Bernard,10,5.91,3.4499999999999997,9.600000000000001,0.05005562356214085,0.06569474979866015,-6.150000000000002,-0.0156391262365193,68,89
00-0030460,2014,WR,Markus Wheaton,16,8.20625,6.466666666666668,9.25,0.12770155734358532,0.14254711450031063,-2.7833333333333323,-0.014845557156725309,66,83
00-0030460,2015,WR,Markus Wheaton,16,9.431249999999999,16.599999999999998,5.13,0.17530767121973848,0.12931386759997174,11.469999999999999,0.04599380361976674,56,17
00-0030460,2017,WR,Markus Wheaton,7,1.157142857142857,1.3499999999999999,0.0,0.0762343684898033,0.07894918659670215,1.3499999999999999,-0.0027148181068988447,157,151
00-0030465,2015,RB,Kenjon Barner,6,3.6,3.6,0.0,0.05514750269778079,0.05514750269778079,3.6,0.0,85,86
00-0030465,2016,RB,Kenjon Barner,11,3.0999999999999996,2.75,3.5199999999999996,0.036592111592111586,0.022025449298176566,-0.7699999999999996,0.01456666229393502,89,85
00-0030465,2017,RB,Kenjon Barner,13,1.7153846153846155,0.7166666666666668,2.5714285714285716,0.013027713027713016,0.018907267945729486,-1.8547619047619048,-0.0058795549180164705,100,114
00-0030465,2018,RB,Kenjon Barner,9,0.9333333333333333,0.35000000000000003,2.1,0.003030303030303033,0.002020202020202022,-1.75,0.001010101010101011,107,113
00-0030465,2019,RB,Kenjon Barner,14,1.2228571428571429,1.1333333333333335,1.29,0.021928515304669466,0.013726939459576957,-0.1566666666666665,0.008201575845092509,109,106
00-0030466,2014,WR,Justin Brown,6,3.233333333333333,3.233333333333333,6.8,0.09993509519371592,0.09993509519371592,-3.566666666666667,0.0,118,112
00-0030470,2015,TE,Vance McDonald,14,5.757142857142858,10.866666666666667,1.9249999999999998,0.13586069023569017,0.0972050699886444,8.941666666666666,0.038655620247045774,36,14
00-0030470,2016,TE,Vance McDonald,10,8.709999999999999,9.383333333333333,7.699999999999999,0.1976317663817665,0.14784890109890117,1.6833333333333336,0.049782865282865324,24,19
00-0030470,2017,TE,Vance McDonald,10,3.88,6.466666666666666,0.0,0.10074845679012351,0.07026388888888892,6.466666666666666,0.03048456790123459,46,24
00-0030470,2018,TE,Vance McDonald,15,8.866666666666667,7.05,10.077777777777778,0.1092909395865061,0.11369675874352109,-3.0277777777777777,-0.00440581915701499,16,25
00-0030470,2019,TE,Vance McDonald,14,5.964285714285714,3.5999999999999996,7.737500000000001,0.11618902200297566,0.12350824516463783,-4.137500000000001,-0.0073192231616621695,35,53
00-0030470,2020,TE,Vance McDonald,10,2.49,2.4,2.625,0.0467263181548896,0.05087805761866419,-0.2250000000000001,-0.00415173946377459,71,71
00-0030472,2014,TE,Jordan Reed,11,8.590909090909092,8.633333333333333,8.540000000000001,0.17713123675887213,0.16946962424259274,0.09333333333333194,0.0076616125162793924,18,16
00-0030472,2015,TE,Jordan Reed,14,17.442857142857143,20.150000000000002,15.4125,0.2502847521648605,0.24021590174439192,4.7375000000000025,0.010068850420468595,1,1
00-0030472,2016,TE,Jordan Reed,12,14.049999999999999,11.183333333333332,16.916666666666668,0.13216557452512775,0.19103856827454635,-5.733333333333336,-0.058872993749418595,1,11
00-0030472,2017,TE,Jordan Reed,6,10.016666666666667,10.016666666666667,8.6,0.17418091168091157,0.17418091168091157,1.4166666666666679,0.0,9,9
00-0030472,2018,TE,Jordan Reed,13,9.215384615384615,9.366666666666667,9.085714285714285,0.18716675456693613,0.20829055922806067,0.28095238095238173,-0.02112380466112454,13,15
00-0030472,2020,TE,Jordan Reed,10,7.31,6.716666666666666,8.2,0.12728442050536753,0.13527549201688366,-1.4833333333333334,-0.007991071511516123,25,31
00-0030485,2014,RB,Eddie Lacy,16,17.0375,19.78333333333333,15.39,0.1076010694909285,0.10644541221889589,4.393333333333331,0.0011556572720326092,6,4
00-0030485,2015,RB,Eddie Lacy,15,9.373333333333333,11.499999999999998,7.955555555555555,0.048438445631709494,0.05822630308947601,3.5444444444444434,-0.009787857457766516,45,32
00-0030485,2017,RB,Eddie Lacy,9,3.1777777777777776,3.216666666666667,3.1,0.02372106030642615,0.0188170432072871,0.1166666666666667,0.004904017099139051,87,87
00-0030496,2014,RB,Le'Veon Bell,16,23.15625,29.366666666666664,19.43,0.16599581533018049,0.17228317080084632,9.936666666666664,-0.006287355470665834,1,1
00-0030496,2015,RB,Le'Veon Bell,6,18.533333333333335,18.533333333333335,26.2,0.15525539275539274,0.15525539275539274,-7.666666666666664,0.0,2,3
00-0030496,2016,RB,Le'Veon Bell,12,26.45,29.849999999999998,23.05,0.20095579450418152,0.21349996186990003,6.799999999999997,-0.012544167365718506,1,1
00-0030496,2017,RB,Le'Veon Bell,15,22.89333333333333,27.71666666666667,19.677777777777777,0.22511574074074084,0.19087289224117188,8.038888888888891,0.03424284849956896,2,2
00-0030496,2019,RB,Le'Veon Bell,15,14.333333333333334,13.416666666666666,14.944444444444445,0.1258880072673176,0.1721946191017878,-1.5277777777777786,-0.046306611834470185,18,25
00-0030496,2020,RB,Le'Veon Bell,11,6.781818181818182,8.049999999999999,5.26,0.05393277864505485,0.045728896086712184,2.789999999999999,0.008203882558342666,57,51
00-0030496,2021,RB,Le'Veon Bell,8,4.7625,4.866666666666667,4.45,0.022720127845746785,0.02061152445573866,0.41666666666666696,0.0021086033900081236,78,74
00-0030506,2014,TE,Travis Kelce,16,11.075,11.783333333333333,10.650000000000002,0.192725717972969,0.18608538582771564,1.133333333333331,0.006640332145253364,9,8
00-0030506,2015,TE,Travis Kelce,16,11.84375,9.916666666666666,13.0,0.22393451422436925,0.22429503829767616,-3.083333333333334,-0.00036052407330691705,10,17
00-0030506,2016,TE,Travis Kelce,16,13.9375,16.183333333333334,12.59,0.26336299714348493,0.2169592895909072,3.5933333333333337,0.04640370755257772,2,3
00-0030506,2017,TE,Travis Kelce,15,15.566666666666666,14.816666666666665,16.066666666666666,0.25734575881634697,0.24460058650136401,-1.2500000000000018,0.012745172314982955,2,2
00-0030506,2018,TE,Travis Kelce,16,18.4125,20.483333333333334,17.169999999999998,0.2822911257214325,0.26879931974082055,3.313333333333336,0.013491805980611948,1,1
00-0030506,2019,TE,Travis Kelce,16,15.89375,17.700000000000003,14.810000000000002,0.2931592508798392,0.2491368797260659,2.8900000000000006,0.044022371153773276,1,3
00-0030506,2020,TE,Travis Kelce,15,20.850666666666665,23.976666666666663,18.766666666666666,0.2629257500101491,0.24641787369616033,5.209999999999997,0.016507876313988784,1,1
00-0030506,2021,TE,Travis Kelce,16,16.425,16.35,16.470000000000002,0.22239293023606732,0.22132046719270881,-0.120000000000001,0.001072463043358507,2,3
00-0030506,2022,TE,Travis Kelce,17,18.605882352941176,12.933333333333332,21.7,0.2584871867524747,0.2499171527829682,-8.766666666666667,0.00857003396950648,1,4
00-0030506,2023,TE,Travis Kelce,15,14.626666666666667,10.549999999999999,17.344444444444445,0.1925692955418565,0.22411112978291278,-6.794444444444446,-0.03154183424105628,1,11
00-0030506,2024,TE,Travis Kelce,16,12.2125,12.1,12.28,0.22475158084914182,0.2333980815688762,-0.17999999999999972,-0.008646500719734385,7,11
00-0030506,2025,TE,Travis Kelce,17,11.36470588235294,7.616666666666667,13.409090909090908,0.22362199582027165,0.19995637527853072,-5.792424242424241,0.023665620541740928,9,27
00-0030513,2014,RB,Latavius Murray,13,6.592307692307693,13.283333333333333,0.8571428571428571,0.08841496194437355,0.046325300161617226,12.426190476190476,0.042089661782756325,56,18
00-0030513,2015,RB,Latavius Murray,16,12.8,12.149999999999999,13.190000000000001,0.10060307561103983,0.08576094886016786,-1.0400000000000027,0.014842126750871973,17,28
00-0030513,2016,RB,Latavius Murray,14,14.871428571428572,13.066666666666665,16.225,0.06628332309895216,0.08008928985120807,-3.1583333333333368,-0.013805966752255913,11,15
00-0030513,2017,RB,Latavius Murray,16,9.84375,13.566666666666668,7.609999999999999,0.04925987449243263,0.03302444276874357,5.956666666666669,0.01623543172368906,29,18
00-0030513,2018,RB,Latavius Murray,16,8.243749999999999,4.416666666666667,10.54,0.019480519480519484,0.04064243440683532,-6.123333333333332,-0.021161914926315837,49,81
00-0030513,2019,RB,Latavius Murray,16,9.825000000000001,7.316666666666666,11.330000000000002,0.04742942787518062,0.07203550466985159,-4.013333333333335,-0.024606076794670972,37,48
00-0030513,2020,RB,Latavius Murray,15,9.080000000000002,10.833333333333334,7.911111111111111,0.07291968705012179,0.05577305462929459,2.9222222222222225,0.0171466324208272,41,32
00-0030513,2021,RB,Latavius Murray,14,7.399999999999999,7.533333333333334,7.299999999999999,0.02633402633402633,0.025528659249589487,0.23333333333333517,0.0008053670844368442,57,55
00-0030513,2022,RB,Latavius Murray,13,11.861538461538462,12.399999999999999,11.4,0.10759555082400502,0.08583904261755994,0.9999999999999982,0.021756508206445077,26,18
00-0030513,2023,RB,Latavius Murray,15,5.526666666666666,6.216666666666666,5.066666666666666,0.04758881330309908,0.04263808942380374,1.1499999999999995,0.004950723879295342,60,59
00-0030514,2014,TE,Mychal Rivera,16,8.3375,7.966666666666666,8.559999999999999,0.18150058002999167,0.15576472574500763,-0.5933333333333328,0.02573585428498404,19,20
00-0030514,2015,TE,Mychal Rivera,15,4.4,5.033333333333333,3.9777777777777783,0.07387036464970206,0.08087995699056988,1.055555555555555,-0.007009592340867815,44,37
00-0030514,2016,TE,Mychal Rivera,10,4.319999999999999,4.1,4.65,0.0851983235527844,0.06791185954522569,-0.5500000000000007,0.017286464007558705,48,46
00-0030516,2014,WR,Brice Butler,14,4.785714285714286,2.6166666666666667,6.4125,0.05968968395438984,0.06631110658143675,-3.795833333333333,-0.006621422627046916,98,122
00-0030516,2016,WR,Brice Butler,14,3.992857142857143,3.4000000000000004,4.4375,0.05272741685785163,0.07613939470567736,-1.0374999999999996,-0.023411977847825734,119,124
00-0030516,2017,WR,Brice Butler,13,4.976923076923076,4.0,5.814285714285715,0.06445747800586513,0.05967481786545575,-1.814285714285715,0.00478266014040938,97,104
00-0030516,2018,WR,Brice Butler,6,3.0,3.0,0.0,0.06999518724347112,0.06999518724347112,3.0,0.0,135,134
00-0030520,2014,QB,Mike Glennon,6,14.930000000000001,14.930000000000001,10.74,0.0,0.0,4.190000000000001,0.0,21,20
00-0030520,2021,QB,Mike Glennon,6,5.1499999999999995,5.1499999999999995,8.04,0.0,0.0,-2.8899999999999997,0.0,42,42
00-0030521,2014,WR,Justin Hunter,12,7.983333333333333,7.233333333333332,8.733333333333334,0.15358305749557283,0.1738925429750261,-1.5000000000000027,-0.02030948547945327,70,73
00-0030521,2015,WR,Justin Hunter,9,6.044444444444445,7.166666666666667,3.8000000000000003,0.12796511284414516,0.11129885470658166,3.3666666666666667,0.016666258137563505,91,79
00-0030521,2016,WR,Justin Hunter,10,5.29,4.883333333333334,5.8999999999999995,0.06396152726323502,0.08395933394035857,-1.0166666666666657,-0.019997806677123545,100,101
00-0030524,2015,QB,Landry Jones,7,3.1457142857142855,1.2333333333333334,14.62,0.0,0.0,-13.386666666666667,0.0,41,41
00-0030524,2016,QB,Landry Jones,7,4.845714285714286,5.653333333333333,0.0,0.0,0.0,5.653333333333333,0.0,38,37
00-0030525,2014,WR,Tavon Austin,15,6.373333333333334,8.483333333333333,4.966666666666667,0.10633955469481786,0.1010059915549934,3.5166666666666657,0.005333563139824457,86,60
00-0030525,2015,WR,Tavon Austin,16,12.54375,12.433333333333335,12.610000000000001,0.18667671644531833,0.1981504775583297,-0.17666666666666586,-0.011473761113011377,31,37
00-0030525,2016,WR,Tavon Austin,15,9.786666666666667,9.166666666666666,10.200000000000001,0.17394523510227955,0.21495440121994663,-1.033333333333335,-0.041009166117667084,57,57
00-0030525,2017,WR,Tavon Austin,14,3.6214285714285714,2.75,4.275,0.04539002397658241,0.043254717183118,-1.5250000000000004,0.0021353067934644088,116,125
00-0030525,2018,WR,Tavon Austin,7,5.642857142857143,6.566666666666666,0.1,0.07126678172644585,0.06108581290838216,6.466666666666667,0.010180968818063692,103,84
00-0030525,2019,WR,Tavon Austin,14,3.3857142857142857,3.3333333333333335,3.4250000000000003,0.05502969468419786,0.04533138580831575,-0.09166666666666679,0.009698308875882113,132,126
00-0030525,2021,WR,Tavon Austin,11,4.854545454545455,6.150000000000001,3.3,0.1154206135913453,0.1042207373138637,2.8500000000000014,0.01119987627748159,109,93
00-0030532,2014,WR,Stedman Bailey,13,6.676923076923078,10.700000000000001,3.2285714285714286,0.17601635085187725,0.11597527422164451,7.471428571428572,0.06004107663023274,82,45
00-0030532,2015,WR,Stedman Bailey,8,4.525,4.4,4.9,0.10580697554448582,0.11349875017688288,-0.5,-0.007691774632397064,109,108
00-0030533,2016,QB,Matt Barkley,7,10.262857142857143,12.116666666666667,-0.86,0.008333333333333333,0.0071428571428571435,12.976666666666667,0.0011904761904761897,32,29
00-0030536,2014,RB,Zac Stacy,9,7.166666666666667,5.033333333333334,11.433333333333332,0.07152777777777788,0.06973104056437397,-6.399999999999998,0.0017967372134039122,54,69
00-0030536,2015,RB,Zac Stacy,7,4.3428571428571425,4.716666666666667,2.1,0.05258737804808326,0.05000100384416988,2.6166666666666667,0.0025863742039133747,79,77
00-0030540,2015,WR,Aaron Dobson,6,4.516666666666667,4.516666666666667,1.9,0.07429367702649671,0.07429367702649671,2.6166666666666667,0.0,110,105
00-0030542,2014,WR,Terrance Williams,15,9.806666666666668,6.916666666666667,11.733333333333334,0.11159792652693278,0.1423799388425459,-4.816666666666667,-0.03078201231561313,57,79
00-0030542,2015,WR,Terrance Williams,16,9.625,10.299999999999999,9.219999999999999,0.1920080779906755,0.17952566783531837,1.08,0.012482410155357143,55,52
00-0030542,2016,WR,Terrance Williams,15,8.36,9.716666666666669,7.455555555555555,0.14932401345444823,0.14037339562828272,2.2611111111111137,0.008950617826165519,70,52
00-0030542,2017,WR,Terrance Williams,16,6.95625,6.033333333333332,7.510000000000001,0.16208820228428047,0.16454386227489207,-1.4766666666666683,-0.0024556599906115917,72,82
00-0030544,2014,TE,Gavin Escobar,12,3.625,1.6666666666666667,5.583333333333333,0.023931264813617764,0.03966609805236452,-3.916666666666666,-0.015734833238746755,53,78
00-0030544,2015,TE,Gavin Escobar,8,2.3,1.3333333333333333,5.2,0.04315275367906945,0.048949532579563526,-3.866666666666667,-0.005796778900494078,73,78
00-0030544,2016,TE,Gavin Escobar,7,1.8571428571428572,2.1666666666666665,0.0,0.03769841269841267,0.032312925170068,2.1666666666666665,0.005385487528344668,74,70
00-0030547,2014,RB,Denard Robinson,13,8.73846153846154,11.800000000000002,6.114285714285714,0.09166359509496758,0.07040702695351647,5.685714285714289,0.021256568141451104,37,24
00-0030547,2015,RB,Denard Robinson,12,5.666666666666668,8.466666666666667,2.8666666666666667,0.1027288129966701,0.06614192894095183,5.6,0.03658688405571826,69,50
00-0030547,2016,RB,Denard Robinson,10,1.9599999999999997,2.75,0.7749999999999999,0.013003663003662999,0.01188383045525902,1.975,0.0011198325484039796,99,85
00-0030549,2015,TE,Tyler Eifert,13,14.730769230769228,14.233333333333333,15.157142857142857,0.14436882805303858,0.17682402686402113,-0.9238095238095241,-0.03245519881098255,5,5
00-0030549,2016,TE,Tyler Eifert,8,12.3,11.883333333333335,13.549999999999999,0.16271666598311788,0.16736716981700878,-1.6666666666666643,-0.004650503833890901,7,8
00-0030549,2019,TE,Tyler Eifert,16,6.6625,7.216666666666668,6.33,0.10130643828412578,0.1041108310169361,0.8866666666666676,-0.002804392732810329,28,24
00-0030549,2020,TE,Tyler Eifert,15,5.526666666666667,6.516666666666667,4.866666666666667,0.10756782469906738,0.10864652596341932,1.6499999999999995,-0.0010787012643519445,38,32
00-0030550,2014,WR,Ace Sanders,12,0.9583333333333334,0.8833333333333333,1.0333333333333334,0.009217171717171716,0.01603049163533034,-0.15000000000000013,-0.0068133199181586255,144,145
00-0030564,2014,WR,DeAndre Hopkins,16,14.4375,14.433333333333332,14.439999999999998,0.2958269881892894,0.2686766816099579,-0.0066666666666659324,0.027150306579331485,18,19
00-0030564,2015,WR,DeAndre Hopkins,16,20.69375,15.766666666666666,23.65,0.3131276465318815,0.3195080165182492,-7.883333333333333,-0.006380369986367707,5,23
00-0030564,2016,WR,DeAndre Hopkins,16,12.3375,12.566666666666665,12.2,0.2484733317231963,0.2617313993945899,0.36666666666666536,-0.013258067671393592,34,35
00-0030564,2017,WR,DeAndre Hopkins,15,20.65333333333333,20.583333333333332,20.7,0.34981587190638913,0.35749326197855613,-0.11666666666666714,-0.007677390072167001,2,3
00-0030564,2018,WR,DeAndre Hopkins,16,20.84375,21.2,20.63,0.3530067239370482,0.334233352233372,0.5700000000000003,0.018773371703676156,4,3
00-0030564,2019,WR,DeAndre Hopkins,15,17.902666666666665,18.24,17.677777777777777,0.31187538968124084,0.31186732799020234,0.5622222222222213,8.061691038507846e-06,4,9
00-0030564,2020,WR,DeAndre Hopkins,16,17.987499999999997,17.099999999999998,18.52,0.30654678282289083,0.29514090080504374,-1.4200000000000017,0.011405882017847091,5,16
00-0030564,2021,WR,DeAndre Hopkins,10,14.719999999999999,14.950000000000001,14.375,0.20814497842147603,0.20343668279325072,0.5750000000000011,0.004708295628225306,20,20
00-0030564,2022,WR,DeAndre Hopkins,9,16.855555555555554,13.983333333333336,22.599999999999998,0.2881016905407148,0.2961343885382717,-8.616666666666662,-0.008032697997556848,9,20
00-0030564,2023,WR,DeAndre Hopkins,17,13.152941176470588,14.033333333333331,12.672727272727274,0.31128982128982136,0.28259503266423686,1.3606060606060577,0.0286947886255845,29,26
00-0030564,2024,WR,DeAndre Hopkins,16,9.1875,9.950000000000001,8.73,0.16289758950221087,0.14494821831551225,1.2200000000000006,0.01794937118669862,58,53
00-0030564,2025,WR,DeAndre Hopkins,17,3.9411764705882355,2.7999999999999994,4.5636363636363635,0.10521390374331545,0.09879570621919763,-1.7636363636363641,0.006418197524117819,119,129
00-0030565,2014,QB,Geno Smith,14,10.77142857142857,12.016666666666667,9.837499999999999,0.006172839506172833,0.0026455026455026428,2.179166666666669,0.0035273368606701903,35,31
00-0030565,2022,QB,Geno Smith,17,17.87529411764706,16.96666666666667,18.37090909090909,0.0,0.0,-1.4042424242424225,0.0,9,11
00-0030565,2023,QB,Geno Smith,15,15.15066666666667,17.503333333333334,13.582222222222223,0.0,0.0025641025641025667,3.921111111111111,-0.0025641025641025667,21,12
00-0030565,2024,QB,Geno Smith,17,15.647058823529411,14.366666666666665,16.345454545454547,0.0,0.0,-1.978787878787882,0.0,16,25
00-0030565,2025,QB,Geno Smith,15,11.593333333333332,11.556666666666665,11.617777777777778,0.0,0.0,-0.06111111111111356,0.0,31,32
00-0030578,2014,RB,Cordarrelle Patterson,16,5.94375,1.7666666666666666,8.45,0.04374643874643875,0.12454502011666639,-6.683333333333333,-0.08079858137022763,61,108
00-0030578,2015,RB,Cordarrelle Patterson,14,1.1785714285714286,2.1,0.4875,0.0,0.004046307744183428,1.6125,-0.004046307744183428,117,103
00-0030578,2016,RB,Cordarrelle Patterson,16,7.475,5.866666666666667,8.440000000000001,0.10827757580573588,0.12053949898755908,-2.573333333333334,-0.012261923181823203,54,65
00-0030578,2017,RB,Cordarrelle Patterson,16,5.375,5.366666666666667,5.38,0.09806517196333198,0.07423384392110033,-0.013333333333332753,0.023831328042231648,71,65
00-0030578,2018,RB,Cordarrelle Patterson,15,6.566666666666666,6.1499999999999995,6.844444444444444,0.06212606837606837,0.05522505272505274,-0.6944444444444446,0.006901015651015634,67,64
00-0030578,2019,RB,Cordarrelle Patterson,16,2.2249999999999996,1.6500000000000001,2.5700000000000003,0.02376018246985988,0.027522040341063106,-0.9200000000000002,-0.0037618578712032245,97,97
00-0030578,2020,RB,Cordarrelle Patterson,16,4.3375,3.366666666666667,4.92,0.023088023088023085,0.04329221440497514,-1.5533333333333328,-0.020204191316952055,80,87
00-0030578,2021,RB,Cordarrelle Patterson,16,14.662500000000001,8.083333333333334,18.61,0.10000316787951193,0.12784438064175957,-10.526666666666666,-0.027841212762247644,18,51
00-0030578,2022,RB,Cordarrelle Patterson,13,11.899999999999999,10.45,13.142857142857142,0.130519811729489,0.09392865999428218,-2.692857142857143,0.03659115173520683,25,31
00-0030578,2023,RB,Cordarrelle Patterson,12,3.0749999999999997,3.6666666666666665,2.483333333333333,0.05006578947368417,0.040342726803640115,1.1833333333333336,0.009723062670044053,78,75
00-0030578,2024,RB,Cordarrelle Patterson,13,2.884615384615385,2.9499999999999997,2.8285714285714287,0.03518009768009769,0.03585545451240239,0.121428571428571,-0.0006753568323047063,83,80
00-0030653,2014,RB,Ray Agnew,10,0.47000000000000003,0.3833333333333333,0.6000000000000001,0.02587346672353845,0.025807534220016293,-0.21666666666666679,6.593250352215571e-05,124,122
00-0030656,2014,RB,Isaiah Crowell,15,8.16,8.500000000000002,7.933333333333333,0.0427391677391678,0.029688001590440643,0.5666666666666691,0.013051166148727155,40,38
00-0030656,2015,RB,Isaiah Crowell,16,8.6125,10.433333333333332,7.520000000000001,0.02613500597371565,0.037529021190963775,2.9133333333333304,-0.011394015217248126,51,38
00-0030656,2016,RB,Isaiah Crowell,16,12.818750000000001,12.6,12.95,0.11864412862474892,0.09760559842151087,-0.34999999999999964,0.02103853020323805,21,19
00-0030656,2017,RB,Isaiah Crowell,16,8.96875,8.483333333333333,9.26,0.07521762834262828,0.07376975655559533,-0.7766666666666673,0.001447871787032956,38,45
00-0030656,2018,RB,Isaiah Crowell,13,10.823076923076922,8.15,13.114285714285714,0.07652199141608647,0.06526571881779711,-4.9642857142857135,0.01125627259828936,33,49
00-0030663,2015,WR,Willie Snead,15,12.226666666666665,10.633333333333333,13.288888888888888,0.14814133210332872,0.15995433109247764,-2.655555555555555,-0.01181299898914892,36,50
00-0030663,2016,WR,Willie Snead,15,12.766666666666664,11.0,13.944444444444443,0.16597287288899307,0.17194350641758485,-2.944444444444443,-0.005970633528591784,29,44
00-0030663,2017,WR,Willie Snead,8,2.15,2.5166666666666666,1.05,0.064912518037518,0.061184388528138504,1.4666666666666666,0.0037281295093795006,138,127
00-0030663,2018,WR,Willie Snead,15,8.959999999999999,6.216666666666666,10.788888888888888,0.20105767018810491,0.19163421467367753,-4.572222222222222,0.009423455514427387,63,92
00-0030663,2019,WR,Willie Snead,16,5.94375,5.933333333333334,5.95,0.1210035133948177,0.11208672729350619,-0.016666666666666607,0.00891678610131151,93,89
00-0030663,2020,WR,Willie Snead,13,7.246153846153846,7.783333333333332,6.785714285714285,0.16972855855949132,0.14299404395949117,0.9976190476190476,0.026734514600000148,87,72
00-0030663,2021,WR,Willie Snead,7,1.1142857142857143,1.3,0.0,0.03726529176960211,0.0346889314069117,1.3,0.002576360362690412,161,156
00-0030668,2015,RB,Charcandrick West,15,8.853333333333333,8.000000000000002,9.422222222222222,0.07146245059288531,0.0787419483723668,-1.4222222222222207,-0.007279497779481489,48,54
00-0030668,2016,RB,Charcandrick West,15,6.2733333333333325,6.8500000000000005,5.888888888888889,0.038331449916815835,0.06725495835299646,0.9611111111111112,-0.02892350843618062,61,60
00-0030668,2017,RB,Charcandrick West,12,6.1000000000000005,5.550000000000001,6.6499999999999995,0.09889816066286666,0.08459712817281284,-1.0999999999999988,0.014301032490053822,64,64
00-0030669,2014,WR,Albert Wilson,10,4.2,6.266666666666666,1.1,0.12182703816225161,0.07989345792039246,5.166666666666666,0.041933580241859156,106,84
00-0030669,2015,WR,Albert Wilson,14,6.764285714285715,8.0,5.8375,0.1851720099546185,0.15074330024690666,2.1624999999999996,0.034428709707711835,84,69
00-0030669,2016,WR,Albert Wilson,14,5.8500000000000005,4.9,6.5625,0.07413284364503873,0.10320388523668078,-1.6624999999999996,-0.029071041591642047,95,100
00-0030669,2017,WR,Albert Wilson,13,8.923076923076923,10.716666666666667,7.385714285714286,0.1913688231702936,0.144789551821655,3.3309523809523807,0.046579271348638596,55,40
00-0030669,2018,WR,Albert Wilson,7,13.825714285714286,14.996666666666668,6.8,0.17459046991655688,0.17005713747949774,8.196666666666669,0.00453333243705914,25,16
00-0030669,2019,WR,Albert Wilson,13,6.876923076923077,10.15,4.071428571428571,0.147292257777042,0.1195283509511925,6.078571428571429,0.02776390682584949,79,50
00-0030669,2021,WR,Albert Wilson,10,4.8,6.083333333333333,2.875,0.13004988293205064,0.11064503726795494,3.208333333333333,0.0194048456640957,111,95
00-0030670,2015,WR,Bennie Fowler,15,2.42,1.2666666666666666,3.1888888888888887,0.037462721760634456,0.04568766572929548,-1.922222222222222,-0.008224943968661025,143,154
00-0030670,2016,WR,Bennie Fowler,12,3.125,3.1666666666666665,3.0833333333333326,0.03620014245014245,0.05144443362268567,0.08333333333333393,-0.015244291172543223,129,127
00-0030670,2017,WR,Bennie Fowler,16,5.125,4.2,5.680000000000001,0.08204608783356403,0.09755655810392538,-1.4800000000000004,-0.015510470270361357,94,100
00-0030670,2018,WR,Bennie Fowler,10,4.1899999999999995,4.833333333333333,3.225,0.07782214395117627,0.07339474238492473,1.608333333333333,0.004427401566251543,124,109
00-0030670,2019,WR,Bennie Fowler,8,5.7875,4.2,10.55,0.09433257284307017,0.11336306599593901,-6.3500000000000005,-0.019030493152868838,94,113
00-0030671,2014,WR,Isaiah Burse,12,0.0,0.0,0.0,0.0,0.0030864197530864165,0.0,-0.0030864197530864165,159,158
00-0030671,2016,WR,Isaiah Burse,8,0.0,0.0,0.0,0.013513513513513516,0.013111325611325612,0.0,0.0004021879021879043,164,164
00-0030691,2015,WR,Jeremy Butler,8,8.412500000000001,9.283333333333333,5.8,0.14760032837611683,0.12801290778079566,3.4833333333333334,0.019587420595321176,63,58
00-0030705,2014,RB,Juwan Thompson,12,4.308333333333333,3.166666666666666,5.45,0.023540965207631867,0.01821758995552855,-2.283333333333334,0.005323375252103316,80,89
00-0030705,2015,RB,Juwan Thompson,8,1.9875,2.033333333333333,1.85,0.029894068539759316,0.02599197997624806,0.18333333333333313,0.0039020885635112565,107,108
00-0030710,2014,TE,Trey Burton,6,1.1666666666666667,1.1666666666666667,0.0,0.0,0.0,1.1666666666666667,0.0,83,86
00-0030710,2015,TE,Trey Burton,12,0.7000000000000001,1.4000000000000001,0.0,0.02079668457503288,0.01039834228751644,1.4000000000000001,0.01039834228751644,85,76
00-0030710,2016,TE,Trey Burton,14,5.4071428571428575,6.7,4.4375,0.13406211715109587,0.10774642938832328,2.2625,0.026315687762772585,41,32
00-0030710,2017,TE,Trey Burton,14,5.700000000000001,7.616666666666666,4.262499999999999,0.06464378817319995,0.060872591976210845,3.354166666666667,0.003771196196989103,34,17
00-0030710,2018,TE,Trey Burton,16,9.193750000000001,6.483333333333334,10.820000000000002,0.17349416312664953,0.15149551168445627,-4.336666666666668,0.021998651442193262,14,28
00-0030710,2019,TE,Trey Burton,8,2.8,2.3166666666666664,4.25,0.08532548724364575,0.09401203657968768,-1.9333333333333336,-0.008686549336041932,64,73
00-0030710,2020,TE,Trey Burton,12,6.9416666666666655,5.3999999999999995,8.483333333333333,0.09300685791557999,0.11230880413816517,-3.083333333333333,-0.019301946222585187,27,37
00-0030711,2017,RB,David Fluellen,8,0.2625,0.049999999999999996,0.9,0.0045045045045045,0.003378378378378375,-0.85,0.001126126126126125,122,124
00-0030737,2016,WR,Freddie Martino,7,4.0285714285714285,4.7,0.0,0.05059766622266618,0.047451060843917946,4.7,0.003146605378748231,117,105
00-0030737,2017,WR,Freddie Martino,7,2.085714285714286,2.433333333333333,0.0,0.025234021900688564,0.02583084230143054,2.433333333333333,-0.0005968204007419757,139,128
00-0030741,2015,RB,Roosevelt Nix,10,0.36,0.6,0.0,0.011651571996399566,0.00699094319783974,0.6,0.004660628798559827,126,120
00-0030741,2016,RB,Roosevelt Nix,7,0.35714285714285715,0.4166666666666667,0.0,0.009009009009009016,0.007722007722007728,0.4166666666666667,0.0012870012870012876,116,114
00-0030741,2017,RB,Roosevelt Nix,13,1.123076923076923,2.433333333333333,0.0,0.012943672839506168,0.005974002849002846,2.433333333333333,0.006969669990503321,110,93
00-0030741,2018,RB,Roosevelt Nix,12,0.6833333333333332,0.8833333333333334,0.48333333333333334,0.019450743260267068,0.012966112370874276,0.4000000000000001,0.006484630889392792,111,106
00-0030743,2017,WR,Bernard Reedy,11,0.5272727272727272,0.5833333333333334,0.45999999999999996,0.006172839506172833,0.0056397306397306364,0.1233333333333334,0.0005331088664421967,166,164
00-0030758,2015,TE,Justin Perillo,6,4.533333333333333,4.533333333333333,3.1,0.05292508506326934,0.05292508506326934,1.4333333333333331,0.0,43,44
00-0030780,2014,TE,Ryan Hewitt,8,2.325,2.5833333333333335,1.55,0.07101909492967784,0.06270164313458032,1.0333333333333334,0.008317451795097519,64,60
00-0030780,2015,TE,Ryan Hewitt,9,1.9888888888888887,2.5500000000000003,0.8666666666666667,0.048755094807726385,0.047135006758329774,1.6833333333333336,0.0016200880493966105,74,62
00-0030785,2015,RB,Nikita Whitlock,7,0.0,0.0,0.0,0.0,0.0,0.0,0.0,128,126
00-0030789,2015,RB,Antonio Andrews,14,8.002857142857142,6.64,9.025,0.07351203037815619,0.06044615111517234,-2.3850000000000007,0.013065879262983852,53,64
00-0030789,2016,RB,Antonio Andrews,8,0.1875,0.25,0.0,0.0,0.0,0.25,0.0,119,117
00-0030801,2015,WR,Brandon Coleman,16,5.4625,7.516666666666667,4.229999999999999,0.09778687468704478,0.07487802534877172,3.286666666666668,0.022908849338273057,97,73
00-0030801,2016,WR,Brandon Coleman,14,5.1499999999999995,4.45,5.675000000000001,0.05853429139578963,0.06281766073016112,-1.2250000000000005,-0.004283369334371491,103,110
00-0030801,2017,WR,Brandon Coleman,15,4.8933333333333335,2.0333333333333337,6.800000000000001,0.061423761423761436,0.07371585759431307,-4.7666666666666675,-0.01229209617055163,100,142
00-0030806,2014,TE,Nic Jacobs,7,1.3714285714285714,0.39999999999999997,7.2,0.009406465288818234,0.012030938501526743,-6.8,-0.0026244732127085092,80,88
00-0030821,2014,WR,Allen Hurns,16,9.66875,7.866666666666667,10.750000000000002,0.20116600423617967,0.17514982958031994,-2.8833333333333346,0.02601617465585973,58,66
00-0030821,2015,WR,Allen Hurns,15,15.006666666666664,12.4,16.744444444444444,0.17052308027250415,0.18397575869201932,-4.344444444444443,-0.013452678419515168,23,39
00-0030821,2016,WR,Allen Hurns,11,9.154545454545454,7.45,11.2,0.15774906689635385,0.17671390296102182,-3.749999999999999,-0.018964836064667978,65,75
00-0030821,2017,WR,Allen Hurns,10,9.94,8.799999999999999,11.649999999999999,0.1713223026948516,0.18100066453007616,-2.8499999999999996,-0.009678361835224553,46,52
00-0030821,2018,WR,Allen Hurns,14,4.392857142857143,2.9,5.5125,0.03097281855950873,0.08189263233199494,-2.6125000000000003,-0.05091981377248621,121,136
00-0030821,2019,WR,Allen Hurns,14,5.971428571428571,7.933333333333334,4.5,0.11921927066531762,0.08918435640457247,3.4333333333333336,0.030034914260745157,92,67
00-0030839,2014,WR,Solomon Patton,7,0.2714285714285714,0.31666666666666665,0.0,0.0,0.0,0.31666666666666665,0.0,157,153
00-0030854,2016,TE,Erik Swoope,12,4.2250000000000005,5.116666666666666,3.3333333333333335,0.05412816188678257,0.05501801358482391,1.7833333333333328,-0.0008898516980413371,51,42
00-0030854,2018,TE,Erik Swoope,7,4.957142857142856,5.3999999999999995,2.3,0.03522250166969509,0.032937968464134236,3.0999999999999996,0.0022845332055608514,35,32
00-0030855,2015,RB,Zurlon Tipton,6,2.1166666666666667,2.1166666666666667,0.9,0.0349308929666494,0.0349308929666494,1.2166666666666668,0.0,106,101
00-0030860,2014,RB,Orleans Darkwa,8,2.2625,1.9666666666666668,3.15,0.014384920634920634,0.018441751700680277,-1.1833333333333331,-0.004056831065759643,101,104
00-0030860,2015,RB,Orleans Darkwa,12,2.2833333333333337,2.0,2.566666666666667,0.020082226438962684,0.01351333544170357,-0.5666666666666669,0.006568890997259115,103,109
00-0030860,2016,RB,Orleans Darkwa,7,3.757142857142857,4.183333333333334,1.2,0.011793372319688099,0.013592925402938228,2.9833333333333334,-0.0017995530832501296,78,75
00-0030860,2017,RB,Orleans Darkwa,15,9.18,8.733333333333333,9.477777777777778,0.037054637455095116,0.05098877438104029,-0.7444444444444454,-0.013934136925945174,37,42
00-0030874,2014,RB,Damien Williams,15,3.8600000000000003,4.816666666666667,3.2222222222222223,0.06841877586558437,0.04637514738043625,1.594444444444445,0.02204362848514812,84,74
00-0030874,2015,RB,Damien Williams,14,3.2214285714285715,4.183333333333334,2.5,0.06952978229507135,0.05366737532794522,1.6833333333333336,0.01586240696712613,89,81
00-0030874,2016,RB,Damien Williams,15,6.226666666666666,4.4,7.444444444444445,0.08140930289003317,0.07438750915308226,-3.0444444444444443,0.007021793736950915,63,72
00-0030874,2017,RB,Damien Williams,10,5.960000000000001,8.049999999999999,2.825,0.08925055876275394,0.0796986314059485,5.224999999999999,0.009551927356805434,66,50
00-0030874,2018,RB,Damien Williams,13,7.584615384615385,15.616666666666667,0.7,0.09186925424670533,0.04919703001091432,14.916666666666668,0.04267222423579101,54,18
00-0030874,2019,RB,Damien Williams,11,12.82727272727273,15.933333333333332,9.1,0.09535239095638263,0.10021355546832357,6.833333333333332,-0.004861164511940935,24,16
00-0030874,2021,RB,Damien Williams,12,5.058333333333334,2.85,7.266666666666666,0.0378985899366334,0.06522762046401286,-4.416666666666666,-0.027329030527379457,75,95
00-0030920,2015,WR,Javontee Herndon,8,5.6,5.6499999999999995,5.449999999999999,0.10171098742527328,0.11140228818800252,0.20000000000000018,-0.00969130076272924,94,93
00-0030968,2016,RB,Keith Smith,6,0.9166666666666666,0.9166666666666666,0.3,0.01493055555555555,0.01493055555555555,0.6166666666666667,0.0,107,104
00-0030968,2017,RB,Keith Smith,10,0.76,0.7666666666666667,0.75,0.017283950617283935,0.01592592592592592,0.01666666666666672,0.0013580246913580153,114,113
00-0030968,2018,RB,Keith Smith,10,0.7300000000000001,0.4833333333333334,1.1,0.017413142413142416,0.022454464395253868,-0.6166666666666667,-0.005041321982111453,108,111
00-0030968,2019,RB,Keith Smith,9,0.3444444444444444,0.48333333333333334,0.06666666666666667,0.007422068283028216,0.008315048889022177,0.4166666666666667,-0.0008929806059939614,119,112
00-0030968,2020,RB,Keith Smith,14,1.257142857142857,2.0166666666666666,0.6875,0.040043720190779016,0.029152503726807128,1.3291666666666666,0.010891216463971887,114,107
00-0030968,2021,RB,Keith Smith,13,1.3615384615384616,1.5,1.2428571428571427,0.026824116743471568,0.02294831925725225,0.25714285714285734,0.0038757974862193185,111,109
00-0030968,2022,RB,Keith Smith,9,0.2222222222222222,0.0,0.6666666666666666,0.0,0.014109347442680779,-0.6666666666666666,-0.014109347442680779,122,122
00-0030968,2023,RB,Keith Smith,11,0.5727272727272728,0.26666666666666666,0.9400000000000001,0.008333333333333333,0.010890368213022673,-0.6733333333333333,-0.00255703487968934,110,110
00-0030985,2014,RB,Trey Watts,8,0.9749999999999999,0.26666666666666666,3.0999999999999996,0.014880952380952384,0.016369047619047623,-2.833333333333333,-0.0014880952380952397,119,125
00-0030990,2014,WR,Josh Huff,12,1.875,2.2833333333333337,1.4666666666666666,0.02160493827160495,0.03967393781285439,0.8166666666666671,-0.018068999541249436,136,128
00-0030990,2015,WR,Josh Huff,15,5.08,2.983333333333334,6.477777777777778,0.05077905150647983,0.06421134870168374,-3.494444444444444,-0.013432297195203911,102,134
00-0030990,2016,WR,Josh Huff,10,4.08,3.9,4.35,0.06017430282136166,0.07274702508929264,-0.44999999999999973,-0.012572722267930977,115,117
00-0030992,2014,TE,Crockett Gillmore,9,3.122222222222222,2.983333333333334,3.4,0.04852308931610006,0.0520741859361931,-0.4166666666666661,-0.003551096620093036,56,54
00-0030992,2015,TE,Crockett Gillmore,10,9.82,9.183333333333334,10.775,0.11698614622839924,0.11381348260883435,-1.5916666666666668,0.0031726636195648916,18,20
00-0030999,2014,RB,Marion Grice,6,3.3333333333333335,3.3333333333333335,7.2,0.04420036828573414,0.04420036828573414,-3.8666666666666667,0.0,90,87
00-0031001,2015,WR,Jeff Janis,13,0.7615384615384616,0.0,1.4142857142857144,0.022305764411027603,0.027627736840932147,-1.4142857142857144,-0.005321972429904544,164,162
00-0031001,2016,WR,Jeff Janis,14,2.5785714285714283,2.216666666666667,2.85,0.008659469185784967,0.02996750364515709,-0.6333333333333333,-0.021308034459372124,135,137
00-0031001,2017,WR,Jeff Janis,8,0.4,0.5333333333333333,0.0,0.02446236559139785,0.01834677419354839,0.5333333333333333,0.006115591397849462,167,165
00-0031008,2014,RB,Silas Redd,9,3.577777777777778,3.6833333333333336,3.3666666666666667,0.04884940087145969,0.032566267247639794,0.3166666666666669,0.016283133623819897,88,84
00-0031021,2015,WR,Jared Abbrederis,8,2.5124999999999997,3.3499999999999996,0.0,0.06343281139106914,0.047574608543301866,3.3499999999999996,0.015858202847767275,141,124
00-0031023,2015,WR,Quincy Enunwa,11,4.863636363636363,5.316666666666666,4.319999999999999,0.10652845152845154,0.10475011572374657,0.996666666666667,0.0017783358047049752,104,98
00-0031023,2016,WR,Quincy Enunwa,16,10.556249999999999,9.916666666666666,10.940000000000001,0.18172406277244987,0.1924383416529669,-1.0233333333333352,-0.010714278880517014,48,51
00-0031023,2018,WR,Quincy Enunwa,11,7.9,5.3500000000000005,10.96,0.14106630020268196,0.20918673822786882,-5.61,-0.06812043802518686,76,102
00-0031025,2017,WR,Michael Campanaro,13,4.038461538461539,3.6833333333333336,4.3428571428571425,0.04163046330887712,0.05298863563786402,-0.659523809523809,-0.0113581723289869,112,110
00-0031035,2016,TE,Xavier Grimble,8,4.35,3.5500000000000003,6.75,0.061555046522669084,0.06893905766477457,-3.1999999999999997,-0.007384011142105483,46,54
00-0031035,2017,TE,Xavier Grimble,8,1.775,2.0,1.1,0.03314043209876542,0.029855324074074062,0.8999999999999999,0.003285108024691355,79,73
00-0031035,2018,TE,Xavier Grimble,8,1.5750000000000002,1.7833333333333332,0.95,0.021089738577423283,0.02350602713903205,0.8333333333333333,-0.0024162885616087655,81,80
00-0031042,2014,TE,Jace Amaro,14,6.035714285714286,3.0,8.3125,0.10061728395061731,0.12177784813252802,-5.3125,-0.021160564181910715,28,52
00-0031044,2017,TE,Troy Niklas,11,2.745454545454545,2.6,2.92,0.07621360477193201,0.060964092921923244,-0.31999999999999984,0.015249511850008765,64,62
00-0031045,2014,RB,Carlos Hyde,14,5.292857142857144,5.933333333333333,4.8125,0.027847439916405436,0.03484711983319822,1.1208333333333327,-0.006999679916792786,69,61
00-0031045,2015,RB,Carlos Hyde,7,11.614285714285716,8.183333333333332,32.2,0.06608655293628597,0.06763462779154182,-24.016666666666673,-0.0015480748552558488,26,51
00-0031045,2016,RB,Carlos Hyde,13,14.776923076923076,15.366666666666667,14.271428571428574,0.09618639618639609,0.08127122903582062,1.0952380952380931,0.014915167150575462,12,12
00-0031045,2017,RB,Carlos Hyde,16,14.6125,13.533333333333333,15.26,0.12955359452069976,0.14777573530290222,-1.7266666666666666,-0.018222140782202467,11,19
00-0031045,2018,RB,Carlos Hyde,14,7.02857142857143,3.283333333333333,9.8375,0.029497941083306917,0.03319247993280634,-6.554166666666667,-0.0036945388494994263,64,87
00-0031045,2019,RB,Carlos Hyde,16,9.575,8.016666666666666,10.51,0.022256887615930185,0.029271174471179544,-2.493333333333334,-0.007014286855249359,41,43
00-0031045,2020,RB,Carlos Hyde,10,8.489999999999998,8.500000000000002,8.475000000000001,0.07235820280395548,0.06237983396307504,0.025000000000000355,0.009978368840880443,47,46
00-0031045,2021,RB,Carlos Hyde,11,4.163636363636363,3.0666666666666664,5.4799999999999995,0.04784036359239612,0.04922676327332647,-2.413333333333333,-0.0013863996809303503,83,93
00-0031051,2014,WR,John Brown,16,9.1875,6.133333333333334,11.02,0.17687027212889286,0.18295556811156313,-4.886666666666666,-0.006085295982670269,60,85
00-0031051,2015,WR,John Brown,15,13.833333333333336,13.799999999999999,13.855555555555556,0.20051154074894384,0.19627196766671845,-0.055555555555557135,0.00423957308222539,26,29
00-0031051,2016,WR,John Brown,15,6.913333333333333,4.783333333333333,8.333333333333334,0.06467042145336721,0.12169580013446861,-3.5500000000000007,-0.0570253786811014,80,102
00-0031051,2017,WR,John Brown,10,6.989999999999999,4.683333333333334,10.45,0.134320062870298,0.14755737317937911,-5.766666666666666,-0.013237310309081124,71,96
00-0031051,2018,WR,John Brown,16,8.993749999999999,3.6833333333333336,12.18,0.2047425159381683,0.1768610929031194,-8.496666666666666,0.027881423035048897,61,130
00-0031051,2019,WR,John Brown,15,14.654666666666666,15.40333333333333,14.155555555555555,0.26336002029550415,0.25826174126182266,1.2477777777777757,0.005098279033681485,23,17
00-0031051,2020,WR,John Brown,9,10.755555555555555,9.933333333333332,12.4,0.16712011353458714,0.1620968305398129,-2.4666666666666686,0.005023282994774253,54,58
00-0031053,2014,WR,Jalen Saunders,8,0.2125,0.2833333333333333,0.0,0.0037037037037037,0.002777777777777775,0.2833333333333333,0.0009259259259259251,158,155
00-0031055,2014,RB,Andre Williams,16,9.06875,12.266666666666666,7.15,0.07756922075351154,0.06037566460029693,5.116666666666665,0.017193556153214606,36,22
00-0031055,2015,RB,Andre Williams,16,2.2125,1.3,2.7600000000000002,0.004901960784313733,0.005186449579831937,-1.4600000000000002,-0.00028448879551820367,104,114
00-0031057,2014,RB,Ka'Deem Carey,11,2.409090909090909,2.8000000000000003,1.9400000000000002,0.02994076065312623,0.01633132399261431,0.8600000000000001,0.013609436660511922,99,92
00-0031057,2015,RB,Ka'Deem Carey,9,4.088888888888889,5.066666666666666,2.1333333333333333,0.0154320987654321,0.010288065843621401,2.933333333333333,0.005144032921810699,80,74
00-0031057,2016,RB,Ka'Deem Carey,11,2.1,1.1166666666666665,3.28,0.018092805449127298,0.020572685176794284,-2.163333333333333,-0.0024798797276669865,95,101
00-0031060,2014,WR,De'Anthony Thomas,12,5.158333333333334,5.933333333333334,4.383333333333334,0.1083003528585141,0.08271410107215832,1.5499999999999998,0.025586251786355776,95,87
00-0031060,2015,WR,De'Anthony Thomas,10,4.640000000000001,6.016666666666667,2.5749999999999997,0.08203906671648602,0.07900063432846627,3.441666666666667,0.003038432388019749,107,88
00-0031060,2016,WR,De'Anthony Thomas,10,1.34,1.0999999999999999,1.7,0.022636469221835067,0.03380746718816707,-0.6000000000000001,-0.011170997966332006,150,151
00-0031060,2017,WR,De'Anthony Thomas,14,2.9071428571428575,2.1333333333333333,3.4875,0.03957153957153959,0.03530463246849802,-1.3541666666666665,0.004266907103041569,127,137
00-0031060,2019,WR,De'Anthony Thomas,14,0.15,0.016666666666666666,0.25,0.0,0.003664192949907236,-0.23333333333333334,-0.003664192949907236,174,171
00-0031062,2015,RB,James White,12,10.216666666666667,14.700000000000001,5.733333333333334,0.17796248606969667,0.11569109366425394,8.966666666666667,0.06227139240544273,36,13
00-0031062,2016,RB,James White,16,10.10625,8.700000000000001,10.95,0.14723655711505235,0.15815478208747513,-2.2499999999999982,-0.010918224972422785,35,50
00-0031062,2017,RB,James White,14,9.571428571428571,6.083333333333333,12.1875,0.09380199014345357,0.13652507314308807,-6.104166666666667,-0.042723082999634496,33,62
00-0031062,2018,RB,James White,16,17.2875,11.899999999999999,20.520000000000003,0.1779736467236468,0.21617913125153987,-8.620000000000005,-0.038205484527893074,10,29
00-0031062,2019,RB,James White,15,13.479999999999999,14.300000000000002,12.933333333333332,0.15545235814632363,0.17192285338960742,1.3666666666666707,-0.016470495243283784,22,22
00-0031062,2020,RB,James White,14,8.328571428571427,8.316666666666668,8.3375,0.14937604027118087,0.16692652263734695,-0.02083333333333215,-0.017550482366166076,48,48
00-0031064,2017,QB,Tom Savage,8,6.334999999999999,8.700000000000001,-0.76,0.0,0.0,9.46,0.0,38,36
00-0031066,2014,RB,Lorenzo Taliaferro,12,5.883333333333333,5.866666666666667,5.8999999999999995,0.03207070707070707,0.02378969596711532,-0.03333333333333233,0.008281011103591748,62,62
00-0031068,2014,WR,Ryan Grant,6,2.3,2.3,0.0,0.06757873449946616,0.06757873449946616,2.3,0.0,132,127
00-0031068,2015,WR,Ryan Grant,14,4.414285714285714,3.233333333333333,5.3,0.05953882328598198,0.084935365089248,-2.066666666666667,-0.025396541803266018,113,129
00-0031068,2016,WR,Ryan Grant,12,1.3833333333333335,1.8166666666666667,0.9500000000000001,0.05929667200477413,0.04571507368976429,0.8666666666666666,0.013581598315009838,148,142
00-0031068,2017,WR,Ryan Grant,16,7.893750000000001,7.416666666666667,8.180000000000001,0.12773093606426927,0.11930223492723491,-0.7633333333333345,0.008428701137034367,65,69
00-0031068,2018,WR,Ryan Grant,14,5.314285714285714,1.7166666666666668,8.0125,0.04892725695357273,0.08340604730379522,-6.2958333333333325,-0.03447879035022249,108,149
00-0031075,2014,RB,Alfred Blue,16,6.44375,6.75,6.26,0.04407530454042075,0.03180251097968692,0.4900000000000002,0.012272793560733831,58,52
00-0031075,2015,RB,Alfred Blue,14,7.978571428571429,10.133333333333331,6.3625,0.03135401891977693,0.032207023698016486,3.7708333333333313,-0.0008530047782395536,54,40
00-0031075,2016,RB,Alfred Blue,14,4.428571428571429,7.066666666666666,2.4499999999999997,0.05748918853643093,0.03184883147883433,4.616666666666667,0.025640357057596604,70,58
00-0031075,2017,RB,Alfred Blue,9,4.955555555555556,6.883333333333333,1.0999999999999999,0.05446024172598385,0.036306827817322564,5.783333333333333,0.018153413908661285,77,57
00-0031075,2018,RB,Alfred Blue,16,6.08125,6.1000000000000005,6.07,0.05957190216343533,0.04751114559167614,0.03000000000000025,0.012060756571759187,72,65
00-0031085,2014,RB,Jay Prosch,7,0.4857142857142857,0.5666666666666667,0.0,0.012977262977262982,0.01532504893849433,0.5666666666666667,-0.002347785961231348,123,121
00-0031085,2015,RB,Jay Prosch,10,0.32999999999999996,0.08333333333333333,0.7,0.0,0.0025641025641025598,-0.6166666666666666,-0.0025641025641025598,127,125
00-0031085,2016,RB,Jay Prosch,7,0.35714285714285715,0.3833333333333333,0.2,0.004629629629629634,0.0039682539682539715,0.1833333333333333,0.0006613756613756622,116,115
00-0031102,2016,RB,Kapri Bibbs,9,3.1555555555555554,4.3500000000000005,0.7666666666666666,0.009015594541910333,0.013650904001781199,3.583333333333334,-0.004635309459870866,86,73
00-0031102,2018,RB,Kapri Bibbs,10,6.180000000000001,6.050000000000001,6.375,0.07953966111860851,0.07461773606510447,-0.3249999999999993,0.004921925053504042,71,66
00-0031118,2014,WR,Corey Brown,13,6.007692307692309,7.75,4.514285714285714,0.1064840474114667,0.07898901455445623,3.2357142857142858,0.02749503285701048,88,67
00-0031118,2015,WR,Corey Brown,14,7.392857142857143,7.349999999999999,7.425,0.15106806787464758,0.13017786726110983,-0.07500000000000107,0.020890200613537746,75,75
00-0031118,2016,WR,Corey Brown,16,3.825,2.6333333333333333,4.54,0.07186377447536481,0.09573948695049785,-1.9066666666666667,-0.023875712475133037,121,132
00-0031158,2016,RB,George Atkinson,9,1.0444444444444445,1.5666666666666667,0.0,0.0,0.0,1.5666666666666667,0.0,105,97
00-0031166,2015,WR,Seth Roberts,16,7.0,10.183333333333334,5.09,0.11724949756200964,0.09335456779654783,5.093333333333334,0.023894929765461814,79,53
00-0031166,2016,WR,Seth Roberts,16,6.98125,5.566666666666666,7.83,0.12538193113048698,0.12939526475453267,-2.2633333333333336,-0.004013333624045684,79,94
00-0031166,2017,WR,Seth Roberts,15,6.033333333333333,7.150000000000001,5.288888888888889,0.1562810311687075,0.12947985895093933,1.8611111111111125,0.026801172217768177,85,72
00-0031166,2018,WR,Seth Roberts,15,7.126666666666667,7.233333333333334,7.055555555555555,0.14411133161133147,0.13586141220903522,0.17777777777777892,0.008249919402296246,85,79
00-0031166,2019,WR,Seth Roberts,14,4.292857142857143,5.016666666666667,3.75,0.12150856389986824,0.09914196781413509,1.2666666666666666,0.022366596085733145,116,98
00-0031167,2018,TE,Scott Simonson,10,2.36,3.0833333333333335,1.275,0.04346625959529185,0.03819822703616822,1.8083333333333336,0.005268032559123628,71,57
00-0031187,2014,WR,Robert Herron,6,2.9666666666666663,2.9666666666666663,3.3,0.06931118450515003,0.06931118450515003,-0.3333333333333335,0.0,122,118
00-0031189,2015,WR,T.J. Jones,10,2.8899999999999997,4.516666666666667,0.45,0.06644685409391296,0.044279877162230113,4.066666666666666,0.022166976931682847,134,105
00-0031189,2017,WR,T.J. Jones,13,5.9923076923076914,4.6499999999999995,7.1428571428571415,0.07339687194525903,0.1000032664913704,-2.492857142857142,-0.02660639454611137,87,97
00-0031189,2018,WR,T.J. Jones,12,4.166666666666667,6.116666666666667,2.2166666666666663,0.07899945399945396,0.06410836999072292,3.900000000000001,0.014891084008731043,125,93
00-0031209,2014,RB,Senorise Perry,13,0.06923076923076923,0.15,0.0,0.003472222222222217,0.0016025641025641001,0.15,0.0018696581196581167,127,126
00-0031209,2017,RB,Senorise Perry,8,0.5375000000000001,0.7166666666666668,0.0,0.0038759689922480667,0.00290697674418605,0.7166666666666668,0.0009689922480620168,119,114
00-0031209,2018,RB,Senorise Perry,11,0.0,0.0,0.0,0.0,0.0,0.0,0.0,117,117
00-0031209,2019,RB,Senorise Perry,8,0.175,0.2333333333333333,0.0,0.004273504273504266,0.0032051282051282,0.2333333333333333,0.0010683760683760663,120,115
00-0031228,2014,WR,Taylor Gabriel,16,6.56875,2.8000000000000003,8.83,0.10556270556270553,0.14450901288048845,-6.029999999999999,-0.038946307317782924,85,121
00-0031228,2015,WR,Taylor Gabriel,12,4.341666666666666,3.4000000000000004,5.283333333333333,0.12209895581697583,0.10838520707194821,-1.8833333333333329,0.01371374874502762,116,123
00-0031228,2016,WR,Taylor Gabriel,12,11.666666666666666,14.483333333333333,8.85,0.17945089039058182,0.13318029582374272,5.633333333333333,0.0462705945668391,40,22
00-0031228,2017,WR,Taylor Gabriel,16,5.10625,2.9499999999999997,6.4,0.06649995885966131,0.09726141516836234,-3.4500000000000006,-0.03076145630870103,95,122
00-0031228,2018,WR,Taylor Gabriel,16,9.49375,7.133333333333334,10.91,0.16666060044009232,0.1887001696103797,-3.7766666666666664,-0.022039569170287376,55,81
00-0031228,2019,WR,Taylor Gabriel,9,10.033333333333335,8.366666666666665,13.366666666666667,0.168173736497609,0.15806214536766613,-5.000000000000002,0.010111591129942865,56,64
00-0031235,2014,WR,Odell Beckham Jr.,12,24.75,33.21666666666666,16.283333333333335,0.3490522574471695,0.27579404738975927,16.933333333333326,0.07325821005741023,1,1
00-0031235,2015,WR,Odell Beckham Jr.,15,21.28666666666667,23.683333333333334,19.688888888888886,0.2676978513790658,0.2731333387140849,3.994444444444447,-0.005435487335019085,3,4
00-0031235,2016,WR,Odell Beckham Jr.,16,18.5375,20.283333333333335,17.490000000000002,0.3352496269162934,0.28629327043873964,2.793333333333333,0.04895635647755375,6,2
00-0031235,2018,WR,Odell Beckham Jr.,12,19.361666666666668,20.593333333333334,18.13,0.26897912739427454,0.2882619727187298,2.4633333333333347,-0.019282845324455233,7,5
00-0031235,2019,WR,Odell Beckham Jr.,16,12.70625,13.049999999999999,12.500000000000002,0.23308982683982682,0.25636024674056485,0.5499999999999972,-0.023270419900738026,33,33
00-0031235,2020,WR,Odell Beckham Jr.,7,12.402857142857144,13.603333333333332,5.2,0.2090124787493209,0.21996987974431592,8.403333333333332,-0.010957400994995009,39,34
00-0031235,2021,WR,Odell Beckham Jr.,14,9.221428571428573,10.766666666666667,8.0625,0.17406382675779217,0.1778317088637086,2.7041666666666675,-0.0037678821059164425,56,48
00-0031235,2023,WR,Odell Beckham Jr.,14,7.678571428571429,8.616666666666665,6.975,0.16418985248908544,0.15728251764046836,1.6416666666666657,0.0069073348486170805,68,56
00-0031235,2024,WR,Odell Beckham Jr.,8,1.8125,2.4166666666666665,0.0,0.0729209799861973,0.07008662941780046,2.4166666666666665,0.002834350568396843,143,128
00-0031236,2014,WR,Brandin Cooks,10,13.930000000000001,14.25,13.450000000000001,0.15335086147048121,0.1686505435223153,0.7999999999999989,-0.015299682051834074,21,22
00-0031236,2015,WR,Brandin Cooks,16,15.85,16.116666666666664,15.690000000000001,0.19023917564757034,0.19565518454239825,0.4266666666666623,-0.005416008894827906,20,20
00-0031236,2016,WR,Brandin Cooks,15,16.42,15.833333333333336,16.811111111111114,0.19897131062328852,0.18804234959663552,-0.9777777777777779,0.010928961026653,9,12
00-0031236,2017,WR,Brandin Cooks,16,13.825000000000001,11.766666666666666,15.060000000000002,0.196892402989964,0.19573159394664105,-3.2933333333333366,0.0011608090433229412,17,31
00-0031236,2018,WR,Brandin Cooks,15,16.21333333333333,13.066666666666668,18.311111111111117,0.20590651579135186,0.2303105186192917,-5.244444444444449,-0.024404002827939836,19,34
00-0031236,2019,WR,Brandin Cooks,14,8.392857142857144,6.533333333333332,9.787500000000001,0.10848392136053546,0.12882615515487023,-3.254166666666669,-0.020342233794334766,69,82
00-0031236,2020,WR,Brandin Cooks,15,15.466666666666667,19.349999999999998,12.877777777777778,0.24266391417421151,0.23690192724470552,6.47222222222222,0.005761986929505997,17,6
00-0031236,2021,WR,Brandin Cooks,16,14.4875,15.733333333333334,13.74,0.24620726495726497,0.2721006553338032,1.993333333333334,-0.025893390376538206,22,17
00-0031236,2022,WR,Brandin Cooks,13,11.2,12.033333333333331,10.485714285714286,0.19052906127543154,0.21135264791300729,1.5476190476190457,-0.020823586637575747,38,34
00-0031236,2023,WR,Brandin Cooks,16,10.825,11.450000000000001,10.45,0.149070224070224,0.1430328414657458,1.0000000000000018,0.0060373826044781975,45,39
00-0031236,2024,WR,Brandin Cooks,10,6.959999999999999,7.55,6.075000000000001,0.18488141652769016,0.16577215924300762,1.4749999999999988,0.019109257284682546,85,77
00-0031236,2025,WR,Brandin Cooks,13,3.9923076923076923,4.2,3.8142857142857145,0.10020610227131964,0.0878884619734946,0.3857142857142857,0.012317640297825033,115,106
00-0031237,2014,QB,Teddy Bridgewater,13,13.82,16.466666666666665,11.55142857142857,0.0,0.0,4.915238095238095,0.0,27,14
00-0031237,2015,QB,Teddy Bridgewater,16,12.5275,11.716666666666667,13.014,0.0,0.0,-1.2973333333333326,0.0,30,30
00-0031237,2019,QB,Teddy Bridgewater,9,10.051111111111112,10.093333333333332,9.966666666666667,0.0,0.0,0.12666666666666515,0.0,34,32
00-0031237,2020,QB,Teddy Bridgewater,15,16.081333333333333,13.763333333333334,17.626666666666665,0.0,0.0,-3.8633333333333315,0.0,22,30
00-0031237,2021,QB,Teddy Bridgewater,14,14.477142857142855,13.186666666666667,15.445,0.0,0.0,-2.258333333333333,0.0,21,25
00-0031257,2014,WR,Paul Richardson,12,5.175,6.583333333333333,3.766666666666667,0.15221934487301808,0.13294796962407088,2.816666666666666,0.019271375248947203,94,82
00-0031257,2016,WR,Paul Richardson,13,4.3307692307692305,5.7,3.1571428571428575,0.09564036176939404,0.07817488092861814,2.5428571428571427,0.0174654808407759,112,92
00-0031257,2017,WR,Paul Richardson,16,9.39375,6.316666666666666,11.239999999999998,0.18872275021700305,0.1562021633897947,-4.923333333333332,0.03252058682720835,53,79
00-0031257,2018,WR,Paul Richardson,7,8.442857142857145,8.816666666666668,6.2,0.13627292982131683,0.14636201866457701,2.616666666666668,-0.01008908884326018,69,61
00-0031257,2019,WR,Paul Richardson,10,6.45,3.266666666666667,11.225,0.13513141817739513,0.14612536944132767,-7.958333333333332,-0.010993951263932544,86,128
00-0031260,2018,TE,Logan Thomas,9,2.255555555555555,2.3666666666666667,2.033333333333333,0.058273448495601225,0.05309704995492189,0.3333333333333335,0.005176398540679333,72,71
00-0031260,2019,TE,Logan Thomas,15,2.62,3.4499999999999997,2.0666666666666664,0.0831393564743537,0.057175754604940406,1.3833333333333333,0.0259636018694133,68,57
00-0031260,2020,TE,Logan Thomas,16,11.03875,16.27,7.899999999999999,0.22944898744501466,0.1933192541302643,8.370000000000001,0.03612973331475036,6,3
00-0031260,2022,TE,Logan Thomas,13,5.946153846153846,5.5,6.328571428571429,0.16657258863141214,0.155161239297696,-0.8285714285714292,0.011411349333716125,32,35
00-0031260,2023,TE,Logan Thomas,16,7.925,4.783333333333333,9.809999999999999,0.10622894262600148,0.13136683718580272,-5.0266666666666655,-0.02513789455980124,18,44
00-0031266,2014,QB,Zach Mettenberger,7,10.125714285714286,12.033333333333333,-1.32,0.0,0.0,13.353333333333333,0.0,37,30
00-0031266,2015,QB,Zach Mettenberger,7,6.028571428571429,7.116666666666667,-0.5,0.0,0.0,7.616666666666667,0.0,40,38
00-0031268,2016,WR,Walt Powell,7,4.028571428571429,3.733333333333333,5.8,0.10488225339618527,0.11847050291101593,-2.066666666666667,-0.013588249514830661,116,121
00-0031273,2015,TE,Cameron Brate,12,5.816666666666666,5.95,5.683333333333334,0.08630387130321776,0.07241068726384198,0.2666666666666666,0.013893184039375783,35,33
00-0031273,2016,TE,Cameron Brate,15,11.4,11.416666666666666,11.38888888888889,0.17484166160636747,0.15524597620746333,0.02777777777777679,0.019595685398904134,12,9
00-0031273,2017,TE,Cameron Brate,16,8.943750000000001,6.916666666666667,10.16,0.1099408120241454,0.12924631950281418,-3.243333333333333,-0.01930550747866877,13,22
00-0031273,2018,TE,Cameron Brate,15,6.193333333333333,7.333333333333332,5.433333333333334,0.11347854433380751,0.08727739126647985,1.8999999999999986,0.026201153067327662,25,23
00-0031273,2019,TE,Cameron Brate,14,6.507142857142858,5.283333333333333,7.425,0.09396307081302153,0.09861413388278463,-2.1416666666666666,-0.004651063069763095,30,35
00-0031273,2020,TE,Cameron Brate,13,5.246153846153845,5.133333333333334,5.3428571428571425,0.07855628573568381,0.06612983185518231,-0.20952380952380878,0.012426453880501495,40,39
00-0031273,2021,TE,Cameron Brate,16,4.90625,5.900000000000001,4.3100000000000005,0.07800009848490809,0.08650549482603642,1.5900000000000007,-0.008505396341128332,36,33
00-0031273,2022,TE,Cameron Brate,9,4.155555555555555,3.9333333333333336,4.6,0.10340322713547866,0.10468183717000484,-0.6666666666666661,-0.001278610034526187,51,51
00-0031277,2014,RB,Branden Oliver,14,10.37857142857143,7.733333333333333,12.3625,0.07161154023899116,0.08954136370284571,-4.629166666666667,-0.01792982346385455,28,44
00-0031277,2015,RB,Branden Oliver,8,4.375,5.283333333333334,1.6500000000000001,0.044894457394457354,0.03671962353364789,3.6333333333333337,0.008174833860809465,78,72
00-0031277,2017,RB,Branden Oliver,8,2.1125,2.1333333333333337,2.05,0.0436782936782937,0.036546599046599064,0.08333333333333393,0.007131694631694635,97,97
00-0031280,2014,QB,Derek Carr,16,12.0,11.816666666666668,12.11,0.0,0.0011792452830188687,-0.2933333333333312,-0.0011792452830188687,30,33
00-0031280,2015,QB,Derek Carr,16,16.955,15.896666666666667,17.59,0.0,0.0,-1.6933333333333334,0.0,19,22
00-0031280,2016,QB,Derek Carr,15,17.898666666666667,16.313333333333333,18.955555555555556,0.0,0.0,-2.642222222222223,0.0,11,13
00-0031280,2017,QB,Derek Carr,15,13.762666666666664,12.483333333333334,14.615555555555554,0.0,0.0,-2.13222222222222,0.0,25,28
00-0031280,2018,QB,Derek Carr,16,13.5475,12.19,14.362,0.00505050505050505,0.0018939393939393938,-2.1720000000000006,0.003156565656565656,26,30
00-0031280,2019,QB,Derek Carr,16,15.2725,15.233333333333334,15.295999999999998,0.0,0.0,-0.06266666666666332,0.0,23,19
00-0031280,2020,QB,Derek Carr,16,17.0075,17.08,16.964,0.0,0.0,0.11599999999999966,0.0,19,14
00-0031280,2021,QB,Derek Carr,17,15.115294117647057,11.183333333333332,17.26,0.0,0.0,-6.07666666666667,0.0,19,33
00-0031280,2022,QB,Derek Carr,15,14.605333333333336,14.209999999999999,14.868888888888888,0.0,0.0,-0.6588888888888889,0.0,20,24
00-0031280,2023,QB,Derek Carr,17,14.183529411764704,17.95333333333333,12.127272727272727,0.0,0.0,5.826060606060603,0.0,25,8
00-0031280,2024,QB,Derek Carr,10,15.09,15.290000000000001,14.790000000000003,0.0,0.0,0.4999999999999982,0.0,19,22
00-0031285,2014,RB,Devonta Freeman,16,5.45625,5.416666666666667,5.479999999999999,0.05280199173767924,0.05801326113158581,-0.06333333333333169,-0.005211269393906572,67,65
00-0031285,2015,RB,Devonta Freeman,15,21.093333333333337,14.716666666666669,25.344444444444445,0.15686506824017332,0.16665410501695474,-10.627777777777776,-0.009789036776781418,1,12
00-0031285,2016,RB,Devonta Freeman,16,17.756249999999998,21.833333333333332,15.309999999999999,0.13511564924608402,0.12298277073916439,6.523333333333333,0.012132878506919631,7,4
00-0031285,2017,RB,Devonta Freeman,14,14.3,14.383333333333333,14.2375,0.10831964969895998,0.09848531201762142,0.14583333333333215,0.009834337681338554,12,17
00-0031285,2019,RB,Devonta Freeman,14,14.114285714285716,14.683333333333332,13.6875,0.12553829776320236,0.12088572194855204,0.9958333333333318,0.0046525758146503116,19,20
00-0031285,2021,RB,Devonta Freeman,16,9.1625,9.950000000000001,8.690000000000001,0.0863156757553309,0.07042565563194189,1.2599999999999998,0.015890020123389012,41,38
00-0031288,2015,QB,AJ McCarron,7,7.894285714285715,9.243333333333334,-0.2,0.0,0.0,9.443333333333333,0.0,39,36
00-0031291,2014,WR,James Wright,11,1.5545454545454547,2.283333333333333,0.6799999999999999,0.05697277363944028,0.04892772720422089,1.6033333333333333,0.008045046435219395,140,129
00-0031291,2016,WR,James Wright,12,1.9166666666666667,2.8000000000000003,1.0333333333333332,0.05658226608024475,0.044686739623900996,1.766666666666667,0.011895526456343751,140,130
00-0031299,2014,TE,Jordan Matthews,16,12.6375,11.066666666666665,13.579999999999998,0.17128413306574217,0.16963472803930688,-2.5133333333333336,0.001649405026435291,7,11
00-0031299,2015,TE,Jordan Matthews,16,14.41875,18.2,12.149999999999999,0.20348494232747535,0.21410432563392212,6.050000000000001,-0.010619383306446767,6,3
00-0031299,2016,TE,Jordan Matthews,14,12.242857142857138,10.116666666666667,13.837499999999999,0.2260545412719325,0.23170865012003533,-3.7208333333333314,-0.005654108848102829,8,12
00-0031299,2017,TE,Jordan Matthews,10,5.720000000000001,4.166666666666666,8.05,0.11794263203365635,0.12310745956207411,-3.8833333333333346,-0.005164827528417765,33,43
00-0031299,2018,TE,Jordan Matthews,11,5.636363636363637,4.333333333333334,7.2,0.061966652921693094,0.06973672468947391,-2.8666666666666663,-0.0077700717677808145,30,42
00-0031301,2014,RB,Jeremy Hill,16,13.181249999999999,15.9,11.55,0.06860322101550165,0.06511002799220686,4.35,0.0034931930232947883,17,9
00-0031301,2015,RB,Jeremy Hill,16,10.64375,11.983333333333334,9.84,0.061361160625866516,0.03949446540791311,2.1433333333333344,0.021866695217953404,31,29
00-0031301,2016,RB,Jeremy Hill,15,11.753333333333332,11.85,11.688888888888888,0.07790720900947702,0.05006170680368928,0.16111111111111143,0.027845502205787742,26,26
00-0031301,2017,RB,Jeremy Hill,7,2.457142857142857,2.3,3.4,0.017342156051833466,0.01979081356167007,-1.1,-0.0024486575098366034,95,94
00-0031302,2014,TE,C.J. Fiedorowicz,8,1.5999999999999999,2.1333333333333333,0.0,0.028863976554193937,0.027329800597463635,2.1333333333333333,0.0015341759567303014,78,68
00-0031302,2015,TE,C.J. Fiedorowicz,14,2.692857142857143,1.8,3.3625000000000003,0.053345544884588175,0.046584253881802505,-1.5625000000000002,0.00676129100278567,60,73
00-0031302,2016,TE,C.J. Fiedorowicz,15,8.926666666666668,9.4,8.61111111111111,0.22994083193770584,0.17321595605143114,0.7888888888888896,0.0567248758862747,23,18
00-0031310,2015,WR,Devin Street,11,2.036363636363636,1.3,2.92,0.0363095238095238,0.03520199843729254,-1.6199999999999999,0.0011075253722312578,150,153
00-0031319,2019,WR,Diontae Spencer,16,0.48125,0.033333333333333326,0.75,0.00694444444444445,0.021010831840573244,-0.7166666666666667,-0.014066387396128793,169,170
00-0031319,2020,WR,Diontae Spencer,11,1.2272727272727273,1.8166666666666667,0.52,0.016085271317829466,0.014954007640666152,1.2966666666666666,0.0011312636771633137,158,148
00-0031319,2021,WR,Diontae Spencer,15,0.04666666666666666,0.0,0.07777777777777778,0.006666666666666667,0.009151008151008154,-0.07777777777777778,-0.002484341484341487,179,178
00-0031325,2014,WR,Sammy Watkins,16,12.375,9.633333333333333,14.02,0.20904788463288496,0.23241115812617397,-4.386666666666667,-0.02336327349328901,32,53
00-0031325,2015,WR,Sammy Watkins,13,16.830769230769228,23.166666666666668,11.400000000000002,0.33773090132739236,0.28826741779066223,11.766666666666666,0.049463483536730135,15,5
00-0031325,2016,WR,Sammy Watkins,8,10.375,11.783333333333333,6.15,0.22842372681082349,0.2262420375323601,5.633333333333333,0.002181689278463378,51,38
00-0031325,2017,WR,Sammy Watkins,15,9.753333333333332,10.683333333333332,9.133333333333333,0.18850792090343949,0.1514444880548694,1.549999999999999,0.03706343284857008,49,41
00-0031325,2018,WR,Sammy Watkins,10,11.510000000000002,12.066666666666668,10.675,0.16685496857306095,0.16843833999551125,1.3916666666666675,-0.001583371422450297,37,41
00-0031325,2019,WR,Sammy Watkins,13,10.653846153846157,5.016666666666667,15.485714285714284,0.12905050695491865,0.19092824049110416,-10.469047619047618,-0.0618777335361855,49,98
00-0031325,2020,WR,Sammy Watkins,10,8.74,7.383333333333333,10.774999999999999,0.11160499773031733,0.14540479146129104,-3.3916666666666657,-0.03379979373097371,68,76
00-0031325,2021,WR,Sammy Watkins,11,6.4,3.866666666666667,9.44,0.07649066749676502,0.14034843409689374,-5.573333333333332,-0.06385776660012872,90,124
00-0031325,2022,WR,Sammy Watkins,9,5.166666666666667,3.966666666666667,7.566666666666667,0.08819494079249067,0.09956622796459452,-3.6000000000000005,-0.011371287172103853,103,109
00-0031326,2014,WR,Bruce Ellington,13,2.5384615384615383,2.8166666666666664,2.3000000000000003,0.03282828282828288,0.02921828574002489,0.5166666666666662,0.0036099970882579914,128,120
00-0031326,2015,WR,Bruce Ellington,13,2.230769230769231,2.4833333333333334,2.0142857142857142,0.03848394660894657,0.04428226791969754,0.46904761904761916,-0.005798321310750969,146,140
00-0031326,2017,WR,Bruce Ellington,11,6.881818181818182,7.000000000000001,6.74,0.1748212091962091,0.14919523940015358,0.2600000000000007,0.025625969796055525,73,73
00-0031326,2018,WR,Bruce Ellington,7,8.514285714285714,7.650000000000001,13.7,0.17571175236710038,0.18422351883566593,-6.049999999999998,-0.008511766468565551,67,72
00-0031327,2014,WR,Kevin Norwood,6,3.2000000000000006,3.2000000000000006,1.4,0.06107379820615114,0.06107379820615114,1.8000000000000007,0.0,120,113
00-0031332,2016,RB,Fitzgerald Toussaint,12,1.008333333333333,1.5333333333333332,0.48333333333333334,0.009009009009009016,0.006756756756756758,1.0499999999999998,0.002252252252252258,106,98
00-0031339,2014,WR,Donte Moncrief,14,6.864285714285714,8.433333333333334,5.6875,0.11597073077372745,0.09172842149390219,2.7458333333333336,0.024242309279825264,80,61
00-0031339,2015,WR,Donte Moncrief,16,10.831249999999999,8.716666666666667,12.1,0.14285633610837647,0.17043831451665326,-3.383333333333333,-0.02758197840827678,47,63
00-0031339,2016,WR,Donte Moncrief,9,11.399999999999999,11.383333333333335,11.433333333333332,0.18586964707654363,0.1783154857867502,-0.04999999999999716,0.007554161289793443,45,41
00-0031339,2017,WR,Donte Moncrief,12,6.425,5.166666666666667,7.6833333333333345,0.09849567564603234,0.12676407158924982,-2.5166666666666675,-0.028268395943217478,77,91
00-0031339,2018,WR,Donte Moncrief,16,8.299999999999999,5.5,9.98,0.1703213394358675,0.16123760453692043,-4.48,0.009083734898947066,71,99
00-0031344,2015,WR,Cody Latimer,8,2.25,3.0,0.0,0.047242961534034296,0.03809179561861084,3.0,0.009151165915423455,144,133
00-0031344,2016,WR,Cody Latimer,11,1.4181818181818182,1.7333333333333332,1.04,0.05255223171889837,0.04263700077483069,0.6933333333333331,0.009915230944067682,146,144
00-0031344,2017,WR,Cody Latimer,11,5.609090909090909,7.816666666666667,2.96,0.115173319327731,0.086101908822497,4.856666666666667,0.029071410505234,93,62
00-0031344,2018,WR,Cody Latimer,6,6.0,6.0,0.0,0.069379134933239,0.069379134933239,6.0,0.0,101,94
00-0031344,2019,WR,Cody Latimer,14,4.714285714285714,4.783333333333333,4.6625,0.07522389524591697,0.07695421822612158,0.12083333333333357,-0.0017303229802046183,109,105
00-0031345,2016,QB,Jimmy Garoppolo,6,5.996666666666667,5.996666666666667,15.06,0.00505050505050505,0.00505050505050505,-9.063333333333333,0.0,36,36
00-0031345,2017,QB,Jimmy Garoppolo,6,14.65,14.65,5.12,0.003968253968253967,0.003968253968253967,9.530000000000001,0.0,21,19
00-0031345,2019,QB,Jimmy Garoppolo,16,15.4575,15.033333333333331,15.712,0.0,0.0,-0.6786666666666683,0.0,22,25
00-0031345,2020,QB,Jimmy Garoppolo,6,10.723333333333334,10.723333333333334,19.26,0.0,0.0,-8.536666666666667,0.0,34,34
00-0031345,2021,QB,Jimmy Garoppolo,15,15.16666666666667,14.503333333333332,15.608888888888892,0.0,0.0,-1.1055555555555596,0.0,18,20
00-0031345,2022,QB,Jimmy Garoppolo,11,14.980000000000002,15.143333333333333,14.784,0.0,0.0,0.35933333333333195,0.0,19,18
00-0031345,2023,QB,Jimmy Garoppolo,7,9.157142857142858,8.166666666666668,15.1,0.0,0.0,-6.933333333333332,0.0,36,38
00-0031359,2014,WR,Kelvin Benjamin,16,14.112499999999999,12.816666666666668,14.89,0.3133492651637812,0.2746639121964898,-2.0733333333333324,0.03868535296729142,19,31
00-0031359,2016,WR,Kelvin Benjamin,16,12.318750000000001,10.133333333333333,13.63,0.19497042332673098,0.21448754452619997,-3.496666666666668,-0.019517121199468995,36,49
00-0031359,2017,WR,Kelvin Benjamin,14,9.435714285714285,6.766666666666667,11.4375,0.18576890945311983,0.18722646461833659,-4.670833333333333,-0.0014575551652167562,52,75
00-0031359,2018,WR,Kelvin Benjamin,15,4.6000000000000005,2.1333333333333333,6.2444444444444445,0.08717190579935667,0.14861990532626396,-4.111111111111111,-0.061447999526907285,120,142
00-0031373,2014,WR,Martavis Bryant,10,13.01,8.133333333333333,20.325,0.11020252129191761,0.1281388180492708,-12.191666666666666,-0.017936296757353185,28,62
00-0031373,2015,WR,Martavis Bryant,11,15.47272727272727,12.35,19.22,0.1828226880226809,0.2175382440109674,-6.869999999999999,-0.03471555598828652,21,41
00-0031373,2017,WR,Martavis Bryant,15,8.833333333333334,11.600000000000001,6.98888888888889,0.17202932098765414,0.15290845882512547,4.611111111111112,0.019120862162528673,56,35
00-0031373,2018,WR,Martavis Bryant,7,6.557142857142857,6.483333333333333,7.0,0.10571758697819818,0.10847221740988415,-0.5166666666666666,-0.0027546304316859727,91,87
00-0031375,2014,RB,Terrance West,14,8.049999999999999,6.366666666666667,9.3125,0.026528314028314,0.02957658697205734,-2.945833333333333,-0.003048272943743338,41,55
00-0031375,2015,RB,Terrance West,8,3.1500000000000004,4.016666666666667,0.55,0.017203435319377333,0.012902576489533,3.466666666666667,0.004300858829844333,91,82
00-0031375,2016,RB,Terrance West,16,10.6875,11.666666666666666,10.1,0.09479814452105102,0.06993301113561703,1.5666666666666664,0.024865133385433988,31,29
00-0031376,2014,RB,Jerick McKinnon,11,8.57272727272727,10.733333333333333,5.9799999999999995,0.12816166474703058,0.11205512291986798,4.753333333333333,0.016106541827162604,39,29
00-0031376,2015,RB,Jerick McKinnon,16,5.2125,10.1,2.2800000000000002,0.13331381037263387,0.0741169170646163,7.819999999999999,0.05919689330801757,71,41
00-0031376,2016,RB,Jerick McKinnon,15,9.893333333333334,15.933333333333332,5.866666666666667,0.13989937819099255,0.09359554439606109,10.066666666666665,0.04630383379493146,36,11
00-0031376,2017,RB,Jerick McKinnon,16,11.131250000000001,10.233333333333334,11.67,0.1286913990402363,0.12929594085688378,-1.4366666666666656,-0.0006045418166474859,22,36
00-0031376,2020,RB,Jerick McKinnon,14,9.014285714285714,6.433333333333334,10.95,0.09177225611945827,0.09724028239605191,-4.516666666666666,-0.005468026276593638,43,61
00-0031376,2021,RB,Jerick McKinnon,9,3.988888888888889,5.0,1.9666666666666668,0.06459195997239474,0.0512094547964113,3.033333333333333,0.013382505175983439,84,72
00-0031376,2022,RB,Jerick McKinnon,17,11.547058823529412,20.766666666666666,6.5181818181818185,0.14646946029501692,0.1116071325488013,14.248484848484846,0.03486232774621563,27,2
00-0031376,2023,RB,Jerick McKinnon,12,7.0299999999999985,8.193333333333333,5.866666666666667,0.06917384417384416,0.07206576366059124,2.326666666666666,-0.00289191948674708,46,43
00-0031381,2014,WR,Davante Adams,14,7.185714285714284,6.050000000000001,8.0375,0.13193872682828459,0.13476605973179354,-1.987499999999999,-0.00282733290350895,76,86
00-0031381,2015,WR,Davante Adams,13,8.176923076923078,7.25,8.971428571428572,0.18394679927200083,0.1890509906701012,-1.7214285714285715,-0.005104191398100366,66,77
00-0031381,2016,WR,Davante Adams,16,15.41875,15.566666666666668,15.329999999999998,0.20691408007197484,0.19577581248480877,0.2366666666666699,0.011138267587166073,11,14
00-0031381,2017,WR,Davante Adams,14,15.89285714285714,19.183333333333334,13.425,0.27981890258937797,0.2502849536258985,5.758333333333333,0.029533948963479495,8,4
00-0031381,2018,WR,Davante Adams,15,21.973333333333336,22.483333333333334,21.633333333333333,0.3333973473774597,0.2934839286857297,0.8500000000000014,0.039913418691729985,1,2
00-0031381,2019,WR,Davante Adams,12,17.725,20.000000000000004,15.450000000000001,0.3256187607064798,0.307375151703596,4.5500000000000025,0.018243609002883854,6,4
00-0031381,2020,WR,Davante Adams,14,25.599999999999998,24.61666666666667,26.3375,0.35709014289381374,0.34004262779639277,-1.7208333333333279,0.017047515097420973,1,2
00-0031381,2021,WR,Davante Adams,16,21.518749999999997,24.066666666666666,19.990000000000002,0.28624445868278886,0.3168014282325833,4.076666666666664,-0.03055696954979442,2,3
00-0031381,2022,WR,Davante Adams,17,19.73529411764706,17.45,20.98181818181818,0.33376189657149397,0.3280104136686526,-3.5318181818181813,0.005751482902841387,6,10
00-0031381,2023,WR,Davante Adams,17,15.61176470588235,17.216666666666665,14.736363636363636,0.3308543786314045,0.3252206005582418,2.4803030303030287,0.005633778073162676,16,11
00-0031381,2024,WR,Davante Adams,14,17.235714285714288,22.766666666666666,13.087499999999999,0.32280960880281784,0.2955927251409232,9.679166666666667,0.02721688366189462,10,3
00-0031381,2025,WR,Davante Adams,14,15.921428571428573,14.966666666666667,16.637500000000003,0.23041003485592182,0.25145455087483276,-1.670833333333336,-0.02104451601891094,9,15
00-0031382,2014,WR,Jarvis Landry,16,11.8375,14.966666666666663,9.959999999999999,0.24299343288705003,0.18734130592941586,5.006666666666664,0.05565212695763416,34,16
00-0031382,2015,WR,Jarvis Landry,16,17.21,17.433333333333334,17.076,0.3132620612547672,0.28485130794365165,0.35733333333333306,0.028410753311115533,12,12
00-0031382,2016,WR,Jarvis Landry,16,14.58125,15.15,14.24,0.2712399230249128,0.2755837121528333,0.9100000000000001,-0.004343789127920494,15,17
00-0031382,2017,WR,Jarvis Landry,16,16.25,17.166666666666664,15.7,0.23042914025789749,0.27824337042897507,1.466666666666665,-0.04781423017107758,6,10
00-0031382,2018,WR,Jarvis Landry,16,13.57,14.353333333333337,13.1,0.21450267841978632,0.2670324587733016,1.2533333333333374,-0.0525297803535153,27,21
00-0031382,2019,WR,Jarvis Landry,16,14.837499999999999,16.650000000000002,13.75,0.2945301226551225,0.2702417820487766,2.900000000000002,0.024288340606345937,21,14
00-0031382,2020,WR,Jarvis Landry,15,12.530666666666667,16.753333333333334,9.715555555555556,0.2554999784166452,0.24043109359776027,7.037777777777778,0.015068884818884909,38,18
00-0031382,2021,WR,Jarvis Landry,12,11.083333333333334,13.716666666666667,8.450000000000001,0.2846613555816591,0.24481676906441374,5.266666666666666,0.03984458651724537,42,25
00-0031382,2022,WR,Jarvis Landry,9,6.688888888888888,5.183333333333334,9.7,0.12116170054766529,0.14015837016567997,-4.516666666666666,-0.01899666961801469,88,96
00-0031384,2014,TE,Richard Rodgers,13,4.1923076923076925,5.15,3.3714285714285714,0.07601065124975666,0.0734597043979219,1.778571428571429,0.002550946851834754,47,32
00-0031384,2015,TE,Richard Rodgers,16,10.00625,10.783333333333333,9.540000000000001,0.14112102203943694,0.15292310535291187,1.2433333333333323,-0.011802083313474931,17,15
00-0031384,2016,TE,Richard Rodgers,15,4.6066666666666665,3.2999999999999994,5.477777777777778,0.04720647773279352,0.0810677874643603,-2.1777777777777785,-0.033861309731566785,44,57
00-0031384,2017,TE,Richard Rodgers,10,3.4,4.283333333333333,2.075,0.06598492873265371,0.056588809011880084,2.208333333333333,0.00939611972077363,53,41
00-0031384,2020,TE,Richard Rodgers,8,8.8125,10.083333333333334,5.0,0.1067320611796939,0.10496163329735786,5.083333333333334,0.0017704278823360425,19,15
00-0031387,2014,TE,Eric Ebron,12,4.6499999999999995,4.916666666666667,4.383333333333334,0.12195350945350945,0.10861855460408588,0.5333333333333332,0.01333495484942357,39,33
00-0031387,2015,TE,Eric Ebron,14,9.335714285714287,8.95,9.625,0.12725072059437387,0.1374603804391509,-0.6750000000000007,-0.010209659844777036,20,21
00-0031387,2016,TE,Eric Ebron,13,11.092307692307692,8.666666666666668,13.171428571428569,0.1529409950613605,0.1688573994607952,-4.504761904761901,-0.015916404399434703,14,23
00-0031387,2017,TE,Eric Ebron,16,8.275,11.35,6.43,0.18937410910027533,0.15683199581849216,4.92,0.032542113281783164,16,4
00-0031387,2018,TE,Eric Ebron,16,13.8875,12.799999999999999,14.540000000000001,0.18411001279422315,0.16797172127748194,-1.740000000000002,0.016138291516741204,4,6
00-0031387,2019,TE,Eric Ebron,11,7.863636363636363,8.65,6.919999999999999,0.17978734228734228,0.1561212941647724,1.7300000000000013,0.023666048122569866,19,19
00-0031387,2020,TE,Eric Ebron,15,9.453333333333331,10.416666666666666,8.81111111111111,0.14661923747176087,0.14665665514353673,1.605555555555556,-3.7417671775868966e-05,14,14
00-0031387,2021,TE,Eric Ebron,8,4.0625,4.933333333333334,1.45,0.057214397534594584,0.05697329815094594,3.4833333333333334,0.0002410993836486422,53,42
00-0031390,2014,RB,Charles Sims,8,7.5625,8.183333333333334,5.7,0.117841021652274,0.11621745764959787,2.4833333333333334,0.001623564002676131,46,40
00-0031390,2015,RB,Charles Sims,16,11.25,13.133333333333335,10.120000000000001,0.1543912386887188,0.13719297836104608,3.0133333333333336,0.017198260327672715,29,19
00-0031390,2016,RB,Charles Sims,7,9.7,9.133333333333333,13.1,0.12451879046306287,0.1201232489683396,-3.966666666666667,0.004395541494723265,37,47
00-0031390,2017,RB,Charles Sims,15,4.893333333333333,4.3,5.288888888888888,0.07257776716110051,0.0837967733706773,-0.988888888888888,-0.01121900620957679,78,77
00-0031391,2014,RB,Tre Mason,12,11.274999999999999,13.183333333333335,9.366666666666665,0.08453417318548888,0.07775559233987088,3.81666666666667,0.0067785808456179986,23,19
00-0031391,2015,RB,Tre Mason,13,3.961538461538461,5.150000000000001,2.9428571428571426,0.054214392148088965,0.047598651070918825,2.2071428571428586,0.00661574107717014,82,73
00-0031392,2014,RB,Dri Archer,10,1.33,0.9,1.975,0.02188612820661692,0.026693184860478093,-1.0750000000000002,-0.004807056653861174,117,119
00-0031392,2015,RB,Dri Archer,6,0.0,0.0,0.0,0.0,0.0,0.0,0.0,128,126
00-0031407,2014,QB,Blake Bortles,14,12.015714285714285,11.163333333333334,12.655000000000001,0.0,0.0,-1.4916666666666671,0.0,29,34
00-0031407,2015,QB,Blake Bortles,16,19.7575,23.0,17.812,0.0,0.0,5.187999999999999,0.0,5,4
00-0031407,2016,QB,Blake Bortles,16,16.94375,15.813333333333333,17.621999999999996,0.004273504273504266,0.0016025641025641,-1.8086666666666638,0.0026709401709401662,15,17
00-0031407,2017,QB,Blake Bortles,16,15.605,19.47,13.285999999999998,0.0,0.0,6.184000000000001,0.0,17,5
00-0031407,2018,QB,Blake Bortles,13,13.324615384615385,10.336666666666668,15.885714285714284,0.0,0.0,-5.549047619047617,0.0,28,33
00-0031408,2014,WR,Mike Evans,15,16.34,12.950000000000001,18.6,0.2782740865204568,0.2579614734021212,-5.65,0.0203126131183356,14,29
00-0031408,2015,WR,Mike Evans,15,14.173333333333334,14.016666666666666,14.277777777777779,0.24836861967136184,0.296665970790184,-0.26111111111111285,-0.048297351118822135,25,28
00-0031408,2016,WR,Mike Evans,16,19.00625,16.25,20.66,0.2820922541510777,0.3037450195512158,-4.41,-0.021652765400138108,3,10
00-0031408,2017,WR,Mike Evans,15,13.54,11.950000000000001,14.599999999999998,0.23234715776382434,0.24314557898287373,-2.649999999999997,-0.010798421219049392,19,29
00-0031408,2018,WR,Mike Evans,16,17.775,17.45,17.97,0.23183696854749483,0.22767044303790132,-0.5199999999999996,0.0041665255095935105,10,13
00-0031408,2019,WR,Mike Evans,13,17.9,15.08333333333333,20.314285714285713,0.22379428946427823,0.24126783431682372,-5.230952380952383,-0.017473544852545486,5,18
00-0031408,2020,WR,Mike Evans,16,15.537500000000001,18.2,13.940000000000001,0.199835177749205,0.17876649395597033,4.259999999999998,0.021068683793234677,16,12
00-0031408,2021,WR,Mike Evans,16,16.40625,14.433333333333332,17.59,0.14181413412046737,0.16689081935380728,-3.156666666666668,-0.025076685233339918,11,21
00-0031408,2022,WR,Mike Evans,15,15.026666666666669,15.216666666666669,14.899999999999999,0.18881577788348045,0.1970055441211308,0.31666666666667,-0.008189766237650359,15,15
00-0031408,2023,WR,Mike Evans,17,16.61764705882353,14.91666666666667,17.545454545454547,0.2516637854791357,0.25189912403095144,-2.628787878787877,-0.0002353385518157336,10,21
00-0031408,2024,WR,Mike Evans,14,17.171428571428574,22.183333333333334,13.412500000000001,0.3122498238287755,0.2504221969344569,8.770833333333332,0.06182762689431859,11,5
00-0031408,2025,WR,Mike Evans,8,10.6,10.683333333333335,10.35,0.22922413793103447,0.24344588122605376,0.3333333333333357,-0.014221743295019296,40,31
00-0031409,2015,QB,Johnny Manziel,9,10.555555555555555,11.61,8.446666666666665,0.0,0.0,3.163333333333334,0.0,34,31
00-0031413,2014,RB,Bishop Sankey,16,6.0125,3.9500000000000006,7.25,0.043319082018772416,0.045086182835990515,-3.2999999999999994,-0.0017671008172180994,60,81
00-0031413,2015,RB,Bishop Sankey,12,4.933333333333334,2.6666666666666665,7.199999999999999,0.03397053701313337,0.058475861050938306,-4.533333333333333,-0.024505324037804935,74,94
00-0031418,2014,TE,Austin Seferian-Jenkins,9,5.9,6.666666666666668,4.366666666666666,0.11562106445457455,0.11236510117077463,2.3000000000000016,0.0032559632837999286,29,23
00-0031418,2015,TE,Austin Seferian-Jenkins,7,11.257142857142856,8.466666666666667,28.0,0.16214500747298086,0.169284465279871,-19.53333333333333,-0.007139457806890154,12,23
00-0031418,2016,TE,Austin Seferian-Jenkins,9,3.822222222222223,2.8833333333333333,5.7,0.07460434771335771,0.06341370572244714,-2.816666666666667,0.011190641990910563,59,64
00-0031418,2017,TE,Austin Seferian-Jenkins,13,7.823076923076922,5.1000000000000005,10.157142857142858,0.17637003519356453,0.1852146798355459,-5.057142857142858,-0.00884464464198137,17,35
00-0031428,2014,WR,Allen Robinson,10,11.680000000000001,13.433333333333332,9.05,0.2563623611536325,0.23409135422418145,4.383333333333331,0.022271006929451026,36,28
00-0031428,2015,WR,Allen Robinson,16,19.0,20.816666666666666,17.91,0.2413362980327265,0.25355047158284355,2.9066666666666663,-0.012214173550117058,8,9
00-0031428,2016,WR,Allen Robinson,16,12.45625,8.933333333333332,14.570000000000002,0.23004587004587015,0.24189900013317583,-5.63666666666667,-0.01185313008730568,32,59
00-0031428,2018,WR,Allen Robinson,13,11.792307692307693,9.416666666666666,13.828571428571427,0.22919547431797885,0.22490294239160968,-4.411904761904761,0.004292531926369164,33,57
00-0031428,2019,WR,Allen Robinson,16,15.931250000000002,19.433333333333334,13.830000000000002,0.30070832255519,0.27409193908443796,5.603333333333332,0.026616383470752014,10,7
00-0031428,2020,WR,Allen Robinson,16,16.431250000000002,17.75,15.64,0.2704454533722825,0.25664275547868814,2.1099999999999994,0.01380269789359434,13,13
00-0031428,2021,WR,Allen Robinson,12,7.25,6.1000000000000005,8.4,0.15672527691568575,0.19964460776730578,-2.3,-0.04291933085162003,82,94
00-0031428,2022,WR,Allen Robinson,10,8.49,10.066666666666665,6.125,0.17850017429990536,0.1587638676461453,3.9416666666666647,0.019736306653760055,64,49
00-0031428,2023,WR,Allen Robinson,15,4.133333333333334,3.766666666666667,4.377777777777778,0.09224333536833529,0.1096449764552124,-0.6111111111111112,-0.017401641086877112,108,115
00-0031428,2024,WR,Allen Robinson,6,1.0,1.0,0.0,0.04265504507439991,0.04265504507439991,1.0,0.0,156,151
00-0031431,2014,WR,Marqise Lee,12,7.175,9.749999999999998,4.6,0.2192075306110393,0.16477673442535784,5.149999999999999,0.054430796185681446,77,52
00-0031431,2015,WR,Marqise Lee,9,4.877777777777777,5.6000000000000005,3.433333333333333,0.10344872934158637,0.10151351877542342,2.1666666666666674,0.0019352105661629565,103,94
00-0031431,2016,WR,Marqise Lee,16,11.274999999999999,12.616666666666667,10.469999999999999,0.197983532983533,0.17336198803883285,2.1466666666666683,0.024621544944700147,46,33
00-0031431,2017,WR,Marqise Lee,13,11.376923076923077,14.316666666666668,8.857142857142858,0.23679865572614048,0.23668520876938717,5.4595238095238106,0.00011344695675330474,33,16
00-0031462,2015,TE,Jerome Cunningham,7,1.9857142857142855,2.1,1.3,0.04989601901366609,0.053482302011713785,0.8,-0.0035862829980476962,75,68
00-0031484,2018,TE,Chris Manhertz,7,1.8857142857142857,2.1999999999999997,0.0,0.026250388319353852,0.022500332845160446,2.1999999999999997,0.0037500554741934054,79,73
00-0031484,2020,TE,Chris Manhertz,7,1.5999999999999999,1.633333333333333,1.4,0.0375224698141365,0.03636379765581448,0.23333333333333317,0.0011586721583220147,77,77
00-0031484,2021,TE,Chris Manhertz,10,1.9100000000000001,1.3666666666666665,2.7249999999999996,0.029509473513538564,0.02728144168388072,-1.3583333333333332,0.0022280318296578443,73,78
00-0031484,2022,TE,Chris Manhertz,7,1.4571428571428573,1.5333333333333334,1.0,0.03404115042046077,0.03538930905604711,0.5333333333333334,-0.0013481586355863426,88,83
00-0031484,2023,TE,Chris Manhertz,7,0.5142857142857143,0.6,0.0,0.02436277005242525,0.020882374330650214,0.6,0.0034803957217750363,92,90
00-0031484,2024,TE,Chris Manhertz,8,1.5,2.0,0.0,0.024442899442899447,0.018332174582174586,2.0,0.006110724860724861,79,67
00-0031493,2015,RB,Jarryd Hayne,8,1.7374999999999998,1.7666666666666666,1.65,0.03030303030303033,0.02753496503496506,0.1166666666666667,0.0027680652680652715,109,111
00-0031503,2015,QB,Jameis Winston,16,17.18625,16.83,17.400000000000002,0.0,0.0,-0.5700000000000038,0.0,18,17
00-0031503,2016,QB,Jameis Winston,16,16.00625,12.850000000000001,17.9,0.0,0.0,-5.049999999999997,0.0,20,27
00-0031503,2017,QB,Jameis Winston,13,15.512307692307692,16.540000000000003,14.631428571428572,0.0,0.0,1.908571428571431,0.0,18,12
00-0031503,2018,QB,Jameis Winston,11,17.798181818181817,19.013333333333335,16.34,0.0,0.0,2.6733333333333356,0.0,15,7
00-0031503,2019,QB,Jameis Winston,16,19.085,21.34,17.732,0.0,0.0,3.6080000000000005,0.0,8,5
00-0031503,2021,QB,Jameis Winston,7,16.771428571428572,14.629999999999997,29.62,0.0,0.0,-14.990000000000004,0.0,14,18
00-0031503,2023,QB,Jameis Winston,6,1.9933333333333338,1.9933333333333338,4.04,0.0,0.0,-2.046666666666666,0.0,43,43
00-0031503,2024,QB,Jameis Winston,11,11.92181818181818,16.343333333333334,6.616,0.0,0.0,9.727333333333334,0.0,32,17
00-0031511,2019,WR,DeAndrew White,8,1.1375,1.2166666666666666,0.9,0.0289115646258504,0.025062051847766175,0.31666666666666654,0.003849512778084225,153,146
00-0031514,2015,WR,Quan Bray,9,0.0,0.0,0.0,0.0,0.0,0.0,0.0,168,162
00-0031514,2016,WR,Quan Bray,6,1.2166666666666666,1.2166666666666666,0.0,0.017787017787017783,0.017787017787017783,1.2166666666666666,0.0,152,148
00-0031514,2017,WR,Quan Bray,9,0.7666666666666667,0.6166666666666667,1.0666666666666667,0.009009009009009016,0.015926640926640936,-0.44999999999999996,-0.006917631917631921,162,163
00-0031544,2015,WR,Amari Cooper,16,13.29375,10.950000000000001,14.7,0.1978564420166007,0.21707049471426587,-3.7499999999999982,-0.019214052697665185,27,46
00-0031544,2016,WR,Amari Cooper,16,14.518749999999999,9.716666666666667,17.4,0.18408664862451748,0.22210832083032195,-7.683333333333332,-0.03802167220580446,17,53
00-0031544,2017,WR,Amari Cooper,14,11.314285714285715,10.933333333333332,11.600000000000001,0.1473897076819701,0.19384742985278722,-0.6666666666666696,-0.04645772217081712,35,38
00-0031544,2018,WR,Amari Cooper,15,14.366666666666669,20.283333333333335,10.422222222222222,0.24355739417192215,0.19698818755245975,9.861111111111112,0.0465692066194624,22,7
00-0031544,2019,WR,Amari Cooper,16,15.40625,9.983333333333333,18.66,0.16346486717216532,0.20094770020098843,-8.676666666666668,-0.037482833028823104,14,52
00-0031544,2020,WR,Amari Cooper,16,14.799999999999999,13.85,15.37,0.19347704991087353,0.21170490817460064,-1.5199999999999996,-0.01822785826372711,22,33
00-0031544,2021,WR,Amari Cooper,15,13.5,11.700000000000001,14.699999999999998,0.1778542539774888,0.18427837904801647,-2.9999999999999964,-0.00642412507052767,29,40
00-0031544,2022,WR,Amari Cooper,17,14.47058823529412,11.633333333333333,16.01818181818182,0.2617182200515535,0.26528113738237635,-4.3848484848484865,-0.003562917330822868,18,41
00-0031544,2023,WR,Amari Cooper,15,15.133333333333333,17.083333333333332,13.833333333333334,0.22119268517453436,0.23670361946600843,3.2499999999999982,-0.015510934291474071,18,12
00-0031544,2024,WR,Amari Cooper,13,9.438461538461539,7.516666666666667,11.085714285714285,0.1452795997752138,0.2069633639903316,-3.569047619047619,-0.061683764215117814,56,78
00-0031545,2022,WR,Kevin White,6,1.5666666666666667,1.5666666666666667,0.0,0.02685667534896145,0.02685667534896145,1.5666666666666667,0.0,149,144
00-0031547,2015,WR,DeVante Parker,10,9.34,14.083333333333334,2.225,0.1953539876713677,0.13382368828388375,11.858333333333334,0.061530299387483944,57,27
00-0031547,2016,WR,DeVante Parker,15,10.293333333333335,9.316666666666666,10.944444444444445,0.1694807648965865,0.19495314911103354,-1.6277777777777782,-0.02547238421444703,52,55
00-0031547,2017,WR,DeVante Parker,13,10.0,8.266666666666667,11.485714285714284,0.17838976771212445,0.1976775176528069,-3.2190476190476165,-0.01928774994068244,45,56
00-0031547,2018,WR,DeVante Parker,11,5.536363636363636,4.066666666666667,7.3,0.15225473103047488,0.15752002776134266,-3.2333333333333325,-0.005265296730867786,105,122
00-0031547,2019,WR,DeVante Parker,16,15.387500000000001,20.3,12.440000000000001,0.21964602535658936,0.2098669464624297,7.859999999999999,0.00977907889415966,15,3
00-0031547,2020,WR,DeVante Parker,14,11.878571428571428,11.533333333333333,12.1375,0.23086283018942133,0.21115736177366268,-0.6041666666666661,0.019705468415758653,41,49
00-0031547,2021,WR,DeVante Parker,9,11.499999999999998,12.333333333333334,9.833333333333332,0.26129675606569064,0.24336240890576477,2.5000000000000018,0.017934347159925867,38,36
00-0031547,2022,WR,DeVante Parker,12,8.575000000000001,8.299999999999999,8.85,0.09622501454609295,0.12395500825193266,-0.5500000000000007,-0.027729993705839714,63,62
00-0031547,2023,WR,DeVante Parker,13,5.569230769230769,6.933333333333334,4.3999999999999995,0.1769503593057542,0.14090683448303024,2.533333333333334,0.036043524822723966,87,71
00-0031549,2015,WR,Nelson Agholor,13,4.407692307692307,4.75,4.114285714285714,0.0856360454670253,0.09255929156195769,0.6357142857142861,-0.006923246094932389,114,102
00-0031549,2016,WR,Nelson Agholor,15,5.860000000000001,4.666666666666666,6.655555555555556,0.0918501788067005,0.13258131065063858,-1.9888888888888898,-0.040731131843938076,94,107
00-0031549,2017,WR,Nelson Agholor,16,11.71875,14.149999999999999,10.259999999999998,0.19413264560323382,0.16881320113263118,3.8900000000000006,0.025319444470602637,28,18
00-0031549,2018,WR,Nelson Agholor,16,10.3375,10.683333333333335,10.129999999999999,0.12063907693807581,0.1572798667357877,0.5533333333333363,-0.03664078979771189,49,47
00-0031549,2019,WR,Nelson Agholor,11,8.545454545454545,6.7,10.76,0.172117002951406,0.17022390241984364,-4.06,0.0018931005315623584,66,81
00-0031549,2020,WR,Nelson Agholor,16,11.600000000000001,13.549999999999999,10.43,0.19704082964952538,0.15388545600535675,3.119999999999999,0.04315537364416863,45,35
00-0031549,2021,WR,Nelson Agholor,14,7.385714285714285,5.8999999999999995,8.5,0.16929244366744353,0.15841588079839944,-2.6000000000000005,0.010876562869044093,80,97
00-0031549,2022,WR,Nelson Agholor,14,5.371428571428572,5.283333333333333,5.4375,0.14612134189340076,0.12423641076477214,-0.15416666666666679,0.021884931128628618,98,94
00-0031549,2023,WR,Nelson Agholor,16,6.06875,5.666666666666667,6.31,0.10600146159609063,0.09582245161588623,-0.6433333333333326,0.010179009980204393,79,86
00-0031549,2024,WR,Nelson Agholor,13,3.776923076923077,4.616666666666667,3.057142857142857,0.06484271835502736,0.08130483906613356,1.5595238095238102,-0.0164621207111062,117,105
00-0031558,2015,TE,Maxx Williams,14,4.628571428571428,4.666666666666667,4.6,0.08942362905541192,0.07733520324882444,0.06666666666666732,0.012088425806587477,42,42
00-0031558,2017,TE,Maxx Williams,10,2.8200000000000003,2.4833333333333334,3.325,0.04334067491962229,0.052216225173636596,-0.8416666666666668,-0.008875550254014306,63,65
00-0031558,2018,TE,Maxx Williams,10,3.71,2.0833333333333335,6.15,0.028131225499646553,0.04577879971375502,-4.066666666666666,-0.01764757421410847,51,74
00-0031558,2019,TE,Maxx Williams,13,3.169230769230769,2.5,3.7428571428571424,0.056336136931013914,0.04726533454051348,-1.2428571428571424,0.009070802390500433,59,70
00-0031558,2020,TE,Maxx Williams,6,4.033333333333333,4.033333333333333,0.0,0.0486913667060726,0.0486913667060726,4.033333333333333,0.0,55,49
00-0031560,2015,WR,Jaelen Strong,10,4.8100000000000005,4.55,5.2,0.0924505888297275,0.07104934912380917,-0.6500000000000004,0.021401239705918326,105,103
00-0031560,2016,WR,Jaelen Strong,6,4.516666666666667,4.516666666666667,0.0,0.10188632505705679,0.10188632505705679,4.516666666666667,0.0,109,109
00-0031568,2016,QB,Bryce Petty,6,5.376666666666666,5.376666666666666,0.76,0.0,0.0,4.616666666666666,0.0,37,38
00-0031569,2015,RB,Jeremy Langford,15,9.84,7.816666666666666,11.18888888888889,0.09612704101951408,0.09120355777094497,-3.3722222222222236,0.004923483248569116,41,55
00-0031569,2016,RB,Jeremy Langford,12,6.1000000000000005,3.733333333333334,8.466666666666669,0.04859047516508757,0.07317935926978004,-4.733333333333334,-0.024588884104692475,64,78
00-0031570,2015,WR,Justin Hardy,9,4.488888888888889,4.816666666666666,3.8333333333333335,0.11940028998617136,0.10418419761826347,0.983333333333333,0.015216092367907885,112,101
00-0031570,2016,WR,Justin Hardy,13,5.023076923076923,5.833333333333333,4.328571428571428,0.09336480749524216,0.07140677495335736,1.5047619047619047,0.021958032541884803,104,89
00-0031570,2017,WR,Justin Hardy,10,6.01,6.25,5.65,0.08449401782735107,0.08727366786190313,0.5999999999999996,-0.002779650034552064,86,81
00-0031570,2018,WR,Justin Hardy,16,2.4562500000000003,4.25,1.38,0.044606041327961164,0.03374044646570842,2.87,0.010865594862252748,140,119
00-0031570,2019,WR,Justin Hardy,12,3.2083333333333335,3.9,2.5166666666666666,0.06541809613823342,0.053375988794196964,1.3833333333333333,0.012042107344036455,134,118
00-0031577,2015,RB,Javorius Allen,16,9.10625,16.2,4.85,0.1645124877648322,0.09028370918684123,11.35,0.07422877857799098,47,7
00-0031577,2017,RB,Javorius Allen,16,10.381250000000001,8.3,11.63,0.03932088235658488,0.10817414590287974,-3.33,-0.06885326354629487,26,49
00-0031577,2018,RB,Javorius Allen,13,7.200000000000002,2.9333333333333336,10.85714285714286,0.0414619164619165,0.07698348691397347,-7.923809523809526,-0.03552157045205697,62,88
00-0031585,2015,TE,MyCole Pruitt,11,1.718181818181818,1.9166666666666667,1.48,0.04623483299953887,0.05382424453409373,0.43666666666666676,-0.007589411534554856,77,72
00-0031585,2018,TE,MyCole Pruitt,7,3.6000000000000005,3.7166666666666663,2.9,0.06914137628155624,0.06419014518714675,0.8166666666666664,0.0049512310944094945,54,45
00-0031585,2019,TE,MyCole Pruitt,9,2.3333333333333335,3.5,0.0,0.050233615331654526,0.03811870651739932,3.5,0.012114908814255206,70,56
00-0031585,2021,TE,MyCole Pruitt,10,4.85,4.45,5.45,0.07285604056437388,0.06205480696552122,-1.0,0.010801233598852655,38,46
00-0031585,2022,TE,MyCole Pruitt,10,5.5,6.983333333333333,3.2750000000000004,0.10881346252313995,0.08578259216132215,3.708333333333333,0.023030870361817793,37,25
00-0031585,2023,TE,MyCole Pruitt,10,2.5999999999999996,3.15,1.775,0.03542497943233239,0.03439693343292415,1.375,0.001028045999408235,68,62
00-0031585,2024,TE,MyCole Pruitt,7,2.2857142857142856,2.35,1.9,0.0462369420702754,0.052618677618677605,0.4500000000000002,-0.006381735548402205,64,63
00-0031588,2015,WR,Stefon Diggs,13,11.484615384615385,7.016666666666666,15.314285714285713,0.18203368889643382,0.21758405096276112,-8.297619047619047,-0.03555036206632731,44,83
00-0031588,2016,WR,Stefon Diggs,13,14.86923076923077,12.950000000000001,16.514285714285716,0.19688653475574633,0.23714508576462257,-3.564285714285715,-0.04025855100887624,14,31
00-0031588,2017,WR,Stefon Diggs,14,14.157142857142855,13.383333333333333,14.737499999999999,0.23447397563676634,0.2132157572014581,-1.354166666666666,0.02125821843530823,12,20
00-0031588,2018,WR,Stefon Diggs,15,17.753333333333334,14.733333333333334,19.766666666666666,0.2523459467007852,0.2620148770494391,-5.033333333333331,-0.009668930348653904,11,19
00-0031588,2019,WR,Stefon Diggs,15,14.273333333333332,13.683333333333335,14.666666666666666,0.2189028373677985,0.22490989062920838,-0.9833333333333307,-0.006007053261409878,24,28
00-0031588,2020,WR,Stefon Diggs,16,20.5375,23.5,18.76,0.30439979453137334,0.29912107956285183,4.739999999999998,0.005278714968521503,3,3
00-0031588,2021,WR,Stefon Diggs,17,16.794117647058822,15.300000000000002,17.60909090909091,0.283746406372835,0.2707143333474415,-2.309090909090907,0.013032073025393498,10,18
00-0031588,2022,WR,Stefon Diggs,16,19.7875,14.883333333333331,22.73,0.24699176549204852,0.2747256225065371,-7.846666666666669,-0.027733857014488578,5,17
00-0031588,2023,WR,Stefon Diggs,17,16.105882352941176,10.883333333333333,18.954545454545453,0.29363822220965086,0.3006990287572004,-8.07121212121212,-0.007060806547549536,14,44
00-0031588,2024,WR,Stefon Diggs,8,15.239999999999998,15.386666666666668,14.799999999999999,0.2637729885045003,0.24408211329488372,0.5866666666666696,0.0196908752096166,17,26
00-0031588,2025,WR,Stefon Diggs,17,12.370588235294118,11.233333333333334,12.990909090909089,0.1723593073593073,0.21864015811863688,-1.7575757575757542,-0.046280850759329584,24,29
00-0031589,2017,QB,Brett Hundley,11,11.312727272727273,12.649999999999999,9.708,0.0053763440860215,0.002932551319648091,2.9419999999999984,0.002443792766373409,34,27
00-0031590,2015,RB,Jay Ajayi,9,4.7444444444444445,4.7,4.833333333333333,0.03337041156840935,0.0319087767943985,-0.13333333333333286,0.0014616347740108518,76,78
00-0031590,2016,RB,Jay Ajayi,15,14.353333333333333,13.083333333333334,15.200000000000001,0.08147864981536392,0.07445952663551221,-2.116666666666667,0.007019123179851705,16,14
00-0031590,2017,RB,Jay Ajayi,14,9.65,9.366666666666667,9.8625,0.05920592538239599,0.0660538530286429,-0.49583333333333357,-0.006847927646246914,31,40
00-0031595,2015,RB,Michael Burton,10,1.61,2.1666666666666665,0.775,0.0213105413105413,0.01711405587876176,1.3916666666666666,0.004196485431779539,111,99
00-0031595,2017,RB,Michael Burton,9,0.41111111111111115,0.5,0.2333333333333333,0.0222926731078905,0.020152787362932287,0.2666666666666667,0.0021398857449582143,120,118
00-0031595,2020,RB,Michael Burton,6,1.4333333333333333,1.4333333333333333,1.7,0.0225715134538664,0.0225715134538664,-0.2666666666666666,0.0,112,111
00-0031595,2021,RB,Michael Burton,10,1.47,1.9499999999999995,0.7500000000000001,0.0074074074074074,0.00777777777777777,1.1999999999999993,-0.00037037037037036986,109,106
00-0031595,2022,RB,Michael Burton,12,0.31666666666666665,-0.016666666666666666,0.65,0.0,0.006176018794614625,-0.6666666666666667,-0.006176018794614625,120,124
00-0031595,2023,RB,Michael Burton,11,0.609090909090909,0.48333333333333334,0.76,0.010317460317460315,0.008468614718614717,-0.27666666666666667,0.0018488455988455981,109,108
00-0031595,2024,RB,Michael Burton,12,2.441666666666667,3.3833333333333333,1.5,0.022302350427350418,0.02439199871765661,1.8833333333333333,-0.002089648290306192,90,75
00-0031598,2015,TE,Nick Boyle,9,3.922222222222222,4.533333333333333,2.6999999999999997,0.07215147892897256,0.06619862905029145,1.8333333333333335,0.00595284987868111,47,44
00-0031598,2017,TE,Nick Boyle,15,3.353333333333333,2.5500000000000003,3.888888888888889,0.05996002018167887,0.07455102540403855,-1.3388888888888886,-0.014591005222359676,54,64
00-0031598,2018,TE,Nick Boyle,12,3.6916666666666664,3.3666666666666667,4.016666666666667,0.09978341978341976,0.09423716632132716,-0.6499999999999999,0.005546253462092601,52,52
00-0031598,2019,TE,Nick Boyle,15,5.006666666666666,3.85,5.777777777777778,0.10121504904113598,0.10845425205112802,-1.9277777777777776,-0.007239203009992035,41,52
00-0031598,2020,TE,Nick Boyle,9,4.144444444444445,4.233333333333333,3.966666666666667,0.07680336051180045,0.0734817178863783,0.2666666666666666,0.0033216426254221443,50,47
00-0031599,2015,RB,Cameron Artis-Payne,6,5.8500000000000005,5.8500000000000005,0.6,0.0265248317573899,0.0265248317573899,5.250000000000001,0.0,67,67
00-0031599,2017,RB,Cameron Artis-Payne,8,2.0875000000000004,2.45,1.0,0.0,0.004166666666666662,1.4500000000000002,-0.004166666666666662,98,92
00-0031600,2015,WR,Keith Mumphery,14,1.9214285714285713,0.0,3.3625,0.012195121951219516,0.05161171009943404,-3.3625,-0.039416588148214526,151,162
00-0031600,2016,WR,Keith Mumphery,8,2.1125,2.816666666666667,0.0,0.05581061078844102,0.04185795809133076,2.816666666666667,0.013952652697110254,137,129
00-0031609,2016,TE,A.J. Derby,7,4.285714285714286,5.0,0.0,0.08723196881091622,0.07477025898078533,5.0,0.012461709830130882,50,43
00-0031609,2017,TE,A.J. Derby,11,5.036363636363636,4.666666666666667,5.4799999999999995,0.10860009719021345,0.1052316792482435,-0.8133333333333326,0.003368417941969945,39,38
00-0031610,2016,TE,Darren Waller,10,3.0500000000000003,2.9,3.2750000000000004,0.04913221015437764,0.04447932609262659,-0.37500000000000044,0.004652884061751052,62,63
00-0031610,2019,TE,Darren Waller,16,13.8125,13.316666666666668,14.11,0.23659427230332564,0.23803390192882926,-0.7933333333333312,-0.001439629625503619,6,8
00-0031610,2020,TE,Darren Waller,16,17.4125,23.116666666666664,13.99,0.27778181908616684,0.2784859849791975,9.126666666666663,-0.0007041658930306838,2,2
00-0031610,2021,TE,Darren Waller,11,12.136363636363637,10.266666666666667,14.38,0.22821983463657983,0.23147402190588287,-4.113333333333333,-0.003254187269303044,6,11
00-0031610,2022,TE,Darren Waller,8,10.6,9.316666666666668,14.45,0.14695919018013714,0.15728898970469984,-5.133333333333331,-0.0103297995245627,7,15
00-0031610,2023,TE,Darren Waller,12,9.433333333333334,9.500000000000002,9.366666666666667,0.19432748170493266,0.20599360251533694,0.13333333333333464,-0.011666120810404274,13,15
00-0031610,2025,TE,Darren Waller,9,9.855555555555556,7.166666666666667,15.233333333333334,0.15155448000275584,0.1462650781717719,-8.066666666666666,0.0052894018309839475,17,29
00-0031612,2016,RB,Aaron Ripkowski,10,4.66,6.133333333333333,2.45,0.03350941456204613,0.02690389435126277,3.6833333333333327,0.006605520210783363,67,64
00-0031612,2017,RB,Aaron Ripkowski,11,1.1090909090909091,0.9833333333333334,1.2600000000000002,0.027071961854570562,0.02820516590613771,-0.27666666666666684,-0.0011332040515671486,111,110
00-0031665,2016,RB,Zach Zenner,11,8.454545454545455,10.516666666666666,5.98,0.06317006049317457,0.05923877751382109,4.536666666666665,0.0039312829793534815,47,36
00-0031665,2017,RB,Zach Zenner,7,1.2285714285714284,1.3499999999999999,0.5,0.0032679738562091504,0.0028011204481792717,0.8499999999999999,0.0004668534080298787,104,106
00-0031665,2018,RB,Zach Zenner,7,8.157142857142857,9.316666666666665,1.2,0.05031980031980033,0.04313125741697171,8.116666666666665,0.007188542902828617,51,43
00-0031682,2015,RB,Terron Ward,10,3.18,2.0333333333333337,4.8999999999999995,0.03333511041121582,0.03296616915116505,-2.866666666666666,0.0003689412600507702,90,107
00-0031682,2017,RB,Terron Ward,6,2.55,2.55,0.0,0.016630355846042114,0.016630355846042114,2.55,0.0,94,91
00-0031687,2015,RB,Raheem Mostert,9,0.0,0.0,0.0,0.0,0.0,0.0,0.0,128,126
00-0031687,2017,RB,Raheem Mostert,9,0.1111111111111111,0.3166666666666667,-0.3,0.0,0.0,0.6166666666666667,0.0,124,119
00-0031687,2018,RB,Raheem Mostert,8,4.825,6.433333333333334,0.0,0.03950617283950613,0.029629629629629603,6.433333333333334,0.009876543209876527,78,62
00-0031687,2019,RB,Raheem Mostert,16,10.45,17.749999999999996,6.070000000000001,0.08313797962920763,0.050804889005228546,11.679999999999996,0.032333090623979086,34,10
00-0031687,2020,RB,Raheem Mostert,8,12.4625,9.316666666666665,21.9,0.053931321946027816,0.06923900071878013,-12.583333333333334,-0.015307678772752312,27,40
00-0031687,2022,RB,Raheem Mostert,16,10.51875,10.183333333333334,10.719999999999999,0.08456790123456792,0.08022748723236499,-0.5366666666666653,0.004340414002202933,31,34
00-0031687,2023,RB,Raheem Mostert,15,17.84666666666667,16.183333333333334,18.95555555555556,0.04437895437895439,0.06925009704066502,-2.7722222222222257,-0.024871142661710637,4,9
00-0031687,2024,RB,Raheem Mostert,13,5.453846153846154,3.6999999999999993,6.957142857142856,0.05249832176550268,0.053591377163300535,-3.257142857142857,-0.0010930553977978527,56,72
00-0031687,2025,RB,Raheem Mostert,12,2.4499999999999997,2.1999999999999997,2.6999999999999997,0.04064657564657565,0.034918231063741895,-0.5,0.005728344582833757,81,84
00-0031690,2017,TE,Eric Tomlinson,9,2.9000000000000004,2.8666666666666667,2.966666666666667,0.04124821937321938,0.04063469922623855,-0.10000000000000009,0.0006135201469808296,60,56
00-0031690,2018,TE,Eric Tomlinson,12,1.2666666666666666,0.6166666666666667,1.9166666666666667,0.018584339636971214,0.03841132302300463,-1.3,-0.019826983386033416,87,90
00-0031690,2021,TE,Eric Tomlinson,7,0.24285714285714285,0.2833333333333333,0.0,0.0040650406504065,0.0034843205574912857,0.2833333333333333,0.0005807200929152144,89,89
00-0031690,2022,TE,Eric Tomlinson,9,3.2111111111111112,4.383333333333334,0.8666666666666667,0.050115345464182594,0.04348867846235765,3.516666666666667,0.006626667001824946,65,46
00-0031697,2016,WR,Jordan Taylor,11,4.263636363636364,6.133333333333333,2.02,0.08188446543709697,0.06113658904368986,4.113333333333333,0.02074787639340711,113,85
00-0031697,2017,WR,Jordan Taylor,10,2.7199999999999998,3.016666666666667,2.275,0.056186428363847685,0.05530664587724841,0.7416666666666671,0.0008797824865992773,130,119
00-0031731,2016,RB,Corey Grant,10,3.59,4.566666666666666,2.125,0.025872025872025865,0.017564031849746132,2.4416666666666664,0.008307994022279733,81,71
00-0031731,2017,RB,Corey Grant,14,3.1357142857142857,2.15,3.875,0.0,0.012169312169312165,-1.725,-0.012169312169312165,88,95
00-0031743,2015,RB,Akeem Hunt,7,2.7857142857142856,3.1833333333333336,0.4,0.04741012228249891,0.04483892834298227,2.7833333333333337,0.0025711939395166444,96,89
00-0031743,2016,RB,Akeem Hunt,8,2.1,1.7833333333333332,3.05,0.011494252873563216,0.017879948914431676,-1.2666666666666666,-0.006385696040868459,95,95
00-0031743,2017,RB,Akeem Hunt,14,0.6714285714285715,1.3333333333333333,0.17500000000000002,0.019494047619047616,0.014363662131519279,1.1583333333333332,0.005130385487528337,116,107
00-0031744,2018,TE,Matt LaCosse,13,4.230769230769231,5.366666666666667,3.2571428571428567,0.09831112326687226,0.07831177725539283,2.1095238095238105,0.01999934601147943,44,33
00-0031744,2019,TE,Matt LaCosse,8,4.0125,3.9333333333333336,4.25,0.06168981481481473,0.06769593253968248,-0.31666666666666643,-0.0060061177248677475,48,49
00-0031757,2015,WR,Lucky Whitehead,12,1.5250000000000001,1.8500000000000003,1.2,0.0162907268170426,0.019899562662720558,0.6500000000000004,-0.0036088358456779594,156,147
00-0031757,2016,WR,Lucky Whitehead,15,0.9333333333333333,0.25,1.3888888888888888,0.0059523809523809494,0.006933421516754847,-1.1388888888888888,-0.0009810405643738973,155,159
00-0031763,2018,WR,DeAndre Carter,13,3.4076923076923076,6.699999999999999,0.5857142857142856,0.11832206005152424,0.05894473589679629,6.114285714285714,0.05937732415472795,132,83
00-0031763,2019,WR,DeAndre Carter,16,1.7,3.15,0.8300000000000001,0.046875,0.026899650797251748,2.32,0.019975349202748252,146,131
00-0031763,2020,WR,DeAndre Carter,13,0.13846153846153847,0.0,0.2571428571428572,0.0,0.004962779156327547,-0.2571428571428572,-0.004962779156327547,168,167
00-0031763,2021,WR,DeAndre Carter,17,5.088235294117647,2.316666666666667,6.6,0.07344028520499112,0.08036508716840392,-4.283333333333333,-0.006924801963412802,106,143
00-0031763,2022,WR,DeAndre Carter,17,6.723529411764706,2.266666666666667,9.154545454545454,0.05819220787387177,0.09232144934431775,-6.887878787878787,-0.034129241470445985,87,136
00-0031763,2023,WR,DeAndre Carter,17,0.5705882352941177,0.21666666666666667,0.7636363636363636,0.006172839506172833,0.01471244699405287,-0.5469696969696969,-0.008539607487880036,171,174
00-0031763,2024,WR,DeAndre Carter,13,1.2461538461538462,0.25,2.1,0.006410256410256416,0.03059178170349957,-1.85,-0.024181525293243154,154,167
00-0031782,2016,WR,Eli Rogers,13,9.692307692307692,9.5,9.857142857142858,0.1292671703962026,0.1384577954002919,-0.35714285714285765,-0.009190625004089292,59,54
00-0031782,2017,WR,Eli Rogers,12,3.241666666666667,4.050000000000001,2.433333333333333,0.08678626543209877,0.0814516751294305,1.6166666666666676,0.0053345903026682795,118,103
00-0031787,2019,WR,Jake Kumerow,11,3.627272727272728,1.9833333333333332,5.6,0.04289359018461184,0.05737098894390964,-3.6166666666666663,-0.0144773987592978,128,140
00-0031787,2021,WR,Jake Kumerow,7,0.6857142857142857,0.7999999999999999,0.0,0.019035314384151583,0.021242092132228458,0.7999999999999999,-0.002206777748076875,168,165
00-0031788,2018,TE,Matt Lengel,7,1.5285714285714287,1.7833333333333334,0.0,0.032901936026936036,0.03266594516594517,1.7833333333333334,0.0002359908609908673,82,79
00-0031793,2017,RB,Terrell Watson,7,0.1142857142857143,0.11666666666666665,0.1,0.0,0.0,0.01666666666666665,0.0,123,123
00-0031800,2021,QB,Taylor Heinicke,16,13.92875,8.81,17.0,0.0,0.0026041666666666687,-8.19,-0.0026041666666666687,22,37
00-0031800,2022,QB,Taylor Heinicke,9,12.884444444444444,10.966666666666667,16.72,0.0,0.0,-5.753333333333332,0.0,27,30
00-0031806,2016,RB,Malcolm Brown,11,0.8636363636363634,0.5666666666666668,1.22,0.004761904761904767,0.00812735651445329,-0.6533333333333332,-0.003365451752548523,109,112
00-0031806,2017,RB,Malcolm Brown,11,4.627272727272727,4.616666666666666,4.64,0.036260685237667366,0.02996489098790891,-0.023333333333333428,0.006295794249758457,79,73
00-0031806,2018,RB,Malcolm Brown,11,3.581818181818181,3.6500000000000004,3.499999999999999,0.015873015873015883,0.019697604448337593,0.15000000000000124,-0.0038245885753217107,83,84
00-0031806,2019,RB,Malcolm Brown,14,4.221428571428572,3.533333333333333,4.737500000000001,0.01212642371178955,0.010678178557974887,-1.2041666666666675,0.0014482451538146632,77,84
00-0031806,2020,RB,Malcolm Brown,16,6.81875,2.483333333333333,9.42,0.044098616354713925,0.0612405061251505,-6.936666666666667,-0.017141889770436576,56,100
00-0031806,2021,RB,Malcolm Brown,6,3.75,3.75,1.6,0.020360520094562653,0.020360520094562653,2.15,0.0,86,84
00-0031806,2022,RB,Malcolm Brown,7,3.2571428571428567,3.1666666666666665,3.8,0.03049989226459815,0.030751059729102557,-0.6333333333333333,-0.0002511674645044072,82,86
00-0031818,2015,WR,Bradley Marquez,14,1.5571428571428572,2.516666666666666,0.8375,0.08336461863752916,0.04885943895135552,1.6791666666666663,0.034505179686173636,155,139
00-0031818,2016,WR,Bradley Marquez,9,0.7666666666666667,0.3666666666666667,1.5666666666666667,0.01741299403028013,0.02362789345608419,-1.2,-0.006214899425804058,158,156
00-0031854,2016,WR,Chris Harper,8,3.2875,3.466666666666667,2.75,0.11147161147161132,0.09610370860370848,0.7166666666666668,0.015367902867902836,126,123
00-0031868,2017,WR,Damiere Byrd,8,4.9625,6.616666666666667,0.0,0.09397701249275454,0.07972335076741538,6.616666666666667,0.014253661725339165,98,77
00-0031868,2018,WR,Damiere Byrd,7,0.2571428571428572,0.3,0.0,0.010677344010677334,0.009152009152009144,0.3,0.00152533485866819,163,162
00-0031868,2019,WR,Damiere Byrd,11,6.536363636363637,6.816666666666666,6.199999999999999,0.13098469733433493,0.12339380049360284,0.6166666666666671,0.007590896840732095,85,79
00-0031868,2020,WR,Damiere Byrd,15,7.659999999999999,4.816666666666667,9.555555555555555,0.2313230219624083,0.19013228609448118,-4.738888888888888,0.041190735867927125,81,112
00-0031868,2021,WR,Damiere Byrd,11,6.081818181818181,8.416666666666666,3.28,0.11348696593261821,0.0930837323502758,5.136666666666667,0.020403233582342417,95,71
00-0031868,2022,WR,Damiere Byrd,12,4.316666666666667,2.1333333333333333,6.5,0.06191162183097667,0.07897669134828782,-4.366666666666667,-0.017065069517311147,110,138
00-0031897,2015,RB,Thomas Rawls,12,10.633333333333333,13.533333333333333,7.733333333333333,0.04212278781244295,0.03441609476092233,5.8,0.007706693051520615,32,16
00-0031897,2016,RB,Thomas Rawls,9,8.388888888888891,8.516666666666666,8.133333333333335,0.03566024618656197,0.055764305845054506,0.3833333333333311,-0.02010405965849254,48,52
00-0031897,2017,RB,Thomas Rawls,9,3.566666666666667,3.6666666666666674,3.366666666666667,0.04160283977357146,0.04275024153072934,0.30000000000000027,-0.0011474017571578773,85,83
00-0031900,2017,RB,Rod Smith,13,7.107692307692308,12.383333333333333,2.585714285714286,0.08191126955832843,0.06102457455398635,9.797619047619047,0.020886695004342086,55,25
00-0031900,2018,RB,Rod Smith,14,2.407142857142857,3.466666666666667,1.6124999999999998,0.017917215152844817,0.023960784308066863,1.854166666666667,-0.006043569155222046,91,86
00-0031912,2015,WR,Cameron Meredith,6,3.8333333333333335,3.8333333333333335,6.6,0.08165896736276096,0.08165896736276096,-2.766666666666666,0.0,120,117
00-0031912,2016,WR,Cameron Meredith,14,12.820000000000002,15.813333333333333,10.575000000000001,0.25686907838070633,0.19242222566629477,5.2383333333333315,0.06444685271441156,28,13
00-0031934,2015,WR,Devin Smith,7,3.7857142857142856,3.266666666666667,6.9,0.09242814744843153,0.10139161406909888,-3.6333333333333333,-0.008963466620667354,124,128
00-0031939,2015,RB,Matt Jones,13,8.8,9.65,8.071428571428571,0.07622075674912158,0.0619950501235262,1.5785714285714292,0.014225706625595386,50,43
00-0031939,2016,RB,Matt Jones,7,10.757142857142856,11.833333333333336,4.3,0.03420437587104253,0.032640295597106225,7.533333333333336,0.0015640802739363066,30,27
00-0031941,2015,WR,Jamison Crowder,16,8.475,7.283333333333334,9.190000000000001,0.12346872912356295,0.13789405056141002,-1.9066666666666672,-0.014425321437847069,61,76
00-0031941,2016,WR,Jamison Crowder,16,12.34375,7.5,15.25,0.1556016584649073,0.1628594206191855,-7.75,-0.007257762154278202,33,73
00-0031941,2017,WR,Jamison Crowder,15,11.086666666666666,13.633333333333333,9.38888888888889,0.2194213444213442,0.20344755011421664,4.244444444444444,0.01597379430712756,38,19
00-0031941,2018,WR,Jamison Crowder,9,9.2,9.4,8.799999999999999,0.22863205534369968,0.20007027305044978,0.6000000000000014,0.028561782293249904,57,58
00-0031941,2019,WR,Jamison Crowder,16,12.35625,11.683333333333332,12.76,0.2593644669506739,0.24435839368367712,-1.076666666666668,0.015006073266996767,36,40
00-0031941,2020,WR,Jamison Crowder,12,14.335,13.25333333333333,15.416666666666664,0.2413392029334057,0.2463864338133176,-2.163333333333334,-0.005047230879911907,25,37
00-0031941,2021,WR,Jamison Crowder,12,9.141666666666667,7.433333333333334,10.85,0.16273547835332744,0.16733275909678055,-3.416666666666666,-0.004597280743453114,58,85
00-0031941,2023,WR,Jamison Crowder,16,2.36875,0.3,3.6100000000000003,0.011160714285714282,0.028354878883371484,-3.3100000000000005,-0.0171941645976572,144,172
00-0031951,2015,TE,James O'Shaughnessy,6,2.4499999999999997,2.4499999999999997,0.0,0.04685184809715943,0.04685184809715943,2.4499999999999997,0.0,72,64
00-0031951,2016,TE,James O'Shaughnessy,12,0.15833333333333333,0.15,0.16666666666666666,0.01001742160278745,0.007533963326646249,-0.016666666666666663,0.002483458276141201,87,87
00-0031951,2017,TE,James O'Shaughnessy,16,2.1812500000000004,3.8333333333333335,1.19,0.06397584532388453,0.046816785080920464,2.6433333333333335,0.01715906024296407,71,45
00-0031951,2018,TE,James O'Shaughnessy,14,3.2428571428571433,2.55,3.7625,0.08148382782529127,0.08584343506779221,-1.2125000000000004,-0.0043596072425009375,61,67
00-0031951,2020,TE,James O'Shaughnessy,15,3.6133333333333337,3.766666666666667,3.511111111111111,0.07562338025462291,0.06955969718618805,0.255555555555556,0.006063683068434855,59,55
00-0031951,2021,TE,James O'Shaughnessy,7,7.2,6.6000000000000005,10.8,0.12568315860998772,0.1305855645228466,-4.2,-0.00490240591285887,22,27
00-0031953,2019,WR,Geremy Davis,6,1.1333333333333333,1.1333333333333333,0.0,0.015079365079365081,0.015079365079365081,1.1333333333333333,0.0,154,148
00-0031959,2015,RB,Marcus Murphy,13,0.46153846153846156,0.0,0.8571428571428571,0.0,0.0,-0.8571428571428571,0.0,122,126
00-0031959,2018,RB,Marcus Murphy,11,3.5090909090909084,2.8000000000000003,4.36,0.018946301925025333,0.05194824946377013,-1.56,-0.033001947538744796,84,91
00-0031972,2018,WR,Darius Jennings,14,2.01,1.8,2.1675,0.05552526766919572,0.039078100354069514,-0.36749999999999994,0.01644716731512621,147,145
00-0031972,2019,WR,Darius Jennings,8,0.4625,0.26666666666666666,1.05,0.021556020733652315,0.020974707857931547,-0.7833333333333334,0.0005813128757207672,170,167
00-0032004,2015,TE,Will Tye,13,8.03076923076923,12.700000000000001,4.028571428571428,0.15361685892995167,0.11925248798667691,8.671428571428574,0.034364370943274755,27,8
00-0032004,2016,TE,Will Tye,16,5.84375,5.633333333333333,5.970000000000001,0.11836928503595175,0.11755417016150535,-0.3366666666666678,0.000815114874446396,34,38
00-0032008,2015,WR,Donteea Dye,10,3.0200000000000005,3.2833333333333337,2.625,0.08897356760859894,0.08384391068010191,0.6583333333333337,0.005129656928497026,133,127
00-0032009,2015,WR,Adam Humphries,11,5.363636363636363,4.533333333333333,6.36,0.07559588440475458,0.1070992422951052,-1.826666666666667,-0.03150335789035062,98,104
00-0032009,2016,WR,Adam Humphries,15,8.866666666666667,8.366666666666667,9.2,0.1439392307039367,0.14616722901726106,-0.8333333333333321,-0.0022279983133243753,68,64
00-0032009,2017,WR,Adam Humphries,16,8.04375,10.299999999999999,6.69,0.13751183001183,0.13571963791063335,3.6099999999999985,0.0017921921011966602,63,42
00-0032009,2018,WR,Adam Humphries,16,11.79375,13.416666666666666,10.82,0.22526849217638686,0.17220359146526504,2.596666666666666,0.053064900711121826,32,30
00-0032009,2019,WR,Adam Humphries,12,7.208333333333333,7.75,6.666666666666667,0.12536626447163443,0.14310061314671918,1.083333333333333,-0.01773434867508475,75,70
00-0032009,2020,WR,Adam Humphries,7,8.257142857142856,7.849999999999999,10.7,0.14544438133588675,0.1496666125736172,-2.8500000000000005,-0.004222231237730467,74,70
00-0032009,2021,WR,Adam Humphries,17,4.664705882352941,4.566666666666666,4.718181818181818,0.15920974450386213,0.11703207871819148,-0.15151515151515138,0.04217766578567066,114,116
00-0032054,2016,WR,Breshad Perriman,15,6.74,7.816666666666667,6.022222222222222,0.09028609936861175,0.10253265038757516,1.7944444444444452,-0.012246551018963409,81,67
00-0032054,2017,WR,Breshad Perriman,11,1.6090909090909091,1.8499999999999999,1.3199999999999998,0.08202037229636726,0.09874150073070535,0.53,-0.016721128434338095,148,143
00-0032054,2018,WR,Breshad Perriman,10,6.220000000000001,8.133333333333333,3.3499999999999996,0.07404946404598027,0.07396758238409674,4.783333333333333,8.188166188352608e-05,97,70
00-0032054,2019,WR,Breshad Perriman,14,9.864285714285714,18.55,3.3499999999999996,0.179908838212276,0.13577059102007816,15.200000000000001,0.04413824719219783,58,8
00-0032054,2020,WR,Breshad Perriman,12,8.258333333333333,5.966666666666668,10.55,0.2056308425873643,0.1818908597441207,-4.583333333333333,0.023739982843243607,73,102
00-0032054,2022,WR,Breshad Perriman,8,2.9125000000000005,1.75,6.4,0.04526929526929527,0.06678025428025433,-4.65,-0.021510959010959063,136,143
00-0032055,2015,WR,Devin Funchess,16,6.64375,8.616666666666667,5.460000000000001,0.15330397720736164,0.12805924592633086,3.1566666666666663,0.025244731281030774,85,65
00-0032055,2016,WR,Devin Funchess,14,6.15,4.783333333333333,7.175,0.13372618534924735,0.12086465120937427,-2.3916666666666666,0.01286153413987308,87,102
00-0032055,2017,WR,Devin Funchess,16,12.1875,11.416666666666666,12.649999999999999,0.24198615394267584,0.22929659096040153,-1.2333333333333325,0.012689562982274305,25,36
00-0032055,2018,WR,Devin Funchess,14,8.778571428571428,4.066666666666667,12.3125,0.10776616321191597,0.16979313977409258,-8.245833333333334,-0.06202697656217661,64,122
00-0032058,2015,RB,Tevin Coleman,12,3.5500000000000003,3.1,4.0,0.025851984421922502,0.023684381506165725,-0.8999999999999999,0.002167602915756777,86,91
00-0032058,2016,RB,Tevin Coleman,13,14.700000000000001,13.283333333333337,15.914285714285715,0.08503147416190891,0.0944225527792235,-2.630952380952378,-0.009391078617314585,13,13
00-0032058,2017,RB,Tevin Coleman,15,11.179999999999998,11.083333333333334,11.244444444444445,0.07381256461716228,0.07927892795370824,-0.16111111111111143,-0.00546636333654596,21,29
00-0032058,2018,RB,Tevin Coleman,16,12.1,9.416666666666666,13.710000000000003,0.05158702468202716,0.07469301197300285,-4.2933333333333366,-0.02310598729097569,26,41
00-0032058,2019,RB,Tevin Coleman,14,9.671428571428574,4.3500000000000005,13.6625,0.0632262474367738,0.07629129786539439,-9.3125,-0.013065050428620592,39,75
00-0032058,2020,RB,Tevin Coleman,6,2.1166666666666667,2.1166666666666667,3.4,0.030698853615520282,0.030698853615520282,-1.2833333333333332,0.0,103,105
00-0032058,2021,RB,Tevin Coleman,11,4.681818181818182,5.866666666666667,3.2599999999999993,0.06172799147627528,0.04787881218999029,2.606666666666668,0.013849179286284992,80,68
00-0032062,2015,TE,Blake Bell,9,3.7333333333333334,4.816666666666667,1.5666666666666667,0.08666396103896101,0.07404490722854566,3.250000000000001,0.012619053810415351,49,41
00-0032062,2016,TE,Blake Bell,8,1.5625,1.8166666666666667,0.8,0.03232740974676458,0.03619000175451789,1.0166666666666666,-0.00386259200775331,78,72
00-0032062,2018,TE,Blake Bell,8,1.8375,1.2833333333333332,3.5,0.04001570775165686,0.04597776284198399,-2.216666666666667,-0.0059620550903271285,80,86
00-0032062,2019,TE,Blake Bell,14,1.05,1.7833333333333332,0.5,0.04597676107480028,0.034114886637343904,1.2833333333333332,0.011861874437456378,86,79
00-0032062,2020,TE,Blake Bell,11,2.0181818181818185,1.683333333333333,2.4200000000000004,0.03642870326338068,0.03493415525690535,-0.7366666666666675,0.0014945480064753255,73,76
00-0032062,2021,TE,Blake Bell,11,1.7,1.8666666666666665,1.5,0.03383684717356118,0.03247980081705088,0.3666666666666665,0.001357046356510301,77,72
00-0032062,2023,TE,Blake Bell,7,1.657142857142857,0.39999999999999997,9.2,0.028992369457045652,0.036433613974765,-8.799999999999999,-0.00744124451771935,81,92
00-0032063,2016,RB,Mike Davis,7,2.0714285714285716,2.4,0.1,0.026760276760276733,0.022937380080237203,2.3,0.003822896680039531,98,89
00-0032063,2017,RB,Mike Davis,6,8.683333333333334,8.683333333333334,7.9,0.11638843276774306,0.11638843276774306,0.7833333333333332,0.0,42,44
00-0032063,2018,RB,Mike Davis,15,9.12,6.533333333333334,10.844444444444443,0.09516093474426811,0.10945609382392152,-4.311111111111109,-0.01429515907965341,43,61
00-0032063,2019,RB,Mike Davis,6,1.9833333333333332,1.9833333333333332,9.6,0.031565656565656554,0.031565656565656554,-7.616666666666666,0.0,98,94
00-0032063,2020,RB,Mike Davis,15,13.76666666666667,13.066666666666665,14.233333333333333,0.10598066149536746,0.14263897504093584,-1.1666666666666679,-0.03665831354556838,19,23
00-0032063,2021,RB,Mike Davis,17,8.129411764705884,8.6,7.872727272727271,0.09963071575974798,0.10561607992822408,0.7272727272727284,-0.005985364168476101,49,48
00-0032089,2018,TE,Brian Parker,8,1.0375,1.3833333333333335,0.0,0.03602060707323863,0.03267156390221403,1.3833333333333335,0.0033490431710245933,89,85
00-0032098,2016,TE,Daniel Brown,6,5.733333333333333,5.733333333333333,11.4,0.10319946884869365,0.10319946884869365,-5.666666666666667,0.0,37,37
00-0032098,2017,TE,Daniel Brown,10,2.59,2.5666666666666664,2.625,0.05922792971793674,0.0638998530688573,-0.05833333333333357,-0.004671923350920558,67,63
00-0032098,2019,TE,Daniel Brown,11,1.8363636363636362,1.8666666666666665,1.8,0.05159045296976326,0.03138700032116957,0.06666666666666643,0.02020345264859369,76,78
00-0032098,2020,TE,Daniel Brown,8,0.6375,0.85,0.0,0.011002886002886,0.0082521645021645,0.85,0.0027507215007215,85,81
00-0032104,2015,RB,Ameer Abdullah,16,7.3125,8.566666666666666,6.56,0.05670615364113813,0.06396723440260592,2.006666666666667,-0.007261080761467788,59,49
00-0032104,2017,RB,Ameer Abdullah,14,8.885714285714284,8.316666666666666,9.3125,0.08939573995911103,0.07138530563325622,-0.9958333333333336,0.018010434325854807,40,48
00-0032104,2018,RB,Ameer Abdullah,9,0.6555555555555556,0.3333333333333333,1.3,0.0082082082082082,0.013371646704980034,-0.9666666666666668,-0.005163438496771833,112,114
00-0032104,2019,RB,Ameer Abdullah,15,2.7533333333333334,4.283333333333334,1.7333333333333334,0.10138204707170217,0.05140223967810173,2.5500000000000007,0.049979807393600445,91,76
00-0032104,2020,RB,Ameer Abdullah,11,2.727272727272727,3.1666666666666665,2.2,0.031234335839598986,0.02417976760082023,0.9666666666666663,0.007054568238778754,96,93
00-0032104,2021,RB,Ameer Abdullah,17,5.264705882352941,9.25,3.090909090909091,0.1645085874643263,0.09378703649940462,6.159090909090909,0.07072155096492169,74,43
00-0032104,2022,RB,Ameer Abdullah,16,3.38125,4.783333333333333,2.54,0.06893728739058978,0.06060431143877351,2.243333333333333,0.008332975951816271,81,64
00-0032104,2023,RB,Ameer Abdullah,16,2.5625,3.2999999999999994,2.1199999999999997,0.04507446551205533,0.05151034405216481,1.1799999999999997,-0.006435878540109477,88,77
00-0032104,2024,RB,Ameer Abdullah,15,8.346666666666668,13.733333333333334,4.7555555555555555,0.12145523309206163,0.08658564165703973,8.977777777777778,0.0348695914350219,40,20
00-0032104,2025,RB,Ameer Abdullah,13,2.9153846153846152,3.3166666666666664,2.5714285714285716,0.06178830747796263,0.04327541540203042,0.7452380952380948,0.018512892075932208,77,71
00-0032112,2015,WR,J.J. Nelson,10,5.290000000000001,3.1166666666666667,8.55,0.05493147840531563,0.0774925239409567,-5.433333333333334,-0.022561045535641068,99,130
00-0032112,2016,WR,J.J. Nelson,14,9.935714285714285,14.016666666666666,6.875,0.16966672073261224,0.13272253139362777,7.141666666666666,0.03694418933898447,55,25
00-0032112,2017,WR,J.J. Nelson,16,5.84375,3.716666666666667,7.12,0.1013679197502726,0.10322614288244474,-3.4033333333333333,-0.0018582231321721404,89,108
00-0032112,2018,WR,J.J. Nelson,9,1.4888888888888887,2.0,0.4666666666666666,0.07576483033437768,0.06351400211592256,1.5333333333333334,0.01225082821845512,150,144
00-0032115,2015,WR,Kaelin Clay,7,0.8571428571428571,1.0,0.0,0.0,0.0,1.0,0.0,162,156
00-0032115,2017,WR,Kaelin Clay,13,1.7846153846153845,2.983333333333333,0.7571428571428571,0.07790904747426487,0.057307575367776024,2.226190476190476,0.020601472106488848,145,121
00-0032117,2016,TE,Nick O'Leary,13,1.7230769230769232,0.6666666666666666,2.6285714285714286,0.036878306878306885,0.038845922408675446,-1.961904761904762,-0.0019676155303685605,76,82
00-0032117,2017,TE,Nick O'Leary,13,4.938461538461538,3.733333333333333,5.971428571428572,0.06485593342822621,0.08044499767067123,-2.2380952380952395,-0.015589064242445022,41,48
00-0032117,2018,TE,Nick O'Leary,6,3.766666666666666,3.766666666666666,14.9,0.05215378421900161,0.05215378421900161,-11.133333333333335,0.0,50,44
00-0032117,2019,TE,Nick O'Leary,8,3.7375,4.233333333333333,2.25,0.07118110078636396,0.05963973428270604,1.9833333333333334,0.011541366503657918,52,47
00-0032120,2016,TE,Neal Sterling,6,3.8333333333333335,3.8333333333333335,0.0,0.07733493233493233,0.07733493233493233,3.8333333333333335,0.0,58,50
00-0032120,2017,TE,Neal Sterling,6,2.3666666666666667,2.3666666666666667,1.8,0.05550136256657991,0.05550136256657991,0.5666666666666667,0.0,70,68
00-0032123,2015,WR,Tre McBride,6,1.6000000000000003,1.6000000000000003,0.0,0.016470588235294115,0.016470588235294115,1.6000000000000003,0.0,154,152
00-0032123,2017,WR,Tre McBride,6,3.733333333333333,3.733333333333333,2.8,0.07957493894993896,0.07957493894993896,0.9333333333333331,0.0,114,107
00-0032128,2015,WR,Chris Conley,12,3.5750000000000006,1.1500000000000001,6.000000000000001,0.03457863660762217,0.07883103698637749,-4.8500000000000005,-0.044252400378755316,128,155
00-0032128,2016,WR,Chris Conley,16,6.0625,5.1,6.640000000000001,0.11217393351539702,0.1300018429975034,-1.540000000000001,-0.01782790948210637,89,97
00-0032128,2018,WR,Chris Conley,16,5.7125,8.583333333333332,3.9899999999999998,0.12552562768355602,0.08814265545124189,4.593333333333332,0.03738297223231413,102,63
00-0032128,2019,WR,Chris Conley,16,9.78125,10.266666666666667,9.49,0.169676040856007,0.1617455552858687,0.7766666666666673,0.007930485570138285,59,49
00-0032128,2020,WR,Chris Conley,14,6.935714285714286,6.916666666666667,6.95,0.13745519518475038,0.12286986584418647,-0.033333333333333215,0.014585329340563918,92,85
00-0032128,2021,WR,Chris Conley,14,4.614285714285714,5.166666666666667,4.199999999999999,0.12066920599529289,0.09101903990879143,0.9666666666666677,0.029650166086501464,115,106
00-0032128,2024,WR,Chris Conley,9,1.511111111111111,2.033333333333333,0.4666666666666666,0.0443322567516116,0.041188266134502695,1.5666666666666667,0.003143990617108905,147,136
00-0032130,2015,RB,Jalston Fowler,12,1.8916666666666668,2.1,1.6833333333333336,0.028341750841750852,0.016423127673127678,0.4166666666666665,0.011918623168623174,108,103
00-0032130,2016,RB,Jalston Fowler,6,0.44999999999999996,0.44999999999999996,2.4,0.013383838383838385,0.013383838383838385,-1.95,0.0,114,113
00-0032133,2015,RB,David Cobb,7,3.057142857142857,3.616666666666667,-0.3,0.007897603485838784,0.006769374416433244,3.916666666666667,0.00112822906940554,93,85
00-0032134,2016,TE,C.J. Uzomah,8,6.8,7.099999999999999,5.9,0.12720169768163467,0.13475312511307788,1.1999999999999984,-0.007551427431443214,32,30
00-0032134,2017,TE,C.J. Uzomah,12,2.1,3.0500000000000003,1.1500000000000001,0.045497806168537915,0.04107772886745579,1.9000000000000001,0.004420077301082126,72,53
00-0032134,2018,TE,C.J. Uzomah,16,6.55625,7.516666666666667,5.9799999999999995,0.16858077340914887,0.12245000217603932,1.536666666666667,0.046130771233109547,22,22
00-0032134,2019,TE,C.J. Uzomah,14,4.514285714285713,6.75,2.8375,0.10512533493601785,0.08096077406391193,3.9125,0.024164560872105917,44,27
00-0032134,2021,TE,C.J. Uzomah,16,8.01875,6.516666666666667,8.920000000000002,0.1599850275731953,0.12102694461795133,-2.403333333333335,0.03895808295524397,20,28
00-0032134,2022,TE,C.J. Uzomah,14,4.014285714285714,6.333333333333333,2.2750000000000004,0.06974860651331245,0.06382702949427464,4.058333333333333,0.00592157701903781,55,30
00-0032134,2023,TE,C.J. Uzomah,8,2.4749999999999996,1.7999999999999998,4.5,0.044638594270947275,0.041148359622624364,-2.7,0.003490234648322911,69,79
00-0032135,2016,TE,Jesse James,16,5.675,3.366666666666667,7.0600000000000005,0.08863725476628707,0.10046830326160247,-3.6933333333333334,-0.011831048495315397,39,56
00-0032135,2017,TE,Jesse James,14,7.014285714285715,5.633333333333333,8.05,0.09591049382716055,0.11263697579941825,-2.416666666666668,-0.016726481972257706,23,32
00-0032135,2018,TE,Jesse James,15,5.62,2.65,7.599999999999999,0.0403685817478921,0.060929786189473416,-4.949999999999999,-0.020561204441581313,31,63
00-0032135,2019,TE,Jesse James,13,2.323076923076923,2.6333333333333333,2.0571428571428574,0.06207105545554439,0.0585822528202158,0.5761904761904759,0.0034888026353285875,71,66
00-0032135,2020,TE,Jesse James,13,2.992307692307693,2.4166666666666665,3.4857142857142853,0.042016446732221706,0.050291615914157206,-1.0690476190476188,-0.0082751691819355,67,70
00-0032139,2016,TE,Ben Koyack,10,4.109999999999999,4.25,3.9,0.07179289179289187,0.06131458617172908,0.3500000000000001,0.010478305621162795,52,45
00-0032139,2017,TE,Ben Koyack,6,1.8,1.8,0.0,0.03218160198552357,0.03218160198552357,1.8,0.0,78,76
00-0032141,2016,TE,Geoff Swaim,7,1.842857142857143,1.6333333333333335,3.1,0.04107142857142858,0.03852634076886569,-1.4666666666666666,0.0025450878025628856,75,73
00-0032141,2018,TE,Geoff Swaim,9,6.244444444444444,6.949999999999999,4.833333333333333,0.11657511651384195,0.11591823183410963,2.1166666666666663,0.0006568846797323225,24,26
00-0032141,2019,TE,Geoff Swaim,6,3.25,3.25,5.7,0.08886083052749714,0.08886083052749714,-2.45,0.0,57,58
00-0032141,2020,TE,Geoff Swaim,7,3.3285714285714287,3.8833333333333333,0.0,0.07366639524314503,0.0631426244941243,3.8833333333333333,0.010523770749020722,62,54
00-0032141,2021,TE,Geoff Swaim,16,4.375,4.316666666666667,4.41,0.0902281746031746,0.09091378859236002,-0.09333333333333282,-0.0006856139891854157,45,47
00-0032141,2022,TE,Geoff Swaim,12,1.9833333333333332,0.8666666666666666,3.1,0.030460765202767266,0.048789545029176214,-2.2333333333333334,-0.018328779826408948,81,90
00-0032141,2023,TE,Geoff Swaim,8,2.425,2.533333333333333,2.1,0.046176164631580384,0.0460142372948235,0.4333333333333331,0.00016192733675688548,71,69
00-0032144,2015,RB,Melvin Gordon,14,7.735714285714286,8.133333333333333,7.4375,0.06239331297470833,0.0655563119509518,0.6958333333333329,-0.003162998976243468,55,52
00-0032144,2016,RB,Melvin Gordon,13,19.27692307692308,18.5,19.942857142857147,0.1463924963924963,0.12397881729878521,-1.4428571428571466,0.022413679093711086,5,6
00-0032144,2017,RB,Melvin Gordon,16,18.00625,18.466666666666665,17.729999999999997,0.12762623073840573,0.1447262326605396,0.7366666666666681,-0.017100001922133873,6,6
00-0032144,2018,RB,Melvin Gordon,12,22.958333333333332,18.833333333333332,27.083333333333332,0.13283328845031775,0.1714227135294737,-8.25,-0.03858942507915594,5,9
00-0032144,2019,RB,Melvin Gordon,12,15.066666666666665,16.45,13.683333333333332,0.15667934911355952,0.12803187898613178,2.7666666666666675,0.028647470127427743,14,15
00-0032144,2020,RB,Melvin Gordon,15,13.226666666666665,13.9,12.777777777777779,0.07669753086419752,0.08360403323122616,1.1222222222222218,-0.0069065023670286385,23,17
00-0032144,2021,RB,Melvin Gordon,16,12.19375,11.300000000000002,12.73,0.06585709144585954,0.07909344090889801,-1.429999999999998,-0.013236349463038477,24,32
00-0032144,2022,RB,Melvin Gordon,10,8.709999999999999,9.716666666666667,7.2,0.10901666559561307,0.09660947670928424,2.5166666666666666,0.01240718888632883,41,38
00-0032152,2015,RB,Karlos Williams,11,11.3,7.516666666666666,15.84,0.048958757292090586,0.044453694453694424,-8.323333333333334,0.004505062838396162,28,60
00-0032156,2016,QB,Trevor Siemian,14,13.695714285714287,14.989999999999997,12.725000000000001,0.0,0.0,2.2649999999999952,0.0,26,19
00-0032156,2017,QB,Trevor Siemian,11,11.463636363636365,7.673333333333333,16.012,0.0,0.0,-8.338666666666668,0.0,32,37
00-0032156,2021,QB,Trevor Siemian,6,15.026666666666669,15.026666666666669,10.56,0.0,0.0,4.466666666666669,0.0,20,15
00-0032160,2016,WR,Tyrell Williams,16,13.556249999999999,12.983333333333334,13.9,0.24605028225717904,0.21391004048732598,-0.9166666666666661,0.032140241769853056,23,30
00-0032160,2017,WR,Tyrell Williams,16,8.6125,11.766666666666666,6.719999999999999,0.12295421683246566,0.12116097229203979,5.046666666666667,0.0017932445404258701,57,31
00-0032160,2018,WR,Tyrell Williams,15,9.186666666666667,5.1000000000000005,11.91111111111111,0.13822775049983518,0.1389380808995463,-6.811111111111109,-0.0007103303997111066,58,106
00-0032160,2019,WR,Tyrell Williams,13,11.007692307692308,8.183333333333332,13.428571428571429,0.1401436723646587,0.16576968448706278,-5.245238095238097,-0.02562601212240409,46,65
00-0032166,2016,WR,Sammie Coates,14,5.564285714285715,0.48333333333333334,9.375,0.04648033126293993,0.09739157857302425,-8.891666666666667,-0.05091124731008431,97,154
00-0032166,2017,WR,Sammie Coates,7,1.8571428571428572,2.1666666666666665,0.0,0.03211469387939977,0.04113232264492769,2.1666666666666665,-0.009017628765527919,144,136
00-0032170,2015,WR,Rashad Greene,9,5.144444444444444,4.433333333333333,6.566666666666666,0.07840863823006675,0.1063617053824426,-2.1333333333333337,-0.02795306715237586,101,107
00-0032170,2016,WR,Rashad Greene,8,1.025,0.7666666666666666,1.7999999999999998,0.012802443035001184,0.0236651499109971,-1.0333333333333332,-0.010862706875995916,154,152
00-0032170,2018,WR,Rashad Greene,7,1.4285714285714286,1.3666666666666665,1.8,0.03513888113709513,0.03369046954608154,-0.43333333333333357,0.001448411591013589,152,152
00-0032187,2015,RB,David Johnson,16,13.6125,20.616666666666667,9.41,0.15137812230835482,0.10086377865366597,11.206666666666667,0.05051434365468885,14,1
00-0032187,2016,RB,David Johnson,16,25.487499999999997,25.583333333333332,25.43,0.2084985607272427,0.19194929910464514,0.15333333333333243,0.016549261622597566,2,2
00-0032187,2018,RB,David Johnson,16,15.412500000000001,12.799999999999999,16.979999999999997,0.1596062293023924,0.1566812165709441,-4.179999999999998,0.0029250127314482954,11,25
00-0032187,2019,RB,David Johnson,12,11.791666666666666,3.366666666666667,20.216666666666665,0.0320545805041929,0.1103986688976687,-16.849999999999998,-0.07834408839347579,29,86
00-0032187,2020,RB,David Johnson,12,14.958333333333336,17.099999999999998,12.816666666666668,0.1165304576148496,0.11017392796470073,4.28333333333333,0.006356529650148879,14,9
00-0032187,2021,RB,David Johnson,13,6.253846153846154,5.416666666666667,6.971428571428571,0.10006812832899785,0.11232515371850785,-1.5547619047619037,-0.012257025389509998,63,70
00-0032188,2017,TE,Vince Mayle,12,0.5166666666666667,0.0,1.0333333333333334,0.0,0.00203252032520325,-1.0333333333333334,-0.00203252032520325,88,89
00-0032200,2015,WR,Ty Montgomery,6,7.0,7.0,0.0,0.10155121651923656,0.10155121651923656,7.0,0.0,79,84
00-0032200,2016,WR,Ty Montgomery,15,9.366666666666665,12.666666666666666,7.166666666666667,0.11150697255960405,0.09251429612139524,5.499999999999999,0.018992676438208816,61,32
00-0032200,2017,WR,Ty Montgomery,8,11.45,7.216666666666666,24.15,0.09274074826706409,0.09931746596220284,-16.933333333333334,-0.006576717695138748,31,71
00-0032200,2018,WR,Ty Montgomery,13,5.63846153846154,4.133333333333333,6.928571428571429,0.11604565724130943,0.09644552346077759,-2.795238095238096,0.01960013378053184,104,121
00-0032200,2019,WR,Ty Montgomery,15,2.1533333333333333,3.0,1.588888888888889,0.043223723913379086,0.03818461594434898,1.411111111111111,0.005039107969030107,141,132
00-0032200,2021,WR,Ty Montgomery,14,2.1357142857142857,2.866666666666667,1.5875,0.09794803817603388,0.06350605351448022,1.2791666666666672,0.03444198466155367,147,135
00-0032200,2023,WR,Ty Montgomery,11,0.9,0.4833333333333334,1.4,0.017582417582417582,0.03146817340365726,-0.9166666666666665,-0.01388575582123968,167,170
00-0032208,2015,WR,Phillip Dorsett,11,4.381818181818182,3.483333333333333,5.46,0.0986689375823297,0.0961329082903536,-1.976666666666667,0.0025360292919760913,115,122
00-0032208,2016,WR,Phillip Dorsett,15,6.586666666666667,5.8500000000000005,7.077777777777778,0.09187070825001868,0.10669937450109862,-1.2277777777777779,-0.014828666251079939,82,88
00-0032208,2017,WR,Phillip Dorsett,11,2.9181818181818175,3.15,2.6399999999999997,0.04704319704319702,0.04437542069121014,0.5100000000000002,0.002667776351986874,126,116
00-0032208,2018,WR,Phillip Dorsett,11,7.445454545454544,5.316666666666666,10.0,0.06453373015873017,0.11301861017770111,-4.683333333333334,-0.048484880018970944,78,103
00-0032208,2019,WR,Phillip Dorsett,11,9.163636363636364,5.3999999999999995,13.679999999999998,0.12076321861330269,0.13296045019965785,-8.279999999999998,-0.012197231586355162,63,93
00-0032208,2022,WR,Phillip Dorsett,15,3.4466666666666663,3.5,3.4111111111111114,0.09034251929744974,0.08522358853943168,0.08888888888888857,0.005118930758018059,124,117
00-0032209,2015,RB,T.J. Yeldon,12,12.991666666666667,13.183333333333335,12.800000000000002,0.0973084753614707,0.10444285249585422,0.38333333333333286,-0.0071343771343835155,16,17
00-0032209,2016,RB,T.J. Yeldon,15,9.180000000000001,7.849999999999999,10.066666666666668,0.13760403260403262,0.11906817274515594,-2.2166666666666694,0.01853585985887668,40,54
00-0032209,2017,RB,T.J. Yeldon,10,8.77,7.8,10.225,0.11596234647705232,0.11037845233839143,-2.425,0.005583894138660894,41,51
00-0032209,2018,RB,T.J. Yeldon,14,12.364285714285714,6.683333333333334,16.625,0.17128992103318166,0.1718196128286426,-9.941666666666666,-0.0005296917954609459,23,58
00-0032211,2015,WR,Tyler Lockett,16,10.462499999999999,13.5,8.639999999999999,0.18449146638801817,0.14791690662038642,4.860000000000001,0.03657455976763174,51,30
00-0032211,2016,WR,Tyler Lockett,15,8.273333333333333,12.166666666666666,5.677777777777779,0.16530806959499653,0.13096336850131002,6.488888888888887,0.03434470109368651,71,37
00-0032211,2017,WR,Tyler Lockett,16,7.76875,7.683333333333333,7.82,0.10512652524146775,0.13298433231478327,-0.1366666666666676,-0.02785780707331552,67,66
00-0032211,2018,WR,Tyler Lockett,16,13.899999999999999,13.66666666666667,14.039999999999997,0.1713053740014524,0.18029021636639114,-0.37333333333332774,-0.008984842364938739,24,27
00-0032211,2019,WR,Tyler Lockett,16,14.7,9.733333333333334,17.68,0.19185645562771939,0.21336565557888654,-7.946666666666665,-0.02150919995116715,22,54
00-0032211,2020,WR,Tyler Lockett,16,16.5875,12.6,18.979999999999997,0.23137334846491683,0.24298920727683496,-6.379999999999997,-0.011615858811918123,12,43
00-0032211,2021,WR,Tyler Lockett,16,15.0875,17.45,13.669999999999998,0.20343464698303385,0.24258176843464394,3.780000000000001,-0.03914712145161009,19,11
00-0032211,2022,WR,Tyler Lockett,16,14.95625,15.550000000000002,14.599999999999998,0.2174090466773392,0.226229970758921,0.9500000000000046,-0.008820924081581805,16,13
00-0032211,2023,WR,Tyler Lockett,17,11.905882352941177,10.816666666666668,12.5,0.21604026063385165,0.22152871945029642,-1.6833333333333318,-0.0054884588164447745,38,46
00-0032211,2024,WR,Tyler Lockett,17,7.117647058823529,3.5833333333333335,9.045454545454545,0.09129574609737755,0.1325879660643894,-5.462121212121211,-0.041292219967011864,80,116
00-0032211,2025,WR,Tyler Lockett,17,3.9470588235294115,4.033333333333333,3.899999999999999,0.12311188811188807,0.1110667948348024,0.1333333333333342,0.012045093277085667,118,110
00-0032214,2015,TE,Tyler Kroft,12,2.4916666666666667,4.983333333333333,0.0,0.08063831593243358,0.04245591010296892,4.983333333333333,0.03818240582946466,69,38
00-0032214,2016,TE,Tyler Kroft,9,2.1333333333333337,0.4833333333333334,5.433333333333334,0.016330891330891332,0.034833180890528566,-4.95,-0.018502289559637234,70,84
00-0032214,2017,TE,Tyler Kroft,16,7.775,7.016666666666667,8.23,0.11695764714057398,0.12761258425002053,-1.2133333333333338,-0.010654937109446552,19,21
00-0032214,2019,TE,Tyler Kroft,9,2.1222222222222222,2.316666666666667,1.7333333333333334,0.04790532411500161,0.05182935586161397,0.5833333333333335,-0.003924031746612357,73,72
00-0032214,2020,TE,Tyler Kroft,7,5.985714285714286,3.9166666666666665,18.4,0.05886372010649932,0.07277604580557084,-14.483333333333333,-0.013912325699071526,34,51
00-0032214,2021,TE,Tyler Kroft,9,4.366666666666667,4.783333333333334,3.533333333333333,0.1024699107958727,0.0972133860973607,1.2500000000000009,0.005256524698511997,47,44
00-0032214,2022,TE,Tyler Kroft,6,1.6166666666666665,1.6166666666666665,1.9,0.029807692307692313,0.029807692307692313,-0.28333333333333344,0.0,84,81
00-0032218,2015,WR,Dorial Green-Beckham,14,8.064285714285713,10.633333333333335,6.137499999999999,0.17538937379201078,0.1386290762737173,4.495833333333335,0.03676029751829349,68,49
00-0032218,2016,WR,Dorial Green-Beckham,14,6.228571428571429,7.300000000000001,5.425,0.1501544648662951,0.14041635574804615,1.8750000000000009,0.009738109118248961,86,76
00-0032227,2016,TE,Jeff Heuerman,6,3.85,3.85,3.9,0.08182558475094849,0.08182558475094849,-0.04999999999999982,0.0,57,49
00-0032227,2017,TE,Jeff Heuerman,10,3.5199999999999996,2.8666666666666667,4.5,0.05846263025698511,0.054882909091597466,-1.6333333333333333,0.003579721165387642,52,56
00-0032227,2018,TE,Jeff Heuerman,11,6.463636363636365,8.233333333333333,4.34,0.13960452394238468,0.12360937335515829,3.8933333333333326,0.015995150587226392,23,18
00-0032227,2019,TE,Jeff Heuerman,8,3.9250000000000003,3.5500000000000003,5.05,0.08425762570321473,0.08462179070598247,-1.4999999999999996,-0.000364165002767744,49,55
00-0032241,2015,RB,Todd Gurley,13,16.03076923076923,13.049999999999999,18.585714285714285,0.04829504327646481,0.07675260324854308,-5.5357142857142865,-0.028457559972078265,7,21
00-0032241,2016,RB,Todd Gurley,16,12.3875,11.816666666666668,12.73,0.12303339608856918,0.10872715630234818,-0.9133333333333322,0.014306239786221003,23,28
00-0032241,2017,RB,Todd Gurley,15,25.553333333333335,29.383333333333336,23.0,0.1953747176941707,0.17949464007459517,6.383333333333336,0.015880077619575522,1,1
00-0032241,2018,RB,Todd Gurley,14,26.578571428571422,22.0,30.012499999999996,0.15474096067479914,0.1637061874474178,-8.012499999999996,-0.008965226772618656,1,5
00-0032241,2019,RB,Todd Gurley,15,14.626666666666669,15.533333333333333,14.02222222222222,0.07590676102153852,0.08380813521251594,1.5111111111111128,-0.007901374190977417,16,17
00-0032241,2020,RB,Todd Gurley,15,10.88,4.6499999999999995,15.033333333333335,0.0597138341713306,0.06105450425855546,-10.383333333333336,-0.0013406700872248545,33,72
00-0032250,2017,WR,Kasen Williams,6,2.9,2.9,0.0,0.08179946006172502,0.08179946006172502,2.9,0.0,128,123
00-0032256,2015,TE,Clive Walford,15,5.26,5.866666666666667,4.855555555555555,0.12553246787545178,0.09025235397883873,1.011111111111112,0.03528011389661305,40,34
00-0032256,2016,TE,Clive Walford,15,5.793333333333333,5.866666666666667,5.744444444444444,0.08641737265373339,0.09479018777194008,0.12222222222222356,-0.008372815118206686,36,36
00-0032256,2017,TE,Clive Walford,6,2.8333333333333335,2.8333333333333335,1.7,0.05682356745074509,0.05682356745074509,1.1333333333333335,0.0,61,58
00-0032256,2019,TE,Clive Walford,6,1.6833333333333336,1.6833333333333336,1.8,0.03212011963805363,0.03212011963805363,-0.11666666666666647,0.0,78,80
00-0032257,2015,RB,Duke Johnson,16,10.26875,9.283333333333333,10.86,0.127090240721933,0.11683568058727105,-1.5766666666666662,0.010254560134661958,35,44
00-0032257,2016,RB,Duke Johnson,16,9.0125,7.116666666666667,10.149999999999999,0.10306591198064063,0.1336902531697989,-3.0333333333333314,-0.030624341189158272,43,57
00-0032257,2017,RB,Duke Johnson,16,13.506250000000001,13.449999999999998,13.540000000000001,0.16969290719290717,0.164040232359967,-0.09000000000000341,0.005652674832940158,14,20
00-0032257,2018,RB,Duke Johnson,16,8.25,5.466666666666668,9.919999999999998,0.09529100583875101,0.10948625505340823,-4.4533333333333305,-0.014195249214657216,48,69
00-0032257,2019,RB,Duke Johnson,16,9.625,9.35,9.790000000000001,0.14486604707349396,0.11949696549659643,-0.4400000000000013,0.02536908157689753,40,37
00-0032257,2020,RB,Duke Johnson,11,7.672727272727273,10.216666666666667,4.62,0.11982162250777945,0.09949313523829323,5.596666666666667,0.020328487269486217,53,36
00-0032268,2015,QB,Marcus Mariota,12,17.585000000000004,17.153333333333332,18.01666666666667,0.004166666666666667,0.0020833333333333333,-0.8633333333333368,0.0020833333333333333,17,16
00-0032268,2016,QB,Marcus Mariota,15,17.329333333333334,15.493333333333332,18.553333333333335,0.008333333333333333,0.0033333333333333335,-3.0600000000000023,0.004999999999999999,13,18
00-0032268,2017,QB,Marcus Mariota,15,14.032000000000002,12.053333333333333,15.351111111111111,0.0,0.0,-3.297777777777778,0.0,24,30
00-0032268,2018,QB,Marcus Mariota,14,12.565714285714288,10.516666666666667,14.102500000000001,0.0,0.0029761904761904786,-3.5858333333333334,-0.0029761904761904786,32,32
00-0032268,2019,QB,Marcus Mariota,7,12.145714285714288,10.116666666666667,24.32,0.0,0.0,-14.203333333333333,0.0,30,31
00-0032268,2021,QB,Marcus Mariota,7,2.1228571428571428,1.9600000000000002,3.1,0.0,0.0,-1.14,0.0,44,44
00-0032268,2022,QB,Marcus Mariota,13,15.120000000000001,14.949999999999998,15.265714285714285,0.0,0.0,-0.3157142857142876,0.0,17,20
00-0032268,2025,QB,Marcus Mariota,10,12.55,12.290000000000001,12.94,0.0,0.0,-0.6499999999999986,0.0,28,29
00-0032319,2017,TE,Ross Travis,11,1.3272727272727274,1.45,1.18,0.05654345654345653,0.05059153546153361,0.27,0.005951921081922919,84,81
00-0032355,2016,WR,Chester Rogers,14,3.307142857142857,3.283333333333333,3.325,0.07175669675669692,0.06802923588637878,-0.04166666666666696,0.003727460870318139,125,125
00-0032355,2017,WR,Chester Rogers,10,5.819999999999999,4.3,8.1,0.15327339690084782,0.13538622462905675,-3.8,0.01788717227179107,90,99
00-0032355,2018,WR,Chester Rogers,16,7.31875,7.183333333333334,7.4,0.09451688662214974,0.10794665300701425,-0.21666666666666679,-0.013429766384864511,80,80
00-0032355,2019,WR,Chester Rogers,10,4.7700000000000005,4.749999999999999,4.800000000000001,0.09083740333740348,0.09062284334023477,-0.0500000000000016,0.00021455999716871177,105,107
00-0032355,2021,WR,Chester Rogers,16,4.1875,2.9166666666666665,4.95,0.08468915343915344,0.08214959087267384,-2.0333333333333337,0.0025395625664795946,121,133
00-0032362,2016,WR,Maurice Harris,7,2.085714285714286,2.433333333333333,0.0,0.04811251764636893,0.04634134165607133,2.433333333333333,0.0017711759902976007,138,135
00-0032362,2018,WR,Maurice Harris,11,5.3999999999999995,2.533333333333333,8.84,0.09968394963561845,0.12651953008554298,-6.306666666666667,-0.026835580449924526,106,139
00-0032371,2016,RB,Rob Kelley,14,9.471428571428572,9.716666666666667,9.2875,0.06047945122731998,0.03722869397778057,0.42916666666666714,0.023250757249539407,38,44
00-0032371,2017,RB,Rob Kelley,7,6.171428571428571,6.699999999999999,3.0,0.026958689458689452,0.02667887667887667,3.6999999999999993,0.00027981277981278113,61,58
00-0032377,2016,RB,Josh Ferguson,15,2.3733333333333335,0.20000000000000004,3.822222222222222,0.0,0.04305294305294302,-3.622222222222222,-0.04305294305294302,91,120
00-0032385,2016,WR,Sterling Shepard,16,11.525000000000002,10.466666666666669,12.16,0.14891127391127398,0.1728517614622641,-1.6933333333333316,-0.023940487550990125,42,48
00-0032385,2017,WR,Sterling Shepard,11,13.136363636363637,14.816666666666668,11.12,0.21629149432353093,0.18214887373268687,3.696666666666669,0.03414262059084405,21,13
00-0032385,2018,WR,Sterling Shepard,16,11.40625,9.75,12.4,0.20424685021459218,0.18555238187219764,-2.6500000000000004,0.01869446834239455,39,53
00-0032385,2019,WR,Sterling Shepard,10,14.180000000000001,12.983333333333334,15.974999999999998,0.2364457192474975,0.23680878052210552,-2.9916666666666636,-0.0003630612746080286,25,34
00-0032385,2020,WR,Sterling Shepard,12,13.541666666666666,15.1,11.983333333333333,0.26811829151768163,0.23833280795933223,3.116666666666667,0.029785483558349396,34,26
00-0032385,2021,WR,Sterling Shepard,7,11.1,8.9,24.3,0.19771931499872678,0.20518798428462295,-15.4,-0.007468669285896179,41,63
00-0032385,2023,WR,Sterling Shepard,10,2.2299999999999995,2.8333333333333335,1.325,0.10219313865147195,0.07741296857676165,1.5083333333333335,0.024780170074710298,148,131
00-0032385,2024,WR,Sterling Shepard,13,6.176923076923075,5.7,6.5857142857142845,0.13770775165241414,0.11713310814778324,-0.8857142857142843,0.020574643504630896,91,91
00-0032385,2025,WR,Sterling Shepard,13,6.3076923076923075,4.2,8.114285714285716,0.10591157659174656,0.1267879422259875,-3.9142857142857155,-0.02087636563424093,73,106
00-0032392,2016,TE,Austin Hooper,13,4.93076923076923,4.6000000000000005,5.214285714285714,0.08460535559372286,0.06367551328862492,-0.6142857142857139,0.020929842305097937,43,44
00-0032392,2017,TE,Austin Hooper,16,7.475,5.116666666666666,8.89,0.11425315975687854,0.12611389428072994,-3.7733333333333343,-0.011860734523851404,21,34
00-0032392,2018,TE,Austin Hooper,16,10.1875,8.083333333333334,11.45,0.11311017419791945,0.14273855650837863,-3.3666666666666654,-0.02962838231045918,8,19
00-0032392,2019,TE,Austin Hooper,13,14.746153846153845,11.183333333333332,17.8,0.17388400156357767,0.18510114068702108,-6.616666666666669,-0.01121713912344341,3,13
00-0032392,2020,TE,Austin Hooper,13,8.73076923076923,10.483333333333334,7.228571428571429,0.18444325735992403,0.18496290970987325,3.2547619047619056,-0.0005196523499492178,21,13
00-0032392,2021,TE,Austin Hooper,15,6.166666666666666,7.699999999999999,5.144444444444444,0.16180863026214068,0.13827549785078702,2.5555555555555554,0.023533132411353658,30,21
00-0032392,2022,TE,Austin Hooper,17,5.7294117647058815,5.95,5.609090909090909,0.15691133103413799,0.13867086395187964,0.34090909090909083,0.01824046708225835,36,32
00-0032392,2023,TE,Austin Hooper,16,3.025,3.483333333333333,2.7499999999999996,0.08911530610970164,0.06836800736892344,0.7333333333333334,0.0207472987407782,62,56
00-0032392,2024,TE,Austin Hooper,17,6.3882352941176475,9.666666666666666,4.6,0.14631450725419867,0.12186068529224044,5.066666666666666,0.024453821961958236,33,16
00-0032392,2025,TE,Austin Hooper,13,4.561538461538461,4.316666666666666,4.771428571428571,0.06944121013086527,0.07103212693079525,-0.4547619047619049,-0.0015909167999299811,50,48
00-0032393,2016,RB,C.J. Prosise,6,10.166666666666668,10.166666666666668,2.1,0.09426814698254503,0.09426814698254503,8.066666666666668,0.0,34,39
00-0032393,2019,RB,C.J. Prosise,8,3.6,2.4166666666666665,7.15,0.022291666666666668,0.04101999223602484,-4.733333333333334,-0.01872832556935817,83,91
00-0032394,2017,TE,Nick Vannett,10,3.04,3.6833333333333336,2.075,0.055578776268431405,0.04786178027557335,1.6083333333333334,0.007716995992858057,58,49
00-0032394,2018,TE,Nick Vannett,15,4.926666666666667,3.433333333333333,5.9222222222222225,0.07542341010478265,0.11358645546476015,-2.4888888888888894,-0.0381630453599775,37,51
00-0032394,2019,TE,Nick Vannett,14,2.4,2.8333333333333335,2.075,0.05017226528854443,0.051138952733985985,0.7583333333333333,-0.0009666874454415525,69,63
00-0032394,2020,TE,Nick Vannett,11,2.6818181818181817,3.533333333333333,1.6600000000000001,0.0778935185185185,0.07041229968861545,1.873333333333333,0.007481218829903047,68,58
00-0032394,2021,TE,Nick Vannett,7,4.042857142857143,4.216666666666666,3.0,0.09300389391057477,0.0836858773201752,1.216666666666666,0.009318016590399575,54,48
00-0032394,2024,TE,Nick Vannett,12,4.041666666666667,2.85,5.233333333333333,0.044593535843535835,0.053382883217519904,-2.3833333333333333,-0.008789347373984069,47,55
00-0032398,2016,WR,Chris Moore,14,1.3928571428571428,0.3666666666666667,2.1625,0.01014957264957265,0.02613322401113099,-1.7958333333333334,-0.01598365136155834,147,156
00-0032398,2017,WR,Chris Moore,13,4.607692307692308,6.466666666666668,3.0142857142857147,0.07969090562463856,0.07445888155024795,3.452380952380953,0.005232024074390607,102,78
00-0032398,2018,WR,Chris Moore,15,3.0866666666666664,2.8166666666666664,3.266666666666667,0.06368301987867213,0.05259926015696495,-0.4500000000000006,0.011083759721707179,134,137
00-0032398,2019,WR,Chris Moore,7,0.7285714285714285,0.85,0.0,0.025574712643678166,0.02625018659501419,0.85,-0.0006754739513360232,162,157
00-0032398,2021,WR,Chris Moore,10,5.57,4.133333333333334,7.725,0.05813965791320861,0.07086263072676113,-3.591666666666666,-0.012722972813552523,101,120
00-0032398,2022,WR,Chris Moore,15,7.673333333333332,8.633333333333335,7.033333333333333,0.2084306835138655,0.15959315745962208,1.6000000000000014,0.048837526054243435,72,56
00-0032398,2023,WR,Chris Moore,15,4.553333333333334,4.066666666666667,4.877777777777777,0.09429551929551934,0.08611448415369985,-0.81111111111111,0.00818103514181949,99,107
00-0032398,2025,WR,Chris Moore,10,3.8600000000000003,4.8,2.45,0.09827608277274559,0.09037286272378395,2.3499999999999996,0.007903220048961643,121,92
00-0032400,2016,WR,Malcolm Mitchell,12,8.008333333333335,13.266666666666667,2.75,0.13812954074515985,0.10973589009938006,10.516666666666667,0.028393650645779783,75,29
00-0032404,2016,RB,Tyler Ervin,12,0.425,0.31666666666666665,0.5333333333333333,0.0040650406504065,0.011067929360612282,-0.21666666666666667,-0.007002888710205782,115,116
00-0032404,2018,RB,Tyler Ervin,9,0.7222222222222222,0.7166666666666667,0.7333333333333334,0.015277777777777784,0.013453159041394346,-0.01666666666666672,0.0018246187363834387,110,107
00-0032404,2019,RB,Tyler Ervin,7,0.5857142857142856,0.6833333333333332,0.0,0.013645224171539967,0.011695906432748543,0.6833333333333332,0.0019493177387914246,116,111
00-0032404,2020,RB,Tyler Ervin,8,3.2625,3.216666666666667,3.4000000000000004,0.06719829877724619,0.057614171237406184,-0.18333333333333357,0.009584127539840004,92,91
00-0032411,2016,RB,Kenneth Dixon,12,8.533333333333333,12.916666666666666,4.1499999999999995,0.10006352432460812,0.07973485979588167,8.766666666666666,0.020328664528726448,46,16
00-0032411,2018,RB,Kenneth Dixon,6,9.066666666666666,9.066666666666666,10.4,0.05098708055229787,0.05098708055229787,-1.333333333333334,0.0,45,44
00-0032417,2016,RB,Paul Perkins,14,5.485714285714286,6.683333333333333,4.5875,0.04236195902862568,0.04682551949632695,2.0958333333333323,-0.004463560467701265,65,61
00-0032417,2017,RB,Paul Perkins,8,2.7,2.15,4.35,0.0198473006223766,0.03256639651941402,-2.1999999999999997,-0.012719095897037423,93,95
00-0032423,2016,WR,Trevor Davis,8,1.425,1.9000000000000001,0.0,0.020574162679425866,0.024111177565124965,1.9000000000000001,-0.003537014885699099,145,140
00-0032423,2017,WR,Trevor Davis,15,0.8866666666666667,1.5,0.47777777777777775,0.02391888733052828,0.012682485114810665,1.0222222222222221,0.011236402215717617,161,150
00-0032423,2019,WR,Trevor Davis,14,2.1714285714285717,0.0,3.8000000000000003,0.0101010101010101,0.025868516191096817,-3.8000000000000003,-0.015767506090086716,140,172
00-0032426,2016,RB,Alex Collins,9,3.988888888888889,5.116666666666666,1.7333333333333332,0.0371061621061621,0.03214484881151548,3.383333333333333,0.004961313294646615,76,67
00-0032426,2017,RB,Alex Collins,15,11.399999999999999,16.583333333333332,7.944444444444445,0.09973067806873215,0.06702707495804128,8.638888888888888,0.03270360311069087,20,11
00-0032426,2018,RB,Alex Collins,10,10.860000000000001,10.633333333333331,11.2,0.04179418653102862,0.04835270022211433,-0.5666666666666682,-0.006558513691085711,32,33
00-0032426,2021,RB,Alex Collins,11,6.254545454545454,3.9499999999999997,9.02,0.02448661977524455,0.03307607946151702,-5.07,-0.00858945968627247,62,81
00-0032429,2016,TE,Jerell Adams,10,3.4199999999999995,3.766666666666666,2.9000000000000004,0.0671735671735672,0.05983223983223983,0.8666666666666658,0.007341327341327378,60,52
00-0032429,2017,TE,Jerell Adams,9,1.911111111111111,1.7166666666666668,2.3000000000000003,0.04654249259512414,0.037586970372058076,-0.5833333333333335,0.008955522223066066,75,78
00-0032430,2017,TE,David Morgan,9,2.8333333333333335,4.25,0.0,0.05295147451628266,0.04209110646764523,4.25,0.01086036804863743,61,42
00-0032430,2018,TE,David Morgan,6,1.4333333333333333,1.4333333333333333,1.9,0.023778880921738067,0.023778880921738067,-0.46666666666666656,0.0,83,84
00-0032436,2018,QB,Jeff Driskel,8,10.64,11.959999999999999,6.680000000000001,0.0,0.0,5.2799999999999985,0.0,33,31
00-0032436,2022,QB,Jeff Driskel,7,2.46,2.7866666666666666,0.5,0.005747126436781617,0.0049261083743842434,2.2866666666666666,0.0008210180623973735,42,41
00-0032441,2016,WR,Aaron Burbridge,15,1.0533333333333335,1.9666666666666668,0.4444444444444444,0.04937209937209936,0.03498326313543705,1.5222222222222224,0.01438883623666231,153,138
00-0032450,2016,RB,Dwayne Washington,11,4.427272727272728,5.0,3.7399999999999998,0.0529862800269808,0.03629698968282647,1.2600000000000002,0.016689290344154332,71,68
00-0032450,2018,RB,Dwayne Washington,7,2.2,2.5333333333333337,0.2,0.0,0.0,2.3333333333333335,0.0,93,92
00-0032450,2019,RB,Dwayne Washington,6,1.2666666666666668,1.2666666666666668,0.0,0.004629629629629634,0.004629629629629634,1.2666666666666668,0.0,108,104
00-0032450,2020,RB,Dwayne Washington,6,0.25,0.25,0.0,0.0,0.0,0.25,0.0,124,122
00-0032450,2021,RB,Dwayne Washington,8,0.6000000000000001,0.45,1.05,0.004629629629629634,0.008279914529914537,-0.6000000000000001,-0.0036502849002849032,118,119
00-0032450,2022,RB,Dwayne Washington,7,0.7857142857142857,0.6166666666666667,1.8,0.0059523809523809494,0.0051020408163265285,-1.1833333333333333,0.000850340136054421,113,113
00-0032464,2017,WR,Kalif Raymond,8,0.2625,0.35000000000000003,0.0,0.004761904761904767,0.003571428571428575,0.35000000000000003,0.0011904761904761919,168,167
00-0032464,2019,WR,Kalif Raymond,8,3.6875,4.266666666666667,1.95,0.06145063093463507,0.05622310833611144,2.3166666666666664,0.005227522598523632,126,112
00-0032464,2020,WR,Kalif Raymond,15,1.8266666666666669,0.0,3.0444444444444447,0.022246376811594203,0.03185731049584488,-3.0444444444444447,-0.009610933684250676,152,167
00-0032464,2021,WR,Kalif Raymond,16,8.275,8.85,7.9300000000000015,0.12914434627683258,0.1400921309329029,0.9199999999999982,-0.010947784656070325,70,65
00-0032464,2022,WR,Kalif Raymond,17,6.835294117647059,8.033333333333333,6.181818181818182,0.09719349584782731,0.12134060679545616,1.8515151515151516,-0.02414711094762885,86,64
00-0032464,2023,WR,Kalif Raymond,17,5.7294117647058815,3.733333333333333,6.818181818181818,0.04932420652297306,0.0761946355652638,-3.0848484848484854,-0.02687042904229074,81,117
00-0032464,2024,WR,Kalif Raymond,12,4.708333333333334,3.9166666666666665,5.5,0.04786337840773323,0.06645881414409978,-1.5833333333333335,-0.01859543573636655,104,111
00-0032464,2025,WR,Kalif Raymond,15,4.453333333333334,5.766666666666666,3.577777777777778,0.054566677524935235,0.05992702874191076,2.1888888888888878,-0.005360351216975527,102,75
00-0032472,2017,RB,Tre Madden,7,1.2142857142857142,1.4166666666666667,0.0,0.009009009009009,0.007722007722007714,1.4166666666666667,0.0012870012870012859,107,103
00-0032472,2018,RB,Tre Madden,8,0.725,0.6833333333333332,0.85,0.014724310776942348,0.014831111870585549,-0.16666666666666674,-0.00010680109364320095,109,108
00-0032475,2016,WR,Tanner McEvoy,8,4.59,4.253333333333334,5.6,0.0398607109133425,0.03796844985167354,-1.3466666666666658,0.0018922610616689609,108,114
00-0032475,2017,WR,Tanner McEvoy,10,1.23,2.3833333333333333,-0.5,0.02890843541250045,0.0261769700794091,2.8833333333333333,0.0027314653330913485,156,129
00-0032543,2016,WR,Alex Erickson,16,0.81875,1.4000000000000001,0.47000000000000003,0.025263028282730166,0.01375604301343122,0.9300000000000002,0.011506985269298945,157,145
00-0032543,2017,WR,Alex Erickson,16,2.35,1.133333333333333,3.08,0.022944647944647945,0.035417464096388386,-1.946666666666667,-0.01247281615174044,132,154
00-0032543,2018,WR,Alex Erickson,16,2.43125,4.283333333333333,1.3199999999999998,0.09090427540084296,0.061415915605939425,2.9633333333333334,0.029488359794903538,141,118
00-0032543,2019,WR,Alex Erickson,16,6.265,6.19,6.3100000000000005,0.17811108606916573,0.1346954715859109,-0.1200000000000001,0.043415614483254844,88,86
00-0032543,2020,WR,Alex Erickson,16,1.5375,3.3333333333333335,0.45999999999999996,0.08704078572499618,0.0374490275806065,2.8733333333333335,0.04959175814438968,156,131
00-0032543,2021,WR,Alex Erickson,17,0.5,0.3833333333333333,0.5636363636363636,0.009252313078269566,0.006556349083157253,-0.1803030303030303,0.002695963995112313,171,172
00-0032543,2023,WR,Alex Erickson,8,5.65,6.716666666666668,2.45,0.10880882357573933,0.09422518136744135,4.2666666666666675,0.014583642208297984,83,75
00-0032577,2017,RB,D.J. Foster,7,4.6000000000000005,4.6000000000000005,4.6,0.12423759500965381,0.11489272849566966,8.881784197001252e-16,0.009344866513984154,80,74
00-0032577,2020,RB,D.J. Foster,6,0.31666666666666665,0.31666666666666665,1.9,0.006410256410256416,0.006410256410256416,-1.5833333333333333,0.0,122,121
00-0032599,2016,TE,Josh Perkins,6,2.2,2.2,0.0,0.02729985274742308,0.02729985274742308,2.2,0.0,69,69
00-0032599,2018,TE,Josh Perkins,6,1.95,1.95,9.7,0.04485016931825438,0.04485016931825438,-7.749999999999999,0.0,77,76
00-0032602,2017,RB,J.D. McKissic,12,8.108333333333333,8.416666666666666,7.800000000000001,0.150156186937796,0.11853994180879512,0.6166666666666654,0.03161624512900088,45,47
00-0032602,2019,RB,J.D. McKissic,15,5.586666666666668,4.633333333333334,6.222222222222222,0.09344379727720807,0.07929905366449035,-1.5888888888888886,0.014144743612717725,64,72
00-0032602,2020,RB,J.D. McKissic,16,11.962499999999999,15.0,10.14,0.1876407277973607,0.18315595446469182,4.859999999999999,0.00448477333266889,29,16
00-0032602,2021,RB,J.D. McKissic,11,11.627272727272727,13.733333333333334,9.1,0.16855866047042514,0.1391022781494935,4.633333333333335,0.029456382320931646,30,21
00-0032602,2022,RB,J.D. McKissic,8,6.9750000000000005,5.783333333333334,10.55,0.144834201084201,0.13765835591292902,-4.766666666666667,0.007175845171271983,53,57
00-0032626,2016,WR,Geronimo Allison,7,6.314285714285715,5.683333333333334,10.1,0.07501594013221931,0.07933697124115043,-4.416666666666666,-0.004321031108931117,85,93
00-0032626,2017,WR,Geronimo Allison,12,3.858333333333333,3.1,4.616666666666666,0.08170529539499499,0.08454559951075004,-1.5166666666666662,-0.0028403041157550463,113,117
00-0032626,2019,WR,Geronimo Allison,15,5.026666666666667,3.4333333333333336,6.0888888888888895,0.08318270423533573,0.1091835858824093,-2.655555555555556,-0.026000881647073565,102,122
00-0032659,2016,WR,Roger Lewis,10,2.87,1.2666666666666666,5.275,0.06197352030685362,0.05196410957280521,-4.008333333333334,0.010009410734048416,132,147
00-0032659,2017,WR,Roger Lewis,15,5.973333333333333,7.833333333333333,4.7333333333333325,0.18983243428323515,0.12576232434051698,3.1000000000000005,0.06407010994271817,88,61
00-0032661,2016,TE,Ben Braunecker,6,1.3499999999999999,1.3499999999999999,0.0,0.024049183592194334,0.024049183592194334,1.3499999999999999,0.0,82,78
00-0032661,2018,TE,Ben Braunecker,10,0.72,1.2,0.0,0.02102490421455938,0.01594827586206896,1.2,0.005076628352490422,90,88
00-0032688,2016,WR,Robbie Chosen,14,8.207142857142857,10.483333333333334,6.5,0.1991321390514937,0.16533298197910815,3.9833333333333343,0.033799157072385566,73,47
00-0032688,2017,WR,Robbie Chosen,16,12.5,13.016666666666666,12.19,0.2681605975723624,0.23020017033329288,0.8266666666666662,0.037960427239069505,23,23
00-0032688,2018,WR,Robbie Chosen,14,11.171428571428573,14.600000000000001,8.600000000000001,0.271550693448111,0.20988565572425558,6.0,0.061665037723855426,43,20
00-0032688,2019,WR,Robbie Chosen,16,10.14375,14.9,7.289999999999999,0.217972232110163,0.1929269150709809,7.610000000000001,0.025045317039182113,55,20
00-0032688,2020,WR,Robbie Chosen,16,14.00625,12.766666666666666,14.75,0.247038548325313,0.25688258585776963,-1.9833333333333343,-0.009844037532456634,30,42
00-0032688,2021,WR,Robbie Chosen,17,8.147058823529411,10.816666666666665,6.690909090909091,0.20404813504963537,0.18259616561985215,4.125757575757573,0.021451969429783224,72,47
00-0032688,2022,WR,Robbie Chosen,12,4.35,2.4333333333333336,6.266666666666667,0.07546787768449406,0.11756025609672528,-3.833333333333333,-0.04209237841223122,109,133
00-0032688,2023,WR,Robbie Chosen,6,3.766666666666667,3.766666666666667,13.8,0.029372860255213212,0.029372860255213212,-10.033333333333333,0.0,118,115
00-0032694,2016,WR,Jalin Marshall,10,4.0200000000000005,4.783333333333333,2.875,0.061339760227413186,0.06804030649054532,1.9083333333333332,-0.006700546263132136,118,102
00-0032707,2018,WR,Andy Jones,6,4.166666666666667,4.166666666666667,0.0,0.12101712101712107,0.12101712101712107,4.166666666666667,0.0,125,120
00-0032724,2016,WR,Bryce Treggs,6,1.9500000000000002,1.9500000000000002,8.9,0.05064735842385737,0.05064735842385737,-6.95,0.0,139,139
00-0032724,2017,WR,Bryce Treggs,6,2.25,2.25,4.8,0.08352054722023766,0.08352054722023766,-2.55,0.0,137,135
00-0032725,2016,TE,Stephen Anderson,9,2.922222222222222,2.8833333333333333,3.0,0.04088689857826567,0.049660529788107845,-0.1166666666666667,-0.008773631209842175,64,64
00-0032725,2017,TE,Stephen Anderson,14,4.657142857142858,4.516666666666667,4.762500000000001,0.12646949329389356,0.10529386372860379,-0.24583333333333446,0.021175629565289775,43,40
00-0032725,2020,TE,Stephen Anderson,7,2.6571428571428575,3.1,0.0,0.05337995337995342,0.04575424575424579,3.1,0.007625707625707627,69,66
00-0032725,2021,TE,Stephen Anderson,14,2.75,2.5500000000000003,2.9000000000000004,0.03299529476000063,0.035783250150209736,-0.3500000000000001,-0.002787955390209103,67,67
00-0032725,2022,TE,Stephen Anderson,9,0.43333333333333335,0.45,0.39999999999999997,0.024796747967479688,0.018895231505506555,0.050000000000000044,0.005901516461973132,95,93
00-0032740,2017,RB,Lawrence Thomas,8,1.3,1.0666666666666667,2.0,0.029207516339869285,0.03011819764137539,-0.9333333333333333,-0.0009106813015061048,103,109
00-0032741,2016,RB,Peyton Barber,10,3.6100000000000003,1.9166666666666667,6.15,0.0059523809523809494,0.013988095238095272,-4.233333333333333,-0.008035714285714323,80,93
00-0032741,2017,RB,Peyton Barber,14,6.121428571428571,11.75,1.9000000000000001,0.066168365335032,0.040262632762632755,9.85,0.02590573257239924,63,26
00-0032741,2018,RB,Peyton Barber,16,9.39375,10.25,8.879999999999999,0.0522948277224593,0.047411542219689684,1.370000000000001,0.004883285502769619,41,36
00-0032741,2019,RB,Peyton Barber,16,7.28125,6.616666666666666,7.68,0.05069583546077008,0.0448155278790872,-1.0633333333333335,0.005880307581682884,54,54
00-0032741,2020,RB,Peyton Barber,14,3.9285714285714284,4.716666666666667,3.3375000000000004,0.02038603339839515,0.013519588739172344,1.3791666666666664,0.006866444659222808,85,70
00-0032741,2021,RB,Peyton Barber,9,5.544444444444445,3.916666666666666,8.799999999999999,0.037970499569336784,0.039202555268446744,-4.883333333333333,-0.0012320556991099602,71,83
00-0032745,2016,TE,Alan Cross,11,1.4363636363636363,2.3833333333333333,0.3,0.03605136693371989,0.026886983923291266,2.0833333333333335,0.009164383010428621,81,68
00-0032745,2018,TE,Alan Cross,6,0.4833333333333334,0.4833333333333334,0.0,0.02198323356859942,0.02198323356859942,0.4833333333333334,0.0,92,92
00-0032760,2017,WR,Josh Doctson,15,7.986666666666666,8.799999999999999,7.444444444444445,0.2116520366520365,0.15596185929519263,1.3555555555555543,0.05569017735684387,64,52
00-0032760,2018,WR,Josh Doctson,15,7.279999999999999,7.3999999999999995,7.199999999999999,0.18997987604638208,0.17312318979673325,0.20000000000000018,0.01685668624964884,81,76
00-0032764,2016,RB,Derrick Henry,14,7.55,9.65,5.9750000000000005,0.022936507936507936,0.038943212941849506,3.675,-0.01600670500534157,53,46
00-0032764,2017,RB,Derrick Henry,16,8.4375,10.399999999999999,7.26,0.04436741936741936,0.034847391528042615,3.139999999999999,0.009520027839376742,43,34
00-0032764,2018,RB,Derrick Henry,16,12.585,20.539999999999996,7.811999999999999,0.05316697711750192,0.04303489955746477,12.727999999999996,0.010132077560037152,22,6
00-0032764,2019,RB,Derrick Henry,15,19.639999999999997,26.13333333333333,15.31111111111111,0.061959774163076575,0.060545305873541524,10.82222222222222,0.0014144682895350508,4,2
00-0032764,2020,RB,Derrick Henry,16,20.81875,25.099999999999998,18.249999999999996,0.06461485374528853,0.06675217731352201,6.850000000000001,-0.0021373235682334846,3,2
00-0032764,2021,RB,Derrick Henry,8,24.1625,22.483333333333334,29.200000000000003,0.05837916933155022,0.0769040351183208,-6.716666666666669,-0.018524865786770574,1,1
00-0032764,2022,RB,Derrick Henry,16,18.9225,16.616666666666667,20.306,0.10511623872820984,0.10319899343102468,-3.689333333333334,0.0019172452971851633,4,8
00-0032764,2023,RB,Derrick Henry,17,14.509411764705883,15.83,13.789090909090909,0.05833462833462836,0.07727039886209437,2.040909090909091,-0.018935770527466013,16,12
00-0032764,2024,RB,Derrick Henry,17,19.788235294117644,18.383333333333336,20.554545454545455,0.06627846790890268,0.052807323784891905,-2.1712121212121183,0.013471144124010778,4,7
00-0032764,2025,RB,Derrick Henry,17,16.44117647058824,19.933333333333334,14.536363636363637,0.0254604872251931,0.04880496773410473,5.3969696969696965,-0.023344480508911632,8,4
00-0032765,2016,WR,Michael Thomas,15,17.046666666666667,19.566666666666666,15.366666666666667,0.20795666751549116,0.19554279772717337,4.199999999999999,0.012413869788317794,8,3
00-0032765,2017,WR,Michael Thomas,16,16.15625,17.7,15.229999999999999,0.2789201539201542,0.2856769957865791,2.4700000000000006,-0.006756841866424945,7,9
00-0032765,2018,WR,Michael Thomas,16,19.71875,14.216666666666669,23.02,0.3181948243618072,0.2865581125337878,-8.803333333333331,0.03163671182801936,6,22
00-0032765,2019,WR,Michael Thomas,16,23.4125,22.900000000000002,23.72,0.3462386125327119,0.33032733498253075,-0.8199999999999967,0.015911277550181124,1,1
00-0032765,2020,WR,Michael Thomas,7,11.985714285714286,13.200000000000001,4.7,0.3241070811403293,0.30161559335837757,8.5,0.022491487781951758,40,39
00-0032765,2023,WR,Michael Thomas,10,8.98,7.6499999999999995,10.975000000000001,0.1514363042535337,0.18383485694934312,-3.325000000000002,-0.032398552695809435,54,66
00-0032775,2016,WR,Demarcus Robinson,7,0.0,0.0,0.0,0.0,0.0,0.0,0.0,164,164
00-0032775,2017,WR,Demarcus Robinson,10,4.220000000000001,3.7000000000000006,5.0,0.1109603160249712,0.11664992406371714,-1.2999999999999994,-0.00568960803874595,106,109
00-0032775,2018,WR,Demarcus Robinson,14,5.342857142857143,8.45,3.0124999999999997,0.07592851105745387,0.06491054496095534,5.4375,0.011017966096498522,107,64
00-0032775,2019,WR,Demarcus Robinson,15,6.726666666666666,4.6000000000000005,8.144444444444444,0.06991247139881603,0.10163633302194584,-3.5444444444444434,-0.03172386162312982,81,109
00-0032775,2020,WR,Demarcus Robinson,15,7.173333333333334,7.366666666666667,7.044444444444444,0.09190897745472454,0.1050859979278048,0.32222222222222285,-0.013177020473080267,90,77
00-0032775,2021,WR,Demarcus Robinson,14,4.957142857142857,4.8500000000000005,5.0375,0.08245337726406017,0.07440563100019673,-0.1874999999999991,0.00804774626386344,108,110
00-0032775,2022,WR,Demarcus Robinson,16,6.4875,7.016666666666666,6.17,0.20270580454403964,0.1643331862525574,0.8466666666666658,0.038372618291482224,90,77
00-0032775,2023,WR,Demarcus Robinson,8,10.925,13.416666666666666,3.45,0.17389214267179168,0.1436694262886458,9.966666666666665,0.030222716383145887,43,30
00-0032775,2024,WR,Demarcus Robinson,17,7.264705882352941,3.85,9.127272727272727,0.07938163412991793,0.11456753925774034,-5.277272727272727,-0.03518590512782241,77,112
00-0032775,2025,WR,Demarcus Robinson,14,4.157142857142857,4.783333333333334,3.6875,0.06925285027640098,0.07578348526968541,1.095833333333334,-0.006530634993284434,110,93
00-0032778,2016,WR,Tajae Sharpe,16,6.581250000000001,5.116666666666667,7.459999999999999,0.13054774200201483,0.15890299801244095,-2.343333333333332,-0.028355256010426128,83,96
00-0032778,2018,WR,Tajae Sharpe,15,4.746666666666666,4.066666666666666,5.199999999999999,0.11239115290839446,0.11424827867008756,-1.1333333333333329,-0.0018571257616930986,119,124
00-0032778,2019,WR,Tajae Sharpe,13,6.299999999999999,7.599999999999999,5.185714285714285,0.11661358099954587,0.09564320608191888,2.4142857142857137,0.020970374917626988,87,71
00-0032778,2021,WR,Tajae Sharpe,14,3.4285714285714293,2.3333333333333335,4.25,0.08884977527450642,0.07910920364837411,-1.9166666666666665,0.009740571626132316,134,142
00-0032780,2016,RB,Jordan Howard,15,15.340000000000002,17.833333333333332,13.677777777777779,0.07873690066035029,0.09226604106053586,4.155555555555553,-0.013529140400185574,9,7
00-0032780,2017,RB,Jordan Howard,16,12.481250000000001,10.966666666666667,13.39,0.06251396031374988,0.06877270896325503,-2.423333333333334,-0.0062587486495051525,17,31
00-0032780,2018,RB,Jordan Howard,16,11.25,12.783333333333331,10.33,0.05490525052684762,0.05309463756613657,2.4533333333333314,0.0018106129607110485,31,26
00-0032780,2019,RB,Jordan Howard,9,12.377777777777778,15.100000000000001,6.933333333333333,0.05618708452041782,0.051455550840893614,8.166666666666668,0.004731533679524204,26,19
00-0032780,2020,RB,Jordan Howard,7,4.385714285714285,4.0,6.7,0.0037037037037037,0.003174603174603171,-2.7,0.0005291005291005288,79,81
00-0032780,2021,RB,Jordan Howard,7,8.928571428571427,7.466666666666668,17.7,0.0304761904761905,0.026122448979591855,-10.23333333333333,0.004353741496598645,45,56
00-0032782,2016,RB,Wendell Smallwood,12,4.391666666666667,4.883333333333333,3.9000000000000004,0.0365319865319866,0.028367003367003398,0.9833333333333325,0.008164983164983205,74,70
00-0032782,2017,RB,Wendell Smallwood,8,5.8375,7.283333333333332,1.5,0.0829875366568915,0.07108568173243471,5.783333333333332,0.011901854924456792,67,55
00-0032782,2018,RB,Wendell Smallwood,15,7.96,6.333333333333333,9.044444444444444,0.0439659734861686,0.06163897488446015,-2.7111111111111112,-0.017673001398291553,53,63
00-0032782,2019,RB,Wendell Smallwood,12,1.9583333333333333,1.6000000000000003,2.3166666666666664,0.059972415037070154,0.04464028467261224,-0.7166666666666661,0.015332130364457915,99,99
00-0032791,2016,WR,Jakeem Grant,14,0.43571428571428567,0.016666666666666666,0.75,0.0,0.0024630541871921217,-0.7333333333333333,-0.0024630541871921217,161,163
00-0032791,2017,WR,Jakeem Grant,15,3.1,7.0,0.5,0.06941607566973985,0.039426621928087595,6.5,0.02998945374165226,121,74
00-0032791,2018,WR,Jakeem Grant,10,7.2299999999999995,4.6000000000000005,11.175,0.09301346801346795,0.11869938515590688,-6.575,-0.025685917142438924,82,110
00-0032791,2019,WR,Jakeem Grant,9,5.322222222222222,5.883333333333333,4.2,0.07109471912103493,0.10019857794782916,1.6833333333333327,-0.029103858826794227,100,90
00-0032791,2020,WR,Jakeem Grant,14,6.235714285714286,7.166666666666667,5.5375,0.14413975400480972,0.11999626388467179,1.6291666666666673,0.02414349012013793,101,80
00-0032791,2021,WR,Jakeem Grant,15,2.9,7.366666666666667,-0.07777777777777778,0.06786018973518972,0.03095359970359969,7.444444444444445,0.036906590031590025,137,86
00-0032794,2017,RB,Danny Vitale,9,0.5444444444444445,0.18333333333333335,1.2666666666666666,0.015781440781440767,0.016531356882234068,-1.0833333333333333,-0.0007499161007933006,118,121
00-0032794,2019,RB,Danny Vitale,13,1.3076923076923077,0.21666666666666667,2.242857142857143,0.026411778604761054,0.02753506001684846,-2.026190476190476,-0.0011232814120874061,107,117
00-0032795,2016,WR,Cody Core,7,5.285714285714286,6.166666666666667,0.0,0.13892814694291225,0.1190812688082105,6.166666666666667,0.019846878134701748,101,84
00-0032795,2017,WR,Cody Core,7,0.0,0.0,0.0,0.011494252873563216,0.019704433497536943,0.0,-0.008210180623973726,171,170
00-0032795,2018,WR,Cody Core,10,3.7,4.55,2.425,0.10635677907989109,0.09515260526513102,2.125,0.011204173814760077,129,113
00-0032795,2019,WR,Cody Core,7,0.8285714285714285,0.9666666666666667,0.0,0.018939393939394,0.016233766233766284,0.9666666666666667,0.0027056277056277146,161,155
00-0032813,2017,RB,Elijhaa Penny,10,3.22,5.3500000000000005,0.025,0.029219228483934365,0.017531537090360618,5.325,0.011687691393573747,86,66
00-0032813,2018,RB,Elijhaa Penny,11,1.4090909090909092,1.616666666666667,1.1600000000000001,0.02532651403619145,0.029780574941865257,0.4566666666666668,-0.004454060905673806,102,98
00-0032813,2019,RB,Elijhaa Penny,12,1.0666666666666667,0.0,2.1333333333333333,0.004629629629629634,0.010376756066411242,-2.1333333333333333,-0.005747126436781608,112,119
00-0032813,2020,RB,Elijhaa Penny,9,0.6111111111111112,0.5166666666666667,0.7999999999999999,0.010258838383838384,0.009549252689496588,-0.2833333333333332,0.0007095856943417963,120,119
00-0032813,2021,RB,Elijhaa Penny,13,2.7615384615384615,3.466666666666667,2.157142857142857,0.05079175301556937,0.031115230218530077,1.3095238095238098,0.01967652279703929,96,88
00-0032881,2016,WR,Tommylee Lewis,12,1.3083333333333333,0.11666666666666665,2.5000000000000004,0.009523809523809516,0.020351831810165144,-2.3833333333333337,-0.010828022286355628,151,161
00-0032881,2017,WR,Tommylee Lewis,14,2.0714285714285716,2.1333333333333333,2.0250000000000004,0.0197826479076479,0.030356827094090513,0.10833333333333295,-0.010574179186442611,140,137
00-0032881,2018,WR,Tommylee Lewis,7,2.0,2.3333333333333335,0.0,0.020888609598287016,0.01790452251281744,2.3333333333333335,0.0029840870854695757,148,140
00-0032897,2016,RB,Derek Watt,9,1.411111111111111,1.8166666666666664,0.6,0.013238708928364101,0.011828808955245733,1.2166666666666663,0.001409899973118368,102,94
00-0032897,2017,RB,Derek Watt,11,0.7181818181818181,0.6666666666666666,0.78,0.004273504273504266,0.007381507381507382,-0.1133333333333334,-0.003108003108003116,115,117
00-0032897,2018,RB,Derek Watt,8,0.2875,0.3666666666666667,0.05,0.005747126436781617,0.004310344827586213,0.3166666666666667,0.001436781609195404,116,112
00-0032897,2019,RB,Derek Watt,12,1.0999999999999999,1.1166666666666667,1.0833333333333333,0.0053763440860215,0.012039448785591834,0.03333333333333344,-0.006663104699570334,111,107
00-0032897,2020,RB,Derek Watt,6,0.0,0.0,0.0,0.0,0.0,0.0,0.0,125,125
00-0032897,2021,RB,Derek Watt,11,0.41818181818181815,0.55,0.26,0.009574200050390516,0.0067896890556989,0.29000000000000004,0.002784510994691616,120,118
00-0032897,2022,RB,Derek Watt,12,1.6833333333333336,1.6333333333333335,1.7333333333333334,0.012125220458553784,0.011863263824048134,-0.09999999999999987,0.0002619566345056501,103,102
00-0032902,2016,RB,Kenneth Farrow,11,3.3818181818181823,5.0,1.44,0.06017067223963782,0.041966372185807954,3.56,0.018204300053829864,82,68
00-0032918,2017,RB,C.J. Ham,14,1.5071428571428573,1.2333333333333332,1.7125000000000001,0.02205057216685123,0.018383180558590482,-0.47916666666666696,0.00366739160826075,102,108
00-0032918,2018,RB,C.J. Ham,13,1.5615384615384615,0.9166666666666666,2.114285714285714,0.012080262080262083,0.02606282744531591,-1.1976190476190474,-0.013982565365053826,100,105
00-0032918,2019,RB,C.J. Ham,14,2.8285714285714287,3.283333333333333,2.4875,0.07115717934683448,0.06395576210847143,0.7958333333333334,0.007201417238363053,89,88
00-0032918,2020,RB,C.J. Ham,12,2.125,3.766666666666667,0.4833333333333334,0.042770989974937335,0.03243812656641603,3.2833333333333337,0.010332863408521305,102,83
00-0032918,2021,RB,C.J. Ham,15,2.193333333333334,2.15,2.2222222222222223,0.043318458028823885,0.03647064443440642,-0.07222222222222241,0.006847813594417468,102,102
00-0032918,2022,RB,C.J. Ham,11,2.8454545454545452,4.316666666666666,1.0799999999999998,0.03163251904386657,0.030155062584712556,3.2366666666666664,0.001477456459154012,89,74
00-0032918,2023,RB,C.J. Ham,9,1.1333333333333333,0.9666666666666668,1.4666666666666668,0.026330532212885168,0.027444260532495837,-0.5,-0.0011137283196106691,104,104
00-0032918,2024,RB,C.J. Ham,10,1.35,0.9,2.025,0.018100319396051116,0.01955584381154371,-1.125,-0.001455524415492595,100,101
00-0032918,2025,RB,C.J. Ham,8,1.95,2.35,0.75,0.00555555555555555,0.0072916666666666624,1.6,-0.0017361111111111127,86,83
00-0032935,2016,WR,Johnny Holton,12,0.6416666666666666,0.3333333333333333,0.9500000000000001,0.009594298245614032,0.006649000974658866,-0.6166666666666667,0.002945297270955166,159,158
00-0032935,2017,WR,Johnny Holton,14,3.1999999999999997,3.3333333333333335,3.1,0.06965522433002107,0.03727156140734692,0.2333333333333334,0.032383662922674146,119,114
00-0032935,2019,WR,Johnny Holton,12,0.5,0.7833333333333332,0.21666666666666667,0.041293002989309505,0.03380732386765023,0.5666666666666665,0.007485679121659275,166,158
00-0032940,2016,RB,DeAndre Washington,13,6.553846153846154,7.416666666666667,5.814285714285714,0.04306573802541543,0.050779433068514956,1.602380952380953,-0.0077136950430995235,59,56
00-0032940,2017,RB,DeAndre Washington,15,5.666666666666667,4.199999999999999,6.644444444444444,0.07849697074664978,0.0852827601013509,-2.4444444444444446,-0.006785789354701116,68,78
00-0032940,2018,RB,DeAndre Washington,8,1.4249999999999998,1.3833333333333335,1.55,0.00505050505050505,0.0037878787878787876,-0.16666666666666652,0.0012626262626262625,101,101
00-0032940,2019,RB,DeAndre Washington,16,7.61875,12.733333333333334,4.549999999999999,0.13241368987998023,0.08102517021615813,8.183333333333335,0.0513885196638221,51,27
00-0032950,2016,QB,Carson Wentz,16,13.373750000000001,14.270000000000001,12.835999999999999,0.0027777777777777835,0.0010416666666666688,1.4340000000000028,0.0017361111111111147,27,22
00-0032950,2017,QB,Carson Wentz,13,21.672307692307694,21.676666666666666,21.66857142857143,0.0,0.0,0.008095238095236823,0.0,3,3
00-0032950,2018,QB,Carson Wentz,11,17.605454545454545,16.24666666666667,19.235999999999997,0.00555555555555555,0.0030303030303030273,-2.9893333333333274,0.0025252525252525224,17,14
00-0032950,2019,QB,Carson Wentz,16,17.241249999999997,18.46666666666667,16.506,0.0,0.0,1.9606666666666683,0.0,14,8
00-0032950,2020,QB,Carson Wentz,12,16.533333333333335,13.876666666666665,19.19,0.0,0.0,-5.313333333333336,0.0,20,29
00-0032950,2021,QB,Carson Wentz,17,15.177647058823528,12.809999999999997,16.46909090909091,0.0,0.0,-3.659090909090912,0.0,17,27
00-0032950,2022,QB,Carson Wentz,8,14.1,9.549999999999999,27.75,0.0,0.0,-18.200000000000003,0.0,23,34
00-0032951,2017,WR,Laquon Treadwell,13,3.076923076923077,2.3,3.742857142857143,0.07115492888864768,0.07901575262923485,-1.442857142857143,-0.007860823740587178,123,132
00-0032951,2018,WR,Laquon Treadwell,15,4.746666666666667,2.15,6.477777777777778,0.06741543596382309,0.09262235197719065,-4.3277777777777775,-0.025206916013367567,118,141
00-0032951,2019,WR,Laquon Treadwell,10,3.34,3.1666666666666665,3.6,0.04773763911694947,0.053119998673391323,-0.43333333333333357,-0.005382359556441854,133,130
00-0032951,2021,WR,Laquon Treadwell,12,6.866666666666666,11.366666666666667,2.3666666666666667,0.1867683273933275,0.13013695095758107,9.0,0.05663137643574642,86,43
00-0032951,2025,WR,Laquon Treadwell,6,0.0,0.0,0.0,0.0,0.0,0.0,0.0,184,182
00-0032956,2016,RB,Andy Janovich,9,2.0777777777777775,0.8833333333333334,4.466666666666667,0.027829592363261102,0.025094668117113948,-3.5833333333333335,0.0027349242461471544,97,106
00-0032956,2017,RB,Andy Janovich,12,1.2249999999999999,1.8,0.65,0.009009009009009016,0.013153551125249241,1.15,-0.004144542116240225,106,100
00-0032956,2018,RB,Andy Janovich,13,1.9769230769230768,2.8833333333333333,1.2,0.04001837603235577,0.025087756975133192,1.6833333333333333,0.01493061905722258,94,89
00-0032956,2020,RB,Andy Janovich,8,0.46249999999999997,0.06666666666666667,1.65,0.013787878787878785,0.021975108225108224,-1.5833333333333333,-0.00818722943722944,121,124
00-0032956,2021,RB,Andy Janovich,6,1.9833333333333334,1.9833333333333334,0.0,0.0208084428514536,0.0208084428514536,1.9833333333333334,0.0,104,104
00-0032959,2016,WR,Charone Peake,12,3.133333333333334,2.766666666666666,3.5,0.09271143263078753,0.08719552023758081,-0.7333333333333338,0.005515912393206715,128,131
00-0032959,2018,WR,Charone Peake,6,0.75,0.75,0.0,0.015685425685425684,0.015685425685425684,0.75,0.0,158,158
00-0032966,2016,WR,Corey Coleman,10,9.330000000000002,7.533333333333334,12.025,0.23456123620852318,0.22626489338229772,-4.491666666666666,0.008296342826225461,62,72
00-0032966,2017,WR,Corey Coleman,9,7.277777777777778,5.550000000000001,10.733333333333334,0.18012119262119267,0.20024805911902688,-5.183333333333334,-0.02012686649783421,69,85
00-0032966,2018,WR,Corey Coleman,8,1.575,1.4333333333333333,2.0,0.0302771189867964,0.03368454174905788,-0.5666666666666667,-0.0034074227622614764,149,151
00-0032972,2016,RB,Devontae Booker,16,8.91875,11.033333333333331,7.649999999999999,0.09677706552706551,0.07930911067003128,3.383333333333333,0.01746795485703423,44,33
00-0032972,2017,RB,Devontae Booker,13,7.0307692307692315,5.683333333333334,8.185714285714285,0.07395439692878018,0.07822185057250927,-2.5023809523809515,-0.004267453643729088,56,63
00-0032972,2018,RB,Devontae Booker,16,5.487500000000001,5.033333333333334,5.76,0.09730250567316641,0.08797003482407798,-0.7266666666666657,0.009332470849088434,75,73
00-0032972,2019,RB,Devontae Booker,9,1.4000000000000001,1.6333333333333335,0.9333333333333332,0.034970113401485946,0.03565908794666966,0.7000000000000003,-0.0006889745451837126,105,98
00-0032972,2020,RB,Devontae Booker,15,5.713333333333334,3.1999999999999997,7.388888888888889,0.047486617051834434,0.04231198625074741,-4.18888888888889,0.005174630801087023,66,92
00-0032972,2021,RB,Devontae Booker,16,9.00625,8.633333333333335,9.23,0.12413874199723336,0.09524894837637837,-0.5966666666666658,0.02888979362085499,43,47
00-0032975,2016,RB,Jonathan Williams,8,1.5499999999999998,2.0166666666666666,0.15000000000000002,0.0154320987654321,0.011574074074074075,1.8666666666666667,0.0038580246913580245,101,92
00-0032975,2022,RB,Jonathan Williams,9,2.9111111111111105,3.4666666666666663,1.7999999999999998,0.06298630563336452,0.04199087042224301,1.6666666666666665,0.02099543521112151,88,84
00-0032977,2016,WR,Rashard Higgins,10,1.37,1.8833333333333335,0.6,0.03605831429846258,0.03253496579484424,1.2833333333333337,0.003523348503618344,149,141
00-0032977,2017,WR,Rashard Higgins,14,4.8999999999999995,5.3,4.6,0.0784918559112107,0.09560296842487022,0.7000000000000002,-0.017111112513659515,99,88
00-0032977,2018,WR,Rashard Higgins,13,9.092307692307692,9.516666666666667,8.728571428571428,0.1296268276479177,0.11796827473380528,0.7880952380952397,0.011658552914112413,59,54
00-0032977,2019,WR,Rashard Higgins,7,2.2142857142857144,1.4833333333333334,6.6,0.03986576289207868,0.045448849396217815,-5.116666666666666,-0.005583086504139134,139,143
00-0032977,2020,WR,Rashard Higgins,12,10.075,11.9,8.249999999999998,0.1811450509367175,0.15134368413425425,3.650000000000002,0.02980136680246326,57,47
00-0032977,2021,WR,Rashard Higgins,12,4.791666666666667,4.233333333333333,5.3500000000000005,0.13630518330184635,0.12829409587960755,-1.1166666666666671,0.0080110874222388,112,119
00-0032980,2017,WR,Marcus Johnson,6,1.5833333333333333,1.5833333333333333,0.0,0.044437229437229414,0.044437229437229414,1.5833333333333333,0.0,150,147
00-0032980,2019,WR,Marcus Johnson,8,7.0875,6.833333333333335,7.8500000000000005,0.1430623805623806,0.1407216938466938,-1.0166666666666657,0.002340686715686796,78,78
00-0032980,2020,WR,Marcus Johnson,9,4.388888888888889,1.9500000000000002,9.266666666666667,0.07445687029020358,0.08518685532574413,-7.316666666666667,-0.010729985035540554,121,144
00-0032980,2021,WR,Marcus Johnson,7,3.542857142857143,2.766666666666667,8.2,0.07918618373275231,0.10188747721310742,-5.433333333333332,-0.022701293480355114,130,136
00-0032980,2022,WR,Marcus Johnson,8,2.3625,1.3166666666666667,5.5,0.07581523330015799,0.09128450189819537,-4.183333333333334,-0.015469268598037378,144,148
00-0032986,2019,TE,J.P. Holtz,8,2.0124999999999997,2.4,0.85,0.03562398175301401,0.0305058651026393,1.5499999999999998,0.005118116650374711,74,71
00-0032986,2020,TE,J.P. Holtz,9,0.0,0.0,0.0,0.007936507936507934,0.005291005291005289,0.0,0.0026455026455026454,89,89
00-0033006,2017,WR,Jaydon Mickens,10,3.1700000000000004,3.9333333333333336,2.025,0.045384615384615336,0.03115233785822018,1.9083333333333337,0.014232277526395155,120,105
00-0033006,2018,WR,Jaydon Mickens,6,0.0,0.0,0.0,0.0,0.0,0.0,0.0,167,167
00-0033006,2020,WR,Jaydon Mickens,10,1.28,2.1333333333333333,0.0,0.04146341463414635,0.02487804878048781,2.1333333333333333,0.01658536585365854,157,142
00-0033006,2021,WR,Jaydon Mickens,11,0.2727272727272727,0.5,0.0,0.0164092664092664,0.008950508950508945,0.5,0.0074587574587574555,177,169
00-0033009,2016,WR,Tyler Boyd,16,7.7562500000000005,8.649999999999999,7.2200000000000015,0.16011123098840535,0.14767817163614427,1.429999999999997,0.012433059352261078,76,63
00-0033009,2017,WR,Tyler Boyd,10,5.65,7.7,2.575,0.10602447462203556,0.09380296167549422,5.125,0.012221512946541335,92,65
00-0033009,2018,WR,Tyler Boyd,14,15.792857142857143,13.299999999999999,17.6625,0.21314814814814834,0.22062337536640672,-4.3625000000000025,-0.0074752272182583845,20,32
00-0033009,2019,WR,Tyler Boyd,16,13.93125,16.583333333333332,12.34,0.26544411889915615,0.25188230993572736,4.243333333333332,0.01356180896342879,27,15
00-0033009,2020,WR,Tyler Boyd,15,12.842666666666666,7.95,16.104444444444443,0.18068925875943412,0.19998853141137587,-8.154444444444444,-0.019299272651941757,37,69
00-0033009,2021,WR,Tyler Boyd,16,11.489999999999998,13.133333333333333,10.504,0.16115122631813972,0.19443740120515018,2.6293333333333333,-0.03328617488701047,39,27
00-0033009,2022,WR,Tyler Boyd,16,10.445,7.216666666666668,12.382000000000001,0.11531050568690022,0.1384397473946266,-5.165333333333334,-0.023129241707726386,47,74
00-0033009,2023,WR,Tyler Boyd,17,8.517647058823528,6.0,9.890909090909092,0.12418898160833641,0.16323982026038367,-3.8909090909090924,-0.039050838652047254,61,83
00-0033009,2024,WR,Tyler Boyd,15,5.220000000000001,5.533333333333332,5.011111111111111,0.13023910273910266,0.12563974852822213,0.5222222222222213,0.004599354210880535,101,94
00-0033025,2016,RB,Jalen Richard,16,7.21875,6.183333333333333,7.840000000000001,0.06439778886425233,0.06910181083374245,-1.656666666666668,-0.004704021969490116,57,63
00-0033025,2017,RB,Jalen Richard,16,5.63125,4.033333333333334,6.590000000000001,0.05502413441009929,0.06397180883275563,-2.5566666666666666,-0.008947674422656343,69,81
00-0033025,2018,RB,Jalen Richard,16,9.7875,8.433333333333332,10.6,0.11619935057435049,0.15692857953111022,-2.166666666666668,-0.04072922895675973,40,47
00-0033025,2019,RB,Jalen Richard,16,5.175000000000001,6.6499999999999995,4.290000000000001,0.11161350033855172,0.08709412238214564,2.3599999999999985,0.024519377956406074,69,53
00-0033025,2020,RB,Jalen Richard,13,3.930769230769231,3.1666666666666665,4.585714285714286,0.0404991948470209,0.05170981374196578,-1.4190476190476198,-0.01121061889494488,84,93
00-0033025,2021,RB,Jalen Richard,9,2.5777777777777775,2.5,2.733333333333333,0.03774753610271513,0.04585596711236093,-0.23333333333333295,-0.008108431009645797,99,100
00-0033040,2016,WR,Tyreek Hill,16,13.6875,19.150000000000002,10.41,0.20269673855039697,0.15576034525593152,8.740000000000002,0.046936393294465445,22,4
00-0033040,2017,WR,Tyreek Hill,15,16.34666666666667,18.73333333333333,14.755555555555556,0.22183011024922797,0.21814140073774965,3.9777777777777743,0.0036887095114783164,4,6
00-0033040,2018,WR,Tyreek Hill,16,20.875,20.299999999999997,21.22,0.24234791631424202,0.24177673114610657,-0.9200000000000017,0.0005711851681354518,3,6
00-0033040,2019,WR,Tyreek Hill,12,15.691666666666665,11.533333333333333,19.849999999999998,0.18941225350539068,0.21358574756653806,-8.316666666666665,-0.024173494061147383,11,42
00-0033040,2020,WR,Tyreek Hill,15,21.926666666666666,25.61666666666667,19.466666666666665,0.24921349962910053,0.23280815772168253,6.150000000000006,0.016405341907417992,2,1
00-0033040,2021,WR,Tyreek Hill,17,17.441176470588236,10.649999999999999,21.145454545454548,0.18173399860350511,0.2478888373026472,-10.49545454545455,-0.0661548386991421,6,50
00-0033040,2022,WR,Tyreek Hill,17,20.070588235294117,17.316666666666666,21.572727272727278,0.3119916485112563,0.3022196776965346,-4.256060606060611,0.009771970814721698,4,11
00-0033040,2023,WR,Tyreek Hill,16,23.525,20.249999999999996,25.490000000000002,0.34396504729838084,0.3301570298421529,-5.2400000000000055,0.01380801745622795,2,5
00-0033040,2024,WR,Tyreek Hill,17,12.835294117647058,14.9,11.70909090909091,0.2280229995342197,0.21854133803306394,3.1909090909090896,0.009481661501155758,32,30
00-0033045,2016,RB,Ezekiel Elliott,15,21.69333333333333,20.650000000000002,22.38888888888889,0.11477160390203872,0.09529469012322068,-1.7388888888888872,0.019476913778818036,3,5
00-0033045,2017,RB,Ezekiel Elliott,10,20.32,21.616666666666664,18.375,0.10502079619726674,0.12288239059579173,3.2416666666666636,-0.017861594398524985,3,4
00-0033045,2018,RB,Ezekiel Elliott,15,21.94,25.133333333333336,19.811111111111114,0.22560723933998117,0.1975299391298116,5.322222222222223,0.028077300210169576,6,3
00-0033045,2019,RB,Ezekiel Elliott,16,19.481250000000003,22.400000000000002,17.73,0.15582272928934415,0.12734747411620467,4.670000000000002,0.02847525517313948,5,3
00-0033045,2020,RB,Ezekiel Elliott,15,14.913333333333334,12.783333333333331,16.333333333333332,0.10778180284821635,0.11466394730011996,-3.5500000000000007,-0.006882144451903605,15,25
00-0033045,2021,RB,Ezekiel Elliott,17,14.827058823529413,10.516666666666666,17.17818181818182,0.08685315699115441,0.10002366413076108,-6.661515151515154,-0.013170507139606671,17,36
00-0033045,2022,RB,Ezekiel Elliott,15,12.386666666666665,12.350000000000001,12.411111111111111,0.06316646316646314,0.046636364180518926,-0.061111111111110006,0.016530098985944215,23,19
00-0033045,2023,RB,Ezekiel Elliott,17,10.264705882352942,15.9,7.190909090909091,0.23152089691299924,0.12377699904435797,8.709090909090909,0.10774389786864126,34,11
00-0033045,2024,RB,Ezekiel Elliott,15,3.833333333333334,2.333333333333333,4.833333333333333,0.011328725038402451,0.02607290506110333,-2.5,-0.01474418002270088,70,87
00-0033054,2018,TE,Rico Gathers,7,1.0714285714285714,1.25,0.0,0.026442035718765286,0.03508696229310316,1.25,-0.008644926574337873,88,87
00-0033069,2016,WR,Braxton Miller,10,3.09,3.783333333333333,2.05,0.08331111204674431,0.08028636752774693,1.7333333333333334,0.0030247445189973826,130,118
00-0033069,2017,WR,Braxton Miller,10,4.13,4.716666666666666,3.25,0.10635975649562605,0.09811139552050344,1.466666666666666,0.008248360975122618,109,95
00-0033077,2016,QB,Dak Prescott,16,17.93,14.196666666666667,20.169999999999998,0.0,0.0,-5.973333333333331,0.0,10,23
00-0033077,2017,QB,Dak Prescott,16,16.291249999999998,12.733333333333334,18.426000000000002,0.0,0.0,-5.692666666666668,0.0,14,26
00-0033077,2018,QB,Dak Prescott,16,17.86875,20.379999999999995,16.362,0.0,0.0020161290322580623,4.017999999999997,-0.0020161290322580623,13,5
00-0033077,2019,QB,Dak Prescott,16,21.111250000000002,17.606666666666666,23.214,0.0,0.0,-5.607333333333333,0.0,3,13
00-0033077,2021,QB,Dak Prescott,16,20.035000000000004,19.64666666666667,20.268,0.0,0.0,-0.6213333333333324,0.0,8,8
00-0033077,2022,QB,Dak Prescott,12,16.549999999999997,16.963333333333335,16.136666666666667,0.0,0.0,0.826666666666668,0.0,14,12
00-0033077,2023,QB,Dak Prescott,17,20.167058823529413,19.39,20.590909090909093,0.0,0.0,-1.200909090909093,0.0,4,6
00-0033077,2024,QB,Dak Prescott,8,14.564999999999998,15.356666666666664,12.190000000000001,0.0,0.0,3.1666666666666625,0.0,22,21
00-0033077,2025,QB,Dak Prescott,17,18.457647058823532,15.590000000000002,20.021818181818183,0.0,0.0,-4.431818181818182,0.0,9,15
00-0033079,2016,WR,Ricardo Louis,14,2.75,0.7000000000000001,4.2875,0.008333333333333333,0.06271528985108472,-3.5874999999999995,-0.05438195651775139,134,153
00-0033079,2017,WR,Ricardo Louis,14,4.478571428571429,1.75,6.525,0.07850275834146804,0.11907021344251426,-4.775,-0.040567455101046215,103,144
00-0033080,2016,TE,Seth DeValve,8,4.3375,3.9499999999999997,5.5,0.047867191665641275,0.04238363220590394,-1.5500000000000003,0.0054835594597373374,47,48
00-0033080,2017,TE,Seth DeValve,16,4.78125,3.933333333333333,5.29,0.086685346060346,0.1016772943688673,-1.356666666666667,-0.014991948308521297,42,44
00-0033080,2018,TE,Seth DeValve,7,2.628571428571429,2.466666666666667,3.6,0.026696277338872202,0.026283883977536716,-1.1333333333333333,0.0004123933613354863,68,69
00-0033080,2019,TE,Seth DeValve,7,3.7142857142857144,3.9,2.6,0.0843309915890561,0.07757471236733908,1.2999999999999998,0.006756279221717024,53,50
00-0033090,2016,TE,Hunter Henry,13,9.984615384615385,9.633333333333333,10.285714285714286,0.10020679546541622,0.11699909773285878,-0.6523809523809536,-0.016792302267442563,18,17
00-0033090,2017,TE,Hunter Henry,12,10.575,10.116666666666665,11.033333333333331,0.13584430718493645,0.1441266879866578,-0.9166666666666661,-0.008282380801721334,8,8
00-0033090,2019,TE,Hunter Henry,12,12.516666666666666,9.566666666666665,15.466666666666669,0.13844027824290975,0.18546006762010217,-5.900000000000004,-0.04701978937719242,8,15
00-0033090,2020,TE,Hunter Henry,14,10.37857142857143,11.766666666666666,9.3375,0.16140691416426708,0.17853143022663961,2.4291666666666654,-0.01712451606237253,11,10
00-0033090,2021,TE,Hunter Henry,16,10.26875,9.333333333333334,10.83,0.1664193893024538,0.14705436666879762,-1.4966666666666661,0.019365022633656193,12,15
00-0033090,2022,TE,Hunter Henry,16,6.4937499999999995,8.65,5.2,0.1468575950193598,0.12395972921740936,3.45,0.02289786580195044,28,19
00-0033090,2023,TE,Hunter Henry,13,9.223076923076924,11.15,7.571428571428572,0.16855988264465369,0.14677125957807524,3.5785714285714283,0.021788623066578444,15,9
00-0033090,2024,TE,Hunter Henry,16,9.0875,9.433333333333334,8.879999999999999,0.21306559013431373,0.20363373622869752,0.5533333333333346,0.009431853905616211,16,19
00-0033090,2025,TE,Hunter Henry,17,10.51764705882353,13.1,9.10909090909091,0.19601010101010097,0.17418702638075653,3.9909090909090903,0.021823074629344436,13,9
00-0033094,2017,WR,Marvin Hall,6,2.3333333333333335,2.3333333333333335,11.0,0.05031052012120299,0.05031052012120299,-8.666666666666666,0.0,133,131
00-0033094,2018,WR,Marvin Hall,14,2.207142857142857,0.3333333333333333,3.6125,0.03523556684120762,0.035677865078955706,-3.2791666666666663,-0.0004422982377480858,145,161
00-0033094,2019,WR,Marvin Hall,7,5.685714285714286,5.516666666666667,6.7,0.0401126810327243,0.04777515517090654,-1.1833333333333336,-0.007662474138182239,96,92
00-0033094,2020,WR,Marvin Hall,11,5.481818181818183,7.600000000000001,2.94,0.10189574314574319,0.07781100688287232,4.660000000000002,0.024084736262870873,110,73
00-0033104,2016,QB,Cody Kessler,9,8.555555555555555,8.29,9.086666666666668,0.0,0.0,-0.7966666666666686,0.0,34,33
00-0033106,2016,QB,Jared Goff,7,7.594285714285713,7.783333333333332,6.46,0.0,0.0,1.3233333333333324,0.0,35,35
00-0033106,2017,QB,Jared Goff,15,17.017333333333333,15.843333333333332,17.799999999999997,0.0,0.0,-1.9566666666666652,0.0,11,15
00-0033106,2018,QB,Jared Goff,16,19.395,15.793333333333331,21.556,0.0,0.0,-5.76266666666667,0.0,10,17
00-0033106,2019,QB,Jared Goff,16,15.469999999999999,18.05,13.922,0.0,0.0,4.128,0.0,21,9
00-0033106,2020,QB,Jared Goff,15,15.998666666666669,14.950000000000001,16.697777777777777,0.0,0.0,-1.7477777777777757,0.0,23,28
00-0033106,2021,QB,Jared Goff,14,13.892857142857144,14.516666666666667,13.425,0.0,0.0,1.0916666666666668,0.0,24,19
00-0033106,2022,QB,Jared Goff,17,16.72470588235294,19.89,14.998181818181818,0.0,0.0015898251192368823,4.8918181818181825,-0.0015898251192368823,13,6
00-0033106,2023,QB,Jared Goff,17,17.005882352941182,16.3,17.39090909090909,0.0,0.0,-1.09090909090909,0.0,14,20
00-0033106,2024,QB,Jared Goff,17,19.08588235294118,23.403333333333336,16.730909090909094,0.0,0.003095975232198141,6.672424242424242,-0.003095975232198141,7,4
00-0033106,2025,QB,Jared Goff,17,17.474117647058826,17.683333333333334,17.36,0.0,0.0,0.32333333333333414,0.0,12,10
00-0033110,2016,TE,Tyler Higbee,12,2.125,3.1333333333333333,1.1166666666666665,0.07836201298211934,0.06855027479912465,2.0166666666666666,0.00981173818299469,71,62
00-0033110,2017,TE,Tyler Higbee,14,4.321428571428572,3.466666666666667,4.9625,0.07468922436558796,0.09681908093503798,-1.4958333333333336,-0.022129856569450018,44,50
00-0033110,2018,TE,Tyler Higbee,14,4.657142857142857,4.783333333333332,4.5625,0.0700267851963464,0.06826812000265545,0.22083333333333233,0.0017586651936909586,41,36
00-0033110,2019,TE,Tyler Higbee,14,11.457142857142857,19.033333333333335,5.775,0.25962394054216165,0.1600370237197048,13.258333333333335,0.09958691682245685,11,1
00-0033110,2020,TE,Tyler Higbee,15,8.546666666666669,8.266666666666666,8.733333333333333,0.1179133124255075,0.1151806148282672,-0.4666666666666668,0.002732697597240291,22,26
00-0033110,2021,TE,Tyler Higbee,15,9.8,11.266666666666666,8.822222222222223,0.17978665478665468,0.15612167036575972,2.444444444444443,0.023664984420894958,15,9
00-0033110,2022,TE,Tyler Higbee,16,9.5,10.166666666666666,9.099999999999998,0.24083022097727982,0.21644805941884868,1.0666666666666682,0.024382161558431148,12,9
00-0033110,2023,TE,Tyler Higbee,15,7.233333333333333,8.983333333333333,6.066666666666666,0.1397113350345698,0.13935042287187369,2.916666666666666,0.00036091216269612536,24,17
00-0033110,2025,TE,Tyler Higbee,10,7.109999999999999,9.816666666666666,3.05,0.13152802068045585,0.10997741846887957,6.766666666666667,0.021550602211576286,31,16
00-0033111,2016,WR,Pharoh Cooper,9,2.511111111111111,3.283333333333333,0.9666666666666668,0.08877558172133442,0.06888711317913904,2.3166666666666664,0.01988846854219538,136,125
00-0033111,2017,WR,Pharoh Cooper,16,1.6250000000000002,1.55,1.67,0.0460694585411058,0.03507554817632894,-0.11999999999999988,0.010993910364776857,147,149
00-0033111,2018,WR,Pharoh Cooper,7,0.0,0.0,0.0,0.005208333333333333,0.004464285714285714,0.0,0.000744047619047619,167,167
00-0033111,2019,WR,Pharoh Cooper,12,4.625,5.016666666666667,4.233333333333333,0.08459649582837987,0.09000771668925116,0.7833333333333332,-0.005411220860871285,110,98
00-0033111,2020,WR,Pharoh Cooper,15,0.82,1.6833333333333333,0.24444444444444446,0.03293411381646676,0.015134429840312201,1.4388888888888889,0.017799683976154564,165,150
00-0033111,2021,WR,Pharoh Cooper,8,0.95,1.2666666666666666,0.0,0.07318143860741515,0.05488607895556136,1.2666666666666666,0.01829535965185379,164,157
00-0033114,2016,WR,Mike Thomas,8,0.8374999999999999,1.1166666666666667,0.0,0.03747850218886798,0.0329165689493433,1.1166666666666667,0.004561933239524682,156,150
00-0033114,2017,WR,Mike Thomas,6,2.3833333333333333,2.3833333333333333,2.2,0.03529010434583183,0.03529010434583183,0.18333333333333313,0.0,131,129
00-0033114,2019,WR,Mike Thomas,7,0.4857142857142857,0.5666666666666667,0.0,0.0400735294117647,0.034348739495798315,0.5666666666666667,0.005724789915966387,168,164
00-0033114,2020,WR,Mike Thomas,12,2.5250000000000004,1.2333333333333334,3.8166666666666664,0.028182157521463237,0.042516679395566616,-2.583333333333333,-0.01433452187410338,144,156
00-0033114,2021,WR,Mike Thomas,7,1.457142857142857,1.45,1.5,0.048670837950169334,0.05820137758366157,-0.050000000000000044,-0.009530539633492235,156,153
00-0033118,2016,RB,Kenyan Drake,15,3.3000000000000003,3.1166666666666667,3.4222222222222225,0.010940170940170933,0.02452003679589889,-0.3055555555555558,-0.013579865855727957,83,84
00-0033118,2017,RB,Kenyan Drake,16,8.89375,16.683333333333334,4.22,0.13821183805122136,0.07872104222788412,12.463333333333335,0.059490795823337245,39,9
00-0033118,2018,RB,Kenyan Drake,16,12.8875,14.033333333333333,12.2,0.16741582216410608,0.1691762921797248,1.833333333333334,-0.0017604700156187147,21,20
00-0033118,2019,RB,Kenyan Drake,14,15.3,20.183333333333334,11.6375,0.1274949553935062,0.14541979980122008,8.545833333333334,-0.017924844407713886,13,5
00-0033118,2020,RB,Kenyan Drake,15,12.813333333333334,13.533333333333331,12.333333333333334,0.07347896969859877,0.06056297500670897,1.1999999999999975,0.012915994691889796,25,20
00-0033118,2021,RB,Kenyan Drake,12,8.541666666666666,8.116666666666665,8.966666666666667,0.08976179436941321,0.08795485025865966,-0.8500000000000014,0.00180694411075355,48,50
00-0033118,2022,RB,Kenyan Drake,12,8.674999999999999,9.516666666666667,7.833333333333333,0.09487840590781758,0.0736197741606801,1.6833333333333345,0.02125863174713749,42,41
00-0033119,2017,QB,Jacoby Brissett,16,12.870000000000001,10.606666666666666,14.228,0.0,0.0,-3.621333333333334,0.0,27,33
00-0033119,2019,QB,Jacoby Brissett,15,14.512000000000002,12.6,15.786666666666669,0.00694444444444445,0.00277777777777778,-3.186666666666669,0.00416666666666667,26,29
00-0033119,2020,QB,Jacoby Brissett,11,1.870909090909091,2.1333333333333333,1.556,0.0,0.0,0.5773333333333333,0.0,39,39
00-0033119,2021,QB,Jacoby Brissett,10,7.232000000000001,5.216666666666667,10.255,0.0,0.0,-5.038333333333334,0.0,40,41
00-0033119,2022,QB,Jacoby Brissett,14,12.044285714285712,9.323333333333334,14.085,0.0,0.0,-4.761666666666667,0.0,31,36
00-0033119,2024,QB,Jacoby Brissett,7,6.462857142857144,6.2,8.04,0.0,0.0,-1.839999999999999,0.0,44,44
00-0033119,2025,QB,Jacoby Brissett,14,16.245714285714286,16.993333333333336,15.685000000000002,0.0,0.0,1.3083333333333336,0.0,18,12
00-0033127,2016,WR,Will Fuller,14,9.157142857142858,7.55,10.3625,0.17380261237162567,0.182021899132697,-2.812500000000001,-0.008219286761071337,64,71
00-0033127,2017,WR,Will Fuller,10,11.32,4.8999999999999995,20.95,0.16242298625169685,0.16935372413776592,-16.05,-0.006930737886069072,34,93
00-0033127,2018,WR,Will Fuller,7,15.185714285714287,13.5,25.3,0.20549317913148987,0.2176116650620143,-11.8,-0.01211848593052442,21,28
00-0033127,2019,WR,Will Fuller,11,12.181818181818182,8.0,17.2,0.17614482739482737,0.20726612621504747,-9.2,-0.031121298820220106,38,66
00-0033127,2020,WR,Will Fuller,11,17.172727272727272,19.28333333333333,14.64,0.23898069254338483,0.21782071507191966,4.643333333333331,0.02115997747146517,8,7
00-0033164,2019,RB,Troymaine Pope,11,1.0363636363636364,0.0,2.2800000000000002,0.003472222222222217,0.007954545454545454,-2.2800000000000002,-0.004482323232323237,113,119
00-0033217,2018,TE,Mo Alie-Cox,8,4.0375,4.2,3.5500000000000003,0.04936934352785908,0.047077749254012966,0.6499999999999999,0.0022915942738461134,47,43
00-0033217,2019,TE,Mo Alie-Cox,10,1.7299999999999998,1.5833333333333333,1.95,0.02847985347985348,0.03788563288563289,-0.3666666666666667,-0.00940577940577941,77,82
00-0033217,2020,TE,Mo Alie-Cox,14,5.742857142857145,3.1833333333333336,7.6625000000000005,0.06860079919579583,0.08750606141401025,-4.479166666666667,-0.018905262218214425,35,61
00-0033217,2021,TE,Mo Alie-Cox,17,4.68235294117647,3.25,5.463636363636364,0.10498970979123345,0.09337752916939847,-2.213636363636364,0.011612180621834986,39,59
00-0033217,2022,TE,Mo Alie-Cox,14,3.85,1.9333333333333336,5.2875,0.04874281104317473,0.06154743880312665,-3.354166666666666,-0.01280462775995192,57,79
00-0033217,2023,TE,Mo Alie-Cox,14,3.5071428571428567,5.1499999999999995,2.275,0.08581856210574747,0.05845232033067506,2.8749999999999996,0.02736624177507241,53,42
00-0033217,2024,TE,Mo Alie-Cox,12,2.725,1.6166666666666665,3.8333333333333335,0.07620341491309232,0.07026001949601267,-2.216666666666667,0.005943395417079653,61,74
00-0033217,2025,TE,Mo Alie-Cox,11,2.790909090909091,3.6166666666666667,1.8,0.06774851852716145,0.05647971818969897,1.8166666666666667,0.011268800337462477,67,57
00-0033246,2019,TE,Johnny Mundt,6,1.1,1.1,0.0,0.0260110598874474,0.0260110598874474,1.1,0.0,85,86
00-0033246,2022,TE,Johnny Mundt,13,3.0000000000000004,2.2333333333333334,3.6571428571428575,0.03091791832926585,0.04511865692637563,-1.423809523809524,-0.01420073859710978,69,74
00-0033246,2023,TE,Johnny Mundt,10,4.0200000000000005,5.583333333333333,1.675,0.09585144189185818,0.06548309750632426,3.908333333333333,0.030368344385533916,46,37
00-0033246,2024,TE,Johnny Mundt,14,3.2285714285714286,2.65,3.6624999999999996,0.030444545154910994,0.07236942452790429,-1.0124999999999997,-0.0419248793729933,56,58
00-0033246,2025,TE,Johnny Mundt,12,1.675,2.066666666666667,1.2833333333333332,0.05821198605209819,0.051344102361505606,0.7833333333333337,0.006867883690592581,84,77
00-0033251,2018,WR,Zach Pascal,14,4.771428571428571,5.5,4.2250000000000005,0.07928758741258733,0.07323142905143466,1.2749999999999995,0.006056158361152669,117,99
00-0033251,2019,WR,Zach Pascal,16,8.45625,8.45,8.46,0.16681632931632928,0.1410192213860692,-0.010000000000001563,0.025797107930260077,68,61
00-0033251,2020,WR,Zach Pascal,16,8.55625,9.25,8.139999999999999,0.12251614861486397,0.1369760369872401,1.1100000000000012,-0.01445988837237612,70,61
00-0033251,2021,WR,Zach Pascal,16,5.90625,1.95,8.28,0.11135330854657242,0.14041084787362992,-6.329999999999999,-0.0290575393270575,99,148
00-0033251,2022,WR,Zach Pascal,15,2.4,1.1166666666666665,3.255555555555555,0.02794070411168183,0.04177933337623896,-2.1388888888888884,-0.013838629264557128,143,150
00-0033251,2023,WR,Zach Pascal,10,0.5900000000000001,0.0,1.475,0.045824687165943546,0.04403251905594403,-1.475,0.0017921681099995132,169,175
00-0033258,2017,TE,Darrell Daniels,7,0.7999999999999999,0.9333333333333332,0.0,0.07400193813237287,0.06343023268489104,0.9333333333333332,0.01057170544748183,86,85
00-0033258,2018,TE,Darrell Daniels,6,0.0,0.0,0.0,0.01382243487506645,0.01382243487506645,0.0,0.0,93,93
00-0033258,2019,TE,Darrell Daniels,7,0.19999999999999998,0.2333333333333333,0.0,0.01643167789001122,0.01408429533429533,0.2333333333333333,0.0023473825557158903,89,89
00-0033258,2020,TE,Darrell Daniels,9,2.5777777777777775,3.1333333333333333,1.4666666666666668,0.039048583613801,0.03603436966608323,1.6666666666666665,0.003014213947717774,70,63
00-0033258,2021,TE,Darrell Daniels,10,0.1,0.16666666666666666,0.0,0.0166083916083916,0.01353646353646353,0.16666666666666666,0.003071928071928071,90,90
00-0033266,2017,WR,JoJo Natson,7,0.7571428571428572,0.8833333333333334,0.0,0.023685029567382516,0.0203014539148993,0.8833333333333334,0.0033835756524832165,163,157
00-0033266,2018,WR,JoJo Natson,13,0.0,0.0,0.0,0.0,0.0,0.0,0.0,167,167
00-0033266,2019,WR,JoJo Natson,12,0.0,0.0,0.0,0.0,0.0,0.0,0.0,175,172
00-0033275,2022,QB,PJ Walker,6,6.523333333333333,6.523333333333333,2.4,0.0,0.0,4.123333333333333,0.0,39,39
00-0033280,2017,RB,Christian McCaffrey,16,14.2875,13.283333333333337,14.89,0.19939565265652215,0.22686384703122264,-1.6066666666666638,-0.027468194374700494,13,21
00-0033280,2018,RB,Christian McCaffrey,16,24.09375,27.783333333333335,21.880000000000003,0.23981446084053304,0.22733826658333772,5.903333333333332,0.012476194257195317,3,1
00-0033280,2019,RB,Christian McCaffrey,16,29.450000000000003,28.100000000000005,30.26,0.2796590856080057,0.23413939371772116,-2.1599999999999966,0.045519691890284514,1,1
00-0033280,2021,RB,Christian McCaffrey,7,18.214285714285715,16.633333333333336,27.7,0.1734568135314334,0.18763830770226766,-11.066666666666663,-0.014181494170834252,5,13
00-0033280,2022,RB,Christian McCaffrey,17,20.962352941176473,24.283333333333335,19.15090909090909,0.20066665360783,0.21685712591617767,5.132424242424246,-0.016190472308347664,2,1
00-0033280,2023,RB,Christian McCaffrey,16,24.456249999999997,24.900000000000002,24.19,0.16696710696710682,0.18659607840135217,0.7100000000000009,-0.019628971434245357,1,1
00-0033280,2025,RB,Christian McCaffrey,17,24.505882352941175,22.116666666666664,25.80909090909091,0.1853131687823716,0.23353641669090425,-3.692424242424245,-0.048223247908532635,1,3
00-0033282,2017,WR,Curtis Samuel,8,4.1125,4.1,4.15,0.10123485494329483,0.10696230934041351,-0.05000000000000071,-0.005727454397118678,110,101
00-0033282,2018,WR,Curtis Samuel,13,10.676923076923076,11.6,9.885714285714284,0.1725603991373544,0.13768158388452248,1.7142857142857153,0.03487881525283193,45,44
00-0033282,2019,WR,Curtis Samuel,16,10.73125,8.733333333333333,11.930000000000001,0.12799302487840705,0.1798006800553804,-3.196666666666669,-0.05180765517697336,48,60
00-0033282,2020,WR,Curtis Samuel,15,14.140000000000002,16.466666666666665,12.58888888888889,0.23692773049390717,0.1940550254030647,3.8777777777777747,0.042872705090842456,27,19
00-0033282,2022,WR,Curtis Samuel,17,10.370588235294116,6.966666666666666,12.227272727272727,0.10570468928312066,0.16163449786316508,-5.260606060606061,-0.05592980858004443,48,79
00-0033282,2023,WR,Curtis Samuel,16,9.825,10.816666666666668,9.23,0.20815152984270635,0.16750355093407826,1.5866666666666678,0.04064797890862809,52,46
00-0033282,2024,WR,Curtis Samuel,14,4.55,6.983333333333334,2.725,0.1313519604372745,0.10936609466334003,4.258333333333335,0.02198586577393448,106,82
00-0033282,2025,WR,Curtis Samuel,6,3.516666666666666,3.516666666666666,1.9,0.05386946386946387,0.05386946386946387,1.6166666666666663,0.0,126,117
00-0033288,2017,TE,George Kittle,15,7.1,7.633333333333333,6.7444444444444445,0.09951307681570842,0.10816188914239107,0.8888888888888884,-0.008648812326682645,22,16
00-0033288,2018,TE,George Kittle,16,16.16875,18.53333333333333,14.75,0.32321989508794263,0.26792182381595575,3.7833333333333314,0.05529807127198688,3,2
00-0033288,2019,TE,George Kittle,14,15.892857142857144,18.1,14.2375,0.3107444537269099,0.2811759328919163,3.8625000000000007,0.029568520834993617,2,2
00-0033288,2020,TE,George Kittle,8,15.6375,12.616666666666665,24.700000000000003,0.2360515873015873,0.24230164779326363,-12.083333333333337,-0.00625006049167634,3,7
00-0033288,2021,TE,George Kittle,14,14.142857142857142,17.266666666666666,11.8,0.24113770214313682,0.22437682477830395,5.466666666666665,0.016760877364832866,4,2
00-0033288,2022,TE,George Kittle,15,13.366666666666669,16.25,11.444444444444445,0.23513781969664319,0.19743574985261658,4.805555555555555,0.0377020698440266,2,1
00-0033288,2023,TE,George Kittle,16,12.7,10.866666666666667,13.8,0.1868531468531468,0.1957660614918475,-2.9333333333333336,-0.008912914638700697,6,10
00-0033288,2024,TE,George Kittle,15,15.77333333333333,12.566666666666668,17.91111111111111,0.1851861296832832,0.20740292737996058,-5.344444444444443,-0.022216797696677365,1,10
00-0033288,2025,TE,George Kittle,11,14.681818181818182,17.400000000000002,11.42,0.265500562909983,0.21454148785862703,5.980000000000002,0.05095907505135594,3,3
00-0033292,2017,WR,Trent Taylor,15,6.533333333333333,7.933333333333334,5.6,0.1079744239283712,0.1049883325651555,2.333333333333334,0.002986091363215704,75,59
00-0033292,2018,WR,Trent Taylor,13,4.269230769230769,2.9499999999999997,5.4,0.05931585694516724,0.09026116474392329,-2.4500000000000006,-0.030945307798756046,123,135
00-0033292,2020,WR,Trent Taylor,12,1.5499999999999998,1.3499999999999999,1.75,0.04044117647058817,0.05212248686737563,-0.40000000000000013,-0.011681310396787464,155,154
00-0033292,2022,WR,Trent Taylor,16,0.8562500000000001,0.9833333333333334,0.78,0.0300925925925926,0.01897881337219573,0.20333333333333337,0.011113779220396872,158,154
00-0033292,2023,WR,Trent Taylor,15,-0.013333333333333334,0.0,-0.022222222222222223,0.005208333333333333,0.004861111111111113,0.022222222222222223,0.0003472222222222201,180,175
00-0033293,2017,RB,Aaron Jones,10,8.0,3.4500000000000006,14.825,0.036626206990344086,0.056357963576445826,-11.374999999999998,-0.01973175658610174,47,84
00-0033293,2018,RB,Aaron Jones,12,14.283333333333333,18.9,9.666666666666666,0.12741615934978925,0.08863976835658333,9.233333333333333,0.03877639099320593,17,8
00-0033293,2019,RB,Aaron Jones,16,19.674999999999997,17.249999999999996,21.130000000000003,0.10981894973123041,0.12474369934935203,-3.880000000000006,-0.014924749618121624,3,11
00-0033293,2020,RB,Aaron Jones,14,18.492857142857144,16.566666666666666,19.9375,0.12444486632820889,0.1477561927321605,-3.3708333333333336,-0.023311326403951615,4,14
00-0033293,2021,RB,Aaron Jones,15,15.266666666666667,13.449999999999998,16.477777777777778,0.11061899833247076,0.1321681324859692,-3.0277777777777803,-0.021549134153498448,13,22
00-0033293,2022,RB,Aaron Jones,17,14.623529411764707,12.666666666666666,15.69090909090909,0.13785007390270554,0.13649019153804415,-3.0242424242424235,0.0013598823646613911,12,17
00-0033293,2023,RB,Aaron Jones,11,12.263636363636362,11.766666666666666,12.86,0.10449187205185646,0.12319753726100467,-1.0933333333333337,-0.01870566520914821,26,29
00-0033293,2024,RB,Aaron Jones,17,14.211764705882354,13.549999999999999,14.572727272727274,0.11809101417573808,0.12172763237901828,-1.0227272727272751,-0.0036366182032801925,20,21
00-0033293,2025,RB,Aaron Jones,12,9.891666666666666,9.483333333333333,10.299999999999999,0.15746343098292137,0.14137757933363945,-0.8166666666666664,0.016085851649281918,32,34
00-0033295,2017,RB,Elijah McGuire,15,5.213333333333334,4.716666666666666,5.544444444444445,0.052917833800186796,0.052989576310259474,-0.8277777777777793,-7.174251007267818e-05,74,71
00-0033295,2018,RB,Elijah McGuire,8,10.7375,11.25,9.2,0.10654619571405803,0.1190842879338689,2.0500000000000007,-0.012538092219810865,34,31
00-0033296,2018,RB,Alex Armah,9,1.6666666666666665,1.4000000000000001,2.1999999999999997,0.00555555555555555,0.0037037037037037,-0.7999999999999996,0.0018518518518518498,98,100
00-0033296,2019,RB,Alex Armah,8,1.2125,0.3333333333333333,3.8499999999999996,0.0059523809523809494,0.009464285714285713,-3.516666666666666,-0.003511904761904764,110,113
00-0033296,2020,RB,Alex Armah,12,0.6416666666666667,0.7833333333333333,0.5000000000000001,0.030471761354114297,0.023492053516563315,0.2833333333333332,0.006979707837550982,119,116
00-0033296,2021,RB,Alex Armah,9,1.0222222222222221,1.4166666666666667,0.2333333333333333,0.004761904761904767,0.0031746031746031776,1.1833333333333333,0.001587301587301589,113,110
00-0033306,2017,WR,Victor Bolden,8,0.0,0.0,0.0,0.0,0.0,0.0,0.0,171,170
00-0033307,2017,WR,Kendrick Bourne,10,4.17,4.766666666666667,3.2750000000000004,0.10053292783555956,0.0950454235446496,1.4916666666666663,0.005487504290909967,107,94
00-0033307,2018,WR,Kendrick Bourne,16,7.168749999999999,8.45,6.4,0.14505870644635951,0.12807434365245812,2.049999999999999,0.016984362793901392,84,64
00-0033307,2019,WR,Kendrick Bourne,16,6.1125,5.95,6.21,0.08902053112579426,0.09256397065183142,-0.2599999999999998,-0.0035434395260371537,89,88
00-0033307,2020,WR,Kendrick Bourne,15,8.646666666666667,9.483333333333334,8.088888888888889,0.1294340801873083,0.1374700362428721,1.3944444444444457,-0.008035956055563814,69,59
00-0033307,2021,WR,Kendrick Bourne,17,10.617647058823529,9.75,11.090909090909093,0.11664426523297487,0.12977634485281886,-1.3409090909090935,-0.013132079619843987,44,55
00-0033307,2022,WR,Kendrick Bourne,16,5.51875,8.066666666666665,3.9899999999999998,0.12078328718508984,0.09705620303138787,4.076666666666664,0.023727084153701963,97,63
00-0033307,2023,WR,Kendrick Bourne,8,12.5,11.449999999999998,15.649999999999999,0.19682549491596565,0.1998677984356515,-4.200000000000001,-0.003042303519685846,34,40
00-0033307,2024,WR,Kendrick Bourne,12,5.425,5.3500000000000005,5.5,0.11257127694715359,0.10177185370395221,-0.14999999999999947,0.010799423243201378,98,97
00-0033307,2025,WR,Kendrick Bourne,14,6.578571428571429,2.6333333333333333,9.5375,0.0658528937514445,0.10798568563763015,-6.904166666666667,-0.042132791886185655,71,136
00-0033308,2017,RB,Matt Breida,16,6.46875,6.699999999999999,6.33,0.024547035073350848,0.05894724723773988,0.3699999999999992,-0.03440021216438903,59,58
00-0033308,2018,RB,Matt Breida,14,11.607142857142856,12.966666666666663,10.587499999999999,0.09327365156063698,0.07028526865826241,2.3791666666666647,0.022988382902374566,30,24
00-0033308,2019,RB,Matt Breida,12,8.608333333333333,5.3,11.916666666666664,0.04659919659919664,0.06150358865412628,-6.6166666666666645,-0.01490439205492964,45,62
00-0033308,2020,RB,Matt Breida,10,4.2,4.45,3.825,0.0262141009267446,0.02674295330966995,0.625,-0.0005288523829253509,81,74
00-0033308,2021,RB,Matt Breida,7,6.1,7.050000000000001,0.4,0.0480481936364289,0.041184165974081914,6.65,0.0068640276623469845,66,60
00-0033308,2022,RB,Matt Breida,17,3.5176470588235293,4.45,3.0090909090909093,0.0746753659511097,0.046747465817845446,1.440909090909091,0.027927900133264252,78,71
00-0033308,2023,RB,Matt Breida,15,3.1266666666666665,1.6333333333333335,4.122222222222223,0.03423342271381489,0.049654038690986065,-2.488888888888889,-0.015420615977171176,77,94
00-0033319,2018,QB,Nick Mullens,8,15.434999999999999,15.200000000000001,16.14,0.0,0.0,-0.9399999999999995,0.0,22,21
00-0033319,2020,QB,Nick Mullens,10,11.628,12.4,10.469999999999999,0.0,0.0,1.9300000000000015,0.0,31,32
00-0033338,2017,TE,Cethan Carter,6,0.0,0.0,0.0,0.004901960784313733,0.004901960784313733,0.0,0.0,90,89
00-0033338,2019,TE,Cethan Carter,7,1.3285714285714287,1.55,0.0,0.017667092379736047,0.015143222039773755,1.55,0.002523870339962292,81,83
00-0033338,2020,TE,Cethan Carter,13,0.7923076923076924,0.7666666666666666,0.8142857142857143,0.022839506172839502,0.018740803356187972,-0.04761904761904767,0.00409870281665153,82,82
00-0033338,2021,TE,Cethan Carter,8,0.45,0.3,0.9,0.00354609929078015,0.005635764944275588,-0.6000000000000001,-0.002089665653495438,87,88
00-0033357,2018,TE,Taysom Hill,15,2.2373333333333334,1.4666666666666668,2.7511111111111113,0.012838468720821667,0.016458461220822687,-1.2844444444444445,-0.0036199925000010204,73,83
00-0033357,2019,TE,Taysom Hill,16,6.387500000000001,8.866666666666665,4.8999999999999995,0.0453505045311517,0.039477134397198396,3.966666666666666,0.005873370133953303,31,18
00-0033357,2020,TE,Taysom Hill,16,9.78875,14.826666666666663,6.766,0.021800517490172668,0.022090831927870005,8.060666666666663,-0.00029031443769733656,13,4
00-0033357,2021,TE,Taysom Hill,12,10.143333333333333,14.853333333333333,5.433333333333334,0.009523809523809516,0.017124542124542116,9.42,-0.0076007326007326,13,4
00-0033357,2022,TE,Taysom Hill,16,9.112499999999999,9.200000000000001,9.059999999999999,0.04288129744651481,0.028105931533241306,0.14000000000000234,0.014775365913273504,14,17
00-0033357,2023,TE,Taysom Hill,16,8.969999999999999,8.106666666666666,9.488000000000001,0.0629262310702473,0.0700873078160191,-1.3813333333333357,-0.007161076745771808,16,22
00-0033357,2024,TE,Taysom Hill,8,12.7925,15.80666666666667,3.75,0.15701631529804902,0.13651223647353677,12.05666666666667,0.020504078824512245,6,4
00-0033357,2025,TE,Taysom Hill,13,3.213846153846154,3.8866666666666667,2.6371428571428566,0.05755110554860241,0.03602186929118548,1.2495238095238101,0.021529236257416935,61,54
00-0033367,2020,WR,C.J. Board,11,1.9454545454545455,1.25,2.7800000000000002,0.02526084843158015,0.04955827715286986,-1.5300000000000002,-0.02429742872128971,150,155
00-0033367,2021,WR,C.J. Board,6,1.6166666666666665,1.6166666666666665,1.6,0.027666952666952665,0.027666952666952665,0.016666666666666385,0.0,154,152
00-0033373,2018,RB,Taquan Mizzell,8,2.925,3.6500000000000004,0.75,0.03893786189611959,0.0417033964220897,2.9000000000000004,-0.002765534525970108,89,84
00-0033375,2018,WR,Tim Patrick,12,5.016666666666667,7.383333333333333,2.65,0.1443803256711902,0.08552486734677019,4.7333333333333325,0.058855458324420004,114,78
00-0033375,2019,WR,Tim Patrick,8,4.725,4.3500000000000005,5.85,0.12357130886542646,0.1204562594268476,-1.4999999999999991,0.0031150494385788624,108,111
00-0033375,2020,WR,Tim Patrick,15,10.746666666666668,8.483333333333333,12.255555555555556,0.15022609819121444,0.172203012375901,-3.772222222222224,-0.021976914184686558,55,67
00-0033375,2021,WR,Tim Patrick,16,9.774999999999999,7.183333333333333,11.330000000000002,0.2040097533304057,0.17935522295616602,-4.146666666666669,0.024654530374239675,53,87
00-0033375,2024,WR,Tim Patrick,15,6.159999999999999,7.933333333333334,4.977777777777778,0.08561205694942252,0.08911818594015525,2.9555555555555557,-0.003506128990732729,92,74
00-0033375,2025,WR,Tim Patrick,13,3.976923076923077,4.066666666666667,3.9,0.0757897067574486,0.061975531432810364,0.1666666666666674,0.013814175324638238,116,109
00-0033376,2017,RB,Patrick Ricard,6,2.8666666666666667,2.8666666666666667,0.0,0.02101419764123145,0.02101419764123145,2.8666666666666667,0.0,91,89
00-0033376,2018,RB,Patrick Ricard,7,0.0,0.0,0.0,0.0,0.0,0.0,0.0,117,117
00-0033376,2019,RB,Patrick Ricard,10,1.8700000000000003,1.45,2.5,0.05540916410481625,0.043550917182101585,-1.05,0.011858246922714664,100,102
00-0033376,2020,RB,Patrick Ricard,9,1.9333333333333331,1.4666666666666668,2.8666666666666667,0.056359620771385344,0.053021282339270316,-1.4,0.0033383384321150275,108,109
00-0033376,2021,RB,Patrick Ricard,8,2.5875,2.8333333333333335,1.85,0.04463790881473806,0.04640946609381218,0.9833333333333334,-0.001771557279074118,98,96
00-0033376,2022,RB,Patrick Ricard,13,1.5384615384615385,1.1,1.9142857142857144,0.028872053872053882,0.03908807507945438,-0.8142857142857143,-0.010216021207400498,105,106
00-0033376,2023,RB,Patrick Ricard,7,2.3142857142857145,2.3000000000000003,2.4,0.03737598351320904,0.039973065233544255,-0.09999999999999964,-0.002597081720335216,91,89
00-0033376,2024,RB,Patrick Ricard,10,1.12,1.866666666666667,0.0,0.01970382946613845,0.01981000889320073,1.866666666666667,-0.00010617942706227929,104,93
00-0033382,2018,WR,Austin Carr,9,3.411111111111111,3.8666666666666667,2.5,0.05701524087643529,0.050770416201688665,1.3666666666666667,0.006244824674746623,131,128
00-0033386,2022,WR,Cody Hollister,6,1.4000000000000001,1.4000000000000001,3.2,0.05569685690653431,0.05569685690653431,-1.8,0.0,151,147
00-0033387,2017,TE,Jacob Hollister,13,0.6692307692307692,0.3333333333333333,0.9571428571428572,0.026495726495726485,0.023640512061133993,-0.6238095238095238,0.0028552144345924922,87,88
00-0033387,2019,TE,Jacob Hollister,10,9.39,7.533333333333334,12.175,0.1918697681565145,0.1851678532532425,-4.641666666666667,0.006701914903271988,14,23
00-0033387,2020,TE,Jacob Hollister,13,5.06923076923077,5.349999999999999,4.828571428571429,0.11217454515393967,0.0913067979754254,0.5214285714285696,0.020867747178514265,42,38
00-0033387,2021,TE,Jacob Hollister,7,2.9285714285714284,2.8333333333333335,3.5,0.041941738816738815,0.06273577612863328,-0.6666666666666665,-0.020794037311894463,65,64
00-0033421,2018,TE,Antony Auclair,9,1.3111111111111111,0.6666666666666666,2.6,0.014098802750118532,0.02151121262963368,-1.9333333333333336,-0.007412409879515148,86,89
00-0033434,2019,WR,Bobo Wilson,6,1.0833333333333333,1.0833333333333333,0.0,0.04863415451650747,0.04863415451650747,1.0833333333333333,0.0,156,150
00-0033439,2019,TE,Pharaoh Brown,7,0.6714285714285714,0.7833333333333332,0.0,0.015214307048984467,0.013040834613415259,0.7833333333333332,0.0021734724355692084,87,87
00-0033439,2020,TE,Pharaoh Brown,10,4.2299999999999995,6.016666666666667,1.5499999999999998,0.0556880787143945,0.04512367135325394,4.466666666666667,0.01056440736114056,49,34
00-0033439,2021,TE,Pharaoh Brown,13,2.930769230769231,2.45,3.3428571428571425,0.10263223089310042,0.09416219878446112,-0.8928571428571423,0.008470032108639294,64,70
00-0033439,2022,TE,Pharaoh Brown,8,2.9625000000000004,2.6,4.050000000000001,0.07012995438042877,0.07296157989943566,-1.4500000000000006,-0.0028316255190068973,71,71
00-0033439,2023,TE,Pharaoh Brown,11,3.436363636363636,1.3,6.000000000000001,0.04672511242311022,0.0477070955658275,-4.700000000000001,-0.0009819831427172812,54,85
00-0033439,2024,TE,Pharaoh Brown,10,1.2500000000000002,1.2666666666666666,1.225,0.04069015275911828,0.03681238518583997,0.04166666666666652,0.003877767573278311,82,81
00-0033455,2018,TE,Anthony Firkser,9,5.277777777777778,5.583333333333333,4.666666666666667,0.0924566126027896,0.09363464011140182,0.9166666666666661,-0.00117802750861222,33,31
00-0033455,2019,TE,Anthony Firkser,10,4.040000000000001,4.316666666666667,3.625,0.11406479160865123,0.0928663686814776,0.6916666666666673,0.021198422927173624,47,44
00-0033455,2020,TE,Anthony Firkser,15,5.579999999999999,3.4166666666666665,7.022222222222222,0.0754467566786408,0.11937474465240164,-3.6055555555555556,-0.04392798797376084,37,59
00-0033455,2021,TE,Anthony Firkser,15,4.873333333333333,6.716666666666668,3.644444444444445,0.10029761904761914,0.09298275891553204,3.072222222222223,0.007314860132087098,37,25
00-0033455,2022,TE,Anthony Firkser,8,2.375,2.3666666666666667,2.4000000000000004,0.06267970380873607,0.06140122522497309,-0.03333333333333366,0.001278478583762975,76,73
00-0033460,2018,WR,John Ross,13,6.53076923076923,5.949999999999999,7.028571428571429,0.17182553991478489,0.14636158054301446,-1.07857142857143,0.025463959371770428,93,95
00-0033460,2019,WR,John Ross,8,11.875,6.5,28.0,0.16012445846793386,0.17451511255843327,-21.5,-0.014390654090499416,40,83
00-0033460,2021,WR,John Ross,9,4.555555555555555,3.666666666666666,6.333333333333333,0.0460347038226829,0.06268012620544555,-2.666666666666667,-0.016645422382762655,117,125
00-0033464,2017,WR,Jehu Chesson,6,0.6333333333333333,0.6333333333333333,0.0,0.019336219336219335,0.019336219336219335,0.6333333333333333,0.0,165,162
00-0033464,2018,WR,Jehu Chesson,6,0.21666666666666665,0.21666666666666665,0.0,0.009960718294051617,0.009960718294051617,0.21666666666666665,0.0,164,165
00-0033466,2017,WR,Isaiah McKenzie,11,0.6636363636363636,0.9833333333333334,0.27999999999999997,0.04328118441021669,0.034311177774354905,0.7033333333333334,0.008970006635861782,164,156
00-0033466,2018,WR,Isaiah McKenzie,8,6.8125,8.149999999999999,2.8,0.1706125928632323,0.13276713695511655,5.349999999999999,0.03784545590811575,88,69
00-0033466,2019,WR,Isaiah McKenzie,12,5.275,4.933333333333333,5.616666666666667,0.1316958939539583,0.11111971543840282,-0.6833333333333345,0.020576178515555488,101,102
00-0033466,2020,WR,Isaiah McKenzie,15,6.6386666666666665,8.766666666666667,5.22,0.07544762807920702,0.05976351204496262,3.5466666666666677,0.015684116034244397,96,64
00-0033466,2021,WR,Isaiah McKenzie,15,3.6333333333333333,6.366666666666666,1.8111111111111111,0.07812488252782142,0.047434955747855424,4.555555555555555,0.030689926779965994,129,91
00-0033466,2022,WR,Isaiah McKenzie,15,7.986666666666667,7.733333333333333,8.155555555555557,0.15024395567123353,0.12074946734201325,-0.4222222222222234,0.029494488329220275,68,69
00-0033466,2023,WR,Isaiah McKenzie,13,1.5846153846153845,1.7666666666666668,1.4285714285714286,0.046474358974359,0.03833656004871887,0.3380952380952382,0.008137798925640129,163,152
00-0033471,2019,WR,Isaiah Ford,8,6.062499999999999,7.599999999999999,1.45,0.12605656339515733,0.11314361302255849,6.149999999999999,0.012912950372598847,91,71
00-0033471,2020,WR,Isaiah Ford,9,6.177777777777779,5.716666666666668,7.099999999999999,0.12124228884614392,0.13219695262850817,-1.383333333333331,-0.010954663782364246,103,106
00-0033471,2021,WR,Isaiah Ford,10,4.01,5.133333333333333,2.325,0.06659493768170158,0.049926502525369384,2.8083333333333327,0.016668435156332193,127,108
00-0033481,2021,WR,Marcus Kemp,12,0.3666666666666667,0.43333333333333335,0.3,0.014547022512708785,0.011092955700798832,0.13333333333333336,0.003454066811909953,175,171
00-0033526,2017,RB,Samaje Perine,13,8.346153846153847,8.733333333333333,8.014285714285714,0.08713649546982871,0.05887781272396653,0.7190476190476183,0.028258682745862185,44,42
00-0033526,2020,RB,Samaje Perine,12,5.4750000000000005,7.3500000000000005,3.6,0.03248862897985707,0.02637917776029013,3.7500000000000004,0.006109451219566939,67,55
00-0033526,2021,RB,Samaje Perine,15,5.546666666666666,4.533333333333333,6.222222222222221,0.06773153578746528,0.06454593990249514,-1.6888888888888882,0.0031855958849701382,70,77
00-0033526,2022,RB,Samaje Perine,16,8.88125,10.333333333333334,8.01,0.11824155643204261,0.0877865611149128,2.323333333333334,0.030454995317129807,40,32
00-0033526,2023,RB,Samaje Perine,17,7.135294117647059,5.883333333333334,7.818181818181817,0.10262896825396832,0.1168680373041428,-1.9348484848484828,-0.014239069050174483,45,61
00-0033526,2024,RB,Samaje Perine,17,4.788235294117648,4.183333333333334,5.118181818181818,0.04811990121965203,0.060410863093822056,-0.9348484848484846,-0.012290961874170024,60,66
00-0033526,2025,RB,Samaje Perine,15,5.193333333333333,7.350000000000001,3.755555555555556,0.05555841379270925,0.04140430535019745,3.5944444444444454,0.014154108442511804,60,47
00-0033528,2018,TE,Jeremy Sprinkle,8,1.8875000000000002,2.516666666666667,0.0,0.054518146909451386,0.04609694351542187,2.516666666666667,0.008421203394029513,78,68
00-0033528,2019,TE,Jeremy Sprinkle,16,3.50625,3.0833333333333335,3.7600000000000002,0.09370265174862874,0.09127136753533854,-0.6766666666666667,0.002431284213290197,56,62
00-0033528,2020,TE,Jeremy Sprinkle,7,0.2285714285714286,0.26666666666666666,0.0,0.0196360153256705,0.016830870279146145,0.26666666666666666,0.0028051450465243558,88,88
00-0033528,2021,TE,Jeremy Sprinkle,6,1.0166666666666666,1.0166666666666666,0.0,0.014961389961389966,0.014961389961389966,1.0166666666666666,0.0,82,82
00-0033536,2017,WR,Mike Williams,9,2.277777777777778,2.716666666666667,1.4000000000000001,0.08308195072900952,0.07502611104369047,1.3166666666666667,0.008055839685319047,135,126
00-0033536,2018,WR,Mike Williams,16,11.2625,14.866666666666665,9.1,0.16490626361974642,0.13407917244464765,5.766666666666666,0.03082709117509877,42,18
00-0033536,2019,WR,Mike Williams,15,10.753333333333334,11.933333333333332,9.966666666666667,0.15970507527525066,0.1628945505490991,1.966666666666665,-0.003189475273848441,47,38
00-0033536,2020,WR,Mike Williams,14,10.978571428571428,11.25,10.774999999999999,0.1693021847433611,0.16565793370963391,0.4750000000000014,0.003644251033727175,51,52
00-0033536,2021,WR,Mike Williams,16,15.4125,14.35,16.05,0.20400329306579298,0.20105040323153844,-1.700000000000001,0.0029528898342545407,15,23
00-0033536,2022,WR,Mike Williams,13,13.576923076923075,12.0,14.928571428571429,0.1565932360901918,0.18444134089923336,-2.928571428571429,-0.02784810480904157,21,35
00-0033536,2024,WR,Mike Williams,14,4.057142857142857,4.699999999999999,3.575,0.08456275525241042,0.07585044902997103,1.1249999999999991,0.00871230622243939,112,104
00-0033537,2017,QB,Deshaun Watson,7,24.122857142857146,27.19666666666667,5.68,0.0,0.0,21.51666666666667,0.0,1,1
00-0033537,2018,QB,Deshaun Watson,16,20.731250000000003,24.053333333333338,18.738,0.0,0.0,5.315333333333339,0.0,4,3
00-0033537,2019,QB,Deshaun Watson,15,21.398666666666667,17.633333333333333,23.90888888888889,0.006410256410256416,0.0025641025641025667,-6.275555555555556,0.0038461538461538494,2,12
00-0033537,2020,QB,Deshaun Watson,16,23.0825,24.183333333333337,22.421999999999997,0.0,0.0,1.76133333333334,0.0,5,4
00-0033537,2022,QB,Deshaun Watson,6,14.263333333333335,14.263333333333335,5.34,0.0,0.0,8.923333333333336,0.0,22,23
00-0033537,2023,QB,Deshaun Watson,6,14.466666666666669,14.466666666666669,20.66,0.0,0.0,-6.193333333333332,0.0,24,22
00-0033537,2024,QB,Deshaun Watson,7,10.960000000000003,11.01,10.66,0.0,0.0,0.34999999999999964,0.0,35,36
00-0033553,2017,RB,James Conner,12,1.2,0.9333333333333332,1.4666666666666668,0.0,0.0015432098765432083,-0.5333333333333335,-0.0015432098765432083,108,111
00-0033553,2018,RB,James Conner,13,21.53846153846154,16.8,25.599999999999998,0.10953504729116914,0.12896353288900916,-8.799999999999997,-0.019428485597840023,7,15
00-0033553,2019,RB,James Conner,10,14.55,14.549999999999999,14.55,0.11082211342309263,0.12881989428536292,-1.7763568394002505e-15,-0.017997780862270288,17,21
00-0033553,2020,RB,James Conner,13,12.661538461538461,9.050000000000002,15.757142857142856,0.07427618390351308,0.08414087411241221,-6.707142857142854,-0.00986469020889913,26,43
00-0033553,2021,RB,James Conner,15,17.18,20.866666666666667,14.722222222222221,0.1311357156800506,0.07659518931758859,6.144444444444446,0.054540526362462025,9,3
00-0033553,2022,RB,James Conner,13,15.399999999999999,19.150000000000002,12.185714285714285,0.13552852320503142,0.11662866923355222,6.964285714285717,0.018899853971479197,10,5
00-0033553,2023,RB,James Conner,13,15.5,21.083333333333332,10.714285714285714,0.097477414655095,0.07949852093253608,10.369047619047619,0.017978893722558925,13,4
00-0033553,2024,RB,James Conner,16,15.8625,17.23333333333333,15.040000000000001,0.11853887682802887,0.11475862736854336,2.19333333333333,0.0037802494594855046,15,10
00-0033555,2017,WR,Mack Hollins,12,3.7166666666666663,2.066666666666667,5.366666666666666,0.0549539461304168,0.05271010798584332,-3.2999999999999994,0.002243838144573476,115,141
00-0033555,2019,WR,Mack Hollins,12,1.875,0.0,3.75,0.009147869674185466,0.05150943967002014,-3.75,-0.04236156999583467,144,172
00-0033555,2020,WR,Mack Hollins,11,3.4181818181818175,4.416666666666667,2.2199999999999998,0.09224787527928434,0.06251541007799685,2.196666666666667,0.029732465201287486,133,117
00-0033555,2021,WR,Mack Hollins,15,4.02,2.0833333333333335,5.311111111111111,0.04099462681598587,0.051603841833511854,-3.2277777777777774,-0.010609215017525986,126,145
00-0033555,2022,WR,Mack Hollins,17,9.068235294117645,7.1499999999999995,10.114545454545453,0.17896026831785347,0.16836585540862156,-2.964545454545454,0.01059441290923191,56,75
00-0033555,2023,WR,Mack Hollins,12,3.5916666666666663,2.1166666666666667,5.066666666666666,0.034130901777960604,0.08131762172009847,-2.9499999999999997,-0.04718671994213787,123,144
00-0033555,2024,WR,Mack Hollins,17,5.811764705882354,6.733333333333333,5.3090909090909095,0.10428086016123646,0.09929384604330783,1.4242424242424239,0.004987014117928623,94,86
00-0033555,2025,WR,Mack Hollins,14,8.1,9.883333333333333,6.7625,0.2315693884659403,0.1624901191679253,3.1208333333333327,0.069079269298015,58,35
00-0033556,2017,RB,Tarik Cohen,16,9.508750000000001,7.516666666666668,10.703999999999999,0.13888272037816224,0.16565065363331932,-3.1873333333333305,-0.026767933255157084,35,53
00-0033556,2018,RB,Tarik Cohen,16,14.62125,15.840000000000002,13.89,0.1779227578229393,0.17411553971610216,1.950000000000001,0.0038072181068371236,15,17
00-0033556,2019,RB,Tarik Cohen,16,10.243749999999999,11.033333333333333,9.77,0.18754169117331151,0.18269585161711024,1.2633333333333336,0.00484583955620127,36,32
00-0033559,2017,TE,Michael Roberts,6,1.4333333333333333,1.4333333333333333,0.0,0.03016343063781395,0.03016343063781395,1.4333333333333333,0.0,83,82
00-0033559,2018,TE,Michael Roberts,8,4.625,4.75,4.25,0.10069192422133583,0.077922789319848,0.5,0.022769134901487825,43,37
00-0033562,2017,WR,Ryan Switzer,16,1.0375,2.1333333333333333,0.38,0.027777777777777832,0.015572390572390593,1.7533333333333334,0.012205387205387238,160,137
00-0033562,2018,WR,Ryan Switzer,16,4.3375,4.383333333333334,4.3100000000000005,0.06631662050381268,0.0627239730005638,0.07333333333333325,0.0035926475032488775,122,115
00-0033562,2019,WR,Ryan Switzer,9,1.188888888888889,0.13333333333333333,3.3000000000000003,0.0087719298245614,0.033104245804331384,-3.166666666666667,-0.024332315979769984,152,169
00-0033567,2019,RB,Brian Hill,10,6.719999999999999,5.816666666666667,8.075,0.0232169142245417,0.03591817395016979,-2.258333333333332,-0.012701259725628088,57,58
00-0033567,2020,RB,Brian Hill,16,5.9625,6.366666666666667,5.72,0.04355828658644298,0.050022785812949735,0.6466666666666674,-0.006464499226506756,64,62
00-0033572,2017,WR,Jamal Agnew,13,1.2846153846153845,0.4166666666666667,2.0285714285714285,0.00505050505050505,0.004040404040404039,-1.6119047619047617,0.0010101010101010114,155,166
00-0033572,2018,WR,Jamal Agnew,6,0.2833333333333333,0.2833333333333333,0.0,0.0,0.0,0.2833333333333333,0.0,162,163
00-0033572,2019,WR,Jamal Agnew,13,1.0538461538461539,1.1333333333333333,0.9857142857142858,0.011494252873563216,0.005305039787798407,0.14761904761904754,0.006189213085764809,157,148
00-0033572,2020,WR,Jamal Agnew,14,2.2285714285714286,2.65,1.9125,0.02098880468585218,0.042721809291576304,0.7374999999999998,-0.021733004605724124,146,138
00-0033572,2021,WR,Jamal Agnew,10,8.200000000000001,10.866666666666665,4.2,0.17432212848879516,0.10913873163873164,6.666666666666665,0.06518339685006352,71,46
00-0033572,2022,WR,Jamal Agnew,15,4.686666666666666,3.7500000000000004,5.311111111111111,0.046405451851204586,0.0620765496324251,-1.5611111111111104,-0.015671097781220514,108,114
00-0033572,2023,WR,Jamal Agnew,11,3.6636363636363636,5.333333333333333,1.6600000000000001,0.07470198883242367,0.054327470626998275,3.673333333333333,0.020374518205425393,121,91
00-0033572,2025,WR,Jamal Agnew,11,0.0,0.0,0.0,0.0,0.0,0.0,0.0,184,182
00-0033576,2018,TE,Eric Saubert,7,1.4000000000000001,1.6333333333333335,0.0,0.030477746654217236,0.029786786509475575,1.6333333333333335,0.0006909601447416605,84,81
00-0033576,2020,TE,Eric Saubert,6,0.7666666666666666,0.7666666666666666,1.3,0.0166835729117959,0.0166835729117959,-0.5333333333333334,0.0,83,82
00-0033576,2021,TE,Eric Saubert,10,1.8699999999999999,2.55,0.85,0.042933105206655976,0.03441532530886754,1.6999999999999997,0.008517779897788437,75,68
00-0033576,2022,TE,Eric Saubert,14,2.557142857142857,2.0500000000000003,2.9375,0.04636610159865973,0.05123851422157182,-0.8874999999999997,-0.0048724126229120895,75,76
00-0033576,2024,TE,Eric Saubert,12,2.225,2.3833333333333333,2.0666666666666664,0.037166287166287164,0.03461808246291006,0.3166666666666669,0.002548204703377105,66,61
00-0033576,2025,TE,Eric Saubert,9,1.011111111111111,1.1500000000000001,0.7333333333333334,0.037101787101787034,0.03029008029008024,0.41666666666666674,0.006811706811706793,90,89
00-0033589,2018,WR,David Moore,14,7.214285714285714,4.583333333333333,9.1875,0.16135815437286027,0.1607280866677731,-4.604166666666667,0.0006300677050871673,83,111
00-0033589,2019,WR,David Moore,14,4.257142857142857,4.916666666666667,3.7624999999999997,0.06636532276640912,0.08099478692780152,1.1541666666666672,-0.014629464161392394,117,103
00-0033589,2020,WR,David Moore,16,7.425000000000001,5.416666666666667,8.629999999999999,0.08743490004528696,0.08959208061209412,-3.213333333333332,-0.0021571805668071514,85,109
00-0033589,2023,WR,David Moore,6,3.4000000000000004,3.4000000000000004,0.0,0.038837114903114166,0.038837114903114166,3.4000000000000004,0.0,129,120
00-0033589,2024,WR,David Moore,15,5.673333333333334,6.6499999999999995,5.022222222222222,0.12922405432568038,0.12231809318632984,1.6277777777777773,0.006905961139350533,95,87
00-0033591,2017,WR,Noah Brown,7,1.0428571428571427,0.8333333333333334,2.3,0.045595529403246036,0.047018390282147396,-1.4666666666666663,-0.0014228608789013594,159,158
00-0033591,2018,WR,Noah Brown,7,1.4857142857142858,1.7333333333333334,0.0,0.04268630127456677,0.036588258235342945,1.7333333333333334,0.006098043039223823,151,147
00-0033591,2020,WR,Noah Brown,10,2.98,1.8833333333333335,4.625,0.06511504950971145,0.0576384829964834,-2.7416666666666663,0.007476566513228047,140,147
00-0033591,2021,WR,Noah Brown,9,3.822222222222222,3.1999999999999997,5.066666666666666,0.0698054921783516,0.0694054755111913,-1.8666666666666667,0.0004000166671602884,128,126
00-0033591,2022,WR,Noah Brown,16,7.15625,7.3500000000000005,7.040000000000001,0.14031388665535013,0.14598884903000758,0.3099999999999996,-0.00567496237465745,78,73
00-0033591,2023,WR,Noah Brown,10,10.16,9.166666666666666,11.65,0.16637772308629356,0.16658509978404856,-2.4833333333333343,-0.00020737669775500178,50,50
00-0033591,2024,WR,Noah Brown,11,7.845454545454545,8.966666666666667,6.5,0.21057684038527702,0.1739183342309093,2.466666666666667,0.03665850615436772,72,63
00-0033594,2018,RB,Chris Carson,14,14.385714285714284,18.900000000000002,10.999999999999998,0.09516806722689074,0.07165037306788744,7.900000000000004,0.023517694159003302,16,7
00-0033594,2019,RB,Chris Carson,15,15.506666666666664,15.416666666666666,15.566666666666666,0.09922269559257513,0.11244095137481484,-0.15000000000000036,-0.013218255782239716,12,18
00-0033594,2020,RB,Chris Carson,12,15.650000000000004,13.799999999999999,17.5,0.10843183688799744,0.11809825686581076,-3.700000000000001,-0.009666419977813312,12,18
00-0033596,2017,RB,Matt Dayes,13,0.6307692307692309,0.31666666666666665,0.9000000000000001,0.010752688172043017,0.012353427723446707,-0.5833333333333335,-0.0016007395514036904,117,120
00-0033611,2017,TE,Ricky Seals-Jones,8,6.2625,4.95,10.2,0.10725192875928162,0.10166220860154679,-5.249999999999999,0.0055897201577348316,27,36
00-0033611,2018,TE,Ricky Seals-Jones,15,4.953333333333333,2.9333333333333336,6.300000000000001,0.1305537513775645,0.1561063385871714,-3.366666666666667,-0.025552587209606903,36,61
00-0033611,2019,TE,Ricky Seals-Jones,9,6.544444444444443,6.55,6.533333333333332,0.07502705627705634,0.07235717845300392,0.016666666666667496,0.0026698778240524246,29,28
00-0033611,2021,TE,Ricky Seals-Jones,11,6.281818181818181,3.3833333333333333,9.760000000000002,0.11330173756644334,0.1265047829773275,-6.376666666666669,-0.01320304541088417,29,55
00-0033627,2018,TE,Jason Croom,15,3.326666666666667,3.3000000000000003,3.3444444444444446,0.08943591929525435,0.07846814661898427,-0.04444444444444429,0.010967772676270082,57,54
00-0033658,2018,TE,Blake Jarwin,13,5.823076923076922,11.25,1.1714285714285713,0.12042715406472547,0.07611039347759396,10.07857142857143,0.04431676058713151,27,7
00-0033658,2019,TE,Blake Jarwin,15,5.700000000000001,4.5,6.5,0.08812321865505085,0.07754346985914394,-2.0,0.01057974879590691,36,42
00-0033658,2021,TE,Blake Jarwin,8,4.074999999999999,3.483333333333334,5.85,0.05883312970420976,0.06922231316509687,-2.366666666666666,-0.010389183460887116,51,53
00-0033662,2022,QB,Cooper Rush,8,7.080000000000001,6.746666666666667,8.08,0.0,0.0,-1.333333333333333,0.0,38,38
00-0033662,2023,QB,Cooper Rush,7,0.4657142857142857,0.5433333333333333,0.0,0.0,0.0,0.5433333333333333,0.0,45,45
00-0033662,2024,QB,Cooper Rush,12,9.13,14.003333333333332,4.256666666666667,0.0,0.0,9.746666666666666,0.0,42,27
00-0033681,2017,WR,Keelan Cole,16,8.3,15.25,4.130000000000001,0.20950389343771691,0.15523972664898747,11.12,0.054264166788729445,61,12
00-0033681,2018,WR,Keelan Cole,14,6.364285714285714,3.4333333333333336,8.5625,0.12087011609811187,0.14116550718839174,-5.129166666666666,-0.020295391090279877,95,132
00-0033681,2019,WR,Keelan Cole,12,6.558333333333334,6.383333333333333,6.733333333333333,0.09342219189417834,0.08073975599477091,-0.35000000000000053,0.01268243589940743,84,84
00-0033681,2020,WR,Keelan Cole,16,9.712499999999999,7.316666666666666,11.149999999999999,0.14390993196161603,0.14928550251579736,-3.833333333333332,-0.005375570554181336,62,78
00-0033681,2021,WR,Keelan Cole,14,5.635714285714286,5.733333333333333,5.5625,0.1246108518991814,0.10616900668076805,0.1708333333333334,0.018441845218413355,100,98
00-0033681,2022,WR,Keelan Cole,12,2.5083333333333333,3.3000000000000003,1.7166666666666668,0.043807332874670334,0.049607977838694056,1.5833333333333335,-0.005800644964023723,142,123
00-0033699,2017,RB,Austin Ekeler,14,7.635714285714286,10.416666666666666,5.55,0.07852234151823757,0.07173790331742529,4.866666666666666,0.006784438200812287,52,32
00-0033699,2018,RB,Austin Ekeler,14,12.057142857142862,12.600000000000001,11.650000000000002,0.13960883659612208,0.121429942244042,0.9499999999999993,0.01817889435208009,27,28
00-0033699,2019,RB,Austin Ekeler,16,19.3125,18.683333333333334,19.690000000000005,0.20397759432847132,0.18131925170012714,-1.0066666666666713,0.02265834262834418,6,7
00-0033699,2020,RB,Austin Ekeler,10,16.53,17.183333333333334,15.549999999999999,0.19009838201014664,0.15775730506815694,1.6333333333333346,0.032341076941989705,10,8
00-0033699,2021,RB,Austin Ekeler,16,21.487499999999997,20.5,22.080000000000002,0.142269461019461,0.15049423129523232,-1.5800000000000018,-0.008224770275771315,3,4
00-0033699,2022,RB,Austin Ekeler,17,21.923529411764704,19.599999999999998,23.19090909090909,0.12203700845466542,0.17741205835135068,-3.5909090909090935,-0.05537504989668526,1,4
00-0033699,2023,RB,Austin Ekeler,14,13.242857142857144,10.166666666666666,15.55,0.1340742099298354,0.1471261088232805,-5.383333333333335,-0.013051898893445102,21,36
00-0033699,2024,RB,Austin Ekeler,12,11.024999999999999,11.733333333333334,10.316666666666665,0.1329022617819058,0.12167285504571063,1.4166666666666696,0.011229406736195185,29,24
00-0033705,2019,WR,Andre Patton,8,1.4500000000000002,1.2333333333333334,2.1,0.06208188786357999,0.06322808256435161,-0.8666666666666667,-0.0011461947007716244,147,145
00-0033717,2017,WR,Travis Rudolph,6,3.016666666666667,3.016666666666667,0.0,0.1078649420754683,0.1078649420754683,3.016666666666667,0.0,124,119
00-0033725,2017,RB,Corey Clement,15,6.160000000000001,3.9333333333333336,7.644444444444446,0.044002805767511644,0.02695429691017926,-3.711111111111112,0.017048508857332383,62,82
00-0033725,2018,RB,Corey Clement,11,7.372727272727272,4.733333333333333,10.540000000000001,0.048471160282665786,0.0603620028781432,-5.8066666666666675,-0.011890842595477416,59,79
00-0033725,2020,RB,Corey Clement,10,2.1,2.6333333333333333,1.2999999999999998,0.022632679907700935,0.01834151270652532,1.3333333333333335,0.004291167201175613,104,98
00-0033725,2021,RB,Corey Clement,11,2.627272727272727,4.233333333333333,0.7,0.03235653235653238,0.02040383858565678,3.533333333333333,0.0119526937708756,97,78
00-0033733,2019,WR,Greg Ward,6,9.983333333333334,9.983333333333334,10.0,0.1545370370370371,0.1545370370370371,-0.01666666666666572,0.0,57,51
00-0033733,2020,WR,Greg Ward,16,8.318750000000001,7.400000000000001,8.870000000000001,0.1300699722859966,0.1455926475337714,-1.4699999999999998,-0.015522675247774814,72,75
00-0033733,2021,WR,Greg Ward,10,3.4579999999999997,2.93,4.25,0.04811515056951157,0.03604612383452992,-1.3199999999999998,0.012069026734981655,133,132
00-0033757,2018,TE,Robert Tonyan,7,2.5285714285714285,2.9499999999999997,0.0,0.021623262006313416,0.02329612933874483,2.9499999999999997,-0.0016728673324314138,69,60
00-0033757,2019,TE,Robert Tonyan,9,2.888888888888889,3.1166666666666667,2.433333333333333,0.04622931827232903,0.04954802456082536,0.6833333333333336,-0.0033187062884963286,63,61
00-0033757,2020,TE,Robert Tonyan,15,11.773333333333335,11.583333333333334,11.9,0.12866756628922907,0.12599727716099268,-0.31666666666666643,0.002670289128236386,5,11
00-0033757,2021,TE,Robert Tonyan,8,6.300000000000001,5.566666666666666,8.5,0.11560043372187585,0.11574072933181088,-2.9333333333333336,-0.00014029560993503165,28,38
00-0033757,2022,TE,Robert Tonyan,17,6.588235294117647,5.133333333333333,7.381818181818182,0.09665959771222925,0.11972569513851798,-2.248484848484849,-0.023066097426288734,26,40
00-0033757,2023,TE,Robert Tonyan,12,1.8500000000000003,1.9166666666666667,1.7833333333333334,0.056265760205977546,0.0516847355298442,0.1333333333333333,0.004581024676133347,79,76
00-0033789,2018,RB,T.J. Logan,6,1.8166666666666667,1.8166666666666667,0.0,0.03786054962525547,0.03786054962525547,1.8166666666666667,0.0,95,95
00-0033789,2019,RB,T.J. Logan,9,0.47777777777777775,0.7166666666666667,0.0,0.01098103324016945,0.007320688826779633,0.7166666666666667,0.0036603444133898166,117,110
00-0033838,2017,RB,Trey Edmunds,7,1.542857142857143,1.8,0.0,0.0,0.0,1.8,0.0,101,100
00-0033838,2019,RB,Trey Edmunds,7,2.857142857142857,3.3333333333333335,0.0,0.03477605512489233,0.029808047249907713,3.3333333333333335,0.0049680078749846195,87,87
00-0033839,2017,WR,Dede Westbrook,7,9.557142857142859,10.066666666666666,6.5,0.22459468545252848,0.22206638063418702,3.5666666666666664,0.002528304818341459,50,45
00-0033839,2018,WR,Dede Westbrook,16,11.34375,12.4,10.71,0.264025461400859,0.20908475760232925,1.6899999999999995,0.05494070379852972,41,39
00-0033839,2019,WR,Dede Westbrook,15,10.446666666666667,11.866666666666667,9.500000000000002,0.18021309426233034,0.19703830530292726,2.3666666666666654,-0.01682521104059692,51,39
00-0033839,2021,WR,Dede Westbrook,15,1.12,0.3666666666666667,1.6222222222222222,0.012634585805317516,0.027673241880773122,-1.2555555555555555,-0.015038656075455606,160,173
00-0033840,2017,WR,Chad Hansen,8,2.3,3.0666666666666664,0.0,0.08022037874979053,0.0601652840623429,3.0666666666666664,0.02005509468744763,134,118
00-0033854,2019,RB,Dare Ogunbowale,16,4.706250000000001,3.5999999999999996,5.369999999999999,0.056587905230008596,0.07288649469812217,-1.7699999999999996,-0.01629858946811357,71,83
00-0033854,2020,RB,Dare Ogunbowale,10,2.99,4.733333333333333,0.375,0.08012010626702847,0.053954416701393546,4.358333333333333,0.02616568956563492,93,69
00-0033854,2021,RB,Dare Ogunbowale,13,3.8538461538461535,7.099999999999999,1.0714285714285714,0.0858909046409046,0.04817742371682332,6.028571428571428,0.03771348092408128,85,59
00-0033854,2022,RB,Dare Ogunbowale,15,3.246666666666667,3.9499999999999997,2.7777777777777777,0.06562295378084847,0.047531977466187966,1.172222222222222,0.0180909763146605,83,78
00-0033854,2023,RB,Dare Ogunbowale,9,0.811111111111111,1.15,0.13333333333333333,0.03383714596949892,0.02255809731299928,1.0166666666666666,0.01127904865649964,106,103
00-0033854,2024,RB,Dare Ogunbowale,16,3.5,2.1166666666666667,4.33,0.0372930010026784,0.052985810187641195,-2.2133333333333334,-0.015692809184962797,77,90
00-0033854,2025,RB,Dare Ogunbowale,14,1.7214285714285713,2.6166666666666667,1.05,0.042447748330101294,0.030532607828869594,1.5666666666666667,0.0119151405012317,88,79
00-0033855,2017,WR,Chris Thompson,12,1.1166666666666667,1.75,0.48333333333333334,0.028683574879227115,0.017215350658004367,1.2666666666666666,0.011468224221222748,158,144
00-0033856,2017,RB,Leonard Fournette,13,17.707692307692305,15.566666666666668,19.542857142857144,0.1234608393165695,0.1164518676612997,-3.9761904761904763,0.0070089716552697995,7,13
00-0033856,2018,RB,Leonard Fournette,8,15.05,17.900000000000002,6.5,0.15604706626082968,0.13168840974346915,11.400000000000002,0.024358656517360522,12,12
00-0033856,2019,RB,Leonard Fournette,15,17.293333333333333,17.13333333333333,17.4,0.2200142365400355,0.19075160611192568,-0.26666666666666927,0.02926263042810981,9,12
00-0033856,2020,RB,Leonard Fournette,12,10.999999999999998,10.233333333333334,11.766666666666667,0.07988431058820343,0.09916868301058639,-1.5333333333333332,-0.019284372422382956,32,34
00-0033856,2021,RB,Leonard Fournette,14,18.257142857142856,22.3,15.225,0.1817584927195445,0.1441890668187568,7.075000000000001,0.03756942590078771,4,2
00-0033856,2022,RB,Leonard Fournette,16,14.13125,11.9,15.470000000000002,0.11640715462857514,0.11601192044732381,-3.570000000000002,0.0003952341812513277,13,25
00-0033857,2017,WR,JuJu Smith-Schuster,14,14.12142857142857,17.883333333333333,11.3,0.22330246913580232,0.17285512661088687,6.583333333333332,0.05044734252491545,13,8
00-0033857,2018,WR,JuJu Smith-Schuster,16,18.556250000000002,20.833333333333332,17.19,0.2748004578053838,0.24012813229012508,3.643333333333331,0.03467232551525873,9,4
00-0033857,2019,WR,JuJu Smith-Schuster,12,9.433333333333334,7.366666666666667,11.500000000000002,0.17334701322389426,0.18661509464061762,-4.133333333333335,-0.013268081416723365,60,74
00-0033857,2020,WR,JuJu Smith-Schuster,16,14.63125,15.1,14.35,0.19466934541246284,0.193943100609488,0.75,0.0007262448029748403,24,26
00-0033857,2022,WR,JuJu Smith-Schuster,16,11.58125,10.166666666666668,12.430000000000001,0.16406207626603522,0.16956230939733286,-2.2633333333333336,-0.005500233131297633,36,48
00-0033857,2023,WR,JuJu Smith-Schuster,11,5.545454545454546,6.3999999999999995,4.5200000000000005,0.1178369111508647,0.12655140015191238,1.879999999999999,-0.008714489001047682,88,77
00-0033857,2024,WR,JuJu Smith-Schuster,11,4.827272727272727,3.3333333333333335,6.62,0.0585656713120278,0.07226110326920733,-3.2866666666666666,-0.013695431957179531,102,118
00-0033857,2025,WR,JuJu Smith-Schuster,17,4.323529411764705,1.9333333333333336,5.627272727272727,0.08867228317659354,0.08627339681132394,-3.6939393939393934,0.002398886365269595,106,146
00-0033858,2017,TE,Jonnu Smith,14,3.2642857142857147,1.3333333333333333,4.7125,0.05085605085605088,0.07028682081675157,-3.3791666666666673,-0.019430769960700686,55,84
00-0033858,2018,TE,Jonnu Smith,12,5.316666666666667,9.583333333333332,1.05,0.1244252926146354,0.08998206986621493,8.533333333333331,0.034443222748420474,32,14
00-0033858,2019,TE,Jonnu Smith,15,6.98,7.833333333333333,6.411111111111111,0.09037918871252204,0.10675506032387459,1.4222222222222216,-0.016375871611352552,25,22
00-0033858,2020,TE,Jonnu Smith,14,10.014285714285714,8.299999999999999,11.299999999999999,0.17384341839051975,0.1617953942655985,-3.0,0.012048024124921258,12,25
00-0033858,2021,TE,Jonnu Smith,16,4.2125,2.733333333333333,5.1,0.09280303030303023,0.10263672623386243,-2.3666666666666667,-0.009833695930832193,49,65
00-0033858,2022,TE,Jonnu Smith,12,4.333333333333333,4.283333333333334,4.383333333333333,0.1000097120154264,0.10360715714322112,-0.09999999999999876,-0.003597445127794724,48,47
00-0033858,2023,TE,Jonnu Smith,17,7.305882352941176,6.1499999999999995,7.936363636363635,0.13424760524992735,0.12993893971943038,-1.7863636363636353,0.004308665530496969,22,31
00-0033858,2024,TE,Jonnu Smith,17,13.076470588235296,16.150000000000002,11.400000000000002,0.21576833063509082,0.19332587261920434,4.75,0.022442458015886485,5,2
00-0033858,2025,TE,Jonnu Smith,17,5.011764705882354,4.016666666666667,5.554545454545455,0.06703194422492666,0.1061395523083475,-1.537878787878788,-0.03910760808342084,42,51
00-0033859,2017,WR,Josh Malone,9,2.0555555555555554,0.7833333333333333,4.6000000000000005,0.0474894658718188,0.07353961429350206,-3.8166666666666673,-0.02605014842168326,141,160
00-0033869,2017,QB,Mitchell Trubisky,12,11.21,11.783333333333331,10.636666666666667,0.0,0.0,1.1466666666666647,0.0,36,31
00-0033869,2018,QB,Mitchell Trubisky,14,18.787142857142857,16.143333333333334,20.77,0.0,0.0,-4.626666666666665,0.0,11,15
00-0033869,2019,QB,Mitchell Trubisky,15,13.521333333333333,17.636666666666667,10.777777777777779,0.0,0.0,6.858888888888888,0.0,29,11
00-0033869,2020,QB,Mitchell Trubisky,10,15.370000000000001,17.383333333333336,12.35,0.0,0.0,5.033333333333337,0.0,25,13
00-0033869,2022,QB,Mitchell Trubisky,7,10.554285714285713,10.203333333333333,12.66,0.0,0.0,-2.456666666666667,0.0,36,32
00-0033869,2024,QB,Mitchell Trubisky,8,1.9075,2.5733333333333337,-0.09000000000000001,0.0,0.0,2.6633333333333336,0.0,46,46
00-0033871,2017,WR,Corey Davis,11,6.318181818181818,6.316666666666666,6.32,0.1734479557060202,0.18481730216677955,-0.0033333333333338544,-0.01136934646075935,79,79
00-0033871,2018,WR,Corey Davis,16,11.475,10.950000000000001,11.790000000000001,0.21163414504868783,0.2601434294772802,-0.8399999999999999,-0.04850928442859237,38,46
00-0033871,2019,WR,Corey Davis,15,7.673333333333334,6.283333333333332,8.6,0.1641031227305737,0.17233171180583196,-2.3166666666666673,-0.008228589075258252,74,85
00-0033871,2020,WR,Corey Davis,14,13.671428571428574,13.25,13.9875,0.21405428441660335,0.2240333933050521,-0.7375000000000007,-0.009979108888448746,32,38
00-0033871,2021,WR,Corey Davis,9,11.68888888888889,11.1,12.866666666666667,0.16892291905758738,0.18472526814838036,-1.7666666666666675,-0.015802349090792978,36,45
00-0033871,2022,WR,Corey Davis,13,7.5076923076923086,5.249999999999999,9.442857142857141,0.12868416305916294,0.13813848062598635,-4.192857142857142,-0.009454317566823411,74,95
00-0033873,2018,QB,Patrick Mahomes,16,26.067500000000003,25.546666666666667,26.380000000000003,0.0,0.0,-0.8333333333333357,0.0,1,1
00-0033873,2019,QB,Patrick Mahomes,14,20.502857142857145,17.966666666666665,22.405,0.0,0.0,-4.438333333333336,0.0,6,10
00-0033873,2020,QB,Patrick Mahomes,15,24.959999999999997,22.636666666666667,26.508888888888887,0.007591442374051067,0.003036576949620427,-3.87222222222222,0.00455486542443064,1,7
00-0033873,2021,QB,Patrick Mahomes,17,21.274117647058826,21.97666666666667,20.89090909090909,0.0,0.0,1.0857575757575795,0.0,5,5
00-0033873,2022,QB,Patrick Mahomes,17,24.552941176470586,22.766666666666666,25.527272727272724,0.0040650406504065,0.0014347202295552353,-2.760606060606058,0.0026303204208512647,3,3
00-0033873,2023,QB,Patrick Mahomes,16,17.513749999999998,15.31,18.836,0.0,0.0,-3.525999999999998,0.0,12,21
00-0033873,2024,QB,Patrick Mahomes,16,17.68875,20.826666666666668,15.806000000000001,0.0,0.0023148148148148125,5.020666666666667,-0.0023148148148148125,11,8
00-0033873,2025,QB,Patrick Mahomes,14,20.405714285714286,14.953333333333333,24.495,0.005747126436781617,0.0024630541871921217,-9.541666666666668,0.003284072249589495,4,16
00-0033879,2017,TE,O.J. Howard,13,7.784615384615386,8.016666666666667,7.585714285714286,0.08850991142657805,0.08028206196712134,0.4309523809523812,0.008227849459456704,18,15
00-0033879,2018,TE,O.J. Howard,10,12.05,13.549999999999999,9.8,0.11914425682718367,0.1146453602024847,3.7499999999999982,0.004498896624698975,6,5
00-0033879,2019,TE,O.J. Howard,14,5.992857142857142,6.766666666666667,5.4125,0.11444520742220103,0.09640364656005322,1.354166666666667,0.01804156086214781,34,25
00-0033879,2021,TE,O.J. Howard,10,3.35,4.066666666666666,2.275,0.05981173406251253,0.0500644736847082,1.7916666666666665,0.00974726037780433,61,49
00-0033879,2022,TE,O.J. Howard,11,3.3181818181818183,2.0500000000000003,4.84,0.06937762480525637,0.0650572914049145,-2.7899999999999996,0.00432033340034188,63,76
00-0033881,2017,TE,Evan Engram,15,11.573333333333332,9.883333333333335,12.7,0.18479703617003373,0.2089506603951162,-2.8166666666666647,-0.024153624225082465,4,10
00-0033881,2018,TE,Evan Engram,11,11.481818181818182,13.633333333333335,8.9,0.18935216515861666,0.1611214390521217,4.733333333333334,0.028230726106494963,7,4
00-0033881,2019,TE,Evan Engram,8,13.675,11.666666666666666,19.700000000000003,0.211093887244556,0.22082041543341702,-8.033333333333337,-0.009726528188861022,7,12
00-0033881,2020,TE,Evan Engram,16,8.8125,9.033333333333333,8.68,0.23269978542844397,0.215507035573291,0.3533333333333335,0.017192749855152956,19,19
00-0033881,2021,TE,Evan Engram,15,6.833333333333333,5.75,7.555555555555555,0.14309182717964716,0.15208371287401326,-1.8055555555555554,-0.008991885694366097,27,35
00-0033881,2022,TE,Evan Engram,17,10.405882352941175,16.05,7.327272727272728,0.2148654634777427,0.16818713491241882,8.722727272727273,0.04667832856532389,8,2
00-0033881,2023,TE,Evan Engram,17,13.547058823529412,19.316666666666666,10.400000000000002,0.25622935994470597,0.23547266953116802,8.916666666666664,0.020756690413537948,4,1
00-0033881,2024,TE,Evan Engram,9,9.944444444444443,10.216666666666667,9.4,0.25753968253968246,0.25460874408242834,0.8166666666666664,0.0029309384572541175,14,13
00-0033881,2025,TE,Evan Engram,16,6.425,6.3500000000000005,6.470000000000001,0.121264259077075,0.13688660723763174,-0.1200000000000001,-0.015622348160556743,35,34
00-0033885,2017,TE,David Njoku,16,5.91875,5.916666666666667,5.92,0.10944605319605312,0.10625661446994947,-0.0033333333333329662,0.003189438726103652,31,30
00-0033885,2018,TE,David Njoku,15,9.593333333333332,9.850000000000001,9.422222222222222,0.160199705211786,0.16463319734143586,0.4277777777777789,-0.0044334921296498575,11,12
00-0033885,2020,TE,David Njoku,11,4.754545454545454,3.683333333333333,6.04,0.08055927868427863,0.0852648381655558,-2.356666666666667,-0.004705559481277169,47,57
00-0033885,2021,TE,David Njoku,15,7.173333333333332,6.3999999999999995,7.688888888888887,0.11872162658166714,0.12379898962644555,-1.2888888888888879,-0.005077363044778405,23,30
00-0033885,2022,TE,David Njoku,14,10.142857142857142,9.85,10.3625,0.20230887939221268,0.18873090427237887,-0.5125000000000011,0.013577975119833802,9,12
00-0033885,2023,TE,David Njoku,16,12.575,17.150000000000002,9.829999999999998,0.22775056975675034,0.21320483270326296,7.320000000000004,0.014545737053487384,7,2
00-0033885,2024,TE,David Njoku,11,13.5,14.816666666666665,11.92,0.251589451462732,0.22724589415976257,2.8966666666666647,0.024343557302969415,4,7
00-0033885,2025,TE,David Njoku,11,7.845454545454545,6.800000000000001,9.1,0.08748908692524926,0.1246681263781539,-2.299999999999999,-0.03717903945290464,26,32
00-0033891,2017,WR,Zay Jones,14,5.042857142857143,5.3,4.85,0.15650876510810327,0.17621339802382865,0.4500000000000002,-0.019704632915725384,96,88
00-0033891,2018,WR,Zay Jones,16,10.325,12.833333333333334,8.82,0.24971075386676397,0.21406119811671948,4.013333333333334,0.0356495557500445,50,35
00-0033891,2019,WR,Zay Jones,14,3.492857142857143,2.9,3.9375,0.08141034406939614,0.10127709642365874,-1.0375,-0.019866752354262607,130,133
00-0033891,2020,WR,Zay Jones,11,3.3236363636363637,1.9766666666666666,4.9399999999999995,0.03450973998200385,0.051883955658454446,-2.963333333333333,-0.017374215676450595,136,143
00-0033891,2021,WR,Zay Jones,15,7.06,10.316666666666666,4.888888888888889,0.23776730483125832,0.13648482209802631,5.427777777777777,0.10128248273323201,85,53
00-0033891,2022,WR,Zay Jones,16,12.38125,12.299999999999999,12.43,0.20195979378065165,0.21421263869697868,-0.13000000000000078,-0.012252844916327027,31,31
00-0033891,2023,WR,Zay Jones,9,8.677777777777779,8.383333333333333,9.266666666666667,0.1851573692643715,0.1790189793484442,-0.8833333333333346,0.0061383899159273,60,58
00-0033891,2024,WR,Zay Jones,6,2.733333333333333,2.733333333333333,0.0,0.055610815998124986,0.055610815998124986,2.733333333333333,0.0,127,125
00-0033891,2025,WR,Zay Jones,6,5.05,5.05,1.4,0.08489951000092988,0.08489951000092988,3.65,0.0,94,89
00-0033893,2018,RB,Dalvin Cook,11,13.81818181818182,17.933333333333334,8.879999999999999,0.15043223994836885,0.13229499589470264,9.053333333333335,0.018137244053666207,19,11
00-0033893,2019,RB,Dalvin Cook,14,20.88571428571429,16.633333333333333,24.075000000000003,0.14858347343052555,0.16681715960875337,-7.44166666666667,-0.01823368617822782,2,14
00-0033893,2020,RB,Dalvin Cook,14,24.128571428571426,20.25,27.0375,0.1383631073808553,0.13308842306546376,-6.787500000000001,0.005274684315391548,2,5
00-0033893,2021,RB,Dalvin Cook,13,15.869230769230768,16.099999999999998,15.671428571428573,0.1163725029059468,0.11251064302812454,0.4285714285714253,0.0038618598778222685,11,17
00-0033893,2022,RB,Dalvin Cook,17,13.988235294117647,11.950000000000001,15.1,0.06950897227936235,0.08670944973657028,-3.1499999999999986,-0.01720047745720793,15,24
00-0033893,2023,RB,Dalvin Cook,14,2.871428571428571,2.566666666666667,3.0999999999999996,0.04341744341744341,0.04799463620892193,-0.5333333333333328,-0.004577192791478515,82,85
00-0033895,2017,TE,Gerald Everett,14,3.692857142857143,2.766666666666666,4.3875,0.07796541277973652,0.07581280545372682,-1.620833333333334,0.002152607326009706,49,59
00-0033895,2018,TE,Gerald Everett,15,5.7733333333333325,7.916666666666667,4.344444444444444,0.1297764539381269,0.09752973392827408,3.572222222222223,0.03224672000985282,29,20
00-0033895,2019,TE,Gerald Everett,12,7.483333333333333,6.766666666666666,8.200000000000001,0.1320947936079515,0.13040362175009448,-1.4333333333333353,0.0016911718578570267,22,26
00-0033895,2020,TE,Gerald Everett,15,6.193333333333333,4.75,7.155555555555556,0.12996402722012482,0.11317181436367063,-2.405555555555556,0.016792212856454186,31,42
00-0033895,2021,TE,Gerald Everett,15,7.8533333333333335,7.983333333333333,7.7666666666666675,0.1425981842648509,0.1466894450776737,0.2166666666666659,-0.0040912608128227945,21,18
00-0033895,2022,TE,Gerald Everett,15,9.3,9.516666666666666,9.155555555555555,0.12556861283426324,0.1356530293961071,0.3611111111111107,-0.010084416561843862,13,13
00-0033895,2023,TE,Gerald Everett,15,7.406666666666667,7.783333333333332,7.155555555555555,0.184590136950483,0.1318019627342994,0.6277777777777773,0.05278817421618362,20,23
00-0033895,2024,TE,Gerald Everett,10,1.1600000000000001,0.7333333333333334,1.8,0.03782766282766283,0.04419459344662185,-1.0666666666666667,-0.006366930618959016,84,88
00-0033896,2017,TE,Adam Shaheen,7,6.1000000000000005,7.116666666666667,0.0,0.07698092677931379,0.0659836515251261,7.116666666666667,0.010997275254187686,29,20
00-0033896,2019,TE,Adam Shaheen,7,2.6285714285714286,2.8000000000000003,1.6,0.05856933845548643,0.05669579659820916,1.2000000000000002,0.0018735418572772694,67,64
00-0033896,2020,TE,Adam Shaheen,13,3.4615384615384617,3.216666666666667,3.671428571428571,0.050512409065514075,0.04883407699744065,-0.45476190476190403,0.0016783320680734265,61,60
00-0033896,2021,TE,Adam Shaheen,7,3.2857142857142856,3.8333333333333335,0.0,0.06685310876487342,0.06206456941751054,3.8333333333333335,0.004788539347362883,62,52
00-0033897,2017,RB,Joe Mixon,14,10.092857142857142,10.416666666666666,9.85,0.0691524858849105,0.0889446039326853,0.5666666666666664,-0.019792118047774795,27,32
00-0033897,2018,RB,Joe Mixon,14,17.385714285714286,17.883333333333333,17.0125,0.12017744184792245,0.12535802570591456,0.8708333333333336,-0.00518058385799211,9,13
00-0033897,2019,RB,Joe Mixon,16,14.087499999999999,18.5,11.44,0.06771341997846382,0.07667336324609575,7.0600000000000005,-0.008959943267631928,20,8
00-0033897,2020,RB,Joe Mixon,6,16.6,16.6,6.1,0.12009695934301416,0.12009695934301416,10.500000000000002,0.0,9,13
00-0033897,2021,RB,Joe Mixon,16,17.99375,17.433333333333334,18.330000000000002,0.10673102192822226,0.09276168625032465,-0.8966666666666683,0.013969335677897612,7,8
00-0033897,2022,RB,Joe Mixon,14,17.107142857142858,20.48333333333333,14.575,0.12946932566293468,0.14121067168456183,5.908333333333331,-0.011741346021627158,6,3
00-0033897,2023,RB,Joe Mixon,17,15.705882352941176,19.783333333333335,13.481818181818182,0.12077500311371274,0.10909859499590126,6.301515151515153,0.011676408117811482,11,5
00-0033897,2024,RB,Joe Mixon,14,17.178571428571427,9.966666666666667,22.5875,0.1336515170386138,0.12237784554134014,-12.620833333333332,0.011273671497273666,9,32
00-0033899,2017,QB,DeShone Kizer,15,11.710666666666667,13.86,10.277777777777777,0.0,0.0,3.5822222222222226,0.0,30,23
00-0033906,2017,RB,Alvin Kamara,16,20.025,23.3,18.06,0.20070646945646928,0.1903048676330825,5.240000000000002,0.010401601823386786,4,3
00-0033906,2018,RB,Alvin Kamara,15,23.613333333333333,18.216666666666665,27.21111111111111,0.18027701860125958,0.20586455071591486,-8.994444444444444,-0.02558753211465528,4,10
00-0033906,2019,RB,Alvin Kamara,14,17.751428571428573,16.75,18.5025,0.1847746266098708,0.202890227148399,-1.7525000000000013,-0.018115600538528204,8,13
00-0033906,2020,RB,Alvin Kamara,15,25.18666666666666,21.899999999999995,27.377777777777776,0.1496793942446117,0.21671290048795608,-5.477777777777781,-0.06703350624334437,1,4
00-0033906,2021,RB,Alvin Kamara,13,18.053846153846152,16.183333333333334,19.657142857142855,0.20246836899010803,0.20340573074268725,-3.4738095238095212,-0.0009373617525792188,6,15
00-0033906,2022,RB,Alvin Kamara,15,14.113333333333333,10.85,16.288888888888888,0.14248864915912968,0.1793084422155311,-5.438888888888888,-0.03681979305640143,14,29
00-0033906,2023,RB,Alvin Kamara,13,17.923076923076923,14.950000000000001,20.47142857142857,0.16336839065033795,0.18541224434704165,-5.5214285714285705,-0.022043853696703697,3,14
00-0033906,2024,RB,Alvin Kamara,14,18.95,17.01666666666667,20.4,0.21002911731989782,0.21274499995347113,-3.3833333333333293,-0.0027158826335733077,5,12
00-0033906,2025,RB,Alvin Kamara,11,9.154545454545454,7.283333333333334,11.4,0.10266302152461182,0.11668709818995411,-4.116666666666666,-0.014024076665342292,34,48
00-0033908,2017,WR,Cooper Kupp,15,11.793333333333335,14.199999999999998,10.18888888888889,0.2020227174133985,0.1954881669487872,4.0111111111111075,0.006534550464611294,27,17
00-0033908,2018,WR,Cooper Kupp,8,16.8875,17.5,15.05,0.19528769841269844,0.2047502312875297,2.4499999999999993,-0.009462532874831259,15,12
00-0033908,2019,WR,Cooper Kupp,16,16.90625,15.766666666666666,17.590000000000003,0.16748941053101732,0.2218398223875595,-1.8233333333333377,-0.054350411856542186,7,16
00-0033908,2020,WR,Cooper Kupp,15,14.046666666666669,14.116666666666667,14.0,0.2051717397971755,0.22931180533449583,0.11666666666666714,-0.024140065537320315,29,31
00-0033908,2021,WR,Cooper Kupp,17,25.85294117647059,27.049999999999997,25.200000000000003,0.33144124728176444,0.3232622945272545,1.8499999999999943,0.008178952754509916,1,1
00-0033908,2022,WR,Cooper Kupp,9,22.37777777777778,20.23333333333333,26.666666666666668,0.29138034480776404,0.3060150808203521,-6.433333333333337,-0.014634736012588079,1,6
00-0033908,2023,WR,Cooper Kupp,12,13.700000000000001,15.81666666666667,11.583333333333334,0.242410880812209,0.2584565972545399,4.233333333333336,-0.01604571644233091,23,17
00-0033908,2024,WR,Cooper Kupp,12,14.583333333333334,9.033333333333333,20.133333333333336,0.20524797550305685,0.24910823380685285,-11.100000000000003,-0.043860258303796,22,61
00-0033908,2025,WR,Cooper Kupp,16,7.26875,6.6499999999999995,7.640000000000001,0.14097262407220315,0.15987841802732206,-0.9900000000000011,-0.018905793955118905,65,69
00-0033911,2017,WR,Taywan Taylor,16,3.0875,1.0999999999999999,4.279999999999999,0.03964275335243075,0.057606750349405794,-3.1799999999999997,-0.017963996996975047,122,155
00-0033911,2018,WR,Taywan Taylor,13,6.738461538461539,7.6000000000000005,5.999999999999999,0.18409787109812117,0.16762440782897664,1.6000000000000014,0.016473463269144534,89,74
00-0033916,2017,WR,ArDarius Stewart,12,1.4083333333333332,1.25,1.5666666666666667,0.02623117623117623,0.031407392505790666,-0.31666666666666665,-0.005176216274614436,153,153
00-0033921,2017,WR,Chris Godwin Jr.,15,6.166666666666667,9.766666666666667,3.7666666666666666,0.1373658317408317,0.0997972103776974,6.000000000000001,0.0375686213631343,83,47
00-0033921,2018,WR,Chris Godwin Jr.,16,11.575000000000001,11.316666666666668,11.73,0.18363057136083452,0.15541941997062741,-0.4133333333333322,0.028211151390207106,35,45
00-0033921,2019,WR,Chris Godwin Jr.,14,19.72142857142858,17.78333333333333,21.175000000000004,0.21039201259874898,0.23350420760290436,-3.391666666666673,-0.023112195004155373,2,11
00-0033921,2020,WR,Chris Godwin Jr.,12,15.91666666666667,17.3,14.533333333333331,0.18144059668959633,0.18833507942757485,2.7666666666666693,-0.006894482737978519,15,14
00-0033921,2021,WR,Chris Godwin Jr.,14,17.314285714285713,16.366666666666667,18.025000000000002,0.22039937726835734,0.2111241131847271,-1.658333333333335,0.009275264083630247,7,14
00-0033921,2022,WR,Chris Godwin Jr.,15,14.853333333333335,15.299999999999999,14.555555555555555,0.20782834288661134,0.21964368937389323,0.7444444444444436,-0.011815346487281886,17,14
00-0033921,2023,WR,Chris Godwin Jr.,17,12.305882352941175,14.366666666666667,11.181818181818183,0.26631696487091366,0.2392028431840986,3.1848484848484837,0.027114121686815068,35,23
00-0033921,2024,WR,Chris Godwin Jr.,7,19.685714285714287,19.25,22.3,0.2841505173986976,0.281652824436979,-3.0500000000000007,0.002497692961718645,2,9
00-0033921,2025,WR,Chris Godwin Jr.,9,9.222222222222221,11.483333333333333,4.7,0.18359078421578423,0.17910969108549749,6.783333333333332,0.004481093130286745,49,28
00-0033923,2017,RB,Kareem Hunt,16,18.45,17.566666666666666,18.979999999999997,0.11260347087552978,0.12055673676252408,-1.4133333333333304,-0.007953265886994298,5,7
00-0033923,2018,RB,Kareem Hunt,11,20.927272727272722,25.16666666666666,15.839999999999998,0.12496382377167797,0.09075251493478947,9.326666666666663,0.0342113088368885,8,2
00-0033923,2019,RB,Kareem Hunt,8,12.675,12.533333333333333,13.100000000000001,0.13988095238095247,0.16784931077694248,-0.5666666666666682,-0.027968358395990017,25,29
00-0033923,2020,RB,Kareem Hunt,16,13.65625,11.499999999999998,14.95,0.09422942027108694,0.10737460075864677,-3.450000000000001,-0.013145180487559832,20,29
00-0033923,2021,RB,Kareem Hunt,8,13.75,14.433333333333332,11.700000000000001,0.12800170123666826,0.11584254576877102,2.7333333333333307,0.01215915546789724,21,19
00-0033923,2022,RB,Kareem Hunt,17,7.458823529411765,4.7,8.963636363636363,0.10094034052367391,0.0918591111577215,-4.263636363636363,0.009081229365952417,50,65
00-0033923,2023,RB,Kareem Hunt,15,7.9,6.5,8.833333333333336,0.039646557502973884,0.03975682725344574,-2.3333333333333357,-0.00011026975047185444,43,55
00-0033923,2024,RB,Kareem Hunt,13,11.953846153846154,8.15,15.214285714285714,0.05893001473874387,0.06711658943555038,-7.064285714285713,-0.00818657469680651,26,38
00-0033923,2025,RB,Kareem Hunt,17,8.552941176470588,5.25,10.354545454545455,0.04949712643678156,0.043809683266376215,-5.104545454545455,0.005687443170405343,39,61
00-0033925,2017,RB,D'Onta Foreman,9,6.333333333333333,6.933333333333334,5.133333333333334,0.0251600052246604,0.02687434691745037,1.7999999999999998,-0.001714341692789969,60,56
00-0033925,2021,RB,D'Onta Foreman,9,10.433333333333334,12.700000000000001,5.900000000000001,0.04508928571428572,0.040468625721893706,6.8,0.004620659992392015,36,23
00-0033925,2022,RB,D'Onta Foreman,16,8.1875,8.916666666666666,7.75,0.008333333333333333,0.022985871095750125,1.166666666666666,-0.014652537762416791,46,43
00-0033925,2023,RB,D'Onta Foreman,9,10.133333333333335,7.683333333333334,15.033333333333333,0.03609234234234235,0.05710753857305579,-7.35,-0.02101519623071344,35,47
00-0033925,2024,RB,D'Onta Foreman,10,3.2600000000000002,2.8833333333333333,3.8249999999999997,0.027295196658189583,0.02610384959664535,-0.9416666666666664,0.0011913470615442338,79,81
00-0033932,2017,WR,Kenny Golladay,11,8.600000000000001,8.299999999999999,8.96,0.13061460738945532,0.13035611557641394,-0.6600000000000019,0.0002584918130413838,58,55
00-0033932,2018,WR,Kenny Golladay,15,13.806666666666667,13.866666666666667,13.766666666666666,0.2853145353145353,0.22290261541782844,0.10000000000000142,0.062411919896706886,26,25
00-0033932,2019,WR,Kenny Golladay,16,15.5,14.983333333333334,15.809999999999999,0.2175349001006095,0.22258945349151366,-0.8266666666666644,-0.0050545533909041596,13,19
00-0033932,2021,WR,Kenny Golladay,14,6.364285714285715,4.816666666666666,7.525,0.17363216600549533,0.1670673115819897,-2.708333333333334,0.006564854423505628,91,111
00-0033932,2022,WR,Kenny Golladay,6,3.35,3.35,4.2,0.10125205784067998,0.10125205784067998,-0.8500000000000001,0.0,129,121
00-0033933,2017,WR,Chad Williams,6,1.5666666666666664,1.5666666666666664,2.5,0.03145332832832833,0.03145332832832833,-0.9333333333333336,0.0,151,148
00-0033933,2018,WR,Chad Williams,10,4.1,4.999999999999999,2.75,0.17785272750209621,0.15464627702413353,2.249999999999999,0.023206450477962687,127,108
00-0033936,2017,QB,C.J. Beathard,6,14.799999999999999,14.799999999999999,13.2,0.0,0.0,1.5999999999999996,0.0,20,17
00-0033936,2020,QB,C.J. Beathard,6,8.713333333333333,8.713333333333333,5.52,0.0,0.0,3.1933333333333334,0.0,37,38
00-0033936,2023,QB,C.J. Beathard,6,3.5766666666666667,3.5766666666666667,0.36,0.0,0.0,3.216666666666667,0.0,40,41
00-0033937,2017,WR,Amara Darboh,8,1.8875,2.0833333333333335,1.3,0.061358588441921796,0.05385369916619917,0.7833333333333334,0.007504889275722626,143,140
00-0033943,2017,WR,Josh Reynolds,10,2.74,3.9333333333333336,0.95,0.10727457105074334,0.07291019717590055,2.9833333333333334,0.034364373874842785,129,105
00-0033943,2018,WR,Josh Reynolds,12,8.333333333333334,11.733333333333334,4.933333333333334,0.17907727329968806,0.12232182568303307,6.800000000000001,0.05675544761665499,70,42
00-0033943,2019,WR,Josh Reynolds,16,3.86875,4.066666666666666,3.75,0.055199708894113485,0.08441827292497056,0.31666666666666643,-0.029218564030857076,124,115
00-0033943,2020,WR,Josh Reynolds,16,7.89375,6.083333333333333,8.98,0.12979864565230412,0.1416857336931549,-2.8966666666666674,-0.011887088040850785,79,99
00-0033943,2021,WR,Josh Reynolds,11,7.327272727272727,10.266666666666666,3.8,0.1750011633859183,0.13844049009473813,6.466666666666666,0.03656067329118018,81,54
00-0033943,2022,WR,Josh Reynolds,12,8.658333333333333,5.6000000000000005,11.716666666666667,0.10400712103823972,0.13927818516566098,-6.116666666666666,-0.03527106412742126,60,92
00-0033943,2023,WR,Josh Reynolds,16,8.05,6.000000000000001,9.28,0.12037793550008917,0.12321504313065307,-3.2799999999999985,-0.002837107630563898,64,82
00-0033943,2024,WR,Josh Reynolds,8,4.8,2.6,11.4,0.06072467373469095,0.08829242304993595,-8.8,-0.027567749315245006,103,127
00-0033948,2017,RB,Jamaal Williams,15,9.520000000000001,17.28333333333333,4.344444444444445,0.12080464533129316,0.06986665928884722,12.938888888888886,0.05093798604244594,34,8
00-0033948,2018,RB,Jamaal Williams,16,7.15,10.200000000000001,5.319999999999999,0.08228934198958544,0.059144778285418365,4.880000000000002,0.02314456370416708,63,37
00-0033948,2019,RB,Jamaal Williams,14,10.450000000000001,7.6499999999999995,12.55,0.08391222163151978,0.09844995868018848,-4.900000000000001,-0.014537737048668703,33,45
00-0033948,2020,RB,Jamaal Williams,14,9.078571428571427,6.316666666666666,11.15,0.032760989010989,0.07345058796664516,-4.833333333333334,-0.040689598955656166,42,63
00-0033948,2021,RB,Jamaal Williams,13,9.215384615384616,8.450000000000001,9.87142857142857,0.05697993819590918,0.05965653479591597,-1.421428571428569,-0.0026765966000067906,40,49
00-0033948,2022,RB,Jamaal Williams,17,13.288235294117646,10.299999999999999,14.918181818181818,0.018506837367224267,0.026268532648323187,-4.618181818181819,-0.007761695281098921,19,33
00-0033948,2023,RB,Jamaal Williams,13,4.676923076923076,6.05,3.5,0.06304977476884165,0.0497070401456811,2.55,0.013342734623160546,64,60
00-0033948,2024,RB,Jamaal Williams,14,2.65,2.1,3.0625,0.02483011401417475,0.026902692065426205,-0.9624999999999999,-0.0020725780512514565,87,92
00-0033949,2023,QB,Joshua Dobbs,13,15.435384615384617,16.503333333333334,14.519999999999998,0.0,0.0,1.983333333333336,0.0,20,18
00-0033950,2017,RB,Wayne Gallman,13,8.069230769230769,10.183333333333334,6.257142857142858,0.11315534198829393,0.09716214641529598,3.9261904761904756,0.015993195572997942,46,37
00-0033950,2018,RB,Wayne Gallman,13,3.423076923076923,4.533333333333333,2.471428571428571,0.054145354145354124,0.05071889059742544,2.061904761904762,0.003426463547928686,85,80
00-0033950,2019,RB,Wayne Gallman,9,5.355555555555556,5.633333333333334,4.8,0.054638045743785064,0.04652637393020014,0.8333333333333339,0.008111671813584923,65,60
00-0033950,2020,RB,Wayne Gallman,14,9.757142857142856,9.766666666666667,9.75,0.05843038160111335,0.06263995218185515,0.016666666666667496,-0.004209570580741805,37,38
00-0033950,2021,RB,Wayne Gallman,7,1.9285714285714286,1.7666666666666666,2.9,0.012345679012345684,0.014153439153439156,-1.1333333333333333,-0.0018077601410934722,105,107
00-0033951,2017,RB,Marlon Mack,14,7.378571428571429,6.416666666666667,8.1,0.08403632496769753,0.08093767957646003,-1.6833333333333327,0.003098645391237498,53,61
00-0033951,2018,RB,Marlon Mack,12,14.841666666666669,13.449999999999998,16.23333333333333,0.04833153688416847,0.06608807965590899,-2.783333333333333,-0.01775654277174052,14,21
00-0033951,2019,RB,Marlon Mack,14,12.950000000000001,12.6,13.2125,0.0251068376068376,0.042124542124542065,-0.6125000000000007,-0.017017704517704464,23,28
00-0033951,2022,RB,Marlon Mack,7,5.471428571428571,6.383333333333333,0.0,0.05531573467192485,0.04741348686164987,6.383333333333333,0.00790224781027498,62,51
00-0033953,2018,TE,Jordan Leggett,13,2.4153846153846152,2.65,2.2142857142857144,0.07473355195736835,0.061165034215702484,0.4357142857142855,0.013568517741665863,70,63
00-0033955,2020,RB,Jeremy McNichols,15,2.9266666666666667,3.15,2.7777777777777777,0.049737982428199816,0.035609049196770576,0.37222222222222223,0.01412893323142924,94,95
00-0033955,2021,RB,Jeremy McNichols,13,5.661538461538461,3.75,7.299999999999999,0.06448539886039877,0.08636867304449711,-3.549999999999999,-0.021883274184098342,69,84
00-0033955,2024,RB,Jeremy McNichols,15,4.253333333333334,3.1999999999999997,4.955555555555556,0.04876525430960913,0.025237095875890434,-1.755555555555556,0.023528158433718697,64,76
00-0033955,2025,RB,Jeremy McNichols,16,4.54375,3.116666666666667,5.4,0.08373886104149263,0.07816149651452489,-2.283333333333333,0.005577364526967735,63,74
00-0033994,2019,WR,Fred Brown,6,0.6833333333333332,0.6833333333333332,0.0,0.017904509283819633,0.017904509283819633,0.6833333333333332,0.0,164,161
00-0034011,2018,TE,Dan Arnold,7,4.714285714285714,4.583333333333333,5.5,0.10072804374274964,0.10164444565705069,-0.916666666666667,-0.0009164019143010488,39,40
00-0034011,2020,TE,Dan Arnold,15,6.453333333333333,8.833333333333334,4.866666666666666,0.10858508764518988,0.0863850243563138,3.9666666666666677,0.022200063288876082,28,21
00-0034011,2021,TE,Dan Arnold,11,6.8909090909090915,7.516666666666667,6.139999999999999,0.13825477067346983,0.13509948005513409,1.3766666666666678,0.0031552906183357488,26,22
00-0034011,2022,TE,Dan Arnold,11,2.0454545454545454,1.4833333333333334,2.72,0.03343332912298428,0.03471238309664762,-1.2366666666666668,-0.0012790539736633397,80,84
00-0034052,2021,WR,Brandon Zylstra,12,4.083333333333334,2.8833333333333333,5.283333333333334,0.07336291744893897,0.05951799718600793,-2.400000000000001,0.013844920262931042,124,134
00-0034054,2018,WR,River Cracraft,8,0.675,0.9,0.0,0.0070921985815602835,0.005319148936170213,0.9,0.0017730496453900709,159,157
00-0034054,2022,WR,River Cracraft,8,3.9000000000000004,2.65,7.65,0.051964248174903506,0.05022318613117764,-5.0,0.0017410620437258648,115,128
00-0034054,2023,WR,River Cracraft,6,4.516666666666667,4.516666666666667,13.0,0.06052183023447396,0.06052183023447396,-8.483333333333334,0.0,101,100
00-0034073,2019,TE,Ross Dwelley,8,4.512499999999999,5.733333333333333,0.85,0.09464540297873635,0.07991262366262367,4.883333333333334,0.014732779316112679,45,33
00-0034073,2020,TE,Ross Dwelley,12,4.124999999999999,3.7166666666666663,4.533333333333333,0.05212758706302467,0.054360297318212174,-0.8166666666666669,-0.002232710255187502,53,56
00-0034104,2020,WR,Cam Sims,13,6.63076923076923,7.783333333333334,5.642857142857143,0.1452818093586931,0.09142172291874623,2.140476190476191,0.05386008643994686,97,71
00-0034104,2021,WR,Cam Sims,12,4.066666666666666,4.5,3.6333333333333333,0.0767379679144385,0.06752626623950153,0.8666666666666667,0.00921170167493697,125,117
00-0034104,2022,WR,Cam Sims,13,1.3000000000000003,1.0166666666666666,1.542857142857143,0.03745801702323442,0.046706480122133937,-0.5261904761904763,-0.009248463098899519,152,152
00-0034109,2018,RB,Phillip Lindsay,15,14.853333333333332,17.283333333333335,13.233333333333333,0.09783688612211516,0.08621282257954581,4.0500000000000025,0.011624063542569354,13,14
00-0034109,2019,RB,Phillip Lindsay,16,12.356250000000001,9.799999999999999,13.89,0.08185925367297911,0.10140510558230345,-4.090000000000002,-0.01954585190932434,27,35
00-0034109,2020,RB,Phillip Lindsay,11,6.0,4.266666666666667,8.08,0.03784722222222222,0.03672248803827751,-3.8133333333333335,0.001124734183944709,62,79
00-0034109,2021,RB,Phillip Lindsay,14,3.242857142857143,2.7000000000000006,3.6499999999999995,0.0043859649122807,0.010064223057644107,-0.9499999999999988,-0.005678258145363407,94,97
00-0034115,2018,RB,Jeff Wilson,6,7.3999999999999995,7.3999999999999995,5.1,0.06626343191276447,0.06626343191276447,2.3,0.0,58,55
00-0034115,2019,RB,Jeff Wilson,8,5.862500000000001,2.9499999999999997,14.600000000000001,0.02500082105345262,0.02278287385460559,-11.650000000000002,0.0022179471988470305,62,89
00-0034115,2020,RB,Jeff Wilson,11,12.936363636363637,13.75,11.959999999999999,0.09819766953913293,0.0734419977657228,1.790000000000001,0.024755671773410134,24,19
00-0034115,2021,RB,Jeff Wilson,8,6.437499999999999,6.983333333333333,4.8,0.03458485958485958,0.03843864468864469,2.1833333333333336,-0.003853785103785111,61,62
00-0034115,2022,RB,Jeff Wilson,16,9.90625,7.683333333333334,11.24,0.07836305087337077,0.07366034604143062,-3.5566666666666666,0.004702704831940144,34,46
00-0034115,2023,RB,Jeff Wilson,9,4.5888888888888895,4.566666666666666,4.633333333333333,0.053825803825803785,0.057874609957943246,-0.06666666666666643,-0.004048806132139461,66,70
00-0034115,2024,RB,Jeff Wilson,7,1.5142857142857142,1.333333333333333,2.6,0.012712712712712716,0.0108966108966109,-1.266666666666667,0.0018161018161018169,98,97
00-0034132,2019,WR,Christian Blake,7,2.8714285714285714,2.766666666666667,3.5,0.07681107321344438,0.07476663418295233,-0.733333333333333,0.0020444390304920484,137,135
00-0034132,2020,WR,Christian Blake,10,2.71,2.983333333333333,2.3,0.052981395260806946,0.050014755382402375,0.6833333333333331,0.0029666398784045714,143,134
00-0034132,2021,WR,Christian Blake,9,0.7222222222222222,0.7833333333333333,0.6,0.03949531153832229,0.028645022507029667,0.18333333333333335,0.01085028903129262,167,166
00-0034159,2019,TE,Will Dissly,6,12.316666666666665,12.316666666666665,2.2,0.15160978198497269,0.15160978198497269,10.116666666666664,0.0,9,10
00-0034159,2020,TE,Will Dissly,15,4.073333333333333,4.466666666666667,3.811111111111111,0.0645727554018835,0.054960288712992564,0.6555555555555559,0.00961246668889093,54,44
00-0034159,2021,TE,Will Dissly,13,3.8538461538461535,3.016666666666667,4.571428571428571,0.06952360194295677,0.07144383377829897,-1.5547619047619041,-0.0019202318353421927,56,60
00-0034159,2022,TE,Will Dissly,15,5.793333333333334,3.65,7.222222222222222,0.05496342707510871,0.08076378271190368,-3.5722222222222224,-0.025800355636794968,34,60
00-0034159,2023,TE,Will Dissly,13,3.092307692307692,3.75,2.5285714285714285,0.054598178943821206,0.05273822547265145,1.2214285714285715,0.0018599534711697535,61,54
00-0034159,2024,TE,Will Dissly,15,7.340000000000001,8.316666666666665,6.688888888888889,0.108331674710985,0.1505019689993636,1.6277777777777755,-0.04217029428837861,27,23
00-0034159,2025,TE,Will Dissly,8,2.5875000000000004,2.6999999999999997,2.25,0.06964438197983136,0.06053938670273845,0.44999999999999973,0.009104995277092909,73,69
00-0034164,2018,RB,Trenton Cannon,12,4.058333333333334,3.6833333333333336,4.433333333333334,0.0513689622190339,0.0653991085873023,-0.75,-0.014030146368268402,81,83
00-0034164,2020,RB,Trenton Cannon,12,0.6583333333333334,0.4333333333333333,0.8833333333333334,0.005208333333333333,0.008777006172839509,-0.4500000000000001,-0.0035686728395061757,118,120
00-0034164,2021,RB,Trenton Cannon,10,0.04,0.0,0.1,0.0,0.0,-0.1,0.0,122,122
00-0034171,2018,RB,Jason Cabinda,8,0.0,0.0,0.0,0.0,0.0,0.0,0.0,117,117
00-0034171,2020,RB,Jason Cabinda,9,0.3111111111111111,0.2333333333333333,0.4666666666666666,0.00775613275613275,0.008874458874458866,-0.2333333333333333,-0.0011183261183261165,123,123
00-0034171,2021,RB,Jason Cabinda,9,1.5444444444444443,2.0833333333333335,0.4666666666666666,0.02756640765794083,0.023536335264024058,1.616666666666667,0.004030072393916773,108,103
00-0034171,2022,RB,Jason Cabinda,6,0.31666666666666665,0.31666666666666665,0.0,0.023710089399744585,0.023710089399744585,0.31666666666666665,0.0,120,119
00-0034177,2020,QB,Tim Boyle,8,-0.1125,-0.10000000000000002,-0.15000000000000002,0.0,0.0,0.05,0.0,40,40
00-0034184,2018,RB,Gus Edwards,11,8.163636363636364,10.366666666666665,5.5200000000000005,0.007575757575757583,0.0061983471074380184,4.846666666666665,0.0013774104683195645,50,35
00-0034184,2019,RB,Gus Edwards,16,5.7875000000000005,5.783333333333334,5.790000000000001,0.021135265700483085,0.014958783632949457,-0.006666666666666821,0.0061764820675336285,63,59
00-0034184,2020,RB,Gus Edwards,16,8.0125,11.233333333333334,6.08,0.044857126092824016,0.03170661967480179,5.153333333333334,0.013150506418022227,50,31
00-0034184,2022,RB,Gus Edwards,9,6.5888888888888895,4.166666666666667,11.433333333333332,0.0,0.010648148148148144,-7.266666666666665,-0.010648148148148144,56,76
00-0034184,2023,RB,Gus Edwards,17,11.0,7.95,12.663636363636364,0.017703893151463482,0.032379113496599755,-4.713636363636364,-0.014675220345136273,32,46
00-0034184,2024,RB,Gus Edwards,11,5.827272727272727,7.6833333333333345,3.6,0.022685185185185197,0.01601010101010102,4.083333333333334,0.006675084175084178,53,43
00-0034192,2020,TE,Nick Keizer,11,0.9363636363636364,1.5166666666666666,0.24,0.028935632924994615,0.02366137306576991,1.2766666666666666,0.005274259859224705,81,79
00-0034193,2022,TE,Kevin Rader,6,0.0,0.0,0.0,0.0,0.0,0.0,0.0,96,95
00-0034193,2023,TE,Kevin Rader,7,0.2285714285714286,0.26666666666666666,0.0,0.019487179487179485,0.0167032967032967,0.26666666666666666,0.002783882783882783,93,93
00-0034208,2018,RB,Mike Boone,6,1.1333333333333335,1.1333333333333335,2.1,0.010705167848024983,0.010705167848024983,-0.9666666666666666,0.0,105,103
00-0034208,2019,RB,Mike Boone,8,6.25,7.866666666666667,1.4,0.030555555555555548,0.02291666666666666,6.466666666666667,0.007638888888888886,60,44
00-0034208,2020,RB,Mike Boone,10,1.49,2.166666666666667,0.475,0.009523809523809533,0.0057142857142857195,1.6916666666666669,0.003809523809523814,111,104
00-0034208,2022,RB,Mike Boone,8,3.6,4.6000000000000005,0.6,0.07551300732451283,0.0635897859811895,4.000000000000001,0.011923221343323326,76,67
00-0034208,2023,RB,Mike Boone,9,1.4777777777777779,1.3499999999999999,1.7333333333333334,0.024150922177237966,0.026436532097486812,-0.3833333333333335,-0.002285609920248847,101,96
00-0034253,2018,RB,Dontrell Hilliard,10,1.75,2.35,0.85,0.0434818931386437,0.03144502030883809,1.5,0.01203687282980561,96,94
00-0034253,2019,RB,Dontrell Hilliard,14,2.7214285714285715,0.2333333333333333,4.5875,0.005208333333333333,0.03195160279731584,-4.354166666666667,-0.02674326946398251,92,115
00-0034253,2021,RB,Dontrell Hilliard,8,9.0875,9.416666666666666,8.1,0.10233134920634927,0.10125831582633057,1.3166666666666664,0.001073033380018698,42,42
00-0034253,2022,RB,Dontrell Hilliard,12,6.433333333333334,3.483333333333334,9.383333333333331,0.05629182727221944,0.09484268791528226,-5.899999999999997,-0.038550860643062825,57,83
00-0034268,2018,WR,J'Mon Moore,7,0.5,0.5833333333333334,0.0,0.01304713804713805,0.011183261183261186,0.5833333333333334,0.0018638768638768646,161,160
00-0034270,2019,TE,Tyler Conklin,9,1.5333333333333332,2.3,0.0,0.04911968618865172,0.03633068684978214,2.3,0.01278899933886958,80,74
00-0034270,2020,TE,Tyler Conklin,9,4.933333333333334,6.883333333333333,1.0333333333333334,0.11058192963027713,0.08066573086462919,5.85,0.02991619876564794,43,28
00-0034270,2021,TE,Tyler Conklin,17,8.135294117647058,6.500000000000001,9.027272727272726,0.16616142284907018,0.1517127562520462,-2.5272727272727247,0.014448666597023985,19,29
00-0034270,2022,TE,Tyler Conklin,17,7.735294117647059,6.216666666666666,8.563636363636364,0.12659685086155661,0.14532951621596443,-2.3469696969696985,-0.018732665354407818,21,31
00-0034270,2023,TE,Tyler Conklin,17,7.241176470588235,7.116666666666667,7.3090909090909095,0.17823472823472833,0.15470269326670713,-0.1924242424242424,0.023532034968021198,23,27
00-0034270,2024,TE,Tyler Conklin,16,7.61875,9.566666666666666,6.45,0.13986584355415216,0.12494341754909889,3.1166666666666663,0.014922426005053266,23,17
00-0034270,2025,TE,Tyler Conklin,6,2.8833333333333333,2.8833333333333333,7.2,0.04665876385110129,0.04665876385110129,-4.316666666666666,0.0,63,66
00-0034272,2018,WR,Marquez Valdes-Scantling,16,6.9375,5.666666666666667,7.7,0.12107617990276737,0.11860156546941002,-2.033333333333333,0.00247461443335735,87,98
00-0034272,2019,WR,Marquez Valdes-Scantling,15,5.606666666666667,1.2,8.544444444444444,0.06170919723551307,0.11169646751742897,-7.344444444444444,-0.0499872702819159,98,147
00-0034272,2020,WR,Marquez Valdes-Scantling,14,9.807142857142855,11.433333333333332,8.5875,0.12879277980084428,0.14048396825155707,2.8458333333333314,-0.011691188450712792,60,51
00-0034272,2021,WR,Marquez Valdes-Scantling,11,7.909090909090909,9.733333333333333,5.720000000000001,0.16596494902946515,0.14863974545059583,4.013333333333332,0.017325203578869325,77,56
00-0034272,2022,WR,Marquez Valdes-Scantling,17,7.2,5.7,8.018181818181818,0.15817585625821742,0.14147654726250836,-2.3181818181818175,0.016699308995709067,76,89
00-0034272,2023,WR,Marquez Valdes-Scantling,16,3.53125,2.266666666666667,4.29,0.07676421647458243,0.07542225270588129,-2.023333333333333,0.001341963768701132,126,140
00-0034272,2024,WR,Marquez Valdes-Scantling,13,6.499999999999999,8.75,4.571428571428571,0.16037165557874847,0.11465118606956756,4.178571428571429,0.045720469509180905,90,65
00-0034272,2025,WR,Marquez Valdes-Scantling,9,3.5555555555555554,4.7,1.2666666666666666,0.10495044486272549,0.0827593609026357,3.4333333333333336,0.022191083960089786,125,94
00-0034273,2019,WR,Damion Ratley,9,4.222222222222222,3.6166666666666667,5.433333333333333,0.08325114625517852,0.08810525333420573,-1.816666666666666,-0.004854107079027212,119,121
00-0034279,2018,WR,Equanimeous St. Brown,11,4.9363636363636365,5.116666666666667,4.72,0.10167722819852897,0.09249145695762101,0.3966666666666674,0.009185771240907956,116,105
00-0034279,2020,WR,Equanimeous St. Brown,8,3.175,3.866666666666666,1.1,0.04593805727704505,0.052386480139447626,2.7666666666666657,-0.006448422862402575,137,122
00-0034279,2021,WR,Equanimeous St. Brown,12,1.6833333333333333,2.4499999999999997,0.9166666666666666,0.05007447749383237,0.04009844841596899,1.5333333333333332,0.00997602907786338,153,141
00-0034279,2022,WR,Equanimeous St. Brown,16,4.04375,4.333333333333333,3.8699999999999997,0.099986540425137,0.1248816549797924,0.4633333333333334,-0.0248951145546554,114,103
00-0034286,2018,WR,Richie James,12,2.8333333333333335,4.05,1.6166666666666665,0.04844622586558078,0.03712995917296993,2.4333333333333336,0.011316266692610856,136,125
00-0034286,2019,WR,Richie James,16,1.775,-0.016666666666666666,2.85,0.0,0.02282272685498493,-2.8666666666666667,-0.02282272685498493,145,176
00-0034286,2020,WR,Richie James,10,6.839999999999999,4.8999999999999995,9.75,0.07646691344682736,0.09693595500625632,-4.8500000000000005,-0.020469041559428955,93,111
00-0034286,2022,WR,Richie James,16,8.65625,11.65,6.859999999999999,0.18795000547055166,0.1540593415266369,4.790000000000001,0.03389066394391477,61,39
00-0034286,2023,WR,Richie James,9,2.3777777777777778,3.3000000000000003,0.5333333333333333,0.05406178019718811,0.04482497058190919,2.766666666666667,0.009236809615278917,141,124
00-0034297,2019,WR,Byron Pringle,12,2.9166666666666665,0.7166666666666667,5.116666666666667,0.0094818376068376,0.03680045086295081,-4.4,-0.027318613256113213,136,160
00-0034297,2020,WR,Byron Pringle,7,5.857142857142857,6.283333333333334,3.3,0.07441448965127752,0.06718520881674128,2.9833333333333343,0.007229280834536236,107,93
00-0034297,2021,WR,Byron Pringle,16,8.05,9.0,7.4799999999999995,0.13866569035602158,0.10097829696032998,1.5200000000000005,0.037687393395691604,73,62
00-0034297,2022,WR,Byron Pringle,10,3.55,4.666666666666667,1.8750000000000002,0.08630511463844792,0.08090888577653274,2.791666666666667,0.005396228861915181,120,100
00-0034297,2023,WR,Byron Pringle,13,2.315384615384615,1.9000000000000001,2.6714285714285713,0.041209403341756295,0.04273312785756226,-0.7714285714285711,-0.0015237245158059645,146,148
00-0034301,2019,RB,Darrel Williams,9,7.533333333333333,4.516666666666667,13.566666666666668,0.04286629243012658,0.062195761904984735,-9.05,-0.019329469474858155,52,74
00-0034301,2020,RB,Darrel Williams,13,4.1923076923076925,4.133333333333334,4.242857142857143,0.05267071638039381,0.05098427078338394,-0.10952380952380913,0.0016864455970098738,82,80
00-0034301,2021,RB,Darrel Williams,17,11.529411764705882,11.666666666666666,11.454545454545455,0.09276977248579676,0.0880958966114731,0.21212121212121104,0.004673875874323663,31,29
00-0034309,2020,WR,Chad Beebe,12,4.341666666666667,6.466666666666666,2.2166666666666663,0.078186503079404,0.07225897835674457,4.25,0.005927524722659436,122,92
00-0034317,2018,WR,Keith Kirkwood,7,6.557142857142857,6.566666666666666,6.5,0.1042767090857698,0.09996204694124185,0.06666666666666643,0.004314662144527956,91,84
00-0034317,2023,WR,Keith Kirkwood,7,2.1,2.45,0.0,0.040103149367855265,0.038703132358594565,2.45,0.0014000170092606998,152,138
00-0034319,2020,TE,Deon Yelder,6,1.7666666666666666,1.7666666666666666,1.5,0.052930611405620616,0.052930611405620616,0.2666666666666666,0.0,75,74
00-0034331,2018,RB,Jaylen Samuels,9,9.944444444444445,12.616666666666667,4.6000000000000005,0.09832449044271707,0.08201056564493893,8.016666666666666,0.016313924797778143,39,27
00-0034331,2019,RB,Jaylen Samuels,13,8.030769230769232,5.1499999999999995,10.5,0.10883838383838379,0.14164057912056863,-5.3500000000000005,-0.03280219528218484,49,66
00-0034331,2020,RB,Jaylen Samuels,9,1.8222222222222224,2.2666666666666666,0.9333333333333335,0.04539926594916663,0.03927046089066743,1.333333333333333,0.0061288050584992,109,102
00-0034339,2019,WR,Trey Quinn,12,4.316666666666666,2.3833333333333333,6.249999999999999,0.12172836741802258,0.14120182606215753,-3.866666666666666,-0.019473458644134953,114,137
00-0034343,2018,QB,Josh Rosen,14,8.065714285714284,6.2633333333333345,9.4175,0.0,0.0,-3.154166666666666,0.0,36,36
00-0034348,2018,WR,Courtland Sutton,16,8.51875,9.233333333333333,8.09,0.19068563844599673,0.1589555235599553,1.1433333333333326,0.03173011488604144,66,59
00-0034348,2019,WR,Courtland Sutton,16,13.901250000000001,10.950000000000001,15.672,0.2727850399419027,0.27099472523481005,-4.7219999999999995,0.0017903147070926217,28,45
00-0034348,2021,WR,Courtland Sutton,17,8.837647058823528,4.640000000000001,11.127272727272729,0.16714576318742982,0.18178149305123875,-6.487272727272728,-0.014635729863808927,61,114
00-0034348,2022,WR,Courtland Sutton,15,10.626666666666667,9.766666666666666,11.199999999999998,0.2063916475681181,0.2293206570460591,-1.4333333333333318,-0.02292900947794102,43,51
00-0034348,2023,WR,Courtland Sutton,16,11.887500000000001,8.883333333333335,13.690000000000001,0.1752976190476191,0.20632647604630366,-4.806666666666667,-0.031028856998684573,39,55
00-0034348,2024,WR,Courtland Sutton,16,15.01875,17.566666666666666,13.49,0.2522551469819267,0.2592329344724853,4.076666666666666,-0.006977787490558607,19,17
00-0034348,2025,WR,Courtland Sutton,17,12.923529411764704,13.966666666666669,12.354545454545455,0.22465150312091656,0.21067506069171063,1.6121212121212132,0.013976442429205926,21,20
00-0034349,2018,RB,Kerryon Johnson,10,13.940000000000001,15.916666666666666,10.975,0.12757895699072166,0.10587477093562281,4.941666666666666,0.021704186055098856,18,16
00-0034349,2019,RB,Kerryon Johnson,8,10.625,10.0,12.5,0.05261674718196457,0.05806012136208318,-2.5,-0.005443374180118615,32,34
00-0034349,2020,RB,Kerryon Johnson,14,5.128571428571429,5.45,4.8875,0.07498322460031537,0.05225157328562601,0.5625,0.022731651314689356,72,67
00-0034351,2018,TE,Dallas Goedert,15,6.026666666666667,5.933333333333334,6.088888888888889,0.09867173737066987,0.08377261575218874,-0.155555555555555,0.014899121618481129,26,29
00-0034351,2019,TE,Dallas Goedert,15,9.646666666666667,12.166666666666666,7.966666666666667,0.19222222222222232,0.155056220392549,4.199999999999999,0.037166001829673334,13,11
00-0034351,2020,TE,Dallas Goedert,11,10.581818181818182,12.300000000000002,8.52,0.20226172520290167,0.16825759041619223,3.780000000000003,0.03400413478670944,10,8
00-0034351,2021,TE,Dallas Goedert,15,11.0,13.183333333333332,9.544444444444444,0.2488354374261422,0.20696201246857798,3.6388888888888875,0.041873424957564215,8,7
00-0034351,2022,TE,Dallas Goedert,12,11.766666666666666,12.25,11.283333333333333,0.19692362428842503,0.20150844843448554,0.9666666666666668,-0.004584824146060512,5,5
00-0034351,2023,TE,Dallas Goedert,14,9.735714285714284,8.883333333333335,10.375,0.20585199824330247,0.19440666146042931,-1.4916666666666654,0.011445336782873156,12,18
00-0034351,2024,TE,Dallas Goedert,10,10.36,8.25,13.524999999999999,0.1727433570775336,0.19282225945724815,-5.274999999999999,-0.020078902379714547,11,24
00-0034351,2025,TE,Dallas Goedert,15,12.340000000000002,11.916666666666666,12.622222222222225,0.20285187018399356,0.20759515537945403,-0.7055555555555593,-0.004743285195460467,6,11
00-0034353,2018,WR,Anthony Miller,15,8.014666666666667,4.503333333333333,10.355555555555556,0.04907095324518195,0.11579821495776445,-5.852222222222223,-0.0667272617125825,74,114
00-0034353,2019,WR,Anthony Miller,16,7.96875,13.233333333333334,4.8100000000000005,0.17997120092030852,0.13793798912649868,8.423333333333334,0.04203321179380984,71,30
00-0034353,2020,WR,Anthony Miller,16,6.793749999999999,4.816666666666667,7.9799999999999995,0.08803628620701794,0.12582192572467096,-3.163333333333332,-0.03778563951765303,94,112
00-0034364,2018,TE,Jordan Akins,14,2.8214285714285716,3.6,2.2375,0.057678131485635616,0.056152298986337994,1.3625000000000003,0.0015258324992976219,67,47
00-0034364,2019,TE,Jordan Akins,16,5.6125,5.083333333333333,5.930000000000001,0.12234300717013491,0.1028910495730798,-0.8466666666666676,0.019451957597055106,39,38
00-0034364,2020,TE,Jordan Akins,13,6.43846153846154,4.699999999999999,7.928571428571429,0.11989444718277659,0.11795830400683066,-3.2285714285714295,0.0019361431759459258,29,43
00-0034364,2021,TE,Jordan Akins,12,3.475,3.3833333333333333,3.5666666666666664,0.0727125647152529,0.08642793138760883,-0.18333333333333313,-0.013715366672355928,59,55
00-0034364,2022,TE,Jordan Akins,15,7.766666666666667,9.25,6.777777777777778,0.1421868134663053,0.10955500480491696,2.4722222222222223,0.03263180866138833,20,16
00-0034364,2023,TE,Jordan Akins,13,2.1692307692307695,2.9500000000000006,1.5,0.0652279528518111,0.057077404325044,1.4500000000000006,0.008150548526767103,75,65
00-0034364,2024,TE,Jordan Akins,16,5.6875,6.516666666666667,5.1899999999999995,0.11042629496009282,0.09920275306452107,1.326666666666667,0.011223541895571745,35,32
00-0034365,2018,TE,Ian Thomas,10,8.13,10.683333333333332,4.3,0.14717774619652949,0.14145370654144704,6.383333333333332,0.005724039655082447,18,10
00-0034365,2019,TE,Ian Thomas,10,3.56,5.933333333333334,0.0,0.10931928674868881,0.07312463702908675,5.933333333333334,0.036194649719602054,55,31
00-0034365,2020,TE,Ian Thomas,13,3.1153846153846154,2.783333333333333,3.4,0.07453555431496608,0.07214386710993044,-0.6166666666666667,0.0023916872050356447,65,69
00-0034365,2021,TE,Ian Thomas,14,2.6285714285714286,1.8166666666666664,3.2375,0.0611646132432579,0.065834072157937,-1.4208333333333334,-0.004669458914679105,68,73
00-0034365,2022,TE,Ian Thomas,13,3.130769230769231,2.983333333333333,3.2571428571428567,0.09159538367318247,0.09055834651733054,-0.2738095238095237,0.0010370371558519331,67,64
00-0034365,2023,TE,Ian Thomas,8,1.325,1.4666666666666666,0.9,0.05214971706907188,0.04130527025794426,0.5666666666666665,0.010844446811127617,85,83
00-0034365,2025,TE,Ian Thomas,9,2.7111111111111112,3.233333333333333,1.6666666666666667,0.05125938135091451,0.04343218015986893,1.5666666666666662,0.007827201191045581,71,62
00-0034366,2018,WR,Keke Coutee,6,10.45,10.45,21.7,0.21950915195354023,0.21950915195354023,-11.25,0.0,46,48
00-0034366,2019,WR,Keke Coutee,8,6.6,7.833333333333333,2.9000000000000004,0.12992453025697717,0.12640352700307775,4.933333333333333,0.003521003253899424,83,68
00-0034366,2020,WR,Keke Coutee,8,11.125,13.15,5.05,0.1659191357989985,0.14530580653923297,8.100000000000001,0.020613329259765528,50,40
00-0034366,2022,WR,Keke Coutee,7,0.14285714285714285,0.16666666666666666,0.0,0.006172839506172833,0.0052910052910052855,0.16666666666666666,0.0008818342151675476,165,159
00-0034367,2018,RB,Nyheim Hines,16,10.056249999999999,9.466666666666667,10.41,0.14081571936835105,0.12247706385824296,-0.9433333333333334,0.01833865551010809,37,40
00-0034367,2019,RB,Nyheim Hines,16,7.3687499999999995,8.333333333333334,6.790000000000001,0.1054195429195429,0.12137256213343167,1.543333333333333,-0.015953019213888767,53,42
00-0034367,2020,RB,Nyheim Hines,16,12.075,11.950000000000001,12.15,0.16038062931233976,0.14116652198873952,-0.1999999999999993,0.019214107323600238,28,27
00-0034367,2021,RB,Nyheim Hines,17,6.858823529411764,5.800000000000001,7.4363636363636365,0.12455622209030404,0.11530617866446698,-1.6363636363636358,0.00925004342583706,60,69
00-0034367,2022,RB,Nyheim Hines,16,5.0875,4.483333333333333,5.450000000000001,0.033993147852796966,0.06761669498208164,-0.9666666666666677,-0.03362354712928468,67,70
00-0034370,2018,WR,DaeSean Hamilton,11,6.027272727272727,9.816666666666666,1.48,0.1766110397246836,0.10401189030917198,8.336666666666666,0.07259914941551161,100,52
00-0034370,2019,WR,DaeSean Hamilton,13,4.8999999999999995,7.016666666666667,3.0857142857142854,0.1562398748673258,0.12281159326564225,3.930952380952381,0.03342828160168354,103,76
00-0034370,2020,WR,DaeSean Hamilton,12,5.191666666666666,5.55,4.833333333333333,0.11651952339936823,0.10606808459024382,0.7166666666666668,0.010451438809124414,113,108
00-0034378,2018,RB,Ito Smith,13,7.515384615384618,5.5,9.242857142857144,0.06917073369931107,0.0636881103685726,-3.7428571428571438,0.00548262333073847,55,68
00-0034378,2019,RB,Ito Smith,7,5.185714285714286,5.216666666666667,5.0,0.04768851303735019,0.04405047149233189,0.21666666666666679,0.003638041545018296,68,63
00-0034378,2020,RB,Ito Smith,14,4.0928571428571425,6.8999999999999995,1.9875,0.06831865491747126,0.046370422863900536,4.9125,0.021948232053570722,83,58
00-0034383,2018,TE,Dalton Schultz,8,2.95,2.8833333333333333,3.15,0.052010865888553325,0.057075376307171286,-0.2666666666666666,-0.005064510418617961,65,62
00-0034383,2019,TE,Dalton Schultz,6,0.26666666666666666,0.26666666666666666,0.0,0.00806138306138305,0.00806138306138305,0.26666666666666666,0.0,88,88
00-0034383,2020,TE,Dalton Schultz,16,9.15625,8.450000000000001,9.58,0.1325695682313328,0.14576052413644336,-1.129999999999999,-0.013190955905110546,17,23
00-0034383,2021,TE,Dalton Schultz,17,12.28235294117647,13.683333333333332,11.518181818181818,0.16799204002349047,0.170725298362069,2.165151515151514,-0.0027332583385785425,5,5
00-0034383,2022,TE,Dalton Schultz,15,9.513333333333334,10.450000000000001,8.88888888888889,0.1996552905089488,0.17895390260613125,1.5611111111111118,0.02070138790281756,11,6
00-0034383,2023,TE,Dalton Schultz,15,10.033333333333333,8.233333333333333,11.233333333333333,0.15149857357799537,0.17567897466574697,-3.0,-0.024180401087751602,11,21
00-0034383,2024,TE,Dalton Schultz,17,6.952941176470588,8.316666666666668,6.209090909090909,0.15892413360155286,0.15461642136542814,2.107575757575759,0.004307712236124722,30,22
00-0034383,2025,TE,Dalton Schultz,17,10.45294117647059,11.666666666666666,9.79090909090909,0.19801068575578384,0.19064630188244294,1.8757575757575768,0.007364383873340902,15,12
00-0034386,2018,WR,Justin Watson,7,0.21428571428571427,0.25,0.0,0.014097222222222218,0.01208333333333333,0.25,0.002013888888888888,165,164
00-0034386,2019,WR,Justin Watson,9,4.766666666666667,6.766666666666667,0.7666666666666666,0.10725671613512607,0.07428225520119516,6.0,0.0329744609339309,106,80
00-0034386,2020,WR,Justin Watson,7,2.3428571428571425,2.466666666666667,1.6,0.036507936507936455,0.03969587835134049,0.8666666666666667,-0.003187941843404034,145,139
00-0034386,2022,WR,Justin Watson,17,3.4411764705882355,2.316666666666667,4.054545454545455,0.07002329426330837,0.05693097055379951,-1.7378787878787878,0.013092323709508864,125,134
00-0034386,2023,WR,Justin Watson,15,5.933333333333332,5.516666666666667,6.21111111111111,0.082178731755582,0.09906748217408436,-0.6944444444444438,-0.016888750418502352,80,88
00-0034386,2024,WR,Justin Watson,15,4.193333333333333,4.266666666666667,4.144444444444445,0.0670050704635013,0.06827939361601512,0.12222222222222179,-0.001274323152513815,110,108
00-0034393,2019,TE,Troy Fumagalli,6,2.6333333333333333,2.6333333333333333,1.7,0.04964150047483381,0.04964150047483381,0.9333333333333333,0.0,66,66
00-0034393,2020,TE,Troy Fumagalli,7,3.142857142857143,3.1333333333333333,3.2,0.07980189491817395,0.07792543373938719,-0.06666666666666687,0.0018764611787867591,64,63
00-0034400,2018,RB,Jordan Wilkins,13,4.6230769230769235,4.066666666666667,5.1000000000000005,0.02766338924233662,0.03313378988928657,-1.0333333333333332,-0.005470400646949952,79,82
00-0034400,2019,RB,Jordan Wilkins,13,4.153846153846153,5.466666666666666,3.0285714285714285,0.028665028665028666,0.02512579117930289,2.4380952380952374,0.003539237485725776,79,61
00-0034400,2020,RB,Jordan Wilkins,13,4.7153846153846155,3.5999999999999996,5.671428571428571,0.04713403880070547,0.03558700558700559,-2.071428571428571,0.011547033213699882,75,85
00-0034401,2023,QB,Mike White,6,0.34333333333333327,0.34333333333333327,6.58,0.0,0.0,-6.236666666666666,0.0,46,46
00-0034406,2019,WR,Deon Cain,11,1.9454545454545453,2.033333333333333,1.8399999999999999,0.05109427609427613,0.05905379937000492,0.19333333333333336,-0.00795952327572879,143,139
00-0034407,2018,WR,Ray-Ray McCloud,8,1.125,1.2333333333333332,0.8,0.028737670172006218,0.027235070810822853,0.4333333333333331,0.0015025993611833648,157,155
00-0034407,2019,WR,Ray-Ray McCloud,6,0.0,0.0,0.0,0.0,0.0,0.0,0.0,175,172
00-0034407,2020,WR,Ray-Ray McCloud,16,2.1375,1.1166666666666667,2.75,0.02502440896914873,0.03305034764911606,-1.6333333333333333,-0.008025938679967329,147,157
00-0034407,2021,WR,Ray-Ray McCloud,16,4.262499999999999,5.6000000000000005,3.46,0.17847908130516818,0.10150953897942004,2.1400000000000006,0.07696954232574814,120,100
00-0034407,2022,WR,Ray-Ray McCloud,17,3.4176470588235297,3.9499999999999997,3.127272727272728,0.04454695631166214,0.051030283569042434,0.8227272727272719,-0.006483327257380295,126,110
00-0034407,2023,WR,Ray-Ray McCloud,12,2.375,3.25,1.5,0.06057471264367817,0.0485016420361248,1.75,0.012073070607553367,142,126
00-0034407,2024,WR,Ray-Ray McCloud,17,8.382352941176471,8.966666666666669,8.063636363636363,0.1690498009576956,0.16299471871908855,0.903030303030306,0.00605508223860704,67,62
00-0034407,2025,WR,Ray-Ray McCloud,6,2.316666666666667,2.316666666666667,8.1,0.07406833512016435,0.07406833512016435,-5.783333333333333,0.0,143,140
00-0034411,2018,WR,Russell Gage,9,1.3666666666666667,1.7333333333333334,0.6333333333333333,0.04526380882970029,0.03288589965340452,1.1,0.012377909176295769,153,147
00-0034411,2019,WR,Russell Gage,14,7.2,11.366666666666667,4.075,0.17890253932501332,0.12468168518334088,7.291666666666667,0.05422085414167244,76,44
00-0034411,2020,WR,Russell Gage,16,11.31625,14.926666666666668,9.149999999999999,0.19489932453974768,0.17852316388851602,5.776666666666669,0.016376160651231653,48,28
00-0034411,2021,WR,Russell Gage,13,12.538461538461538,16.166666666666668,9.428571428571429,0.30314163136743766,0.23576750999207569,6.738095238095239,0.06737412137536197,33,16
00-0034411,2022,WR,Russell Gage,13,9.507692307692308,10.916666666666666,8.299999999999999,0.12034077496064184,0.13170267364261226,2.616666666666667,-0.01136189868197042,53,45
00-0034414,2019,RB,Boston Scott,9,10.988888888888889,14.1,4.766666666666667,0.09916666666666667,0.07055555555555554,9.333333333333332,0.02861111111111113,30,23
00-0034414,2020,RB,Boston Scott,16,5.975,4.433333333333334,6.9,0.07645541240368825,0.06373131233566041,-2.466666666666667,0.012724100068027835,63,75
00-0034414,2021,RB,Boston Scott,11,8.963636363636363,10.700000000000001,6.88,0.07355231475171504,0.05645105422635608,3.820000000000001,0.017101260525358965,44,34
00-0034414,2022,RB,Boston Scott,15,3.08,4.3,2.2666666666666666,0.014970642331635533,0.013935896016338175,2.033333333333333,0.0010347463152973572,85,75
00-0034414,2023,RB,Boston Scott,12,1.4833333333333334,1.1666666666666667,1.8,0.014971139971139967,0.014582284640424175,-0.6333333333333333,0.000388855330715792,100,101
00-0034418,2020,WR,Cedrick Wilson Jr.,13,3.9707692307692306,0.83,6.662857142857143,0.028054080473435317,0.0483314435811137,-5.832857142857143,-0.020277363107678383,127,160
00-0034418,2021,WR,Cedrick Wilson Jr.,14,10.558571428571428,13.24,8.5475,0.14601097637177723,0.1163688289236275,4.692500000000001,0.029642147448149733,46,26
00-0034418,2022,WR,Cedrick Wilson Jr.,13,2.0307692307692307,1.9333333333333333,2.1142857142857143,0.038157894736842106,0.04362644690027713,-0.18095238095238098,-0.005468552163435024,147,140
00-0034418,2023,WR,Cedrick Wilson Jr.,11,6.327272727272728,5.633333333333333,7.159999999999999,0.11813649313649299,0.10713564139366274,-1.5266666666666664,0.011000851742830248,77,87
00-0034418,2024,WR,Cedrick Wilson Jr.,13,3.9953846153846153,3.7899999999999996,4.171428571428571,0.06295317676427396,0.06052113280817681,-0.38142857142857123,0.0024320439560971546,115,115
00-0034418,2025,WR,Cedrick Wilson Jr.,6,1.5666666666666667,1.5666666666666667,1.2,0.06213154115452965,0.06213154115452965,0.3666666666666667,0.0,157,153
00-0034419,2019,WR,Braxton Berrios,16,1.09375,1.9166666666666667,0.6,0.02868057868057868,0.02981680058292963,1.3166666666666669,-0.0011362219023509507,155,141
00-0034419,2020,WR,Braxton Berrios,16,6.08125,6.283333333333332,5.959999999999999,0.10442572725181416,0.12559151925187384,0.32333333333333325,-0.021165792000059677,104,94
00-0034419,2021,WR,Braxton Berrios,16,7.5687500000000005,11.883333333333333,4.9799999999999995,0.18989689859255088,0.12575222147268006,6.903333333333333,0.06414467711987082,78,39
00-0034419,2022,WR,Braxton Berrios,17,3.3929411764705883,2.0333333333333337,4.134545454545454,0.05357001386413149,0.05627262405755671,-2.10121212121212,-0.0027026101934252214,128,139
00-0034419,2023,WR,Braxton Berrios,16,3.61875,1.9000000000000001,4.65,0.03811620478287147,0.06238577311567932,-2.75,-0.02426956833280785,122,148
00-0034419,2024,WR,Braxton Berrios,6,0.0,0.0,0.0,0.01914010784978527,0.01914010784978527,0.0,0.0,173,171
00-0034426,2019,WR,Javon Wims,11,3.872727272727272,3.933333333333333,3.8,0.13677018922784792,0.1002536430294093,0.1333333333333333,0.036516546198438624,123,117
00-0034426,2020,WR,Javon Wims,10,1.7,1.0333333333333334,2.7,0.0339540647627939,0.03511166788261965,-1.6666666666666667,-0.0011576031198257536,154,158
00-0034432,2019,RB,Bo Scarbrough,6,7.2,7.2,11.5,0.01871345029239765,0.01871345029239765,-4.3,0.0,55,50
00-0034433,2019,RB,Nick Bawden,7,0.8142857142857143,0.7833333333333333,1.0,0.0247093023255814,0.024663722550846773,-0.21666666666666667,4.55797747346276e-05,114,109
00-0034433,2023,RB,Nick Bawden,6,1.916666666666667,1.916666666666667,6.1,0.011889730639730636,0.011889730639730636,-4.183333333333333,0.0,97,93
00-0034439,2019,TE,Ryan Izzo,6,3.9,3.9,1.3,0.037478473936216436,0.037478473936216436,2.5999999999999996,0.0,50,50
00-0034439,2020,TE,Ryan Izzo,10,3.09,3.9166666666666665,1.85,0.07873173077103623,0.07455937418565026,2.0666666666666664,0.004172356585385978,66,51
00-0034440,2018,RB,Justin Jackson,9,6.788888888888888,9.416666666666666,1.5333333333333332,0.07996403844861201,0.06304480870119107,7.883333333333333,0.01691922974742094,65,41
00-0034440,2019,RB,Justin Jackson,7,4.457142857142857,4.016666666666667,7.1,0.034436844619910985,0.04212233740530186,-3.083333333333333,-0.0076854927853908725,73,80
00-0034440,2020,RB,Justin Jackson,8,8.162500000000001,10.133333333333331,2.25,0.09737554112554114,0.08303165584415587,7.883333333333331,0.014343885281385277,49,37
00-0034440,2021,RB,Justin Jackson,14,6.157142857142857,10.916666666666666,2.5874999999999995,0.08297234997602641,0.04999054698065304,8.329166666666666,0.03298180299537337,64,33
00-0034440,2022,RB,Justin Jackson,15,3.4066666666666663,4.1,2.9444444444444446,0.05389576548113129,0.03779431391233121,1.155555555555555,0.016101451568800086,80,77
00-0034449,2018,RB,Buddy Howell,7,0.0,0.0,0.0,0.0,0.0,0.0,0.0,117,117
00-0034449,2019,RB,Buddy Howell,8,0.125,0.16666666666666666,0.0,0.0,0.0,0.16666666666666666,0.0,121,118
00-0034457,2018,RB,Josh Adams,13,6.299999999999999,8.116666666666667,4.742857142857143,0.02943596793556132,0.03013594790499102,3.3738095238095243,-0.0006999799694296996,68,50
00-0034457,2020,RB,Josh Adams,8,4.574999999999999,4.3999999999999995,5.1,0.034694773825208566,0.033596837944664,-0.7000000000000002,0.001097935880544569,76,77
00-0034487,2018,WR,Trent Sherfield,9,5.111111111111111,7.399999999999999,0.5333333333333333,0.13536214798247928,0.10193733842106806,6.866666666666665,0.03342480956141122,110,77
00-0034487,2019,WR,Trent Sherfield,10,1.2,1.0333333333333332,1.45,0.0308670173495755,0.04057858214553639,-0.41666666666666674,-0.00971156479596089,151,153
00-0034487,2020,WR,Trent Sherfield,9,1.1111111111111112,1.4000000000000001,0.5333333333333333,0.037037037037037,0.027865961199294506,0.8666666666666668,0.009171075837742494,161,153
00-0034487,2021,WR,Trent Sherfield,12,1.9750000000000003,1.3500000000000003,2.6,0.054423309178744016,0.060066025124902,-1.2499999999999998,-0.005642715946157985,151,155
00-0034487,2022,WR,Trent Sherfield,16,5.23125,5.166666666666667,5.2700000000000005,0.10885792913656694,0.09532628136940545,-0.1033333333333335,0.013531647767161495,101,97
00-0034487,2023,WR,Trent Sherfield,11,2.3272727272727276,2.533333333333333,2.08,0.06575516843373984,0.06015452854738567,0.45333333333333314,0.005600639886354168,145,137
00-0034487,2024,WR,Trent Sherfield,13,1.7153846153846155,0.7000000000000001,2.585714285714286,0.01006006006006005,0.024733772994642546,-1.8857142857142857,-0.014673712934582497,145,158
00-0034499,2018,WR,Jawill Davis,7,1.1428571428571428,1.3333333333333333,0.0,0.033345713578271714,0.028582040209947184,1.3333333333333333,0.00476367336832453,156,153
00-0034510,2018,WR,Robert Foster,11,9.009090909090908,13.433333333333332,3.7,0.18548491860512317,0.14313825609018588,9.73333333333333,0.042346662514937294,60,29
00-0034510,2019,WR,Robert Foster,10,1.23,2.0500000000000003,0.0,0.06670488670488676,0.05842189864770514,2.0500000000000003,0.008282988057181626,149,138
00-0034521,2019,WR,Allen Lazard,12,8.566666666666668,9.466666666666667,7.666666666666667,0.12376100183117723,0.1261029663720533,1.7999999999999998,-0.002341964540876054,65,56
00-0034521,2020,WR,Allen Lazard,10,9.78,6.983333333333333,13.974999999999998,0.15157332934029275,0.15546199992705606,-6.9916666666666645,-0.0038886705867633153,61,84
00-0034521,2021,WR,Allen Lazard,14,10.178571428571429,14.416666666666666,7.0,0.15445673870721302,0.12736923581749407,7.416666666666666,0.02708750288971895,47,22
00-0034521,2022,WR,Allen Lazard,15,11.653333333333332,8.983333333333333,13.433333333333334,0.19040678619625992,0.20456865268629973,-4.450000000000001,-0.01416186649003981,35,54
00-0034521,2023,WR,Allen Lazard,14,4.292857142857143,1.3,6.5375,0.06711126711126711,0.11332929738391925,-5.2375,-0.046218030272652144,104,161
00-0034521,2024,WR,Allen Lazard,12,10.5,5.766666666666667,15.233333333333334,0.09543306156209391,0.1405487014962632,-9.466666666666669,-0.04511563993416928,46,89
00-0034521,2025,WR,Allen Lazard,9,2.5555555555555554,1.7666666666666666,4.133333333333334,0.06676000597371563,0.06319621156090688,-2.366666666666667,0.0035637944128087545,138,149
00-0034577,2019,QB,Kyle Allen,13,13.652307692307696,15.36,12.18857142857143,0.0,0.0,3.171428571428569,0.0,28,17
00-0034577,2023,QB,Kyle Allen,6,-0.21666666666666665,-0.21666666666666665,-0.2,0.0,0.0,-0.016666666666666635,0.0,47,47
00-0034578,2019,RB,Reggie Bonnafon,11,2.6636363636363636,2.183333333333333,3.2399999999999998,0.022996574516331348,0.019914593470824474,-1.0566666666666666,0.0030819810455068736,93,93
00-0034597,2020,RB,Ryan Nall,9,2.3,3.25,0.39999999999999997,0.03353156947496907,0.026322633618233345,2.85,0.007208935856735724,99,90
00-0034613,2022,TE,Tanner Hudson,6,3.866666666666667,3.866666666666667,4.2,0.10563496023177525,0.10563496023177525,-0.33333333333333304,0.0,56,53
00-0034613,2023,TE,Tanner Hudson,12,6.683333333333333,6.483333333333333,6.883333333333333,0.11672385519159706,0.12407839863017515,-0.39999999999999947,-0.0073545434385780956,29,29
00-0034613,2024,TE,Tanner Hudson,9,4.277777777777778,5.55,1.7333333333333334,0.05913039526116714,0.06455315501964662,3.8166666666666664,-0.00542275975847948,43,34
00-0034613,2025,TE,Tanner Hudson,10,4.779999999999999,3.9166666666666665,6.075,0.05573285032488071,0.06413706839228661,-2.1583333333333337,-0.008404218067405898,44,53
00-0034614,2021,RB,Godwin Igwebuike,15,1.7866666666666668,0.7833333333333333,2.4555555555555557,0.027339569081855832,0.02275104502404668,-1.6722222222222225,0.004588524057809153,106,117
00-0034614,2023,RB,Godwin Igwebuike,7,0.0,0.0,0.0,0.0,0.0,0.0,0.0,114,113
00-0034631,2019,WR,Vyncint Smith,13,3.9000000000000004,5.666666666666667,2.3857142857142857,0.10741140085967665,0.07723657642884132,3.2809523809523813,0.03017482443083533,122,91
00-0034646,2018,WR,Brandon Powell,6,4.05,4.05,0.0,0.08315295815295816,0.08315295815295816,4.05,0.0,128,125
00-0034646,2020,WR,Brandon Powell,15,1.9733333333333332,2.3666666666666667,1.7111111111111112,0.04241465730436319,0.031126263924251555,0.6555555555555554,0.011288393380111634,148,140
00-0034646,2021,WR,Brandon Powell,6,1.0,1.0,0.0,0.0,0.0,1.0,0.0,162,160
00-0034646,2022,WR,Brandon Powell,17,2.8000000000000003,3.8666666666666667,2.2181818181818183,0.11034624961095545,0.07171914503624813,1.6484848484848484,0.03862710457470732,138,111
00-0034646,2023,WR,Brandon Powell,17,4.064705882352942,2.8666666666666667,4.718181818181819,0.06314538591357792,0.07340490875523316,-1.851515151515152,-0.010259522841655239,112,130
00-0034646,2024,WR,Brandon Powell,16,0.88125,0.6666666666666666,1.0100000000000002,0.01006006006006005,0.022587758212758206,-0.3433333333333336,-0.012527698152698157,159,159
00-0034652,2018,WR,Cameron Batson,8,2.0374999999999996,2.5499999999999994,0.5,0.06244636520123775,0.050741023900928314,2.0499999999999994,0.011705341300309438,146,138
00-0034652,2020,WR,Cameron Batson,10,2.9999999999999996,3.4,2.4,0.04774403066069733,0.04418068088190039,1.0,0.003563349778796937,139,129
00-0034676,2018,WR,James Washington,12,3.641666666666667,4.016666666666667,3.266666666666667,0.07586567118586818,0.07328511065660345,0.7499999999999996,0.002580560529264725,130,127
00-0034676,2019,WR,James Washington,15,8.899999999999999,11.6,7.099999999999999,0.24006734006733996,0.17846514495552526,4.500000000000001,0.061602195111814695,64,41
00-0034676,2020,WR,James Washington,16,6.2,5.966666666666666,6.340000000000001,0.08070804925385881,0.09561042833611778,-0.37333333333333485,-0.01490237908225897,102,103
00-0034676,2021,WR,James Washington,15,4.386666666666667,4.066666666666666,4.6000000000000005,0.08463661941922813,0.07771240695796276,-0.5333333333333341,0.006924212461265372,119,121
00-0034679,2018,RB,Mark Walton,10,1.25,0.6166666666666667,2.2,0.005208333333333333,0.02288109756097561,-1.5833333333333335,-0.017672764227642277,104,109
00-0034679,2019,RB,Mark Walton,7,6.000000000000001,6.983333333333334,0.1,0.09996893085128383,0.08568765501538614,6.883333333333335,0.014281275835897694,61,52
00-0034681,2018,RB,Chase Edmonds,16,3.9437500000000005,5.883333333333333,2.7800000000000002,0.04426639668575152,0.04702406721681117,3.1033333333333326,-0.0027576705310596514,82,67
00-0034681,2019,RB,Chase Edmonds,12,6.900000000000001,6.516666666666666,7.283333333333334,0.06448412698412691,0.05783197900133378,-0.7666666666666684,0.006652147982793129,56,55
00-0034681,2020,RB,Chase Edmonds,16,10.5,7.8,12.120000000000001,0.11943738548864297,0.12229301524816533,-4.320000000000001,-0.00285562975952236,35,52
00-0034681,2021,RB,Chase Edmonds,12,11.941666666666665,11.9,11.983333333333334,0.10832330691201657,0.13461840512219203,-0.08333333333333393,-0.026295098210175463,27,28
00-0034681,2022,RB,Chase Edmonds,13,5.707692307692307,4.333333333333333,6.885714285714286,0.03223981900452488,0.05229936977017692,-2.552380952380953,-0.020059550765652037,61,73
00-0034681,2023,RB,Chase Edmonds,13,3.0538461538461537,4.583333333333333,1.7428571428571427,0.05334646676878788,0.04010823975204991,2.84047619047619,0.01323822701673797,79,69
00-0034686,2019,WR,Auden Tate,12,8.458333333333332,7.150000000000001,9.766666666666667,0.18497023138757399,0.1850451126655487,-2.6166666666666663,-7.488127797472544e-05,67,75
00-0034686,2020,WR,Auden Tate,8,3.625,3.6,3.7,0.0800918552981212,0.07554508194978138,-0.10000000000000009,0.004546773348339819,131,126
00-0034747,2018,WR,Marcell Ateman,7,5.200000000000001,4.566666666666666,9.0,0.13023392710892714,0.13713928446071313,-4.433333333333334,-0.00690535735178599,109,112
00-0034750,2018,RB,Rashaad Penny,13,5.415384615384616,6.55,4.442857142857143,0.0,0.029242985764724932,2.1071428571428568,-0.029242985764724932,76,60
00-0034750,2019,RB,Rashaad Penny,9,8.366666666666665,8.85,7.400000000000001,0.043054571284454814,0.04197866079858316,1.4499999999999984,0.0010759104858716548,48,38
00-0034750,2021,RB,Rashaad Penny,10,12.17,19.566666666666666,1.0750000000000002,0.04639162972496302,0.02783497783497781,18.491666666666667,0.018556651889985207,25,5
00-0034753,2018,TE,Mark Andrews,16,6.7,7.816666666666666,6.029999999999999,0.12289438822047509,0.09806339371261272,1.786666666666667,0.024830994507862372,20,21
00-0034753,2019,TE,Mark Andrews,15,13.813333333333334,13.816666666666665,13.81111111111111,0.21566632508661485,0.24757366535252007,0.005555555555554648,-0.03190734026590522,5,6
00-0034753,2020,TE,Mark Andrews,14,12.149999999999997,14.066666666666665,10.712499999999999,0.3043344516120125,0.24866665045020145,3.354166666666666,0.055667801161811054,4,6
00-0034753,2021,TE,Mark Andrews,17,17.711764705882352,21.833333333333332,15.463636363636367,0.299582233095164,0.2577835034389085,6.369696969696966,0.04179872965625553,1,1
00-0034753,2022,TE,Mark Andrews,15,12.7,9.45,14.866666666666667,0.2988698257080608,0.28734271422489815,-5.416666666666668,0.011527111483162655,4,14
00-0034753,2023,TE,Mark Andrews,10,13.540000000000001,12.483333333333334,15.125,0.1978099205891559,0.21368861051404645,-2.6416666666666657,-0.015878689924890554,5,7
00-0034753,2024,TE,Mark Andrews,17,11.105882352941178,14.816666666666668,9.081818181818182,0.19566080055210489,0.14962054425906757,5.734848484848486,0.04604025629303732,8,6
00-0034753,2025,TE,Mark Andrews,17,7.705882352941177,4.833333333333333,9.272727272727273,0.187997623291741,0.17068131790216548,-4.43939393939394,0.017316305389575515,27,41
00-0034764,2018,WR,Michael Gallup,15,6.513333333333334,8.200000000000001,5.388888888888889,0.17819076526207014,0.14014152493856352,2.811111111111112,0.03804924032350662,94,68
00-0034764,2019,WR,Michael Gallup,14,15.192857142857147,14.15,15.975000000000001,0.1921436805947675,0.2145522476751925,-1.825000000000001,-0.02240856708042499,17,26
00-0034764,2020,WR,Michael Gallup,16,10.831249999999999,14.433333333333335,8.67,0.22099178055060417,0.17578086229481565,5.763333333333335,0.04521091825578852,53,29
00-0034764,2021,WR,Michael Gallup,9,10.166666666666666,11.216666666666667,8.066666666666668,0.1647219182114575,0.16674987960255497,3.1499999999999986,-0.0020279613910974548,48,44
00-0034764,2022,WR,Michael Gallup,14,7.528571428571429,8.0,7.175,0.1530122993537628,0.17244308163252647,0.8250000000000002,-0.019430782278763686,73,66
00-0034764,2023,WR,Michael Gallup,16,5.487500000000001,3.4,6.739999999999999,0.054700854700854666,0.10441423259437962,-3.3399999999999994,-0.04971337789352496,91,121
00-0034765,2018,WR,Tre'Quan Smith,13,7.746153846153846,8.216666666666667,7.342857142857143,0.13466443752852655,0.11499013492579217,0.8738095238095234,0.01967430260273438,77,67
00-0034765,2019,WR,Tre'Quan Smith,10,7.140000000000001,8.433333333333334,5.2,0.08375050649850342,0.07224014004334997,3.2333333333333334,0.01151036645515345,77,62
00-0034765,2020,WR,Tre'Quan Smith,13,7.93076923076923,6.166666666666667,9.442857142857141,0.09311012444004764,0.112419926879093,-3.2761904761904743,-0.019309802439045357,77,96
00-0034765,2021,WR,Tre'Quan Smith,10,8.770000000000001,8.433333333333334,9.275,0.18978838784247065,0.16134327080072047,-0.8416666666666668,0.02844511704175018,62,70
00-0034765,2022,WR,Tre'Quan Smith,10,5.28,3.366666666666667,8.15,0.06332643202208425,0.08363664853145922,-4.783333333333333,-0.020310216509374965,99,120
00-0034766,2018,TE,Chris Herndon,14,8.085714285714285,8.416666666666666,7.8374999999999995,0.15096103482043205,0.11731459603692498,0.5791666666666666,0.033646438783507066,19,17
00-0034766,2020,TE,Chris Herndon,12,6.141666666666666,8.933333333333332,3.3499999999999996,0.1190589469574977,0.12347939941760948,5.583333333333332,-0.004420452460111773,32,20
00-0034766,2021,TE,Chris Herndon,6,2.3333333333333335,2.3333333333333335,0.0,0.030746560945600052,0.030746560945600052,2.3333333333333335,0.0,70,71
00-0034771,2019,QB,Mason Rudolph,10,10.879999999999999,9.509999999999998,12.935,0.0,0.0,-3.4250000000000025,0.0,31,33
00-0034771,2024,QB,Mason Rudolph,8,11.975000000000001,13.749999999999998,6.65,0.0,0.0,7.099999999999998,0.0,31,29
00-0034772,2018,WR,Antonio Callaway,16,8.26875,9.833333333333334,7.330000000000001,0.13605536821220424,0.14034743535248284,2.503333333333333,-0.004292067140278605,73,51
00-0034775,2018,WR,Christian Kirk,12,10.291666666666666,10.033333333333333,10.549999999999999,0.237604942403704,0.2157798220091948,-0.5166666666666657,0.021825120394509206,51,49
00-0034775,2019,WR,Christian Kirk,13,12.938461538461537,9.5,15.885714285714284,0.24421063370338714,0.24294843426687948,-6.385714285714284,0.001262199436507655,32,55
00-0034775,2020,WR,Christian Kirk,14,10.457142857142857,6.733333333333333,13.25,0.14402491464511924,0.1636854378774393,-6.516666666666667,-0.019660523232320065,56,90
00-0034775,2021,WR,Christian Kirk,17,12.212941176470588,11.566666666666668,12.565454545454545,0.187230755087898,0.18374892111433502,-0.9987878787878763,0.00348183397356297,34,42
00-0034775,2022,WR,Christian Kirk,17,14.229411764705883,12.116666666666665,15.381818181818181,0.20599971237061218,0.23642513320637157,-3.2651515151515156,-0.030425420835759387,19,33
00-0034775,2023,WR,Christian Kirk,12,12.521666666666668,11.049999999999999,13.993333333333334,0.18657788526740127,0.2112652213950403,-2.943333333333335,-0.024687336127639042,33,43
00-0034775,2024,WR,Christian Kirk,8,8.8625,11.0,2.45,0.201335837365249,0.19120655638650985,8.55,0.010129280978739136,62,48
00-0034775,2025,WR,Christian Kirk,11,5.263636363636365,4.8500000000000005,5.76,0.13936531877708339,0.14578305082876405,-0.9099999999999993,-0.006417732051680669,92,91
00-0034777,2018,WR,DJ Chark,11,2.6727272727272724,3.1166666666666667,2.14,0.12287511435457521,0.08631464560981018,0.9766666666666666,0.036560468744765026,138,133
00-0034777,2019,WR,DJ Chark,15,15.053333333333335,12.600000000000001,16.688888888888886,0.2030518983903495,0.220661997130711,-4.088888888888885,-0.017610098740361485,19,36
00-0034777,2020,WR,DJ Chark,13,11.815384615384614,8.816666666666668,14.385714285714284,0.18262334908505565,0.20024586422009322,-5.569047619047616,-0.01762251513503757,43,63
00-0034777,2022,WR,DJ Chark,11,8.927272727272726,10.966666666666667,6.4799999999999995,0.1308234215088714,0.13307482810111626,4.486666666666667,-0.002251406592244848,57,44
00-0034777,2023,WR,DJ Chark,14,8.249999999999998,8.533333333333333,8.0375,0.1719288808173801,0.14808751055561098,0.49583333333333357,0.023841370261769107,63,57
00-0034788,2019,TE,Jaeden Graham,10,2.9899999999999998,4.466666666666666,0.775,0.0346277540554819,0.02371782890387738,3.691666666666666,0.010909925151604521,61,43
00-0034788,2020,TE,Jaeden Graham,8,0.6875,0.6333333333333333,0.85,0.01872184684684685,0.017612813706563712,-0.21666666666666667,0.0011090331402831381,84,85
00-0034791,2018,RB,Nick Chubb,16,12.15625,14.966666666666667,10.469999999999999,0.10670762164364829,0.061355210124824776,4.496666666666668,0.045352411518823514,25,19
00-0034791,2019,RB,Nick Chubb,16,15.95,13.416666666666666,17.47,0.06383026695526696,0.09107565045716542,-4.053333333333333,-0.027245383501898465,11,25
00-0034791,2020,RB,Nick Chubb,12,17.308333333333334,19.583333333333332,15.033333333333333,0.06549064361564362,0.04726837185718766,4.549999999999999,0.018222271758455963,7,6
00-0034791,2021,RB,Nick Chubb,14,15.378571428571432,11.983333333333334,17.925,0.07695293851071502,0.061364383552404866,-5.941666666666666,0.015588554958310158,12,26
00-0034791,2022,RB,Nick Chubb,17,16.55294117647059,12.216666666666667,18.918181818181814,0.08720407678741006,0.07393283626722062,-6.701515151515148,0.013271240520189437,7,21
00-0034791,2024,RB,Nick Chubb,8,7.9125,7.983333333333333,7.699999999999999,0.025356818966182037,0.03292767520024628,0.2833333333333341,-0.0075708562340642445,44,40
00-0034791,2025,RB,Nick Chubb,15,5.886666666666667,3.2000000000000006,7.677777777777777,0.019187675070028016,0.03963290661540905,-4.477777777777776,-0.020445231545381037,55,73
00-0034796,2018,QB,Lamar Jackson,16,9.846250000000001,19.043333333333333,4.328,0.0,0.0033339260312944497,14.715333333333334,-0.0033339260312944497,34,6
00-0034796,2019,QB,Lamar Jackson,15,27.711999999999996,29.67333333333333,26.404444444444444,0.0,0.0,3.2688888888888847,0.0,1,1
00-0034796,2020,QB,Lamar Jackson,15,22.185333333333332,25.316666666666666,20.09777777777778,0.0,0.0,5.218888888888888,0.0,8,2
00-0034796,2021,QB,Lamar Jackson,12,19.99833333333333,16.223333333333336,23.77333333333333,0.0,0.0,-7.549999999999994,0.0,9,13
00-0034796,2022,QB,Lamar Jackson,12,19.673333333333336,14.983333333333334,24.36333333333333,0.0,0.0,-9.379999999999995,0.0,6,19
00-0034796,2023,QB,Lamar Jackson,16,20.701249999999998,24.673333333333336,18.318,0.0,0.0,6.355333333333334,0.0,3,1
00-0034796,2024,QB,Lamar Jackson,17,25.316470588235294,26.156666666666666,24.85818181818182,0.0,0.0,1.298484848484847,0.0,1,2
00-0034796,2025,QB,Lamar Jackson,13,16.52769230769231,12.430000000000001,20.04,0.0,0.0,-7.609999999999998,0.0,16,28
00-0034798,2018,TE,Durham Smythe,8,1.375,1.8333333333333333,0.0,0.05703463203463197,0.05156385281385276,1.8333333333333333,0.005470779220779209,85,78
00-0034798,2019,TE,Durham Smythe,12,1.125,1.6833333333333336,0.5666666666666667,0.04425393148303366,0.028747218595629075,1.116666666666667,0.015506712887404583,83,80
00-0034798,2020,TE,Durham Smythe,13,4.523076923076923,4.883333333333334,4.214285714285714,0.08407383903561276,0.06981415274080692,0.6690476190476193,0.01425968629480584,48,41
00-0034798,2021,TE,Durham Smythe,16,4.375,4.6499999999999995,4.21,0.08561869733139754,0.07542392250626645,0.4399999999999995,0.010194774825131092,45,45
00-0034798,2022,TE,Durham Smythe,13,3.076923076923077,3.8166666666666664,2.442857142857143,0.06172075067843898,0.05423508848802087,1.3738095238095234,0.007485662190418116,68,56
00-0034798,2023,TE,Durham Smythe,13,5.5076923076923086,6.3,4.828571428571428,0.11420523920523921,0.09950432362665154,1.4714285714285715,0.014700915578587673,34,30
00-0034798,2024,TE,Durham Smythe,14,1.0214285714285716,1.1500000000000001,0.925,0.03102425572621925,0.03532877425634388,0.2250000000000001,-0.0043045185301246285,86,84
00-0034798,2025,TE,Durham Smythe,7,0.9285714285714286,1.0833333333333333,0.0,0.0336385836385836,0.028833071690214516,1.0833333333333333,0.0048055119483690865,91,90
00-0034799,2018,RB,Kalen Ballage,12,3.141666666666666,5.2666666666666675,1.0166666666666666,0.0584368530020703,0.039108998891607544,4.250000000000001,0.019327854110462755,87,71
00-0034799,2019,RB,Kalen Ballage,12,4.316666666666667,4.933333333333334,3.6999999999999997,0.061268896795212476,0.05349215894586556,1.2333333333333338,0.007776737849346918,75,69
00-0034799,2020,RB,Kalen Ballage,11,8.536363636363633,7.550000000000001,9.719999999999999,0.06679778554778555,0.0896393253783807,-2.169999999999998,-0.022841539830595142,46,53
00-0034799,2021,RB,Kalen Ballage,8,0.8,0.8166666666666668,0.75,0.025310447929495532,0.023982835947121653,0.06666666666666676,0.0013276119823738795,115,116
00-0034816,2018,RB,Ronald Jones,7,2.957142857142857,2.8166666666666664,3.8,0.03237179487179487,0.03526604973973394,-0.9833333333333334,-0.0028942548679390737,88,90
00-0034816,2019,RB,Ronald Jones,16,10.393749999999999,10.633333333333333,10.25,0.07790930977456549,0.06525767543556027,0.38333333333333286,0.012651634339005222,35,33
00-0034816,2020,RB,Ronald Jones,14,13.30714285714286,13.083333333333334,13.475,0.05361764358568771,0.08021435037692061,-0.3916666666666657,-0.026596706791232896,22,22
00-0034816,2021,RB,Ronald Jones,15,5.28,6.766666666666667,4.288888888888888,0.030855158155216115,0.02285696841113793,2.4777777777777787,0.007998189744078184,73,63
00-0034827,2018,WR,DJ Moore,16,9.9375,9.9,9.96,0.19888843984722868,0.1505855591436343,-0.0600000000000005,0.04830288070359437,52,50
00-0034827,2019,WR,DJ Moore,15,15.366666666666667,16.93333333333333,14.322222222222223,0.2307966764872381,0.2431083305390543,2.611111111111107,-0.012311654051816223,16,13
00-0034827,2020,WR,DJ Moore,15,14.099999999999998,15.75,13.0,0.29058804077186434,0.24577676045813301,2.75,0.04481128031373133,28,25
00-0034827,2021,WR,DJ Moore,17,13.970588235294118,12.483333333333334,14.781818181818181,0.2940581375502605,0.28463251638581205,-2.298484848484847,0.00942562116444845,27,35
00-0034827,2022,WR,DJ Moore,17,11.711764705882354,14.166666666666666,10.372727272727275,0.30638016538096435,0.2881292757936944,3.7939393939393913,0.018250889587269947,34,19
00-0034827,2023,WR,DJ Moore,17,16.852941176470587,17.416666666666668,16.545454545454547,0.33955961007591434,0.2948618906171379,0.8712121212121211,0.04469771945877643,9,10
00-0034827,2024,WR,DJ Moore,17,14.005882352941176,16.316666666666666,12.745454545454548,0.3384119230893423,0.27091305186553344,3.5712121212121186,0.06749887122380888,28,20
00-0034827,2025,WR,DJ Moore,17,10.128235294117646,8.983333333333333,10.752727272727272,0.149328288516507,0.16133992569605865,-1.7693939393939395,-0.012011637179551643,44,41
00-0034829,2018,TE,Mike Gesicki,14,2.871428571428571,1.5999999999999999,3.825,0.06113275338103721,0.08155071001426029,-2.2250000000000005,-0.02041795663322308,66,82
00-0034829,2019,TE,Mike Gesicki,15,9.066666666666666,13.433333333333335,6.155555555555555,0.18267697110293202,0.1512057273903155,7.27777777777778,0.03147124371261653,16,7
00-0034829,2020,TE,Mike Gesicki,15,10.62,14.366666666666667,8.122222222222222,0.17643710142073166,0.1616908462795008,6.244444444444445,0.014746255141230846,9,5
00-0034829,2021,TE,Mike Gesicki,17,9.705882352941176,7.3500000000000005,10.990909090909092,0.19227883453110164,0.1839647649157602,-3.6409090909090915,0.008314069615341452,16,23
00-0034829,2022,TE,Mike Gesicki,17,5.776470588235293,3.8833333333333333,6.809090909090909,0.09193899782135072,0.09099389262109314,-2.9257575757575753,0.000945105200257576,35,52
00-0034829,2023,TE,Mike Gesicki,15,4.36,4.066666666666666,4.555555555555555,0.10916800107567622,0.09600224140635102,-0.48888888888888893,0.013165759669325192,42,50
00-0034829,2024,TE,Mike Gesicki,16,8.84375,9.866666666666667,8.23,0.14215102104023072,0.13174583460301081,1.6366666666666667,0.01040518643721991,17,14
00-0034829,2025,TE,Mike Gesicki,12,5.891666666666667,8.183333333333334,3.6,0.09256686845820973,0.10343074985386354,4.583333333333334,-0.010863881395653807,36,22
00-0034830,2018,TE,Hayden Hurst,9,3.922222222222222,5.6000000000000005,0.5666666666666667,0.11609696935783903,0.09030562405848454,5.033333333333334,0.025791345299354493,48,30
00-0034830,2019,TE,Hayden Hurst,16,4.80625,5.283333333333332,4.5200000000000005,0.10678524374176557,0.09373603837029107,0.7633333333333319,0.013049205371474498,42,36
00-0034830,2020,TE,Hayden Hurst,16,9.31875,8.833333333333334,9.610000000000001,0.1408421737734865,0.1482179752585875,-0.7766666666666673,-0.0073758014851009746,16,21
00-0034830,2021,TE,Hayden Hurst,12,5.341666666666666,5.05,5.633333333333333,0.07299699504000577,0.07679003468654007,-0.583333333333333,-0.0037930396465342964,34,41
00-0034830,2022,TE,Hayden Hurst,13,8.107692307692307,6.966666666666668,9.085714285714287,0.1395281666866107,0.1423036254030489,-2.1190476190476195,-0.002775458716438195,19,26
00-0034830,2023,TE,Hayden Hurst,9,4.711111111111111,3.3666666666666667,7.400000000000001,0.09307901015680893,0.10374292056105688,-4.033333333333335,-0.010663910404247953,40,57
00-0034830,2024,TE,Hayden Hurst,7,2.185714285714286,1.6666666666666667,5.3,0.0748313090418354,0.08128397917871606,-3.633333333333333,-0.006452670136880667,68,72
00-0034837,2018,WR,Calvin Ridley,16,12.925,11.65,13.689999999999998,0.17667503860395153,0.15581066207528094,-2.0399999999999974,0.020864376528670597,28,43
00-0034837,2019,WR,Calvin Ridley,13,15.153846153846153,17.78333333333333,12.9,0.19922981373497584,0.17495443155231025,4.883333333333331,0.02427538218266559,18,11
00-0034837,2020,WR,Calvin Ridley,15,18.76666666666667,19.9,18.01111111111111,0.2895948315603982,0.250957938657478,1.8888888888888893,0.03863689290292022,4,4
00-0034837,2023,WR,Calvin Ridley,17,13.523529411764706,13.633333333333333,13.463636363636363,0.25873709896963965,0.22529317548962127,0.1696969696969699,0.03344392348001837,27,29
00-0034837,2024,WR,Calvin Ridley,17,11.717647058823532,11.600000000000001,11.781818181818181,0.2080670705670705,0.23806813559879156,-0.18181818181817988,-0.030001065031721064,39,42
00-0034837,2025,WR,Calvin Ridley,7,6.757142857142857,6.766666666666666,6.7,0.14288755590009602,0.16818933362865376,0.06666666666666554,-0.02530177772855774,69,68
00-0034838,2018,RB,Royce Freeman,14,7.235714285714285,5.05,8.875,0.04818029115341554,0.032756765242671904,-3.825,0.015423525910743634,61,72
00-0034838,2019,RB,Royce Freeman,16,8.8875,7.033333333333332,10.0,0.08475643818781077,0.10207855092203072,-2.9666666666666677,-0.01732211273421995,44,51
00-0034838,2020,RB,Royce Freeman,11,3.372727272727273,3.3666666666666667,3.38,0.028097941883131597,0.03323313348558146,-0.013333333333333197,-0.005135191602449865,91,88
00-0034838,2021,RB,Royce Freeman,12,2.8833333333333333,3.733333333333333,2.033333333333333,0.0397435897435898,0.03515719531586408,1.6999999999999997,0.0045863944277257165,95,86
00-0034838,2023,RB,Royce Freeman,11,4.2,4.333333333333333,4.04,0.0072463768115942,0.007319572536963836,0.293333333333333,-7.319572536963574e-05,70,71
00-0034844,2018,RB,Saquon Barkley,16,24.1125,22.166666666666668,25.28,0.19683616780390947,0.2051032638040515,-3.1133333333333333,-0.008267096000142027,2,4
00-0034844,2019,RB,Saquon Barkley,13,18.776923076923076,21.183333333333334,16.71428571428571,0.13011584194852074,0.1488151174984334,4.469047619047622,-0.01869927554991266,7,4
00-0034844,2021,RB,Saquon Barkley,13,11.430769230769233,10.533333333333333,12.2,0.13265538162464832,0.13086809784927136,-1.666666666666666,0.0017872837753769577,32,35
00-0034844,2022,RB,Saquon Barkley,16,17.75,16.45,18.53,0.1887416882441475,0.16768318208599692,-2.080000000000002,0.02105850615815058,5,9
00-0034844,2023,RB,Saquon Barkley,14,15.942857142857141,14.483333333333334,17.0375,0.13706531758002347,0.16657510139524473,-2.554166666666667,-0.029509783815221263,9,17
00-0034844,2024,RB,Saquon Barkley,16,22.20625,22.600000000000005,21.97,0.11901320875454509,0.1186665236569153,0.6300000000000061,0.0003466850976297925,1,3
00-0034844,2025,RB,Saquon Barkley,16,14.51875,13.566666666666668,15.089999999999998,0.09619210862405057,0.1205338924343218,-1.5233333333333299,-0.02434178381027123,15,20
00-0034845,2018,RB,Sony Michel,13,10.700000000000001,10.783333333333333,10.62857142857143,0.01631944444444445,0.027686896436896438,0.15476190476190332,-0.01136745199245199,35,32
00-0034845,2019,RB,Sony Michel,16,9.5375,8.450000000000001,10.190000000000001,0.02708333333333333,0.03245093562335126,-1.7400000000000002,-0.005367602290017929,42,41
00-0034845,2020,RB,Sony Michel,8,9.4125,10.616666666666667,5.8,0.05042097998619737,0.04072271173383407,4.816666666666667,0.0096982682523633,38,33
00-0034845,2021,RB,Sony Michel,17,8.605882352941178,14.766666666666666,5.245454545454546,0.09772870160801193,0.053889422707065746,9.52121212121212,0.04383927890094619,46,18
00-0034845,2022,RB,Sony Michel,10,2.49,1.833333333333333,3.4749999999999996,0.022770799651784596,0.028822549723144943,-1.6416666666666666,-0.006051750071360346,93,98
00-0034854,2018,WR,KhaDarel Hodge,6,0.6166666666666667,0.6166666666666667,0.0,0.012099495595339585,0.012099495595339585,0.6166666666666667,0.0,160,159
00-0034854,2019,WR,KhaDarel Hodge,12,0.9666666666666667,0.75,1.1833333333333333,0.04090007215007215,0.02808892496392497,-0.43333333333333335,0.012811147186147183,159,159
00-0034854,2020,WR,KhaDarel Hodge,7,4.142857142857143,4.466666666666668,2.2,0.10985603090866251,0.10640721016660867,2.2666666666666675,0.0034488207420538403,123,115
00-0034854,2021,WR,KhaDarel Hodge,12,2.5583333333333336,2.9333333333333336,2.183333333333333,0.05857887963151117,0.06431825130626063,0.7500000000000004,-0.005739371674749465,145,131
00-0034854,2022,WR,KhaDarel Hodge,13,3.169230769230769,2.5833333333333335,3.6714285714285713,0.04130906768837803,0.062496139750637475,-1.0880952380952378,-0.021187072062259442,131,129
00-0034854,2023,WR,KhaDarel Hodge,14,2.657142857142857,1.05,3.8625,0.044512565822550344,0.051425632377897136,-2.8125,-0.006913066555346792,139,163
00-0034854,2024,WR,KhaDarel Hodge,11,2.372727272727272,1.9000000000000001,2.94,0.053439769819080114,0.032515968722865246,-1.0399999999999998,0.020923801096214868,134,139
00-0034854,2025,WR,KhaDarel Hodge,8,0.7625,1.0166666666666666,0.0,0.05019157088122612,0.04061986863711006,1.0166666666666666,0.009571702244116055,173,162
00-0034855,2018,QB,Baker Mayfield,14,17.15,18.606666666666666,16.057499999999997,0.0,0.003401360544217686,2.549166666666668,-0.003401360544217686,20,9
00-0034855,2019,QB,Baker Mayfield,16,14.32375,15.62,13.546000000000001,0.0,0.0,2.073999999999998,0.0,27,15
00-0034855,2020,QB,Baker Mayfield,16,15.53875,20.52,12.55,0.005208333333333333,0.001953125,7.969999999999999,0.003255208333333333,24,9
00-0034855,2021,QB,Baker Mayfield,14,12.921428571428573,10.520000000000001,14.7225,0.0,0.0,-4.202499999999999,0.0,30,35
00-0034855,2022,QB,Baker Mayfield,12,10.118333333333332,8.79,11.446666666666667,0.0,0.0,-2.656666666666668,0.0,37,37
00-0034855,2023,QB,Baker Mayfield,17,16.121176470588235,16.873333333333335,15.710909090909091,0.0,0.0,1.162424242424244,0.0,17,16
00-0034855,2024,QB,Baker Mayfield,17,21.517647058823528,22.623333333333335,20.91454545454545,0.0,0.0,1.7087878787878843,0.0,4,5
00-0034855,2025,QB,Baker Mayfield,17,15.995294117647063,14.68,16.712727272727275,0.0,0.0,-2.032727272727275,0.0,19,18
00-0034857,2018,QB,Josh Allen,12,17.238333333333333,24.213333333333335,10.263333333333332,0.004761904761904767,0.0023809523809523833,13.950000000000003,0.0023809523809523833,19,2
00-0034857,2019,QB,Josh Allen,16,18.035000000000004,15.076666666666668,19.81,0.0,0.0,-4.733333333333331,0.0,10,24
00-0034857,2020,QB,Josh Allen,16,24.75375,25.52,24.294,0.0,0.0013888888888888874,1.225999999999999,-0.0013888888888888874,2,1
00-0034857,2021,QB,Josh Allen,17,23.681176470588237,23.906666666666666,23.55818181818182,0.0,0.0,0.34848484848484773,0.0,1,1
00-0034857,2022,QB,Josh Allen,16,24.72,24.67,24.75,0.0,0.0,-0.0799999999999983,0.0,2,2
00-0034857,2023,QB,Josh Allen,17,23.09647058823529,24.256666666666664,22.463636363636365,0.0,0.0,1.7930303030302994,0.0,1,2
00-0034857,2024,QB,Josh Allen,16,23.69,29.95,19.933999999999997,0.0,0.0,10.016000000000002,0.0,2,1
00-0034857,2025,QB,Josh Allen,16,22.78875,19.546666666666667,24.734,0.0,0.0,-5.187333333333335,0.0,1,7
00-0034860,2018,WR,Dante Pettis,12,8.625,14.149999999999999,3.1,0.1817001029911207,0.11362397124864676,11.049999999999999,0.06807613174247393,65,23
00-0034860,2019,WR,Dante Pettis,9,3.8377777777777777,3.3666666666666667,4.78,0.10537728763535203,0.09228789838108825,-1.4133333333333336,0.013089389254263784,125,125
00-0034860,2020,WR,Dante Pettis,6,2.9333333333333336,2.9333333333333336,0.0,0.030736788617886184,0.030736788617886184,2.9333333333333336,0.0,141,135
00-0034860,2022,WR,Dante Pettis,17,3.835294117647059,3.3166666666666664,4.118181818181818,0.13859788359788347,0.10367544941337622,-0.8015151515151517,0.034922434184507245,116,122
00-0034860,2024,WR,Dante Pettis,8,4.0,4.716666666666666,1.85,0.13620777736952563,0.11257249969381088,2.866666666666666,0.023635277675714758,114,103
00-0034860,2025,WR,Dante Pettis,8,2.4625,2.8833333333333333,1.2,0.052747261237040155,0.04246742267196616,1.6833333333333333,0.010279838565073994,141,128
00-0034867,2019,WR,Malik Turner,11,4.136363636363637,4.45,3.7600000000000002,0.07698665818605849,0.06549249232806077,0.69,0.011494165857997715,120,110
00-0034867,2021,WR,Malik Turner,7,6.4142857142857155,7.483333333333334,0.0,0.06376783602393367,0.05757359705841545,7.483333333333334,0.006194238965518219,89,83
00-0034869,2018,QB,Sam Darnold,13,12.930769230769231,13.020000000000001,12.854285714285712,0.0,0.0,0.16571428571428903,0.0,31,28
00-0034869,2019,QB,Sam Darnold,13,14.55076923076923,15.160000000000002,14.028571428571428,0.0,0.0,1.1314285714285734,0.0,25,22
00-0034869,2020,QB,Sam Darnold,12,11.168333333333331,12.07,10.266666666666666,0.0,0.0,1.8033333333333346,0.0,33,33
00-0034869,2021,QB,Sam Darnold,12,13.106666666666664,6.8933333333333335,19.319999999999997,0.0,0.0,-12.426666666666662,0.0,29,40
00-0034869,2022,QB,Sam Darnold,6,14.386666666666668,14.386666666666668,16.86,0.0,0.0,-2.473333333333331,0.0,21,22
00-0034869,2023,QB,Sam Darnold,10,2.338,3.973333333333333,-0.115,0.0,0.0,4.088333333333333,0.0,42,40
00-0034869,2024,QB,Sam Darnold,17,18.115294117647057,20.13,17.016363636363636,0.0,0.0,3.1136363636363633,0.0,9,10
00-0034869,2025,QB,Sam Darnold,17,13.848235294117648,11.853333333333333,14.936363636363636,0.0,0.0,-3.083030303030302,0.0,25,31
00-0034928,2019,WR,Steven Sims,16,6.84375,13.200000000000001,3.0300000000000002,0.23518534323132023,0.12608273691247826,10.170000000000002,0.10910260631884197,80,31
00-0034928,2020,WR,Steven Sims,12,5.1083333333333325,3.9499999999999993,6.266666666666666,0.08022612683962504,0.08324146279821192,-2.3166666666666664,-0.0030153359585868705,114,119
00-0034928,2022,WR,Steven Sims,12,2.6166666666666667,3.766666666666667,1.4666666666666668,0.07904505888376852,0.06549732219299279,2.3000000000000003,0.013547736690775733,140,113
00-0034928,2024,WR,Steven Sims,9,0.0,0.0,0.0,0.0,0.0,0.0,0.0,173,171
00-0034930,2021,WR,Trinity Benson,7,2.8999999999999995,2.566666666666667,4.9,0.0833556482750031,0.08675382097041082,-2.3333333333333335,-0.0033981726954077224,138,139
00-0034959,2019,RB,Andrew Beck,11,2.230909090909091,3.7566666666666673,0.4,0.04975001396570026,0.037922634432625994,3.3566666666666674,0.011827379533074264,96,82
00-0034959,2022,RB,Andrew Beck,9,1.3222222222222222,0.7999999999999999,2.3666666666666667,0.045577366103681904,0.03851499203660094,-1.5666666666666669,0.007062374067080962,107,111
00-0034959,2023,RB,Andrew Beck,12,3.233333333333334,4.033333333333334,2.4333333333333336,0.047815066197419154,0.034852139986298915,1.6000000000000005,0.012962926211120239,75,72
00-0034959,2025,RB,Andrew Beck,11,2.090909090909091,2.066666666666667,2.12,0.031741021324354655,0.030157636975818792,-0.05333333333333323,0.0015833843485358635,83,85
00-0034960,2019,WR,Jakobi Meyers,11,5.627272727272727,5.366666666666667,5.9399999999999995,0.11651785714285719,0.09659183694563732,-0.5733333333333324,0.019926020197219868,97,94
00-0034960,2020,WR,Jakobi Meyers,12,11.876666666666667,10.876666666666667,12.876666666666665,0.3037855721998943,0.2879963257301281,-1.9999999999999982,0.015789246469766205,42,53
00-0034960,2021,WR,Jakobi Meyers,16,11.64375,12.700000000000001,11.010000000000002,0.2534419881194075,0.23863860354762811,1.6899999999999995,0.014803384571779377,37,32
00-0034960,2022,WR,Jakobi Meyers,14,13.021428571428572,11.75,13.975,0.1913146948192015,0.22478736389167922,-2.2249999999999996,-0.03347266907247773,27,38
00-0034960,2023,WR,Jakobi Meyers,16,13.66125,13.946666666666667,13.49,0.20150466580291995,0.20616800406777536,0.456666666666667,-0.0046633382648554045,24,27
00-0034960,2024,WR,Jakobi Meyers,15,14.533333333333333,15.133333333333333,14.133333333333335,0.26005753652812486,0.2515574916747126,0.9999999999999982,0.00850004485341227,23,28
00-0034960,2025,WR,Jakobi Meyers,16,10.9875,12.350000000000001,10.17,0.24632395067878934,0.22873927656350307,2.1800000000000015,0.017584674115286275,37,26
00-0034970,2019,TE,Irv Smith,14,5.6499999999999995,5.166666666666667,6.0125,0.10532977558839633,0.11561296133439788,-0.8458333333333332,-0.010283185746001552,37,37
00-0034970,2020,TE,Irv Smith,13,7.576923076923077,11.766666666666667,3.985714285714286,0.1391395154553048,0.11094106503717485,7.780952380952382,0.02819845041812996,24,9
00-0034970,2022,TE,Irv Smith,8,6.9,6.766666666666666,7.3,0.12838206759577717,0.1265732890480874,-0.5333333333333341,0.0018087785476897655,24,29
00-0034970,2023,TE,Irv Smith,10,3.35,3.3000000000000003,3.425,0.05135619756587497,0.07541344676828549,-0.12499999999999956,-0.024057249202410515,56,60
00-0034972,2019,RB,Alexander Mattison,13,5.261538461538462,5.933333333333334,4.685714285714286,0.05841213850112626,0.02915725073678355,1.2476190476190476,0.02925488776434271,67,56
00-0034972,2020,RB,Alexander Mattison,13,6.684615384615385,6.75,6.628571428571428,0.01871345029239765,0.03810211146595585,0.12142857142857189,-0.0193886611735582,58,59
00-0034972,2021,RB,Alexander Mattison,16,7.86875,9.883333333333335,6.659999999999999,0.08270311554389045,0.07121134975050361,3.2233333333333354,0.011491765793386843,52,39
00-0034972,2022,RB,Alexander Mattison,17,5.199999999999999,6.0,4.763636363636364,0.0200712481962482,0.027709204106262948,1.2363636363636363,-0.007637955910014746,64,55
00-0034972,2023,RB,Alexander Mattison,16,8.325,5.116666666666666,10.25,0.042284526199470464,0.07518205056641361,-5.133333333333334,-0.03289752436694315,40,67
00-0034972,2024,RB,Alexander Mattison,14,9.814285714285715,7.233333333333333,11.75,0.10275540569658209,0.10085643693836964,-4.516666666666667,0.001898968758212452,33,47
00-0034975,2019,RB,Justice Hill,16,3.09375,5.216666666666666,1.8199999999999998,0.038888888888888834,0.03133531192808238,3.396666666666666,0.007553576960806455,86,64
00-0034975,2020,RB,Justice Hill,11,1.1818181818181819,1.9500000000000002,0.26,0.03473269649740236,0.02161890397184514,1.6900000000000002,0.013113792525557222,115,108
00-0034975,2022,RB,Justice Hill,15,2.7999999999999994,1.7000000000000002,3.533333333333333,0.025628306878306886,0.028891231692955828,-1.833333333333333,-0.0032629248146489424,90,99
00-0034975,2023,RB,Justice Hill,16,6.83125,7.3500000000000005,6.5200000000000005,0.13782250003477628,0.08692776408153496,0.8300000000000001,0.050894735953241316,47,48
00-0034975,2024,RB,Justice Hill,15,8.473333333333333,8.5,8.455555555555556,0.13446411874707792,0.13040475361712975,0.04444444444444429,0.0040593651299481726,39,36
00-0034975,2025,RB,Justice Hill,10,6.5200000000000005,3.9333333333333336,10.4,0.07431418219461695,0.10011482510624385,-6.466666666666667,-0.025800642911626898,51,65
00-0034981,2019,TE,Foster Moreau,11,6.218181818181819,5.383333333333334,7.220000000000001,0.06325156325156324,0.07766262736937218,-1.836666666666667,-0.014411064117808944,33,34
00-0034981,2020,TE,Foster Moreau,8,4.125,3.0666666666666664,7.3,0.029176594292873368,0.033371416307890325,-4.233333333333333,-0.004194822015016957,52,67
00-0034981,2021,TE,Foster Moreau,15,5.6866666666666665,6.966666666666666,4.833333333333333,0.12078737961005398,0.08559032628967465,2.133333333333333,0.035197053320379326,32,24
00-0034981,2022,TE,Foster Moreau,14,6.228571428571429,3.766666666666667,8.075,0.07490074246072696,0.11373457345173536,-4.308333333333332,-0.0388338309910084,29,57
00-0034981,2023,TE,Foster Moreau,13,3.5615384615384604,2.966666666666667,4.071428571428571,0.07630963357129693,0.05771996543783726,-1.1047619047619044,0.01858966813345967,51,64
00-0034981,2024,TE,Foster Moreau,16,6.456250000000001,8.1,5.470000000000001,0.11281000092915301,0.08954602645047681,2.629999999999999,0.023263974478676203,32,25
00-0034981,2025,TE,Foster Moreau,7,1.842857142857143,1.8333333333333333,1.9,0.0481234257490915,0.046743156136583926,-0.06666666666666665,0.0013802696125075758,82,85
00-0034983,2019,WR,Hunter Renfrow,13,10.26923076923077,14.866666666666667,6.328571428571428,0.22026396907249168,0.175254909072242,8.538095238095238,0.04500906000024968,54,21
00-0034983,2020,WR,Hunter Renfrow,16,8.225,7.5,8.66,0.16042781912347145,0.14330235376195172,-1.1600000000000001,0.017125465361519737,75,74
00-0034983,2021,WR,Hunter Renfrow,17,15.241176470588233,17.433333333333334,14.045454545454545,0.21583553558844268,0.21049088432614105,3.3878787878787886,0.005344651262301631,18,12
00-0034983,2022,WR,Hunter Renfrow,10,7.9,8.0,7.75,0.1367264747779452,0.15117304400392612,0.25,-0.01444656922598092,69,66
00-0034983,2023,WR,Hunter Renfrow,14,3.464285714285714,4.016666666666667,3.05,0.09674130813850035,0.08755372767386327,0.9666666666666668,0.00918758046463708,128,109
00-0034983,2025,WR,Hunter Renfrow,6,5.983333333333334,5.983333333333334,3.1,0.13029963033431405,0.13029963033431405,2.883333333333334,0.0,81,73
00-0034988,2019,TE,Kaden Smith,7,10.828571428571427,12.450000000000001,1.1,0.1856209396237878,0.16286306103091588,11.350000000000001,0.022757878592871927,12,9
00-0034988,2020,TE,Kaden Smith,15,1.9466666666666668,1.6166666666666665,2.1666666666666665,0.03829996392496394,0.04912946789136462,-0.55,-0.010829503966400679,74,78
00-0035006,2019,WR,Bisi Johnson,13,6.076923076923078,5.0,7.000000000000001,0.11388204707170224,0.11606175669023273,-2.000000000000001,-0.0021797096185304926,90,101
00-0035006,2020,WR,Bisi Johnson,9,3.8777777777777778,3.8166666666666664,4.0,0.04706442705601218,0.06893782139597963,-0.18333333333333357,-0.021873394339967454,128,123
00-0035021,2019,WR,Ashton Dulin,8,0.46249999999999997,0.6166666666666666,0.0,0.00955500955500955,0.007166257166257163,0.6166666666666666,0.002388752388752387,171,162
00-0035021,2020,WR,Ashton Dulin,10,0.9400000000000002,0.5166666666666666,1.5750000000000002,0.016222666222666233,0.020858599733599742,-1.0583333333333336,-0.004635933510933509,162,164
00-0035021,2021,WR,Ashton Dulin,16,2.84375,4.6,1.7900000000000003,0.030300932917211993,0.04506409839608414,2.8099999999999996,-0.014763165478872149,139,115
00-0035021,2022,WR,Ashton Dulin,10,4.25,2.6999999999999997,6.574999999999999,0.02490612732548217,0.062437616500066906,-3.8749999999999996,-0.03753148917458474,112,127
00-0035021,2024,WR,Ashton Dulin,13,1.4769230769230768,0.39999999999999997,2.4,0.01901234567901235,0.024196547337464156,-2.0,-0.005184201658451806,149,164
00-0035021,2025,WR,Ashton Dulin,12,1.6666666666666667,1.3666666666666665,1.9666666666666668,0.021429735139412553,0.02675989445142669,-0.6000000000000003,-0.005330159312014138,155,156
00-0035022,2021,WR,Penny Hart,11,1.1727272727272726,0.85,1.56,0.03184786290049447,0.037264126572275964,-0.7100000000000001,-0.005416263671781496,159,164
00-0035039,2019,TE,Stephen Carlson,6,2.683333333333333,2.683333333333333,0.0,0.037657828282828286,0.037657828282828286,2.683333333333333,0.0,65,65
00-0035039,2020,TE,Stephen Carlson,7,0.5857142857142856,0.6833333333333332,0.0,0.006172839506172833,0.009372637944066514,0.6833333333333332,-0.0031997984378936807,86,84
00-0035099,2019,RB,Khari Blasingame,6,1.5666666666666667,1.5666666666666667,0.0,0.03157848324514992,0.03157848324514992,1.5666666666666667,0.0,102,100
00-0035099,2020,RB,Khari Blasingame,7,1.1285714285714286,1.0666666666666667,1.5,0.02431833992669428,0.02441571993716653,-0.43333333333333335,-9.738001047224915e-05,117,114
00-0035099,2023,RB,Khari Blasingame,8,0.725,0.5333333333333333,1.3,0.028307186496841667,0.024702612094853478,-0.7666666666666667,0.0036045744019881885,107,105
00-0035100,2023,QB,Jake Browning,9,16.04888888888889,20.30666666666667,7.533333333333334,0.0045045045045045,0.003003003003003,12.773333333333333,0.0015015015015015002,18,3
00-0035120,2019,WR,Keelan Doss,6,4.05,4.05,2.4,0.07753740683848208,0.07753740683848208,1.65,0.0,121,116
00-0035125,2019,RB,Alec Ingold,11,1.6454545454545455,1.5166666666666666,1.8,0.028474711270410197,0.018561963723254044,-0.28333333333333344,0.009912747547156153,101,101
00-0035125,2020,RB,Alec Ingold,12,2.4499999999999997,1.0666666666666667,3.8333333333333335,0.03737020378699538,0.04313470132358396,-2.7666666666666666,-0.0057644975365885795,97,114
00-0035125,2021,RB,Alec Ingold,7,3.5142857142857147,3.0666666666666664,6.2,0.036011324623856596,0.04185586066660236,-3.1333333333333337,-0.005844536042745763,89,93
00-0035125,2022,RB,Alec Ingold,12,3.191666666666667,1.2333333333333334,5.1499999999999995,0.06010491916064666,0.05918449786321548,-3.916666666666666,0.0009204212974311815,84,104
00-0035125,2023,RB,Alec Ingold,11,2.2636363636363637,2.266666666666667,2.26,0.04875420875420875,0.040286285313023286,0.006666666666667265,0.008467923441185465,92,90
00-0035125,2024,RB,Alec Ingold,10,2.63,2.433333333333333,2.925,0.0369890381332029,0.03464862001253823,-0.4916666666666667,0.0023404181206646696,88,84
00-0035125,2025,RB,Alec Ingold,9,1.5666666666666669,1.616666666666667,1.4666666666666668,0.037774666797655294,0.04256398828045248,0.15000000000000013,-0.004789321482797183,90,90
00-0035126,2021,WR,Antoine Wesley,8,7.225,7.816666666666667,5.449999999999999,0.10538697607663143,0.10556008317409885,2.366666666666668,-0.00017310709746741482,83,79
00-0035140,2019,WR,Mecole Hardman,16,7.71875,4.666666666666667,9.55,0.04157742584213172,0.07148433749391798,-4.883333333333334,-0.029906911651786265,73,108
00-0035140,2020,WR,Mecole Hardman,16,8.131250000000001,6.8999999999999995,8.870000000000001,0.11397494545440272,0.09777425036577567,-1.9700000000000015,0.01620069508862705,76,87
00-0035140,2021,WR,Mecole Hardman,17,8.288235294117648,8.483333333333334,8.181818181818182,0.11342755609151818,0.12771741596612823,0.3015151515151526,-0.014289859874610053,69,69
00-0035140,2022,WR,Mecole Hardman,8,11.725,12.616666666666665,9.05,0.09264274624805928,0.10341871126975483,3.5666666666666647,-0.010775965021695547,32,27
00-0035140,2023,WR,Mecole Hardman,7,3.957142857142857,4.35,1.6,0.12123256131876818,0.1096279097018013,2.7499999999999996,0.011604651616966888,117,103
00-0035140,2024,WR,Mecole Hardman,12,2.766666666666667,2.233333333333333,3.3000000000000003,0.03696236559139785,0.034951771030993006,-1.0666666666666673,0.002010594560404845,124,131
00-0035148,2019,RB,Darwin Thompson,10,3.21,4.833333333333333,0.775,0.036337509362719414,0.027600824945362746,4.058333333333333,0.008736684417356668,85,70
00-0035181,2019,WR,Darrius Shepherd,6,0.18333333333333335,0.18333333333333335,0.0,0.0087719298245614,0.0087719298245614,0.18333333333333335,0.0,173,168
00-0035181,2020,WR,Darrius Shepherd,8,1.2,0.9166666666666666,2.05,0.020219825338171484,0.030695172033931635,-1.1333333333333333,-0.01047534669576015,159,159
00-0035184,2020,RB,Devine Ozigbo,6,2.216666666666667,2.216666666666667,0.0,0.03955942646418837,0.03955942646418837,2.216666666666667,0.0,100,103
00-0035208,2019,WR,Olamide Zaccheaus,6,3.4166666666666665,3.4166666666666665,0.0,0.021243231907267613,0.021243231907267613,3.4166666666666665,0.0,131,124
00-0035208,2020,WR,Olamide Zaccheaus,10,5.340000000000001,4.45,6.675000000000001,0.07504353092588377,0.08667029309444164,-2.2250000000000005,-0.011626762168557875,112,116
00-0035208,2021,WR,Olamide Zaccheaus,15,5.986666666666666,5.3500000000000005,6.4111111111111105,0.1152812689103012,0.11258694312457752,-1.06111111111111,0.002694325785723678,97,104
00-0035208,2022,WR,Olamide Zaccheaus,16,6.875,6.683333333333334,6.99,0.2073281407958825,0.16947870258947526,-0.30666666666666664,0.03784943820640724,85,82
00-0035208,2023,WR,Olamide Zaccheaus,11,3.4909090909090907,3.25,3.78,0.06054593554593549,0.05861829516225733,-0.5299999999999998,0.00192764038367816,127,126
00-0035208,2024,WR,Olamide Zaccheaus,16,7.15,11.199999999999998,4.72,0.15074596146702404,0.13296040596801523,6.479999999999998,0.017785555499008815,79,46
00-0035208,2025,WR,Olamide Zaccheaus,14,6.057142857142857,3.5,7.975,0.10481036763364338,0.14699815636808536,-4.475,-0.04218778873444198,78,118
00-0035215,2019,WR,Deonte Harty,14,1.25,1.0833333333333333,1.375,0.013894100479466315,0.011509016484555335,-0.29166666666666674,0.0023850839949109796,148,150
00-0035215,2020,WR,Deonte Harty,9,5.522222222222222,6.2,4.166666666666667,0.09047182393636144,0.08855707753343585,2.033333333333333,0.0019147464029255906,109,95
00-0035215,2021,WR,Deonte Harty,13,8.853846153846153,7.916666666666665,9.657142857142858,0.14795625803048923,0.1512968021002934,-1.7404761904761932,-0.0033405440698041633,60,76
00-0035215,2023,WR,Deonte Harty,16,2.625,1.9166666666666667,3.05,0.01488126057091575,0.039741521196262605,-1.133333333333333,-0.024860260625346853,140,147
00-0035216,2019,WR,Diontae Johnson,16,10.318750000000001,13.050000000000002,8.680000000000001,0.2982323232323232,0.20806755803802102,4.370000000000001,0.09016476519430217,53,32
00-0035216,2020,WR,Diontae Johnson,15,14.919999999999998,15.966666666666667,14.222222222222221,0.232260648070567,0.2219215679404056,1.7444444444444454,0.01033908013016141,20,24
00-0035216,2021,WR,Diontae Johnson,16,17.15,16.649999999999995,17.45,0.26512038685951717,0.27895467552202785,-0.8000000000000043,-0.013834288662510685,9,13
00-0035216,2022,WR,Diontae Johnson,17,10.629411764705882,11.65,10.072727272727274,0.32541816009557917,0.27529062755452993,1.5772727272727263,0.050127532541049236,42,39
00-0035216,2023,WR,Diontae Johnson,13,11.746153846153847,13.033333333333333,10.642857142857142,0.20940510107176769,0.23559973187582453,2.390476190476191,-0.026194630804056845,40,31
00-0035216,2024,WR,Diontae Johnson,11,8.100000000000001,4.55,12.360000000000001,0.1273721963356688,0.18973595642763105,-7.810000000000001,-0.06236376009196226,71,106
00-0035217,2019,RB,Benny Snell,11,5.263636363636364,7.283333333333334,2.8400000000000003,0.016835016835016852,0.016997728480982074,4.443333333333333,-0.0001627116459652217,66,49
00-0035217,2020,RB,Benny Snell,15,4.993333333333333,6.233333333333333,4.166666666666667,0.040049717338110385,0.022694991554453033,2.0666666666666664,0.017354725783657352,74,64
00-0035217,2021,RB,Benny Snell,16,0.81875,1.1833333333333333,0.6000000000000001,0.003968253968253967,0.007376373626373625,0.5833333333333333,-0.003408119658119658,114,113
00-0035217,2022,RB,Benny Snell,9,2.0777777777777775,3.1166666666666667,0.0,0.012125220458553784,0.008083480305702523,3.1166666666666667,0.004041740152851261,99,87
00-0035222,2021,TE,Zach Gentry,10,3.5700000000000003,3.9500000000000006,3.0,0.0683835729487904,0.06900496061909109,0.9500000000000006,-0.000621387670300691,57,50
00-0035222,2022,TE,Zach Gentry,14,2.3000000000000003,1.3666666666666665,3.0,0.036020083063093795,0.0467776144853444,-1.6333333333333335,-0.010757531422250603,77,85
00-0035228,2019,QB,Kyler Murray,16,17.83,15.343333333333334,19.322,0.0,0.0,-3.9786666666666655,0.0,11,18
00-0035228,2020,QB,Kyler Murray,16,23.67125,15.846666666666666,28.365999999999996,0.0,0.0,-12.51933333333333,0.0,4,23
00-0035228,2021,QB,Kyler Murray,14,21.46285714285715,20.456666666666667,22.2175,0.0,0.0,-1.7608333333333341,0.0,4,7
00-0035228,2022,QB,Kyler Murray,11,18.22909090909091,16.93,19.788,0.0,0.0,-2.8580000000000005,0.0,7,13
00-0035228,2023,QB,Kyler Murray,8,18.294999999999998,17.906666666666666,19.46,0.0,0.0,-1.5533333333333346,0.0,9,9
00-0035228,2024,QB,Kyler Murray,17,17.48470588235294,17.919999999999998,17.247272727272726,0.0,0.0,0.672727272727272,0.0,12,15
00-0035229,2019,TE,T.J. Hockenson,12,6.724999999999999,4.8,8.65,0.13301336851828136,0.13624612644522918,-3.8500000000000005,-0.003232757926947827,27,41
00-0035229,2020,TE,T.J. Hockenson,16,10.95625,9.866666666666665,11.61,0.18405739524419365,0.17769545085348457,-1.743333333333334,0.0063619443907090845,7,16
00-0035229,2021,TE,T.J. Hockenson,12,12.108333333333333,11.366666666666667,12.850000000000001,0.22416984490211042,0.20542173010237894,-1.4833333333333343,0.018748114799731486,7,8
00-0035229,2022,TE,T.J. Hockenson,17,12.788235294117646,13.450000000000001,12.42727272727273,0.21050292054281436,0.2014935183364856,1.0227272727272716,0.00900940220632876,3,3
00-0035229,2023,TE,T.J. Hockenson,15,14.600000000000003,14.716666666666667,14.522222222222224,0.24759821117579736,0.2399484712905568,0.19444444444444287,0.007649739885240564,2,5
00-0035229,2024,TE,T.J. Hockenson,10,8.65,7.316666666666666,10.649999999999999,0.17791425663697816,0.18131909042772332,-3.333333333333332,-0.00340483379074516,18,28
00-0035229,2025,TE,T.J. Hockenson,15,7.5200000000000005,7.616666666666668,7.455555555555555,0.16647752512632571,0.1594303847541056,0.1611111111111132,0.007047140372220123,29,26
00-0035232,2019,QB,Dwayne Haskins,9,8.52222222222222,11.606666666666667,2.353333333333334,0.0,0.0,9.253333333333334,0.0,35,30
00-0035232,2020,QB,Dwayne Haskins,7,9.737142857142857,9.223333333333334,12.82,0.0,0.0,-3.596666666666666,0.0,35,37
00-0035243,2019,RB,Miles Sanders,16,13.66875,18.983333333333334,10.48,0.124537037037037,0.10460313516816674,8.503333333333334,0.019933901868870257,21,6
00-0035243,2020,RB,Miles Sanders,12,14.200000000000001,12.733333333333334,15.666666666666666,0.1128776125834949,0.12374531414703581,-2.933333333333332,-0.010867701563540916,18,26
00-0035243,2021,RB,Miles Sanders,12,9.766666666666667,9.683333333333334,9.850000000000001,0.07177477573932563,0.09645020450349345,-0.16666666666666785,-0.024675428764167825,38,40
00-0035243,2022,RB,Miles Sanders,17,12.747058823529413,9.616666666666665,14.454545454545455,0.03968377145746565,0.052671894393070615,-4.83787878787879,-0.012988122935604966,22,40
00-0035243,2023,RB,Miles Sanders,16,5.4750000000000005,3.733333333333334,6.5200000000000005,0.048482621282410904,0.07519135412555687,-2.7866666666666666,-0.02670873284314597,61,74
00-0035243,2024,RB,Miles Sanders,11,7.027272727272728,7.616666666666667,6.319999999999999,0.09038218891160056,0.08832785555079478,1.2966666666666677,0.0020543333608057796,45,44
00-0035246,2019,WR,J.J. Arcega-Whiteside,9,3.6555555555555563,4.916666666666667,1.1333333333333333,0.05697855750487327,0.05670122903792182,3.7833333333333337,0.00027732846695145,127,103
00-0035246,2021,WR,J.J. Arcega-Whiteside,7,0.7999999999999999,0.9333333333333332,0.0,0.027699385601317003,0.023742330515414575,0.9333333333333332,0.0039570550859024285,165,162
00-0035249,2021,TE,Josh Oliver,11,1.4181818181818182,1.4666666666666668,1.3599999999999999,0.03993808340861183,0.038748304780709376,0.10666666666666691,0.0011897786279024547,79,77
00-0035249,2022,TE,Josh Oliver,12,3.408333333333333,3.9500000000000006,2.8666666666666667,0.09399801587301587,0.08309371728489373,1.083333333333334,0.010904298588122141,62,50
00-0035249,2023,TE,Josh Oliver,13,4.1,5.033333333333332,3.3000000000000003,0.07036008213689493,0.05760839734228606,1.733333333333332,0.012751684794608871,44,43
00-0035249,2024,TE,Josh Oliver,12,5.483333333333333,3.8000000000000003,7.166666666666667,0.07351825509720243,0.07658944484268666,-3.3666666666666667,-0.003071189745484232,37,45
00-0035249,2025,TE,Josh Oliver,12,4.583333333333332,5.199999999999999,3.9666666666666663,0.08735622268230973,0.06534156839064133,1.233333333333333,0.022014654291668406,49,40
00-0035250,2019,RB,Devin Singletary,12,12.325000000000003,12.15,12.5,0.11047415168382907,0.11513900187287279,-0.34999999999999964,-0.004664850189043723,28,31
00-0035250,2020,RB,Devin Singletary,16,8.975,8.966666666666667,8.98,0.0692539343855133,0.08911790499753836,-0.013333333333333641,-0.01986397061202505,44,44
00-0035250,2021,RB,Devin Singletary,17,11.635294117647058,17.01666666666667,8.700000000000001,0.06585982688482568,0.07381741112502262,8.316666666666668,-0.007957584240196935,29,10
00-0035250,2022,RB,Devin Singletary,16,11.118749999999999,9.683333333333335,11.98,0.06964039712200439,0.09063039649590401,-2.296666666666665,-0.02098999937389963,28,39
00-0035250,2023,RB,Devin Singletary,17,9.843529411764706,12.15,8.585454545454546,0.0821571172812476,0.06888867012984053,3.5645454545454545,0.01326844715140707,37,26
00-0035250,2024,RB,Devin Singletary,15,6.4399999999999995,4.016666666666667,8.055555555555555,0.03344235421441305,0.048855520344168415,-4.038888888888889,-0.015413166129755365,47,69
00-0035250,2025,RB,Devin Singletary,17,6.399999999999999,9.916666666666666,4.4818181818181815,0.06127198153060228,0.04000595556122943,5.434848484848485,0.021266025969372854,52,32
00-0035259,2019,TE,Trevon Wesco,6,1.1500000000000001,1.1500000000000001,0.0,0.017890011223344552,0.017890011223344552,1.1500000000000001,0.0,82,84
00-0035259,2021,TE,Trevon Wesco,8,0.8125,1.0833333333333333,0.0,0.0180510546364205,0.017214761565550674,1.0833333333333333,0.0008362930708698257,85,80
00-0035259,2022,TE,Trevon Wesco,6,1.0999999999999999,1.0999999999999999,3.3,0.03287037037037038,0.03287037037037038,-2.2,0.0,90,88
00-0035259,2023,TE,Trevon Wesco,6,0.5166666666666667,0.5166666666666667,0.0,0.016896910279263235,0.016896910279263235,0.5166666666666667,0.0,91,91
00-0035261,2019,RB,Tony Pollard,14,6.371428571428572,8.65,4.6625,0.06461769051054765,0.04351962646530473,3.9875000000000007,0.02109806404524292,58,40
00-0035261,2020,RB,Tony Pollard,16,7.55,10.233333333333333,5.9399999999999995,0.10558464547435141,0.0693963937251463,4.293333333333333,0.036188251749205105,54,35
00-0035261,2021,RB,Tony Pollard,15,10.84,11.450000000000001,10.433333333333332,0.08642603179243169,0.08092404917092087,1.0166666666666693,0.0055019826215108175,35,30
00-0035261,2022,RB,Tony Pollard,16,15.55,14.233333333333334,16.34,0.12003108641039684,0.10543278401404976,-2.1066666666666656,0.014598302396347074,9,14
00-0035261,2023,RB,Tony Pollard,17,13.094117647058823,11.566666666666668,13.927272727272726,0.09353488103488104,0.11429582769548165,-2.3606060606060577,-0.020760946660600604,23,30
00-0035261,2024,RB,Tony Pollard,16,12.54375,11.299999999999999,13.289999999999997,0.09172979797979801,0.12167072019399264,-1.9899999999999984,-0.02994092221419463,23,28
00-0035261,2025,RB,Tony Pollard,17,10.929411764705883,13.799999999999999,9.363636363636362,0.04654481321147987,0.07595398974729309,4.436363636363637,-0.029409176535813215,30,19
00-0035268,2019,RB,Ryquell Armstead,14,3.6571428571428575,3.4166666666666665,3.8375,0.055644391170707,0.0438034491105348,-0.4208333333333334,0.0118409420601722,82,85
00-0035273,2019,RB,Qadree Ollison,6,5.116666666666666,5.116666666666666,7.1,0.008520998174071816,0.008520998174071816,-1.9833333333333334,0.0,70,67
00-0035273,2021,RB,Qadree Ollison,6,3.2833333333333337,3.2833333333333337,5.4,0.03122759856630823,0.03122759856630823,-2.1166666666666667,0.0,93,91
00-0035287,2019,WR,KeeSean Johnson,10,4.6,3.683333333333333,5.975,0.1246609647894752,0.11895656303366924,-2.2916666666666665,0.005704401755805971,111,120
00-0035287,2020,WR,KeeSean Johnson,8,4.0375,4.4,2.95,0.0705659037127494,0.08301100787114213,1.4500000000000002,-0.012445104158392728,125,118
00-0035289,2019,QB,Gardner Minshew,14,16.374285714285715,15.016666666666666,17.392500000000002,0.0,0.0,-2.375833333333336,0.0,17,26
00-0035289,2020,QB,Gardner Minshew,9,17.851111111111113,17.863333333333333,17.826666666666668,0.003787878787878783,0.0025252525252525224,0.03666666666666529,0.0012626262626262608,12,11
00-0035289,2023,QB,Gardner Minshew,16,12.2625,14.053333333333333,11.187999999999999,0.0,0.0,2.865333333333334,0.0,26,25
00-0035289,2024,QB,Gardner Minshew,10,9.632000000000001,8.94,10.67,0.0,0.0,-1.7300000000000004,0.0,39,40
00-0035291,2020,RB,Trayveon Williams,6,3.616666666666667,3.616666666666667,2.2,0.02766406757634827,0.02766406757634827,1.416666666666667,0.0,89,84
00-0035291,2022,RB,Trayveon Williams,7,1.1428571428571428,1.2166666666666666,0.7,0.009837962962962967,0.012293543543543544,0.5166666666666666,-0.0024555805805805773,109,105
00-0035291,2023,RB,Trayveon Williams,16,0.9312500000000001,0.5166666666666667,1.1799999999999997,0.010833333333333334,0.015159012183468702,-0.663333333333333,-0.004325678850135368,105,107
00-0035291,2025,RB,Trayveon Williams,6,2.85,2.85,0.0,0.05826150651419467,0.05826150651419467,2.85,0.0,78,75
00-0035297,2019,WR,Kelvin Harmon,15,4.462666666666667,6.856666666666666,2.8666666666666667,0.16420107583900687,0.10089153347306247,3.989999999999999,0.0633095423659444,113,77
00-0035298,2019,WR,Scott Miller,9,4.511111111111111,5.316666666666666,2.9000000000000004,0.061704214468712264,0.06741819426119283,2.416666666666666,-0.005713979792480568,112,95
00-0035298,2020,WR,Scott Miller,14,7.321428571428572,3.6833333333333336,10.05,0.05651840372860165,0.10145764936019577,-6.366666666666667,-0.04493924563159412,86,125
00-0035298,2021,WR,Scott Miller,6,3.1833333333333336,3.1833333333333336,0.0,0.03471097805930198,0.03471097805930198,3.1833333333333336,0.0,135,127
00-0035298,2022,WR,Scott Miller,12,3.5250000000000004,3.3833333333333333,3.6666666666666674,0.05886719147152949,0.07915942546159442,-0.2833333333333341,-0.020292233990064933,121,119
00-0035298,2023,WR,Scott Miller,11,3.5545454545454547,3.283333333333333,3.88,0.053271364213701676,0.04743623919634088,-0.5966666666666667,0.005835125017360797,125,125
00-0035298,2024,WR,Scott Miller,6,1.9833333333333332,1.9833333333333332,0.0,0.05881265289867446,0.05881265289867446,1.9833333333333332,0.0,140,137
00-0035304,2019,RB,Cullen Gillaspia,6,0.0,0.0,0.0,0.0,0.0,0.0,0.0,122,119
00-0035308,2021,TE,Tommy Sweeney,7,2.7714285714285714,2.8666666666666667,2.2,0.043965566516707334,0.044329289572460115,0.6666666666666665,-0.0003637230557527807,66,63
00-0035311,2019,RB,Myles Gaskin,7,4.485714285714286,5.066666666666667,1.0,0.043970201017320236,0.04201774805813596,4.066666666666667,0.001952452959184274,72,68
00-0035311,2020,RB,Myles Gaskin,10,16.419999999999998,19.283333333333335,12.125,0.14671327626397695,0.1504675792849562,7.158333333333335,-0.0037543030209792327,11,7
00-0035311,2021,RB,Myles Gaskin,17,10.211764705882352,6.733333333333333,12.109090909090911,0.06630902742542973,0.10302341608695371,-5.375757575757578,-0.03671438866152399,37,64
00-0035329,2020,TE,Donald Parham,11,3.9909090909090907,3.9166666666666665,4.08,0.05867055738379262,0.0501366908926906,-0.16333333333333355,0.008533866491102021,56,51
00-0035329,2021,TE,Donald Parham,13,4.538461538461538,2.9333333333333336,5.914285714285714,0.068877326804156,0.05557723601802921,-2.98095238095238,0.013300090786126782,42,62
00-0035329,2022,TE,Donald Parham,6,4.833333333333333,4.833333333333333,0.0,0.05136252165114643,0.05136252165114643,4.833333333333333,0.0,42,41
00-0035329,2023,TE,Donald Parham,14,5.678571428571428,5.3500000000000005,5.925,0.08498193315266485,0.08038355549698818,-0.5749999999999993,0.0045983776556766665,31,40
00-0035341,2022,WR,Trenton Irwin,9,7.022222222222222,6.966666666666668,7.133333333333333,0.06502223460597215,0.06886779368832459,-0.1666666666666652,-0.0038455590823524427,80,78
00-0035341,2023,WR,Trenton Irwin,12,5.216666666666667,4.683333333333334,5.75,0.07737700834475025,0.07446965974519737,-1.0666666666666664,0.0029073485995528836,93,96
00-0035341,2024,WR,Trenton Irwin,6,0.75,0.75,1.6,0.05004015171357967,0.05004015171357967,-0.8500000000000001,0.0,162,157
00-0035342,2019,RB,Patrick Laird,8,8.525,8.749999999999998,7.8500000000000005,0.09209558113696152,0.09369289797393321,0.8999999999999977,-0.0015973168369716878,46,39
00-0035342,2020,RB,Patrick Laird,9,2.444444444444444,2.5500000000000003,2.233333333333333,0.03912342548498155,0.041594612962087135,0.3166666666666673,-0.002471187477105584,98,99
00-0035345,2022,TE,Chris Myarick,10,1.95,1.5666666666666664,2.525,0.03242164496499378,0.03118604558705488,-0.9583333333333335,0.0012355993779388993,82,82
00-0035350,2019,WR,Preston Williams,8,11.35,11.516666666666667,10.850000000000001,0.23743701102022485,0.21683977749593789,0.6666666666666661,0.020597233524286968,43,43
00-0035350,2020,WR,Preston Williams,8,9.350000000000001,10.516666666666666,5.85,0.14581342454905663,0.15211369160019822,4.666666666666666,-0.006300267051141589,66,55
00-0035350,2021,WR,Preston Williams,6,2.3,2.3,1.2,0.0700211763779126,0.0700211763779126,1.0999999999999999,0.0,146,144
00-0035359,2022,WR,David Sills,7,3.0857142857142854,2.4833333333333334,6.7,0.08570921631822627,0.09132218541562252,-4.216666666666667,-0.005612969097396253,133,131
00-0035359,2025,WR,David Sills,12,4.091666666666667,5.3500000000000005,2.8333333333333335,0.12975615633087742,0.10130789231145036,2.516666666666667,0.028448264019427058,112,83
00-0035374,2019,WR,Michael Walker,7,0.5,0.5833333333333334,0.0,0.013276434329065898,0.011379800853485056,0.5833333333333334,0.001896633475580842,166,163
00-0035399,2019,WR,Stanley Morgan,7,0.6857142857142858,0.5333333333333333,1.6,0.04062194801292172,0.04254082030451206,-1.0666666666666669,-0.0019188722915903442,163,165
00-0035399,2021,WR,Stanley Morgan,11,0.30909090909090914,0.35000000000000003,0.26,0.018438697318007666,0.013304224511121064,0.09000000000000002,0.005134472806886602,176,174
00-0035399,2022,WR,Stanley Morgan,9,0.0,0.0,0.0,0.0,0.0032679738562091556,0.0,-0.0032679738562091556,166,163
00-0035401,2019,WR,Damion Willis,7,2.457142857142857,1.8666666666666665,6.0,0.04924209924209921,0.05678477311130376,-4.133333333333334,-0.007542673869204548,138,142
00-0035406,2021,WR,Lil'Jordan Humphrey,8,6.2375,7.7,1.85,0.11055704242342641,0.0948225437223317,5.85,0.01573449870109471,93,80
00-0035406,2023,WR,Lil'Jordan Humphrey,11,4.29090909090909,5.366666666666667,3.0,0.06870039682539676,0.05936097746442571,2.366666666666667,0.009339419360971053,105,90
00-0035406,2024,WR,Lil'Jordan Humphrey,14,4.5928571428571425,4.933333333333334,4.3375,0.09346610047041087,0.09982022925424154,0.5958333333333332,-0.006354128783830668,105,99
00-0035406,2025,WR,Lil'Jordan Humphrey,7,4.942857142857142,4.183333333333333,9.5,0.07846810064959708,0.11121441594141293,-5.316666666666667,-0.03274631529181585,98,108
00-0035414,2020,WR,Jalen Guyton,16,6.06875,5.783333333333332,6.239999999999999,0.12559617669911796,0.09217231083043388,-0.456666666666667,0.03342386586868408,105,104
00-0035414,2021,WR,Jalen Guyton,16,6.075,10.700000000000001,3.3,0.09063554219804217,0.07345666963052436,7.400000000000001,0.01717887256751781,96,49
00-0035414,2023,WR,Jalen Guyton,7,3.557142857142857,4.1499999999999995,0.0,0.08444848763003758,0.08258849960125668,4.1499999999999995,0.0018599880287809012,124,105
00-0035432,2019,WR,Jason Moore,6,1.05,1.05,6.3,0.02057295303263043,0.02057295303263043,-5.25,0.0,158,152
00-0035457,2020,WR,Tyron Johnson,11,7.2272727272727275,8.85,5.279999999999999,0.09509646807440923,0.06178290086288651,3.5700000000000003,0.033313567211522725,88,62
00-0035457,2021,WR,Tyron Johnson,7,0.5142857142857143,0.3333333333333333,1.6,0.01903651903651905,0.019174159174159183,-1.2666666666666668,-0.0001376401376401333,170,175
00-0035480,2020,WR,Malik Taylor,10,1.85,0.5499999999999999,3.8,0.005208333333333333,0.01789504137046082,-3.25,-0.012686708037127487,151,162
00-0035480,2021,WR,Malik Taylor,7,0.4857142857142857,0.0,3.4,0.0,0.012987012987012986,-3.4,-0.012987012987012986,172,178
00-0035500,2022,WR,Greg Dortch,16,7.19375,9.266666666666667,5.95,0.1518843404808317,0.0996901189363881,3.3166666666666673,0.052194221544443586,77,53
00-0035500,2023,WR,Greg Dortch,16,4.03125,8.283333333333333,1.48,0.15213337113433345,0.07906113032782511,6.803333333333333,0.07307224080650834,114,59
00-0035500,2024,WR,Greg Dortch,17,5.311764705882354,7.283333333333334,4.236363636363636,0.06983447502831545,0.09689663140523665,3.0469696969696978,-0.027062156376921193,100,80
00-0035500,2025,WR,Greg Dortch,12,6.258333333333334,8.066666666666666,4.45,0.06927876908695314,0.06813072051199305,3.6166666666666663,0.0011480485749600922,74,53
00-0035510,2020,WR,Jeff Smith,9,3.744444444444445,1.9166666666666667,7.3999999999999995,0.08217352963729778,0.12886070173852263,-5.4833333333333325,-0.04668717210122485,130,146
00-0035510,2021,WR,Jeff Smith,9,2.1333333333333333,2.0666666666666664,2.2666666666666666,0.07269639299714477,0.061651691852193026,-0.20000000000000018,0.011044701144951742,148,146
00-0035510,2022,WR,Jeff Smith,7,3.057142857142857,3.1166666666666667,2.7,0.056589598948934026,0.05182762966387037,0.4166666666666665,0.004761969285063658,134,124
00-0035527,2019,WR,Andy Isabella,12,2.9499999999999997,5.166666666666667,0.7333333333333334,0.057325566804838746,0.0365992913389273,4.433333333333334,0.020726275465911444,135,96
00-0035527,2020,WR,Andy Isabella,11,4.981818181818182,3.1166666666666667,7.220000000000001,0.09690966032877792,0.0967548134067454,-4.1033333333333335,0.00015484692203251993,115,132
00-0035535,2019,WR,Darius Slayton,14,12.142857142857142,12.266666666666666,12.05,0.17966068512549024,0.16932576867045504,0.216666666666665,0.010334916455035204,39,37
00-0035535,2020,WR,Darius Slayton,16,8.8125,4.783333333333333,11.23,0.17820231401024078,0.19346195794827098,-6.446666666666667,-0.015259643938030198,67,114
00-0035535,2021,WR,Darius Slayton,13,5.276923076923077,4.316666666666666,6.1000000000000005,0.11927690129362056,0.1310965660658211,-1.783333333333334,-0.011819664772200533,104,118
00-0035535,2022,WR,Darius Slayton,13,9.876923076923077,8.516666666666666,11.042857142857143,0.18274506946584781,0.1926748904482431,-2.526190476190477,-0.009929820982395282,49,60
00-0035535,2023,WR,Darius Slayton,17,8.882352941176471,12.183333333333332,7.081818181818182,0.1573335637673873,0.16024996263563912,5.10151515151515,-0.0029163988682518183,55,35
00-0035535,2024,WR,Darius Slayton,16,6.875000000000001,4.0,8.6,0.09557975390775904,0.13511379281552982,-4.6,-0.03953403890777078,87,109
00-0035535,2025,WR,Darius Slayton,14,7.057142857142856,7.25,6.9125,0.16669095614962762,0.1546141393821414,0.33750000000000036,0.012076816767486204,67,60
00-0035537,2019,RB,Ty Johnson,16,3.7624999999999997,4.083333333333333,3.5699999999999994,0.06026006274708425,0.054874462651878085,0.5133333333333336,0.005385600095206167,81,78
00-0035537,2020,RB,Ty Johnson,11,5.754545454545454,8.383333333333333,2.6,0.07615039281705945,0.06962515598879229,5.783333333333333,0.006525236828267153,65,47
00-0035537,2021,RB,Ty Johnson,15,7.800000000000001,6.133333333333333,8.911111111111111,0.09068761880546768,0.0972905305813948,-2.7777777777777786,-0.006602911775927117,53,66
00-0035537,2022,RB,Ty Johnson,12,3.5666666666666664,6.2,0.9333333333333332,0.07559373496873491,0.052135970162850376,5.266666666666667,0.02345776480588453,77,53
00-0035537,2023,RB,Ty Johnson,9,3.5999999999999996,5.366666666666666,0.06666666666666667,0.04382565589462142,0.02921710392974761,5.3,0.014608551964873807,73,65
00-0035537,2024,RB,Ty Johnson,17,5.394117647058824,7.383333333333333,4.309090909090909,0.07191280662382814,0.05062331099480088,3.074242424242424,0.02128949562902726,57,46
00-0035537,2025,RB,Ty Johnson,17,5.899999999999999,8.7,4.372727272727272,0.10608795391404073,0.06845106099262105,4.327272727272727,0.03763689292141968,54,41
00-0035544,2021,WR,Tom Kennedy,6,3.0666666666666664,3.0666666666666664,2.5,0.048399378430004546,0.048399378430004546,0.5666666666666664,0.0,136,129
00-0035544,2025,WR,Tom Kennedy,6,1.2666666666666666,1.2666666666666666,7.6,0.024691358024691332,0.024691358024691332,-6.333333333333333,0.0,161,157
00-0035547,2022,TE,Joseph Fortson,10,3.18,2.783333333333333,3.775,0.050143445478089445,0.03853252279213271,-0.9916666666666667,0.011610922685956732,66,68
00-0035548,2019,WR,Ventell Bryant,7,1.2142857142857142,1.4166666666666667,0.0,0.0034013605442176835,0.0029154518950437287,1.4166666666666667,0.0004859086491739548,150,144
00-0035567,2022,RB,Craig Reynolds,6,5.133333333333333,5.133333333333333,3.9,0.054313506324891514,0.054313506324891514,1.233333333333333,0.0,66,62
00-0035567,2023,RB,Craig Reynolds,12,2.6333333333333333,1.2666666666666666,4.0,0.004901960784313733,0.010667681706829085,-2.7333333333333334,-0.005765720922515352,87,98
00-0035567,2024,RB,Craig Reynolds,8,2.6125,3.0833333333333335,1.2,0.0257260101010101,0.019294507575757576,1.8833333333333335,0.006431502525252524,89,77
00-0035572,2022,TE,Parker Hesse,12,1.4916666666666665,1.3166666666666667,1.6666666666666667,0.03216205837173578,0.03570073818057689,-0.3500000000000001,-0.003538679808841108,87,86
00-0035577,2019,QB,Devlin Hodges,8,6.414999999999999,6.420000000000002,6.4,0.0,0.0,0.02000000000000135,0.0,37,37
00-0035592,2020,WR,Travis Fulgham,12,9.658333333333333,2.9333333333333336,16.383333333333333,0.09011703531987501,0.16250171132264327,-13.45,-0.07238467600276825,63,135
00-0035594,2019,RB,Travis Homer,7,4.0,4.666666666666667,0.0,0.06790683605565634,0.058205859476276864,4.666666666666667,0.009700976579379475,80,71
00-0035594,2020,RB,Travis Homer,9,3.644444444444444,4.416666666666667,2.1,0.031836219336219336,0.030497329181539697,2.316666666666667,0.0013388901546796395,88,76
00-0035594,2021,RB,Travis Homer,14,4.414285714285715,5.216666666666666,3.8125,0.059297151402414504,0.04545746461144833,1.404166666666666,0.013839686790966171,82,71
00-0035594,2022,RB,Travis Homer,10,4.3100000000000005,4.983333333333333,3.2999999999999994,0.05928756500402841,0.05193617536605338,1.683333333333334,0.007351389637975027,72,63
00-0035594,2023,RB,Travis Homer,7,0.0,0.0,0.0,0.005747126436781617,0.0049261083743842434,0.0,0.0008210180623973735,114,113
00-0035594,2024,RB,Travis Homer,8,0.8,0.7999999999999999,0.8,0.020833333333333332,0.015625,-1.1102230246251565e-16,0.005208333333333332,107,103
00-0035594,2025,RB,Travis Homer,8,-0.025,-0.03333333333333333,0.0,0.0,0.0,-0.03333333333333333,0.0,112,112
00-0035596,2019,RB,Kerrith Whyte,6,2.35,2.35,4.3,0.009259259259259267,0.009259259259259267,-1.9499999999999997,0.0,95,92
00-0035602,2025,WR,Alex Bachman,11,0.29090909090909095,0.21666666666666667,0.38,0.007575757575757583,0.009412304866850326,-0.16333333333333333,-0.0018365472910927428,180,181
00-0035621,2020,WR,Nsimba Webster,16,0.0,0.0,0.0,0.0,0.0,0.0,0.0,169,167
00-0035621,2021,WR,Nsimba Webster,6,0.0,0.0,0.0,0.0,0.0,0.0,0.0,180,178
00-0035624,2019,TE,N'Keal Harry,7,5.628571428571428,5.766666666666666,4.8,0.10717763638022264,0.10456495816717494,0.9666666666666659,0.0026126782130476978,38,32
00-0035624,2020,TE,N'Keal Harry,13,5.684615384615385,4.066666666666667,7.071428571428572,0.13388435567463694,0.16061235155632658,-3.0047619047619047,-0.026727995881689642,36,48
00-0035624,2021,TE,N'Keal Harry,10,3.04,2.9499999999999997,3.175,0.07624019349825804,0.06615027856394082,-0.2250000000000001,0.010089914934317226,63,61
00-0035624,2022,TE,N'Keal Harry,6,4.1000000000000005,4.1000000000000005,2.4,0.06304654551031363,0.06304654551031363,1.7000000000000006,0.0,53,49
00-0035628,2019,RB,D'Ernest Johnson,10,1.52,0.0,3.8,0.0,0.02230861244019139,-3.8,-0.02230861244019139,103,119
00-0035628,2020,RB,D'Ernest Johnson,14,1.5,0.65,2.1375,0.005208333333333333,0.009716237709658765,-1.4875000000000003,-0.004507904376325432,110,117
00-0035628,2021,RB,D'Ernest Johnson,13,8.007692307692308,7.05,8.828571428571427,0.0584574424257406,0.061564725288307046,-1.7785714285714276,-0.0031072828625664448,51,61
00-0035628,2022,RB,D'Ernest Johnson,9,0.6,0.4166666666666667,0.9666666666666667,0.004901960784313733,0.008558979147214445,-0.55,-0.003657018362900712,115,117
00-0035628,2023,RB,D'Ernest Johnson,16,2.175,1.2166666666666666,2.75,0.014477585906157333,0.019505250433864012,-1.5333333333333334,-0.00502766452770668,94,99
00-0035628,2024,RB,D'Ernest Johnson,12,2.9916666666666667,2.1166666666666667,3.8666666666666667,0.05281618023553506,0.05708354211674894,-1.75,-0.004267361881213877,82,90
00-0035631,2020,TE,Drew Sample,16,4.93125,5.949999999999999,4.319999999999999,0.13382441145599036,0.09656907203961071,1.63,0.03725533941637965,44,35
00-0035631,2021,TE,Drew Sample,10,1.9100000000000001,1.6000000000000003,2.375,0.037736733873959385,0.044218200167987116,-0.7749999999999997,-0.006481466294027731,73,76
00-0035631,2023,TE,Drew Sample,14,3.5928571428571425,3.183333333333333,3.9,0.0679146427533524,0.057340196696913766,-0.7166666666666668,0.01057444605643864,50,61
00-0035631,2024,TE,Drew Sample,11,3.3181818181818183,2.8000000000000003,3.94,0.04536934687519695,0.05336706766786382,-1.1399999999999997,-0.00799772079266687,54,56
00-0035631,2025,TE,Drew Sample,12,2.658333333333333,3.0833333333333335,2.2333333333333334,0.05069806557872075,0.04871357480279013,0.8500000000000001,0.001984490775930624,72,63
00-0035639,2019,WR,Parris Campbell,7,5.442857142857143,6.050000000000001,1.8,0.10781639857726825,0.09770506121437807,4.250000000000001,0.010111337362890188,99,87
00-0035639,2021,WR,Parris Campbell,6,5.366666666666667,5.366666666666667,3.4,0.10543096069845555,0.10543096069845555,1.9666666666666672,0.0,103,103
00-0035639,2022,WR,Parris Campbell,17,8.770588235294118,6.7,9.899999999999999,0.16648014492535368,0.15770589463842535,-3.1999999999999984,0.008774250286928326,59,81
00-0035639,2023,WR,Parris Campbell,10,3.04,1.7000000000000002,5.05,0.035960064839375194,0.08688699949475813,-3.3499999999999996,-0.050926934655382936,132,153
00-0035640,2019,WR,DK Metcalf,16,11.693750000000001,10.583333333333334,12.36,0.1964610718255628,0.20405795035205773,-1.7766666666666655,-0.007596878526494932,41,47
00-0035640,2020,WR,DK Metcalf,16,16.95625,14.183333333333335,18.62,0.2777227640479322,0.24620146312109864,-4.436666666666666,0.031521300926833584,10,30
00-0035640,2021,WR,DK Metcalf,17,14.370588235294118,14.049999999999999,14.545454545454545,0.3100321016987684,0.2773936285859535,-0.49545454545454604,0.03263847311281487,23,24
00-0035640,2022,WR,DK Metcalf,17,13.341176470588236,13.449999999999998,13.281818181818183,0.23577233477746964,0.2531588736241747,0.16818181818181444,-0.017386538846705074,25,23
00-0035640,2023,WR,DK Metcalf,16,14.0875,16.099999999999998,12.879999999999999,0.1998627963717098,0.22500698203664038,3.219999999999999,-0.02514418566493057,22,16
00-0035640,2024,WR,DK Metcalf,15,12.746666666666666,10.25,14.41111111111111,0.18370517684570334,0.20823957253008657,-4.16111111111111,-0.02453439568438323,33,51
00-0035640,2025,WR,DK Metcalf,15,12.479999999999999,12.5,12.466666666666665,0.24546481539631812,0.2241135461531662,0.03333333333333499,0.02135126924315192,23,24
00-0035644,2019,TE,Noah Fant,16,6.9375,6.533333333333334,7.18,0.11376878386682293,0.1404531738372615,-0.6466666666666656,-0.026684389970438566,26,29
00-0035644,2020,TE,Noah Fant,14,10.664285714285715,10.6,10.7125,0.2298297085845535,0.2013411186928191,-0.11250000000000071,0.028488589891734417,8,12
00-0035644,2021,TE,Noah Fant,16,9.9375,9.483333333333333,10.21,0.1638369809203142,0.1784950115790509,-0.7266666666666683,-0.014658030658736693,14,14
00-0035644,2022,TE,Noah Fant,17,7.211764705882352,8.266666666666666,6.636363636363638,0.10636695745809989,0.11681523259080814,1.6303030303030281,-0.010448275132708254,23,22
00-0035644,2023,TE,Noah Fant,15,4.893333333333333,5.466666666666666,4.51111111111111,0.1077396119752515,0.08602754514285357,0.9555555555555557,0.02171206683239793,38,38
00-0035644,2024,TE,Noah Fant,14,7.428571428571429,8.083333333333334,6.937500000000001,0.18233676882175218,0.145447889542438,1.145833333333333,0.03688887927931417,26,26
00-0035644,2025,TE,Noah Fant,13,5.753846153846154,1.9666666666666668,9.0,0.05681447322314199,0.09154413371330539,-7.033333333333333,-0.0347296604901634,37,81
00-0035645,2019,WR,Gunner Olszewski,8,0.675,0.9,0.0,0.01616337591947348,0.012122531939605111,0.9,0.004040843979868369,165,156
00-0035645,2020,WR,Gunner Olszewski,13,1.9615384615384615,3.3833333333333333,0.7428571428571429,0.01904761904761905,0.013251454427925023,2.6404761904761904,0.0057961646196940265,149,130
00-0035645,2021,WR,Gunner Olszewski,16,0.375,0.4666666666666666,0.32,0.008838383838383833,0.004876893939393938,0.1466666666666666,0.003961489898989895,174,170
00-0035645,2022,WR,Gunner Olszewski,15,0.9466666666666668,0.85,1.0111111111111113,0.01868919610855095,0.015302938902259788,-0.16111111111111132,0.003386257206291163,156,155
00-0035645,2023,WR,Gunner Olszewski,12,0.4166666666666667,1.0,-0.16666666666666666,0.0,0.0028735632183908085,1.1666666666666667,-0.0028735632183908085,175,164
00-0035645,2025,WR,Gunner Olszewski,16,2.23875,4.403333333333333,0.9400000000000001,0.05262212643678162,0.025592672413793108,3.4633333333333334,0.027029454022988515,145,105
00-0035657,2020,RB,Damien Harris,10,9.129999999999999,8.8,9.625,0.031201191384257736,0.02696987307971289,-0.8249999999999993,0.0042313183045448455,40,45
00-0035657,2021,RB,Damien Harris,15,14.006666666666666,16.683333333333334,12.222222222222221,0.044267661102338464,0.0433125815015608,4.461111111111112,0.0009550796007776613,20,12
00-0035657,2022,RB,Damien Harris,11,8.263636363636364,6.033333333333334,10.940000000000001,0.06738612467779141,0.06859175682705097,-4.906666666666667,-0.0012056321492595612,45,54
00-0035657,2023,RB,Damien Harris,6,3.1666666666666674,3.1666666666666674,3.9,0.00854700854700855,0.00854700854700855,-0.7333333333333325,0.0,76,78
00-0035659,2019,WR,Terry McLaurin,14,13.707142857142857,13.366666666666665,13.962500000000002,0.23385316129569,0.23397594644301029,-0.5958333333333368,-0.00012278514732028123,29,29
00-0035659,2020,WR,Terry McLaurin,15,14.919999999999998,11.516666666666666,17.188888888888886,0.2520340030099302,0.26939908978946053,-5.672222222222221,-0.01736508677953036,20,50
00-0035659,2021,WR,Terry McLaurin,17,12.558823529411764,7.616666666666667,15.254545454545456,0.19652406417112298,0.24616223690196173,-7.637878787878789,-0.04963817273083876,32,81
00-0035659,2022,WR,Terry McLaurin,17,13.470588235294118,14.433333333333332,12.945454545454545,0.24231884673061152,0.23816039029324323,1.4878787878787865,0.004158456437368285,23,18
00-0035659,2023,WR,Terry McLaurin,17,11.952941176470588,11.799999999999999,12.036363636363637,0.24174997796321318,0.22826115563035382,-0.2363636363636381,0.013488822332859363,37,37
00-0035659,2024,WR,Terry McLaurin,17,15.75294117647059,18.916666666666668,14.02727272727273,0.2553974277883197,0.23298368022467633,4.889393939393939,0.022413747563643366,15,10
00-0035659,2025,WR,Terry McLaurin,10,11.42,12.483333333333334,9.825,0.26749512670565295,0.23234573502722317,2.658333333333335,0.03514939167842979,35,25
00-0035662,2019,WR,Marquise Brown,14,10.457142857142856,7.45,12.712499999999999,0.14734299516908217,0.18342992077283568,-5.262499999999998,-0.03608692560375351,50,73
00-0035662,2020,WR,Marquise Brown,16,11.4375,15.966666666666669,8.72,0.34916976628512497,0.2681908650774749,7.246666666666668,0.08097890120765006,47,23
00-0035662,2021,WR,Marquise Brown,16,14.268749999999999,9.133333333333335,17.349999999999998,0.25287814339538467,0.2629840406955024,-8.216666666666663,-0.010105897300117739,24,60
00-0035662,2022,WR,Marquise Brown,12,13.0,7.750000000000001,18.25,0.20797284539261432,0.23546948380991764,-10.5,-0.02749663841730332,28,68
00-0035662,2023,WR,Marquise Brown,13,10.361538461538462,7.25,13.02857142857143,0.2257680177506555,0.25217433549233004,-5.77857142857143,-0.02640631774167454,48,69
00-0035662,2025,WR,Marquise Brown,16,8.60625,5.466666666666666,10.489999999999998,0.10684749459308396,0.14197159990649982,-5.0233333333333325,-0.035124105313415865,53,81
00-0035664,2019,RB,Darrell Henderson,9,2.488888888888889,1.95,3.5666666666666664,0.016666666666666666,0.023294346978557503,-1.6166666666666665,-0.0066276803118908365,94,95
00-0035664,2020,RB,Darrell Henderson,15,8.686666666666667,4.7,11.344444444444445,0.03267882910740053,0.0469862962778964,-6.644444444444445,-0.014307467170495865,45,71
00-0035664,2021,RB,Darrell Henderson,12,13.616666666666667,10.483333333333334,16.750000000000004,0.07638611250885223,0.09087053016823304,-6.266666666666669,-0.014484417659380813,22,37
00-0035664,2022,RB,Darrell Henderson,10,7.35,6.983333333333333,7.9,0.057301729680761936,0.05890949309300999,-0.916666666666667,-0.0016077634122480533,51,50
00-0035671,2020,TE,Jace Sternberger,8,3.675,4.9,0.0,0.06470088337815469,0.055741109688087556,4.9,0.008959773690067133,58,40
00-0035676,2019,WR,A.J. Brown,16,13.56875,21.28333333333333,8.94,0.2609860981429608,0.19872239322847168,12.343333333333332,0.062263704914489126,31,2
00-0035676,2020,WR,A.J. Brown,14,17.678571428571427,19.25,16.5,0.30269127544489866,0.27227310608186484,2.75,0.03041816936303382,6,8
00-0035676,2021,WR,A.J. Brown,13,13.915384615384616,12.783333333333333,14.885714285714286,0.29105112842857933,0.2768476091948942,-2.102380952380953,0.014203519233685125,28,31
00-0035676,2022,WR,A.J. Brown,17,17.623529411764707,20.916666666666668,15.827272727272726,0.28804391284573283,0.2863287085291597,5.089393939393942,0.0017152043165731268,8,2
00-0035676,2023,WR,A.J. Brown,17,17.035294117647055,11.600000000000001,20.0,0.27673212455821156,0.3036735504036717,-8.399999999999999,-0.026941425845460165,8,38
00-0035676,2024,WR,A.J. Brown,13,16.684615384615384,17.349999999999998,16.114285714285717,0.36075083872447306,0.338552153296851,1.2357142857142804,0.022198685427622045,13,18
00-0035676,2025,WR,A.J. Brown,15,14.686666666666667,19.766666666666666,11.3,0.310494845612813,0.28656218396082017,8.466666666666665,0.023932661651992815,12,4
00-0035685,2019,RB,David Montgomery,16,10.649999999999999,9.75,11.19,0.0347272342456408,0.06698113516510121,-1.4399999999999995,-0.032253900919460406,31,36
00-0035685,2020,RB,David Montgomery,15,17.65333333333333,25.733333333333334,12.266666666666666,0.12484895411724663,0.1193584387541646,13.466666666666669,0.005490515363082024,6,1
00-0035685,2021,RB,David Montgomery,13,15.0,17.849999999999998,12.55714285714286,0.1655638292866554,0.1209727421402834,5.292857142857137,0.044591087146371985,15,7
00-0035685,2022,RB,David Montgomery,16,11.106250000000001,12.199999999999998,10.45,0.1393650793650795,0.12205195203882788,1.7499999999999982,0.01731312732625162,29,22
00-0035685,2023,RB,David Montgomery,14,14.799999999999999,11.933333333333332,16.95,0.0574195575666164,0.05578036957955997,-5.0166666666666675,0.00163918798705643,15,28
00-0035685,2024,RB,David Montgomery,14,15.83714285714286,15.950000000000003,15.7525,0.09447748090221207,0.09068847693888306,0.19750000000000334,0.003789003963329013,16,15
00-0035685,2025,RB,David Montgomery,17,9.818823529411766,8.366666666666665,10.610909090909091,0.03823187051384073,0.05427127379706137,-2.244242424242426,-0.016039403283220642,33,43
00-0035689,2019,TE,Dawson Knox,15,5.313333333333333,5.016666666666667,5.511111111111111,0.10855070217973445,0.11361367183090504,-0.49444444444444446,-0.00506296965117059,40,40
00-0035689,2020,TE,Dawson Knox,11,6.072727272727274,8.316666666666666,3.38,0.12386399557452195,0.10407913467123997,4.9366666666666665,0.01978486090328198,33,24
00-0035689,2021,TE,Dawson Knox,15,10.940000000000001,7.933333333333333,12.944444444444445,0.13366213285347472,0.133596032203681,-5.011111111111112,6.61006497937322e-05,9,19
00-0035689,2022,TE,Dawson Knox,15,9.046666666666665,10.283333333333333,8.222222222222221,0.13598113094434544,0.13422811262998124,2.061111111111112,0.0017530183143641964,15,7
00-0035689,2023,TE,Dawson Knox,10,5.459999999999999,5.8,4.95,0.11835646749439858,0.10853417964193834,0.8499999999999996,0.00982228785246024,36,32
00-0035689,2024,TE,Dawson Knox,14,4.221428571428572,4.816666666666666,3.775,0.09582801002757135,0.07904474198197634,1.0416666666666665,0.016783268045595018,44,39
00-0035689,2025,TE,Dawson Knox,16,6.48125,10.366666666666665,4.15,0.15351221510641808,0.11035027422255689,6.216666666666665,0.04316194088386119,34,14
00-0035700,2019,RB,Josh Jacobs,13,14.73846153846154,14.066666666666668,15.314285714285713,0.0791601369558359,0.06991521941894152,-1.247619047619045,0.009244917536894381,15,24
00-0035700,2020,RB,Josh Jacobs,15,15.420000000000003,12.9,17.1,0.07031884100849618,0.0947395735380055,-4.200000000000001,-0.024420732529509312,13,24
00-0035700,2021,RB,Josh Jacobs,15,15.066666666666668,16.366666666666664,14.2,0.13437534257301692,0.1260889689358473,2.1666666666666643,0.008286373637169608,14,14
00-0035700,2022,RB,Josh Jacobs,17,19.311764705882354,14.316666666666668,22.036363636363635,0.09181764323663193,0.11559277508324954,-7.719696969696967,-0.023775131846617614,3,13
00-0035700,2023,RB,Josh Jacobs,13,13.930769230769231,14.483333333333334,13.457142857142856,0.09220958286520892,0.1350165177087024,1.0261904761904788,-0.04280693484349349,18,17
00-0035700,2024,RB,Josh Jacobs,17,17.241176470588236,18.51666666666667,16.545454545454547,0.0808085741419075,0.08972710750835224,1.9712121212121225,-0.008918533366444742,8,6
00-0035700,2025,RB,Josh Jacobs,15,15.806666666666667,10.1,19.61111111111111,0.061350991171081115,0.10153887946691544,-9.511111111111111,-0.04018788829583432,10,31
00-0035703,2019,WR,Miles Boykin,12,4.2333333333333325,2.783333333333333,5.683333333333333,0.06454155077343483,0.06921473092329526,-2.8999999999999995,-0.004673180149860429,118,134
00-0035703,2020,WR,Miles Boykin,14,4.971428571428571,5.716666666666668,4.4125,0.08304082062326777,0.10128869838925024,1.304166666666668,-0.018247877765982468,116,106
00-0035703,2022,WR,Miles Boykin,10,0.31,0.16666666666666666,0.525,0.007936507936507934,0.00942539177833295,-0.3583333333333334,-0.0014888838418250158,163,159
00-0035703,2023,WR,Miles Boykin,8,0.5875,0.5333333333333333,0.75,0.012413793103448284,0.01765294771968855,-0.21666666666666667,-0.0052391546162402665,170,168
00-0035704,2020,QB,Drew Lock,13,13.947692307692307,16.15666666666667,12.054285714285715,0.0,0.0,4.102380952380955,0.0,27,20
00-0035704,2021,QB,Drew Lock,6,8.646666666666667,8.646666666666667,2.52,0.006172839506172833,0.006172839506172833,6.126666666666667,0.0,39,38
00-0035704,2024,QB,Drew Lock,7,11.448571428571427,13.1,1.54,0.0,0.0,11.559999999999999,0.0,34,32
00-0035710,2019,QB,Daniel Jones,13,16.536923076923074,19.15666666666667,14.29142857142857,0.0,0.0,4.8652380952381,0.0,15,7
00-0035710,2020,QB,Daniel Jones,14,12.858571428571427,12.963333333333333,12.780000000000001,0.0,0.0,0.1833333333333318,0.0,29,31
00-0035710,2021,QB,Daniel Jones,11,15.22909090909091,11.423333333333334,19.796,0.00505050505050505,0.002754820936639118,-8.372666666666666,0.002295684113865932,16,31
00-0035710,2022,QB,Daniel Jones,16,18.0625,19.636666666666667,17.118000000000002,0.0,0.0,2.5186666666666646,0.0,8,7
00-0035710,2023,QB,Daniel Jones,6,9.49333333333333,9.49333333333333,4.46,0.0,0.0,5.0333333333333306,0.0,34,34
00-0035710,2024,QB,Daniel Jones,10,13.530000000000001,13.843333333333334,13.06,0.0,0.0,0.7833333333333332,0.0,27,28
00-0035710,2025,QB,Daniel Jones,13,17.418461538461543,14.423333333333332,19.985714285714284,0.0,0.0,-5.562380952380952,0.0,13,22
00-0035715,2021,RB,Derrick Gore,8,7.012499999999999,7.266666666666667,6.25,0.04589273884405731,0.03702372079970965,1.0166666666666666,0.008869018044347664,58,57
00-0035719,2019,WR,Deebo Samuel Sr.,15,12.606666666666666,14.683333333333332,11.222222222222221,0.17745246955773264,0.17635651255345638,3.4611111111111104,0.0010959570042762545,34,23
00-0035719,2020,WR,Deebo Samuel Sr.,7,11.528571428571428,12.200000000000001,7.5,0.2048656000861885,0.18605204746063547,4.700000000000001,0.018813552625553037,46,44
00-0035719,2021,WR,Deebo Samuel Sr.,16,21.185000000000002,21.143333333333334,21.21,0.19197696561826985,0.26205345353478926,-0.06666666666666643,-0.07007648791651941,3,4
00-0035719,2022,WR,Deebo Samuel Sr.,13,12.953846153846156,11.316666666666665,14.357142857142858,0.22351540972230619,0.23940474219984542,-3.040476190476193,-0.015889332477539236,29,42
00-0035719,2023,WR,Deebo Samuel Sr.,15,16.246666666666666,20.75,13.244444444444447,0.2229189329189328,0.20568463925326663,7.505555555555553,0.017234293665666173,13,3
00-0035719,2024,WR,Deebo Samuel Sr.,15,10.373333333333333,8.950000000000001,11.322222222222223,0.17669598148725282,0.18840079733437817,-2.372222222222222,-0.01170481584712535,48,64
00-0035719,2025,WR,Deebo Samuel Sr.,16,11.7625,7.833333333333335,14.12,0.23694827346143132,0.253664198655827,-6.286666666666664,-0.016715925194395687,31,54
00-0035726,2020,RB,Jakob Johnson,8,2.1875,1.4666666666666668,4.35,0.05159069688481446,0.04606428512208261,-2.883333333333333,0.005526411762731852,101,109
00-0035726,2021,RB,Jakob Johnson,6,1.3833333333333335,1.3833333333333335,5.2,0.023513598987982286,0.023513598987982286,-3.8166666666666664,0.0,110,111
00-0035726,2022,RB,Jakob Johnson,11,0.5454545454545454,0.5666666666666668,0.52,0.022808024743009265,0.01840514673332011,0.046666666666666745,0.004402878009689155,118,114
00-0035726,2023,RB,Jakob Johnson,8,0.275,0.0,1.1,0.0,0.00657894736842105,-1.1,-0.00657894736842105,112,113
00-0035771,2022,TE,Mitchell Wilcox,9,4.1,5.1499999999999995,2.0,0.06219753747565809,0.051286453555200645,3.1499999999999995,0.010911083920457448,54,38
00-0035771,2023,TE,Mitchell Wilcox,12,1.2166666666666666,1.4666666666666668,0.9666666666666668,0.02904751525719267,0.028515045460463868,0.5,0.0005324697967288017,86,82
00-0035806,2020,RB,JaMycal Hasty,6,5.183333333333333,5.183333333333333,2.8,0.03915450154420743,0.03915450154420743,2.383333333333333,0.0,71,68
00-0035806,2021,RB,JaMycal Hasty,11,4.681818181818182,3.1,6.580000000000001,0.05761504905526645,0.08679051097529362,-3.480000000000001,-0.029175461920027172,80,92
00-0035806,2022,RB,JaMycal Hasty,14,5.0,7.583333333333333,3.0625,0.08471564199066295,0.06072772256547688,4.520833333333333,0.02398791942518607,69,48
00-0035806,2024,RB,JaMycal Hasty,12,2.4,1.3,3.5,0.020528890094107483,0.029819029873816003,-2.2,-0.00929013977970852,91,98
00-0035831,2020,RB,James Robinson,14,17.88571428571429,16.816666666666666,18.6875,0.12142804892343735,0.11971980124038122,-1.8708333333333336,0.0017082476830561355,5,11
00-0035831,2021,RB,James Robinson,14,12.421428571428573,7.666666666666667,15.987499999999999,0.088680797522261,0.09521604846953283,-8.320833333333333,-0.006535250947271823,23,53
00-0035831,2022,RB,James Robinson,11,8.054545454545455,3.9166666666666665,13.020000000000001,0.03024257624120827,0.03865051063062571,-9.103333333333335,-0.008407934389417442,47,79
00-0035835,2020,RB,Nathan Cottrell,7,0.0,0.0,0.0,0.0,0.0,0.0,0.0,125,125
00-0035848,2020,WR,De'Michael Harris,6,3.75,3.75,5.9,0.04193121693121693,0.04193121693121693,-2.1500000000000004,0.0,129,124
00-0035860,2021,RB,Tony Jones,10,2.21,1.5666666666666667,3.175,0.015182884748102135,0.03564819238732278,-1.6083333333333332,-0.020465307639220644,101,108
00-0035860,2023,RB,Tony Jones,6,5.366666666666667,5.366666666666667,0.5,0.0601588911426639,0.0601588911426639,4.866666666666667,0.0,62,64
00-0035864,2021,WR,Kendall Hinton,11,3.5036363636363643,1.8399999999999999,5.5,0.05489298174986579,0.0629301535151919,-3.66,-0.008037171765326118,132,150
00-0035864,2022,WR,Kendall Hinton,11,5.127272727272728,6.6000000000000005,3.3600000000000003,0.12655124537391968,0.09168127092545691,3.24,0.034869974448462765,105,83
00-0035891,2021,WR,Cody White,6,1.3833333333333335,1.3833333333333335,3.7,0.024318555008210185,0.024318555008210185,-2.3166666666666664,0.0,157,154
00-0035891,2025,WR,Cody White,8,2.25,0.8333333333333334,6.5,0.01280193236714975,0.020018115942028975,-5.666666666666667,-0.007216183574879225,144,166
00-0035908,2020,RB,Gabe Nabers,10,2.02,0.6166666666666666,4.125,0.015972222222222218,0.02078426248548199,-3.5083333333333333,-0.004812040263259772,107,118
00-0035908,2021,RB,Gabe Nabers,7,0.7857142857142858,0.8833333333333334,0.2,0.013797313797313783,0.0118262689691261,0.6833333333333333,0.0019710448281876833,116,115
00-0035924,2020,RB,Jonathan Ward,7,1.157142857142857,1.3499999999999999,0.0,0.006172839506172833,0.0052910052910052855,1.3499999999999999,0.0008818342151675476,116,113
00-0035924,2021,RB,Jonathan Ward,9,1.0777777777777777,1.383333333333333,0.4666666666666666,0.015722453222453216,0.010481635481635478,0.9166666666666665,0.005240817740817739,112,112
00-0035956,2021,TE,Giovanni Ricci,8,0.0,0.0,0.0,0.0085055986218777,0.0063791989664082754,0.0,0.0021263996554694246,91,91
00-0035956,2022,TE,Giovanni Ricci,11,1.6363636363636365,1.2,2.16,0.021348566308243718,0.029405615292712052,-0.9600000000000002,-0.008057048984468334,83,87
00-0035957,2020,RB,Rodney Smith,7,5.214285714285714,5.666666666666667,2.5,0.04989757655198825,0.047871392146602174,3.166666666666667,0.002026184405386079,70,66
00-0035973,2022,RB,Patrick Taylor,6,0.9666666666666668,0.9666666666666668,0.0,0.0043859649122807,0.0043859649122807,0.9666666666666668,0.0,110,107
00-0035973,2023,RB,Patrick Taylor,11,2.7272727272727275,2.766666666666667,2.6800000000000006,0.02920335025598185,0.046726407616966,0.08666666666666645,-0.017523057360984147,85,83
00-0035973,2024,RB,Patrick Taylor,7,4.257142857142857,4.966666666666666,0.0,0.05097863431196762,0.043695972267400816,4.966666666666666,0.007282662044566804,63,57
00-0035976,2020,WR,Dan Chisena,7,0.0,0.0,0.0,0.0,0.0,0.0,0.0,169,167
00-0035993,2021,QB,Tyler Huntley,7,11.805714285714286,13.606666666666667,1.0,0.0,0.0,12.606666666666667,0.0,33,23
00-0036020,2020,RB,Salvon Ahmed,6,11.5,11.5,3.8,0.06734800852697163,0.06734800852697163,7.7,0.0,30,28
00-0036020,2021,RB,Salvon Ahmed,11,3.5090909090909093,3.3333333333333335,3.72,0.02787089746292783,0.04871890930875951,-0.3866666666666667,-0.02084801184583168,90,90
00-0036020,2022,RB,Salvon Ahmed,6,2.3666666666666667,2.3666666666666667,0.2,0.004166666666666667,0.004166666666666667,2.1666666666666665,0.0,95,91
00-0036020,2023,RB,Salvon Ahmed,7,6.128571428571428,6.966666666666666,1.1,0.09962774294670851,0.09513546798029561,5.866666666666665,0.004492274966412899,55,50
00-0036032,2023,TE,Sean McKeon,8,0.0,0.0,0.0,0.010457516339869284,0.007843137254901962,0.0,0.0026143790849673214,94,94
00-0036040,2021,TE,Juwan Johnson,13,4.06923076923077,3.4500000000000006,4.6000000000000005,0.05527277011900552,0.06810877640319271,-1.15,-0.012836006284187192,52,54
00-0036040,2022,TE,Juwan Johnson,16,8.425,8.766666666666667,8.22,0.16963487624052095,0.14716021062336784,0.5466666666666669,0.02247466561715311,18,18
00-0036040,2023,TE,Juwan Johnson,13,7.523076923076923,9.933333333333334,5.457142857142857,0.1598636100208107,0.13892183623167392,4.476190476190476,0.02094177378913678,19,14
00-0036040,2024,TE,Juwan Johnson,15,8.186666666666666,9.683333333333334,7.188888888888887,0.16927572489307754,0.13598152895215426,2.4944444444444462,0.03329419594092328,20,15
00-0036040,2025,TE,Juwan Johnson,17,10.582352941176469,10.2,10.79090909090909,0.18007241229952417,0.17668354676965664,-0.5909090909090899,0.0033888655298675296,12,15
00-0036096,2020,RB,J.J. Taylor,6,2.0666666666666664,2.0666666666666664,4.2,0.014724310776942348,0.014724310776942348,-2.1333333333333337,0.0,105,106
00-0036133,2020,WR,James Proche,13,0.1846153846153846,0.39999999999999997,0.0,0.015211640211640218,0.009979336902413831,0.39999999999999997,0.0052323033092263865,167,165
00-0036133,2021,WR,James Proche,7,5.171428571428572,5.383333333333333,3.9,0.08687078702204425,0.07975167988132892,1.483333333333333,0.007119107140715328,105,102
00-0036133,2022,WR,James Proche,11,1.1090909090909091,0.15,2.2600000000000002,0.04348544973544973,0.04941299292903567,-2.1100000000000003,-0.005927543193585939,154,161
00-0036133,2023,WR,James Proche,10,0.0,0.0,0.0,0.02666666666666667,0.019125,0.0,0.007541666666666669,177,175
00-0036133,2024,WR,James Proche,9,0.5666666666666667,0.6333333333333333,0.43333333333333335,0.009009009009009016,0.009478228228228233,0.19999999999999996,-0.0004692192192192173,164,161
00-0036133,2025,WR,James Proche,6,2.0833333333333335,2.0833333333333335,7.2,0.05961933453161524,0.05961933453161524,-5.116666666666667,0.0,149,145
00-0036139,2023,RB,Rico Dowdle,16,5.71875,6.933333333333333,4.99,0.0563568376068376,0.038831998712513416,1.9433333333333325,0.017524838894324185,58,53
00-0036139,2024,RB,Rico Dowdle,16,12.3625,14.266666666666666,11.22,0.06069173380074382,0.0787454665796747,3.046666666666665,-0.018053732778930874,24,19
00-0036139,2025,RB,Rico Dowdle,17,12.723529411764707,9.049999999999999,14.727272727272727,0.1327430733344711,0.11027401583157627,-5.677272727272728,0.022469057502894837,23,39
00-0036142,2020,WR,Isaiah Wright,11,4.390909090909091,3.4166666666666665,5.5600000000000005,0.05690926273039117,0.07812690630206733,-2.143333333333334,-0.021217643571676152,120,128
00-0036145,2022,TE,Lawrence Cager,6,5.133333333333334,5.133333333333334,0.0,0.09576206582783368,0.09576206582783368,5.133333333333334,0.0,38,39
00-0036158,2020,RB,J.K. Dobbins,15,11.233333333333333,16.95,7.422222222222223,0.025561395126612513,0.059865850861588264,9.527777777777775,-0.03430445573497575,31,10
00-0036158,2022,RB,J.K. Dobbins,8,10.15,8.816666666666668,14.15,0.016369047619047616,0.03939318783068785,-5.333333333333332,-0.02302414021164023,32,44
00-0036158,2024,RB,J.K. Dobbins,13,14.753846153846155,14.433333333333332,15.028571428571427,0.08724932474932483,0.10623853506771094,-0.5952380952380949,-0.018989210318386116,18,18
00-0036158,2025,RB,J.K. Dobbins,10,11.59,9.799999999999999,14.275,0.03786172588693599,0.045865712159099084,-4.475000000000001,-0.008003986272163095,27,33
00-0036165,2022,WR,Isaiah Hodgins,9,11.133333333333333,13.683333333333335,6.033333333333332,0.19718738554648332,0.17138200430767733,7.650000000000003,0.02580538123880599,39,22
00-0036165,2023,WR,Isaiah Hodgins,14,4.2857142857142865,5.333333333333333,3.5,0.07191584967320257,0.08064436907978632,1.833333333333333,-0.008728519406583757,106,91
00-0036165,2025,WR,Isaiah Hodgins,6,4.583333333333333,4.583333333333333,10.7,0.1020091465705056,0.1020091465705056,-6.116666666666666,0.0,100,101
00-0036176,2023,WR,Mason Kinsey,6,0.26666666666666666,0.26666666666666666,0.0,0.006666666666666667,0.006666666666666667,0.26666666666666666,0.0,176,173
00-0036176,2024,WR,Mason Kinsey,6,0.6166666666666667,0.6166666666666667,0.0,0.00955500955500955,0.00955500955500955,0.6166666666666667,0.0,163,162
00-0036176,2025,WR,Mason Kinsey,6,1.1333333333333335,1.1333333333333335,0.0,0.01865079365079365,0.01865079365079365,1.1333333333333335,0.0,164,159
00-0036182,2020,WR,Nick Westbrook-Ikhine,9,0.9222222222222223,0.7666666666666666,1.2333333333333334,0.03146705582393987,0.03168029791822061,-0.4666666666666668,-0.00021324209428073837,163,161
00-0036182,2021,WR,Nick Westbrook-Ikhine,15,7.173333333333333,7.900000000000001,6.688888888888889,0.1619708994708995,0.12108298390581304,1.2111111111111121,0.04088791556508645,84,77
00-0036182,2022,WR,Nick Westbrook-Ikhine,16,5.168749999999999,3.0666666666666664,6.43,0.10557229969510677,0.11046077063307111,-3.3633333333333333,-0.004888470937964337,102,125
00-0036182,2023,WR,Nick Westbrook-Ikhine,13,6.538461538461537,4.433333333333334,8.342857142857143,0.10425268268405524,0.12196861054327118,-3.90952380952381,-0.01771592785921594,75,102
00-0036182,2024,WR,Nick Westbrook-Ikhine,14,9.692857142857145,8.716666666666667,10.425,0.1593743656243655,0.1428857242974855,-1.708333333333334,0.016488641326879994,54,66
00-0036182,2025,WR,Nick Westbrook-Ikhine,13,1.5307692307692307,0.9833333333333334,2.0,0.03236478236478235,0.05155635392297919,-1.0166666666666666,-0.01919157155819684,158,164
00-0036187,2021,RB,Reggie Gilliam,8,0.7,0.8999999999999999,0.1,0.017229521055477533,0.015829117535794197,0.7999999999999999,0.001400403519683336,117,114
00-0036187,2022,RB,Reggie Gilliam,7,2.9857142857142853,1.8666666666666665,9.7,0.028596491228070165,0.0355002891844997,-7.833333333333333,-0.0069037979564295325,87,97
00-0036187,2024,RB,Reggie Gilliam,7,0.09999999999999999,0.11666666666666665,0.0,0.0,0.0,0.11666666666666665,0.0,110,110
00-0036187,2025,RB,Reggie Gilliam,11,0.43636363636363634,0.7999999999999999,0.0,0.011160714285714282,0.006087662337662336,0.7999999999999999,0.005073051948051946,104,100
00-0036196,2020,WR,Gabe Davis,16,8.55625,12.066666666666665,6.45,0.143923999187157,0.10720858281202067,5.6166666666666645,0.03671541637513634,70,45
00-0036196,2021,WR,Gabe Davis,15,8.393333333333334,12.066666666666668,5.944444444444445,0.17791637609000013,0.11262616909673305,6.122222222222224,0.06529020699326708,68,38
00-0036196,2022,WR,Gabe Davis,15,11.44,8.566666666666666,13.355555555555556,0.20149164507964715,0.1903589537190595,-4.78888888888889,0.011132691360587643,37,59
00-0036196,2023,WR,Gabe Davis,16,10.0875,8.266666666666667,11.18,0.13738129809558378,0.15405293926152913,-2.913333333333332,-0.016671641165945356,51,60
00-0036196,2024,WR,Gabe Davis,10,5.39,5.466666666666666,5.275,0.12397292250233416,0.1453605167479005,0.19166666666666554,-0.021387594245566327,99,95
00-0036196,2025,WR,Gabe Davis,6,5.1499999999999995,5.1499999999999995,7.0,0.10619449324159463,0.10619449324159463,-1.8500000000000005,0.0,93,88
00-0036212,2020,QB,Tua Tagovailoa,10,13.545999999999998,15.549999999999999,10.54,0.0,0.0,5.01,0.0,28,24
00-0036212,2021,QB,Tua Tagovailoa,13,13.916923076923078,11.879999999999997,15.662857142857144,0.0,0.0,-3.7828571428571465,0.0,23,29
00-0036212,2022,QB,Tua Tagovailoa,13,17.763076923076923,15.703333333333333,19.52857142857143,0.0,0.0,-3.8252380952380953,0.0,10,16
00-0036212,2023,QB,Tua Tagovailoa,17,15.903529411764707,13.213333333333333,17.37090909090909,0.0,0.0,-4.157575757575758,0.0,19,26
00-0036212,2024,QB,Tua Tagovailoa,11,16.507272727272724,19.513333333333335,12.9,0.0,0.0,6.613333333333335,0.0,14,11
00-0036212,2025,QB,Tua Tagovailoa,14,11.47857142857143,9.363333333333333,13.065,0.0,0.0,-3.701666666666666,0.0,32,37
00-0036219,2020,WR,Marquez Callaway,9,4.7,2.7999999999999994,8.5,0.05660195112527778,0.0881095074371153,-5.700000000000001,-0.03150755631183753,118,137
00-0036219,2021,WR,Marquez Callaway,17,8.929411764705883,8.200000000000001,9.327272727272728,0.2340126355714902,0.18705338944180874,-1.127272727272727,0.04695924612968147,59,72
00-0036219,2022,WR,Marquez Callaway,10,3.78,2.1666666666666665,6.200000000000001,0.07584847787746349,0.10408240588044237,-4.033333333333335,-0.028233928002978886,117,137
00-0036223,2020,RB,Jonathan Taylor,15,16.853333333333335,24.283333333333335,11.9,0.08723515735009979,0.07764731492155279,12.383333333333335,0.009587842428547003,8,3
00-0036223,2021,RB,Jonathan Taylor,17,21.94705882352941,18.116666666666664,24.036363636363635,0.06816200150201762,0.09703359297691919,-5.919696969696972,-0.028871591474901565,2,6
00-0036223,2022,RB,Jonathan Taylor,11,13.309090909090912,13.449999999999998,13.139999999999997,0.08635472863499971,0.10116476788450596,0.3100000000000005,-0.014810039249506246,18,15
00-0036223,2023,RB,Jonathan Taylor,10,15.64,18.13333333333333,11.899999999999999,0.06872047035090507,0.08038238649222626,6.233333333333331,-0.011661916141321185,12,6
00-0036223,2024,RB,Jonathan Taylor,14,17.478571428571424,20.549999999999997,15.174999999999999,0.042768730268730265,0.07448360207576792,5.374999999999998,-0.03171487180703765,7,4
00-0036223,2025,RB,Jonathan Taylor,17,21.31176470588235,13.300000000000002,25.681818181818183,0.11744701658494765,0.1097856514355238,-12.381818181818181,0.007661365149423852,4,22
00-0036232,2020,TE,Harrison Bryant,12,5.1499999999999995,6.800000000000001,3.5,0.11927930094596763,0.10133757243406367,3.3000000000000007,0.017941728511903954,41,29
00-0036232,2021,TE,Harrison Bryant,15,4.153333333333333,5.533333333333334,3.2333333333333334,0.056292727819097,0.06883891291318246,2.3000000000000007,-0.012546185094085463,50,39
00-0036232,2022,TE,Harrison Bryant,14,4.407142857142857,2.9500000000000006,5.5,0.07788546330212996,0.09960238582612531,-2.5499999999999994,-0.021716922523995347,46,65
00-0036232,2023,TE,Harrison Bryant,14,2.707142857142857,4.6000000000000005,1.2875,0.05471226794934178,0.040632762989364614,3.3125000000000004,0.014079504959977167,67,46
00-0036232,2024,TE,Harrison Bryant,6,2.9333333333333336,2.9333333333333336,0.0,0.0609815172315172,0.0609815172315172,2.9333333333333336,0.0,58,53
00-0036233,2020,WR,Donovan Peoples-Jones,12,4.866666666666666,6.7,3.033333333333333,0.07046182983682982,0.05613654437667595,3.666666666666667,0.014325285460153867,117,91
00-0036233,2021,WR,Donovan Peoples-Jones,13,8.438461538461537,7.449999999999999,9.285714285714286,0.18682492772167583,0.1509187001503886,-1.8357142857142872,0.035906227571287225,67,84
00-0036233,2022,WR,Donovan Peoples-Jones,17,9.829411764705881,10.266666666666667,9.590909090909092,0.18753815628815632,0.18766532108715947,0.6757575757575758,-0.00012716479900315436,50,47
00-0036233,2023,WR,Donovan Peoples-Jones,14,2.0357142857142856,1.8,2.2125,0.03180315322986102,0.05383793353756474,-0.41249999999999987,-0.02203478030770372,154,151
00-0036244,2022,TE,Colby Parkinson,14,4.942857142857143,5.5,4.525,0.09489647358710261,0.07722829023240219,0.9749999999999996,0.017668183354700426,41,35
00-0036244,2023,TE,Colby Parkinson,15,4.113333333333332,5.766666666666667,3.011111111111111,0.08144492032260849,0.07254061209168734,2.7555555555555555,0.008904308230921143,43,34
00-0036244,2024,TE,Colby Parkinson,16,4.0875,1.6833333333333333,5.529999999999999,0.06374419186204078,0.09712241139151162,-3.846666666666666,-0.03337821952947084,45,71
00-0036244,2025,TE,Colby Parkinson,14,9.271428571428572,13.066666666666668,6.425000000000001,0.16627550017476422,0.11678756280573596,6.6416666666666675,0.04948793736902826,21,10
00-0036245,2020,RB,Malcolm Perry,9,2.7444444444444445,3.0833333333333335,2.066666666666667,0.03686726236468312,0.04316144349305733,1.0166666666666666,-0.00629418112837421,95,96
00-0036247,2020,WR,Freddie Swain,13,3.1461538461538456,3.033333333333333,3.242857142857143,0.05035624944161526,0.048110292738761176,-0.20952380952380967,0.002245956702854081,138,133
00-0036247,2021,WR,Freddie Swain,17,5.088235294117647,4.75,5.2727272727272725,0.056078972745639416,0.08755336027095244,-0.5227272727272725,-0.03147438752531302,106,113
00-0036250,2021,TE,Tyler Davis,8,0.9375,1.25,0.0,0.02283666154633897,0.017127496159754226,1.25,0.005709165386584742,83,79
00-0036250,2022,TE,Tyler Davis,11,0.6,0.0,1.3199999999999998,0.006666666666666667,0.019879728115022238,-1.3199999999999998,-0.01321306144835557,94,95
00-0036251,2020,RB,Zack Moss,13,7.815384615384615,6.566666666666666,8.885714285714286,0.03125211677843255,0.03863106924724383,-2.3190476190476197,-0.007378952468811276,51,60
00-0036251,2021,RB,Zack Moss,13,8.092307692307692,4.216666666666666,11.414285714285715,0.0322235473398264,0.06765449687834227,-7.197619047619049,-0.03543094953851587,50,79
00-0036251,2022,RB,Zack Moss,13,4.961538461538462,7.766666666666667,2.557142857142857,0.026034607391343636,0.030226224364229556,5.20952380952381,-0.00419161697288592,70,45
00-0036251,2023,RB,Zack Moss,14,12.114285714285714,6.966666666666666,15.975,0.07830135976798368,0.07479351807851069,-9.008333333333333,0.0035078416894729902,28,50
00-0036251,2024,RB,Zack Moss,8,10.2375,10.35,9.9,0.11223025745336952,0.10509054298860733,0.4499999999999993,0.007139714464762192,32,30
00-0036252,2020,WR,Michael Pittman,13,7.607692307692307,6.099999999999999,8.9,0.14986166389141364,0.14276059865058344,-2.8000000000000016,0.007101065240830207,82,98
00-0036252,2021,WR,Michael Pittman,17,14.035294117647059,12.6,14.818181818181818,0.32213531812569535,0.2611884011212297,-2.2181818181818187,0.06094691700446564,26,34
00-0036252,2022,WR,Michael Pittman,16,13.53125,12.950000000000001,13.88,0.26716728955620467,0.26107219228558565,-0.9299999999999997,0.006095097270619021,22,25
00-0036252,2023,WR,Michael Pittman,16,15.7625,16.416666666666668,15.37,0.3001287228420211,0.3040816068584315,1.0466666666666686,-0.003952884016410418,15,15
00-0036252,2024,WR,Michael Pittman,16,10.3625,12.933333333333332,8.819999999999999,0.2701790776790776,0.2524056320857042,4.113333333333333,0.017773445593373405,49,35
00-0036252,2025,WR,Michael Pittman,17,11.905882352941177,6.449999999999999,14.881818181818181,0.17486505193401736,0.20648718139189567,-8.431818181818182,-0.03162212945787832,28,70
00-0036254,2020,WR,Collin Johnson,11,5.381818181818182,7.249999999999999,3.1399999999999997,0.09688757971431107,0.07618503954507484,4.109999999999999,0.020702540169236228,111,79
00-0036254,2021,WR,Collin Johnson,8,2.6875,1.9000000000000001,5.05,0.06021077896077901,0.07015808422058427,-3.1499999999999995,-0.009947305259805257,143,149
00-0036254,2024,WR,Collin Johnson,6,0.26666666666666666,0.26666666666666666,0.0,0.01144894894894895,0.01144894894894895,0.26666666666666666,0.0,170,166
00-0036255,2020,WR,Denzel Mims,9,6.744444444444444,6.016666666666666,8.2,0.16274651274651267,0.19447651114317768,-2.1833333333333336,-0.031729998396665016,95,100
00-0036255,2021,WR,Denzel Mims,10,2.13,0.7333333333333334,4.225,0.0809660855713487,0.07203534623550537,-3.4916666666666663,0.008930739335843332,149,167
00-0036255,2022,WR,Denzel Mims,9,3.288888888888889,2.733333333333333,4.3999999999999995,0.09142970319440913,0.0989374112988777,-1.6666666666666665,-0.0075077081044685745,130,126
00-0036259,2021,WR,Jauan Jennings,13,6.323076923076924,9.5,3.6000000000000005,0.14450535551079027,0.10316143921253054,5.8999999999999995,0.04134391629825973,92,58
00-0036259,2022,WR,Jauan Jennings,16,5.1625,4.283333333333334,5.6899999999999995,0.11905153669859549,0.11997911434731448,-1.4066666666666654,-0.0009275776487189941,104,106
00-0036259,2023,WR,Jauan Jennings,13,3.9615384615384617,3.5666666666666664,4.3,0.07578347578347577,0.09389707144505088,-0.7333333333333334,-0.01811359566157511,116,119
00-0036259,2024,WR,Jauan Jennings,15,14.033333333333331,12.783333333333333,14.866666666666667,0.2616946189052452,0.25201762383020426,-2.083333333333334,0.00967699507504094,27,36
00-0036259,2025,WR,Jauan Jennings,15,11.553333333333333,14.250000000000002,9.755555555555556,0.19724058650689083,0.19923220532622768,4.494444444444445,-0.001991618819336849,32,18
00-0036261,2020,WR,Brandon Aiyuk,12,15.375,18.599999999999998,12.15,0.269281869891626,0.21854196249775523,6.4499999999999975,0.05073990739387077,18,10
00-0036261,2021,WR,Brandon Aiyuk,17,10.01764705882353,12.633333333333333,8.590909090909092,0.19601338527968956,0.1713612931147256,4.042424242424241,0.024652092164963973,49,33
00-0036261,2022,WR,Brandon Aiyuk,17,13.400000000000002,12.816666666666668,13.718181818181819,0.24191405000228516,0.2242198382475384,-0.9015151515151505,0.017694211754746753,24,26
00-0036261,2023,WR,Brandon Aiyuk,16,15.575,14.35,16.31,0.236838038504705,0.2456540290807532,-1.959999999999999,-0.008815990576048205,17,24
00-0036261,2024,WR,Brandon Aiyuk,7,8.914285714285715,9.6,4.8,0.230204408295806,0.22194860612546916,4.8,0.008255802170336835,61,56
00-0036264,2021,QB,Jordan Love,6,3.5233333333333334,3.5233333333333334,0.72,0.0,0.0,2.8033333333333337,0.0,43,43
00-0036264,2023,QB,Jordan Love,17,18.76823529411765,20.166666666666668,18.005454545454544,0.0,0.0,2.161212121212124,0.0,5,5
00-0036264,2024,QB,Jordan Love,15,15.590666666666666,13.216666666666669,17.173333333333332,0.0,0.0,-3.9566666666666634,0.0,17,30
00-0036264,2025,QB,Jordan Love,15,15.675999999999997,14.576666666666668,16.408888888888885,0.0,0.0,-1.8322222222222173,0.0,21,20
00-0036265,2020,RB,AJ Dillon,9,4.477777777777778,6.1499999999999995,1.133333333333333,0.011330409356725149,0.007553606237816766,5.016666666666667,0.0037768031189083827,78,65
00-0036265,2021,RB,AJ Dillon,17,10.91764705882353,12.700000000000001,9.945454545454545,0.05568828704502334,0.06315652149729613,2.7545454545454557,-0.007468234452272786,34,23
00-0036265,2022,RB,AJ Dillon,17,9.858823529411765,14.5,7.327272727272728,0.09998939656834384,0.07882198040986081,7.172727272727272,0.021167416158483027,35,12
00-0036265,2023,RB,AJ Dillon,15,7.84,8.433333333333335,7.444444444444445,0.05213032581453637,0.055757911360398836,0.9888888888888907,-0.003627585545862469,44,39
00-0036265,2025,RB,AJ Dillon,6,1.5166666666666666,1.5166666666666666,1.0,0.0153186274509804,0.0153186274509804,0.5166666666666666,0.0,92,91
00-0036268,2020,WR,Laviska Shenault Jr.,14,11.221428571428572,13.9,9.2125,0.17675655258407852,0.15379979259429621,4.6875,0.022956759989782305,49,32
00-0036268,2021,WR,Laviska Shenault Jr.,16,7.9375,7.533333333333334,8.179999999999998,0.18597531211860466,0.1858774988062335,-0.6466666666666638,9.781331237115887e-05,75,82
00-0036268,2022,WR,Laviska Shenault Jr.,13,5.592307692307693,4.35,6.6571428571428575,0.11680317751425308,0.10852336185403197,-2.307142857142858,0.00827981566022111,95,102
00-0036268,2023,WR,Laviska Shenault Jr.,8,2.6875,2.783333333333333,2.4,0.04235099224488018,0.0398277603126924,0.3833333333333333,0.002523231932187779,138,132
00-0036268,2024,WR,Laviska Shenault Jr.,10,1.47,1.3333333333333333,1.675,0.006172839506172833,0.014946380582185758,-0.3416666666666668,-0.008773541076012924,151,148
00-0036269,2020,RB,La'Mical Perine,10,5.249999999999999,7.5,1.875,0.08028083028083029,0.055860805860805864,5.625,0.024420024420024423,69,54
00-0036271,2021,WR,Quez Watkins,17,6.823529411764706,7.866666666666667,6.254545454545454,0.14312095274569897,0.13540223276224347,1.6121212121212132,0.0077187199834554965,87,78
00-0036271,2022,WR,Quez Watkins,17,4.970588235294118,4.316666666666666,5.327272727272727,0.13144805052980665,0.09888280330985404,-1.0106060606060607,0.03256524721995262,106,104
00-0036275,2020,RB,D'Andre Swift,13,14.599999999999998,16.8,12.714285714285712,0.13334021772582902,0.1285993009972264,4.085714285714289,0.004740916728602607,16,12
00-0036275,2021,RB,D'Andre Swift,13,16.06923076923077,11.933333333333332,19.614285714285717,0.1589429862771317,0.18389548928420157,-7.680952380952386,-0.024952503007069887,10,27
00-0036275,2022,RB,D'Andre Swift,14,13.65,14.549999999999999,12.975,0.16449345517890515,0.14954156958323309,1.5749999999999993,0.014951885595672065,16,11
00-0036275,2023,RB,D'Andre Swift,16,12.45625,8.266666666666667,14.969999999999999,0.053674948240165644,0.09579426000108654,-6.703333333333331,-0.042119311760920895,24,41
00-0036275,2024,RB,D'Andre Swift,17,12.617647058823529,9.533333333333333,14.3,0.09260780631748367,0.10110170670494514,-4.7666666666666675,-0.008493900387461478,22,33
00-0036275,2025,RB,D'Andre Swift,16,14.2875,15.216666666666667,13.729999999999999,0.07620804855000259,0.09353756184606846,1.4866666666666681,-0.01732951329606587,17,13
00-0036277,2020,WR,Quintez Cephus,12,5.574999999999999,7.033333333333334,4.116666666666666,0.0737222572453845,0.07972421066260353,2.916666666666668,-0.0060019534172190275,108,81
00-0036290,2020,TE,Cole Kmet,15,4.133333333333334,6.733333333333333,2.4,0.15824182592475272,0.0848518798078357,4.333333333333334,0.07338994611691702,51,30
00-0036290,2021,TE,Cole Kmet,17,7.129411764705883,8.016666666666666,6.645454545454546,0.1640529910910347,0.178164872461114,1.3712121212121193,-0.014111881370079321,24,17
00-0036290,2022,TE,Cole Kmet,17,8.66470588235294,9.916666666666666,7.9818181818181815,0.22665784832451505,0.1884995063309182,1.9348484848484846,0.038158341993596856,16,11
00-0036290,2023,TE,Cole Kmet,16,11.318750000000001,10.500000000000002,11.809999999999999,0.211326581027668,0.1987282639286715,-1.309999999999997,0.012598317098996503,8,12
00-0036290,2024,TE,Cole Kmet,16,7.525,3.1999999999999997,10.120000000000001,0.042163130872808284,0.10288880362765544,-6.920000000000002,-0.06072567275484716,24,50
00-0036290,2025,TE,Cole Kmet,16,4.91875,6.033333333333334,4.25,0.10547677232303665,0.09575483769972232,1.783333333333334,0.009721934623314332,43,37
00-0036297,2023,RB,Darrynton Evans,6,5.0,5.0,4.4,0.06544102125998676,0.06544102125998676,0.5999999999999996,0.0,63,68
00-0036309,2020,WR,Darnell Mooney,16,9.50625,12.050000000000002,7.9799999999999995,0.19943042504018108,0.16218011496433257,4.070000000000003,0.0372503100758485,64,46
00-0036309,2021,WR,Darnell Mooney,17,12.923529411764704,12.933333333333332,12.918181818181818,0.2541004637472028,0.27245755788381815,0.015151515151513806,-0.01835709413661535,30,30
00-0036309,2022,WR,Darnell Mooney,11,9.227272727272727,12.366666666666667,5.46,0.29105341080932234,0.26979131572769527,6.906666666666667,0.021262095081627075,54,30
00-0036309,2023,WR,Darnell Mooney,14,5.635714285714286,3.6166666666666667,7.1499999999999995,0.15000372513959476,0.14755413766162853,-3.5333333333333328,0.0024495874779662252,84,118
00-0036309,2024,WR,Darnell Mooney,16,12.075,8.133333333333333,14.440000000000001,0.15352355569007117,0.20557397379852899,-6.306666666666668,-0.05205041810845781,37,69
00-0036309,2025,WR,Darnell Mooney,15,5.486666666666667,4.583333333333333,6.0888888888888895,0.1487742985995866,0.16215341769605945,-1.5055555555555564,-0.013379119096472852,90,101
00-0036322,2020,WR,Justin Jefferson,16,17.1375,19.73333333333333,15.579999999999998,0.2960851741757497,0.2529807151061426,4.153333333333332,0.04310445906960708,9,5
00-0036322,2021,WR,Justin Jefferson,17,19.435294117647057,20.71666666666667,18.736363636363638,0.37556126840155163,0.2941110375961552,1.9803030303030305,0.08145023080539643,4,6
00-0036322,2022,WR,Justin Jefferson,17,21.685882352941178,20.633333333333333,22.259999999999998,0.274027050733611,0.28268074168912916,-1.6266666666666652,-0.008653690955518156,2,3
00-0036322,2023,WR,Justin Jefferson,10,20.220000000000002,16.483333333333334,25.825,0.24462003329036666,0.2813606387198154,-9.341666666666665,-0.036740605429448764,5,14
00-0036322,2024,WR,Justin Jefferson,17,18.67529411764706,21.900000000000002,16.916363636363638,0.30082362299948934,0.30068577084310993,4.983636363636364,0.0001378521563794033,4,6
00-0036322,2025,WR,Justin Jefferson,17,11.852941176470589,8.266666666666666,13.80909090909091,0.2976297565502963,0.3066959376475032,-5.542424242424245,-0.009066181097206916,30,49
00-0036326,2020,WR,Chase Claypool,16,13.431250000000002,9.966666666666667,15.510000000000002,0.1681640842994561,0.17126568350282967,-5.543333333333335,-0.0031015992033735784,35,56
00-0036326,2021,WR,Chase Claypool,15,11.106666666666666,9.6,12.11111111111111,0.15139490943838765,0.1803628875659111,-2.511111111111111,-0.02896797812752344,40,57
00-0036326,2022,WR,Chase Claypool,15,7.002666666666666,3.7833333333333337,9.148888888888889,0.1658528265107211,0.17404715876129692,-5.365555555555556,-0.008194332250575809,82,112
00-0036326,2023,WR,Chase Claypool,11,1.9727272727272727,0.6833333333333332,3.5200000000000005,0.02979582146248813,0.06959084686357417,-2.8366666666666673,-0.03979502540108604,155,166
00-0036328,2020,RB,Antonio Gibson,14,14.442857142857145,16.150000000000002,13.162500000000001,0.09525203642041506,0.09456201399131915,2.9875000000000007,0.00069002242909591,17,15
00-0036328,2021,RB,Antonio Gibson,16,14.31875,17.36666666666667,12.489999999999998,0.16827094474153279,0.11086623807548299,4.876666666666672,0.0574047066660498,19,9
00-0036328,2022,RB,Antonio Gibson,15,11.06,9.033333333333333,12.411111111111111,0.12053031020635452,0.12477777772136613,-3.377777777777778,-0.004247467515011608,30,42
00-0036328,2023,RB,Antonio Gibson,16,7.962499999999999,8.133333333333333,7.859999999999999,0.13740732306908782,0.10799525845323263,0.27333333333333343,0.029412064615855188,42,44
00-0036328,2024,RB,Antonio Gibson,17,6.08235294117647,8.016666666666667,5.027272727272727,0.07721511333012031,0.0586922804994746,2.98939393939394,0.018522832830645708,49,39
00-0036331,2020,WR,Devin Duvernay,15,3.5400000000000005,1.9333333333333336,4.611111111111111,0.06550476788732278,0.07024999774010407,-2.677777777777777,-0.004745229852781294,132,145
00-0036331,2021,WR,Devin Duvernay,16,4.824999999999999,3.1833333333333336,5.8100000000000005,0.07482540564437117,0.0838743984097558,-2.626666666666667,-0.009048992765384636,110,127
00-0036331,2022,WR,Devin Duvernay,14,8.292857142857143,4.216666666666668,11.349999999999998,0.09600071089041685,0.12544304555678074,-7.13333333333333,-0.02944233466636388,66,107
00-0036331,2023,WR,Devin Duvernay,13,0.5615384615384615,0.5,0.6142857142857142,0.010416666666666666,0.024936101909786106,-0.11428571428571421,-0.01451943524311944,172,169
00-0036331,2024,WR,Devin Duvernay,13,1.4769230769230768,2.8833333333333333,0.27142857142857146,0.060741971207087485,0.03527751318448992,2.611904761904762,0.025464458022597565,149,123
00-0036331,2025,WR,Devin Duvernay,17,0.27058823529411763,0.5666666666666667,0.10909090909090909,0.010225885225885216,0.008651152768799823,0.4575757575757576,0.0015747324570853927,181,174
00-0036332,2021,TE,Josiah Deguara,14,4.392857142857143,6.083333333333333,3.125,0.10197721317265901,0.06868669021860939,2.958333333333333,0.03329052295404962,44,32
00-0036332,2022,TE,Josiah Deguara,9,2.711111111111111,2.6166666666666667,2.9,0.0467201154360864,0.04666617789349187,-0.2833333333333332,5.3937542594535703e-05,72,70
00-0036332,2023,TE,Josiah Deguara,9,1.6111111111111112,2.0,0.8333333333333334,0.032021636240703116,0.030236646382690968,1.1666666666666665,0.0017849898580121482,83,74
00-0036332,2024,TE,Josiah Deguara,7,0.6285714285714287,0.4333333333333333,1.8,0.0096638655462185,0.011530066572083386,-1.3666666666666667,-0.0018662010258648862,89,89
00-0036332,2025,TE,Josiah Deguara,7,1.5857142857142856,1.8499999999999999,0.0,0.025062955535219398,0.02148253331590234,1.8499999999999999,0.0035804222193170573,86,84
00-0036336,2020,RB,Anthony McFarland,11,2.0636363636363635,2.283333333333333,1.8,0.018206000263947565,0.020933207532855803,0.48333333333333317,-0.0027272072689082383,106,101
00-0036345,2020,WR,K.J. Osborn,8,0.0,0.0,0.0,0.0,0.0,0.0,0.0,169,167
00-0036345,2021,WR,K.J. Osborn,17,9.323529411764707,13.0,7.318181818181819,0.18717154165619912,0.14145521166963687,5.681818181818181,0.04571632998656225,55,28
00-0036345,2022,WR,K.J. Osborn,17,9.152941176470588,15.083333333333336,5.918181818181819,0.16413529503068505,0.13718784634637107,9.165151515151518,0.02694744868431398,55,16
00-0036345,2023,WR,K.J. Osborn,15,8.000000000000002,6.383333333333333,9.077777777777778,0.12832388641831297,0.1381711452138584,-2.6944444444444446,-0.009847258795545433,66,78
00-0036345,2024,WR,K.J. Osborn,7,2.6714285714285713,2.2666666666666666,5.1,0.06681294769282026,0.09453532162490179,-2.833333333333333,-0.02772237393208153,131,130
00-0036355,2020,QB,Justin Herbert,15,22.189333333333334,19.03,24.29555555555556,0.0,0.0,-5.265555555555558,0.0,7,10
00-0036355,2021,QB,Justin Herbert,17,22.39764705882353,22.543333333333333,22.318181818181817,0.0,0.0,0.22515151515151643,0.0,2,3
00-0036355,2022,QB,Justin Herbert,17,16.54470588235294,14.549999999999997,17.63272727272727,0.0,0.003181800103408506,-3.082727272727272,-0.003181800103408506,15,21
00-0036355,2023,QB,Justin Herbert,13,18.01230769230769,14.076666666666668,21.385714285714283,0.0,0.002079002079002077,-7.309047619047615,-0.002079002079002077,10,24
00-0036355,2024,QB,Justin Herbert,17,16.788235294117648,18.356666666666666,15.932727272727272,0.0,0.0,2.423939393939394,0.0,13,12
00-0036355,2025,QB,Justin Herbert,16,17.93,14.013333333333334,20.279999999999998,0.0,0.0,-6.266666666666664,0.0,11,23
00-0036357,2020,WR,Henry Ruggs III,13,6.4692307692307685,6.133333333333333,6.757142857142857,0.07927033909042903,0.10896980233526389,-0.6238095238095243,-0.029699463244834856,99,97
00-0036357,2021,WR,Henry Ruggs III,7,12.071428571428571,12.983333333333333,6.6,0.15250842228783396,0.14445776855440712,6.383333333333333,0.008050653733426838,35,29
00-0036358,2020,WR,CeeDee Lamb,16,13.60625,13.049999999999997,13.939999999999998,0.17354983660130716,0.18362023470412275,-0.8900000000000006,-0.010070398102815598,33,41
00-0036358,2021,WR,CeeDee Lamb,16,14.549999999999999,11.633333333333333,16.3,0.18721607474816707,0.2007687930686451,-4.666666666666668,-0.013552718320478024,21,41
00-0036358,2022,WR,CeeDee Lamb,17,17.741176470588233,19.933333333333334,16.545454545454547,0.24511773231285403,0.29292618782748886,3.387878787878787,-0.047808455514634834,7,7
00-0036358,2023,WR,CeeDee Lamb,17,23.71764705882353,28.533333333333335,21.09090909090909,0.348478285978286,0.2931500492010872,7.442424242424245,0.05532823677719878,1,1
00-0036358,2024,WR,CeeDee Lamb,15,17.56,17.8,17.4,0.282734216201958,0.28245270623463764,0.40000000000000213,0.00028150996732034805,8,15
00-0036358,2025,WR,CeeDee Lamb,13,15.453846153846154,13.583333333333334,17.057142857142857,0.20652938892705322,0.2510310914646289,-3.473809523809523,-0.044501702537575655,10,21
00-0036360,2020,RB,Clyde Edwards-Helaire,13,13.538461538461538,11.25,15.499999999999998,0.07776416007492903,0.11289549911485125,-4.249999999999998,-0.035131339039922216,21,30
00-0036360,2021,RB,Clyde Edwards-Helaire,10,11.76,11.416666666666666,12.274999999999999,0.07857540926506436,0.07096877497080334,-0.8583333333333325,0.007606634294261019,28,31
00-0036360,2022,RB,Clyde Edwards-Helaire,10,9.830000000000002,3.7999999999999994,18.875,0.03567513026716062,0.06189595982764863,-15.075000000000001,-0.02622082956048801,36,81
00-0036360,2023,RB,Clyde Edwards-Helaire,15,4.673333333333334,6.933333333333334,3.1666666666666665,0.07094212207753,0.040988704718729965,3.766666666666667,0.02995341735880004,65,52
00-0036364,2020,WR,Lynn Bowden,9,5.953333333333333,8.63,0.6,0.14969691367915464,0.1022134013899678,8.030000000000001,0.04748351228918683,106,65
00-0036364,2023,WR,Lynn Bowden,8,2.8125,3.3833333333333333,1.1,0.0863896979617062,0.07120674715549018,2.283333333333333,0.015182950806216025,135,122
00-0036365,2020,WR,Bryan Edwards,9,4.033333333333333,3.5666666666666664,4.966666666666666,0.04678157294349198,0.05210858364300025,-1.3999999999999995,-0.005327010699508271,126,127
00-0036365,2021,WR,Bryan Edwards,16,6.81875,5.45,7.640000000000001,0.09334973047488355,0.10256328255618676,-2.1900000000000004,-0.0092135520813032,88,101
00-0036370,2020,RB,Joshua Kelley,13,6.246153846153845,4.633333333333334,7.628571428571427,0.03367990410673336,0.046501530833144344,-2.9952380952380935,-0.012821626726410983,61,73
00-0036370,2021,RB,Joshua Kelley,8,2.125,2.433333333333333,1.2,0.02632565720801015,0.019744242906007615,1.2333333333333332,0.006581414302002535,103,101
00-0036370,2022,RB,Joshua Kelley,12,5.400000000000001,5.3,5.5,0.05087983685182326,0.05290426675760875,-0.20000000000000018,-0.0020244299057854895,63,60
00-0036370,2023,RB,Joshua Kelley,17,3.6294117647058823,1.1666666666666665,4.972727272727273,0.019265232974910382,0.019580744053715772,-3.806060606060606,-0.00031551107880539025,72,102
00-0036377,2020,WR,Joe Reed,10,0.89,0.11666666666666665,2.0500000000000003,0.0040650406504065,0.0024390243902439003,-1.9333333333333336,0.0016260162601625999,164,166
00-0036382,2020,WR,K.J. Hill,12,1.1916666666666667,1.6666666666666667,0.7166666666666667,0.02261800699300698,0.02346178127428127,0.9500000000000001,-0.0008437742812742871,160,151
00-0036382,2021,WR,K.J. Hill,6,1.0,1.0,6.0,0.010869565217391299,0.010869565217391299,-5.0,0.0,162,160
00-0036383,2021,RB,Eno Benjamin,8,3.5,4.550000000000001,0.35,0.037740133429788686,0.02830510007234151,4.200000000000001,0.009435033357447175,91,76
00-0036383,2022,RB,Eno Benjamin,13,6.892307692307692,2.5833333333333335,10.585714285714285,0.03942866480783575,0.06913731573167453,-8.002380952380951,-0.02970865092383878,54,90
00-0036387,2020,WR,Jalen Reagor,11,7.927272727272728,6.916666666666667,9.14,0.1334796553457811,0.1423590456059659,-2.2233333333333336,-0.008879390260184805,78,85
00-0036387,2021,WR,Jalen Reagor,17,4.594117647058823,3.9333333333333336,4.954545454545454,0.11221848469312977,0.12045980329931266,-1.0212121212121206,-0.008241318606182893,116,123
00-0036387,2022,WR,Jalen Reagor,17,1.5823529411764707,1.55,1.6,0.025806677890011218,0.02019207680972386,-0.050000000000000044,0.005614601080287357,148,145
00-0036387,2023,WR,Jalen Reagor,9,3.1666666666666665,4.05,1.4000000000000001,0.08442904271602825,0.08343011608655601,2.6499999999999995,0.0009989266294722354,131,108
00-0036387,2024,WR,Jalen Reagor,7,2.1,1.9500000000000002,3.0,0.06250703319668836,0.05743846088673675,-1.0499999999999998,0.005068572309951613,138,138
00-0036389,2020,QB,Jalen Hurts,14,7.795714285714285,16.91,0.96,0.0,0.0018315018315018285,15.95,-0.0018315018315018285,38,17
00-0036389,2021,QB,Jalen Hurts,15,20.81066666666667,18.92,22.07111111111111,0.0,0.00277777777777778,-3.15111111111111,-0.00277777777777778,7,9
00-0036389,2022,QB,Jalen Hurts,15,25.202666666666666,26.993333333333336,24.008888888888894,0.0,0.0,2.984444444444442,0.0,1,1
00-0036389,2023,QB,Jalen Hurts,17,20.989411764705885,16.323333333333334,23.534545454545455,0.0,0.0,-7.211212121212121,0.0,2,19
00-0036389,2024,QB,Jalen Hurts,15,21.008000000000003,18.04666666666667,22.982222222222223,0.0,0.0,-4.935555555555553,0.0,5,14
00-0036389,2025,QB,Jalen Hurts,16,18.816249999999997,16.793333333333333,20.03,0.0,0.0,-3.236666666666668,0.0,7,13
00-0036398,2020,WR,John Hightower,10,2.88,2.35,3.675,0.07325070780074987,0.08465139038141564,-1.3249999999999997,-0.011400682580665775,142,141
00-0036407,2020,WR,Jerry Jeudy,16,9.85,8.283333333333333,10.790000000000001,0.18356391759977034,0.20297520134719876,-2.5066666666666677,-0.019411283747428426,59,68
00-0036407,2021,WR,Jerry Jeudy,10,8.5,6.6499999999999995,11.275,0.1753754940711463,0.2010292180113152,-4.625000000000001,-0.025653723940168904,66,89
00-0036407,2022,WR,Jerry Jeudy,15,13.613333333333335,18.53333333333333,10.333333333333334,0.24942299429303535,0.2127836723549236,8.199999999999998,0.03663932193811176,20,8
00-0036407,2023,WR,Jerry Jeudy,16,8.8625,9.133333333333333,8.7,0.18596230158730168,0.1988103252111872,0.43333333333333357,-0.012848023623885513,57,51
00-0036407,2024,WR,Jerry Jeudy,17,14.170588235294117,19.566666666666666,11.227272727272727,0.28950842937522187,0.2264507036539859,8.33939393939394,0.06305772572123597,24,8
00-0036407,2025,WR,Jerry Jeudy,17,7.1000000000000005,7.533333333333334,6.863636363636363,0.19545575147676483,0.20530591733550868,0.6696969696969708,-0.009850165858743848,66,57
00-0036410,2020,WR,Tee Higgins,15,12.973333333333334,10.65,14.522222222222224,0.24006472734542916,0.21766666240722626,-3.8722222222222236,0.0223980649382029,36,54
00-0036410,2021,WR,Tee Higgins,14,15.650000000000002,20.916666666666664,11.700000000000001,0.24411358746397102,0.23523604339114798,9.216666666666663,0.00887754407282304,13,5
00-0036410,2022,WR,Tee Higgins,14,15.77857142857143,17.583333333333332,14.425,0.22197357651820418,0.21402467967491018,3.1583333333333314,0.007948896843294001,12,9
00-0036410,2023,WR,Tee Higgins,12,11.466666666666669,14.133333333333335,8.799999999999999,0.15331382073317554,0.175790554511043,5.333333333333336,-0.022476733777867464,41,25
00-0036410,2024,WR,Tee Higgins,12,18.508333333333336,18.533333333333335,18.483333333333334,0.2269285871373117,0.26100531725384424,0.05000000000000071,-0.03407673011653253,6,14
00-0036410,2025,WR,Tee Higgins,15,14.106666666666666,15.583333333333334,13.122222222222222,0.19538096654095868,0.18264826578870347,2.461111111111112,0.012732700752255216,15,13
00-0036412,2020,WR,KJ Hamler,12,7.508333333333334,5.983333333333333,9.033333333333333,0.10354938271604934,0.12828541260558793,-3.05,-0.02473602988953859,84,101
00-0036412,2022,WR,KJ Hamler,6,4.3,4.3,0.0,0.07354922118721856,0.07354922118721856,4.3,0.0,111,105
00-0036414,2020,RB,Cam Akers,11,9.254545454545454,13.149999999999999,4.58,0.06270725735011447,0.03904560813309957,8.569999999999999,0.0236616492170149,39,21
00-0036414,2022,RB,Cam Akers,15,9.42,17.683333333333334,3.9111111111111114,0.08782524120759412,0.045622374475315634,13.772222222222222,0.042202866732278486,37,6
00-0036414,2023,RB,Cam Akers,7,6.671428571428571,6.3,8.9,0.062136032932440445,0.05325945679923467,-2.6000000000000005,0.008876576133205777,49,58
00-0036414,2024,RB,Cam Akers,16,5.825,5.800000000000001,5.84,0.020967051775780916,0.03101534732719206,-0.03999999999999915,-0.010048295551411145,54,53
00-0036415,2020,WR,Van Jefferson,14,3.35,3.9,2.9375,0.06799738672560973,0.06379239449567971,0.9624999999999999,0.004204992229930024,135,121
00-0036415,2021,WR,Van Jefferson,17,9.894117647058822,8.866666666666669,10.454545454545453,0.1306585064128167,0.14401256122355302,-1.5878787878787843,-0.013354054810736316,51,64
00-0036415,2022,WR,Van Jefferson,10,7.889999999999999,8.033333333333333,7.674999999999999,0.169091970121382,0.172312577930225,0.3583333333333343,-0.003220607808843007,70,64
00-0036415,2023,WR,Van Jefferson,14,2.9499999999999997,2.1333333333333333,3.5625000000000004,0.09058307533539732,0.09484307275185924,-1.4291666666666671,-0.004259997416461922,134,143
00-0036415,2024,WR,Van Jefferson,15,4.239999999999999,3.966666666666667,4.422222222222222,0.08368752894614963,0.1020151997853147,-0.4555555555555548,-0.018327670839165075,108,110
00-0036415,2025,WR,Van Jefferson,14,5.0,4.683333333333334,5.2375,0.1075958414554905,0.12039918876519949,-0.5541666666666663,-0.012803347309708987,95,96
00-0036422,2020,TE,Adam Trautman,10,3.81,3.1333333333333333,4.825,0.05482104507591764,0.05299028773144656,-1.6916666666666669,0.001830757344471079,57,63
00-0036422,2021,TE,Adam Trautman,11,5.754545454545454,7.716666666666666,3.4,0.14253738210259936,0.1280785820459733,4.316666666666666,0.014458800056626059,31,20
00-0036422,2022,TE,Adam Trautman,12,3.7249999999999996,2.8499999999999996,4.6,0.06461619023403915,0.06796635263011576,-1.75,-0.003350162396076606,58,66
00-0036422,2023,TE,Adam Trautman,16,3.775,3.316666666666667,4.049999999999999,0.06726190476190476,0.07683673336959973,-0.7333333333333321,-0.009574828607694971,47,59
00-0036422,2024,TE,Adam Trautman,13,3.369230769230769,2.3833333333333333,4.214285714285714,0.04995088916459883,0.052512971990506974,-1.830952380952381,-0.0025620828259081407,52,61
00-0036422,2025,TE,Adam Trautman,13,3.5,3.6999999999999993,3.3285714285714287,0.05544417859045431,0.04751707516829743,0.37142857142857055,0.007927103422156877,56,56
00-0036423,2021,TE,Albert Okwuegbunam,14,5.428571428571429,5.25,5.5625,0.100182379349046,0.10026439218163728,-0.3125,-8.201283259128e-05,33,40
00-0036423,2022,TE,Albert Okwuegbunam,6,4.25,4.25,8.3,0.08645117273968368,0.08645117273968368,-4.050000000000001,0.0,50,48
00-0036424,2022,TE,Brycen Hopkins,7,2.5571428571428574,2.983333333333334,0.0,0.06186070524305817,0.05851796713141251,2.983333333333334,0.003342738111645663,74,63
00-0036425,2020,RB,DeeJay Dallas,9,6.322222222222223,8.133333333333335,2.6999999999999997,0.07030799673076098,0.0605504489989585,5.433333333333335,0.009757547731802478,60,49
00-0036425,2021,RB,DeeJay Dallas,17,3.5352941176470587,3.966666666666667,3.3,0.048500881834215165,0.047276763752095795,0.666666666666667,0.00122411808211937,88,80
00-0036425,2022,RB,DeeJay Dallas,15,3.08,5.633333333333333,1.3777777777777778,0.06959120774910248,0.03877276903592693,4.255555555555555,0.03081843871317555,85,59
00-0036425,2023,RB,DeeJay Dallas,17,0.7176470588235294,0.13333333333333333,1.0363636363636364,0.0087719298245614,0.017257513697142183,-0.9030303030303031,-0.008485583872580783,108,111
00-0036425,2024,RB,DeeJay Dallas,16,1.3125,2.3000000000000003,0.72,0.014659163473818649,0.0054971863026819934,1.5800000000000003,0.009161977171136655,102,88
00-0036427,2020,WR,Tyler Johnson,10,4.090000000000001,1.5333333333333332,7.925000000000001,0.02528248462212697,0.04338538959893109,-6.3916666666666675,-0.01810290497680412,124,152
00-0036427,2021,WR,Tyler Johnson,16,4.5,5.083333333333333,4.1499999999999995,0.08955301228042695,0.0805071676028789,0.9333333333333336,0.009045844677548043,118,109
00-0036427,2024,WR,Tyler Johnson,11,5.554545454545455,4.916666666666667,6.319999999999999,0.08120975003967332,0.11552550590575024,-1.4033333333333324,-0.03431575586607692,96,100
00-0036427,2025,WR,Tyler Johnson,9,4.188888888888888,4.566666666666666,3.4333333333333336,0.07958528597167124,0.07845368271127288,1.1333333333333329,0.0011316032603983506,109,103
00-0036429,2021,TE,Charlie Woerner,8,1.275,0.6333333333333333,3.2,0.018755935422602097,0.027790496540496548,-2.566666666666667,-0.009034561117894451,80,85
00-0036429,2023,TE,Charlie Woerner,10,0.62,1.0333333333333334,0.0,0.018395061728395053,0.011037037037037031,1.0333333333333334,0.007358024691358022,90,89
00-0036429,2024,TE,Charlie Woerner,12,0.9666666666666667,1.3166666666666667,0.6166666666666666,0.057722886999202784,0.04133626303963831,0.7000000000000001,0.016386623959564472,88,80
00-0036429,2025,TE,Charlie Woerner,7,1.8285714285714287,2.0500000000000003,0.5,0.04932833838142305,0.045765753455853896,1.5500000000000003,0.0035625849255691566,83,79
00-0036438,2022,TE,Stephen Sullivan,8,0.825,0.7166666666666667,1.15,0.028345280764635616,0.02588859020310634,-0.43333333333333324,0.0024566905615292754,91,91
00-0036438,2023,TE,Stephen Sullivan,10,2.45,1.6833333333333333,3.5999999999999996,0.09621309632266854,0.08247999827154803,-1.9166666666666663,0.01373309805112051,70,80
00-0036439,2020,WR,Tyrie Cleveland,7,1.7571428571428573,1.7666666666666666,1.7,0.035095841455490565,0.034546435533277624,0.06666666666666665,0.0005494059222129408,153,149
00-0036442,2020,QB,Joe Burrow,10,17.372,16.23,19.084999999999997,0.0,0.0,-2.854999999999997,0.0,17,19
00-0036442,2021,QB,Joe Burrow,16,19.64,23.49,17.330000000000002,0.0,0.0,6.159999999999997,0.0,10,2
00-0036442,2022,QB,Joe Burrow,16,21.91875,20.749999999999996,22.619999999999997,0.0,0.0,-1.870000000000001,0.0,4,5
00-0036442,2023,QB,Joe Burrow,10,14.716000000000003,19.29,7.855,0.0,0.0,11.434999999999999,0.0,23,7
00-0036442,2024,QB,Joe Burrow,17,21.930588235294117,22.099999999999998,21.838181818181816,0.0,0.0,0.2618181818181817,0.0,3,6
00-0036442,2025,QB,Joe Burrow,8,16.807499999999997,19.76666666666667,7.93,0.0,0.0,11.83666666666667,0.0,15,5
00-0036450,2020,RB,Ke'Shawn Vaughn,6,3.8833333333333333,3.8833333333333333,10.6,0.04148512286156455,0.04148512286156455,-6.716666666666667,0.0,86,82
00-0036450,2021,RB,Ke'Shawn Vaughn,6,6.1000000000000005,6.1000000000000005,2.7,0.03166758233844053,0.03166758233844053,3.4000000000000004,0.0,65,67
00-0036450,2022,RB,Ke'Shawn Vaughn,6,1.7,1.7,0.4,0.01887843956809475,0.01887843956809475,1.2999999999999998,0.0,102,100
00-0036456,2021,TE,Dominique Dafney,6,0.9,0.9,0.0,0.019314836149513567,0.019314836149513567,0.9,0.0,84,83
00-0036457,2021,RB,Ty'Son Williams,7,5.985714285714286,3.9166666666666665,18.4,0.040596525458148645,0.05450145531880727,-14.483333333333333,-0.013904929860658624,67,82
00-0036493,2022,RB,Deon Jackson,12,7.041666666666667,6.349999999999999,7.733333333333333,0.08871645432366493,0.07742701023061554,-1.3833333333333346,0.011289444093049383,52,52
00-0036497,2022,WR,Tim Jones,7,0.8571428571428571,1.0,0.0,0.0237486084301049,0.020355950082947057,1.0,0.003392658347157844,157,153
00-0036497,2023,WR,Tim Jones,10,1.9300000000000002,2.5500000000000003,1.0,0.06045315560845962,0.0498079294011118,1.5500000000000003,0.01064522620734782,156,136
00-0036497,2024,WR,Tim Jones,8,0.8875,1.1833333333333333,0.0,0.030158730158730163,0.022619047619047622,1.1833333333333333,0.007539682539682541,158,150
00-0036510,2024,TE,Kenny Yeboah,7,2.242857142857143,2.25,2.2,0.035042383151393165,0.03450061412976557,0.04999999999999982,0.000541769021627593,65,66
00-0036527,2023,WR,DJ Turner,7,0.0,0.0,0.0,0.0,0.0,0.0,0.0,177,175
00-0036527,2024,WR,DJ Turner,12,3.9249999999999994,4.8,3.0500000000000003,0.0902399185860396,0.06946461645017694,1.7499999999999996,0.02077530213586265,116,102
00-0036534,2022,TE,Shane Zylstra,8,5.125,5.650000000000001,3.55,0.059097394988900424,0.054531379575008664,2.1000000000000014,0.004566015413891761,40,34
00-0036550,2021,WR,Rashod Bateman,12,8.624999999999998,8.066666666666668,9.183333333333332,0.1472119666085184,0.16114550453280477,-1.1166666666666636,-0.013933537924286366,64,74
00-0036550,2022,WR,Rashod Bateman,6,8.916666666666666,8.916666666666666,13.9,0.18635645509800344,0.18635645509800344,-4.983333333333334,0.0,58,55
00-0036550,2023,WR,Rashod Bateman,15,5.1000000000000005,5.866666666666666,4.5888888888888895,0.1674778475289984,0.13568386271783606,1.2777777777777768,0.03179398481116236,94,85
00-0036550,2024,WR,Rashod Bateman,16,10.912500000000001,11.583333333333334,10.51,0.1620137080077473,0.16858239554222135,1.0733333333333341,-0.006568687534474038,44,43
00-0036550,2025,WR,Rashod Bateman,13,4.2615384615384615,3.216666666666667,5.1571428571428575,0.08659733985820944,0.11943864202159403,-1.9404761904761907,-0.032841302163384586,108,122
00-0036554,2021,WR,Nico Collins,14,5.971428571428571,7.133333333333333,5.1,0.15228216999050323,0.12947714973235905,2.033333333333333,0.022805020258144182,98,88
00-0036554,2022,WR,Nico Collins,10,9.709999999999999,10.9,7.925,0.22018877430061634,0.1919598623301933,2.9750000000000005,0.028228911970423043,52,46
00-0036554,2023,WR,Nico Collins,15,17.36,20.633333333333333,15.177777777777777,0.2434499739607265,0.2272433575738983,5.455555555555556,0.016206616386828215,7,4
00-0036554,2024,WR,Nico Collins,12,17.55,15.75,19.35,0.25100766665282787,0.2453888130432634,-3.6000000000000014,0.0056188536095644614,9,24
00-0036554,2025,WR,Nico Collins,15,15.08,14.700000000000001,15.333333333333334,0.21472289058073366,0.24242067641505255,-0.6333333333333329,-0.027697785834318894,11,16
00-0036555,2021,RB,Chuba Hubbard,16,8.6,7.550000000000001,9.23,0.04959622842218497,0.07037686717597849,-1.6799999999999997,-0.020780638753793525,47,54
00-0036555,2022,RB,Chuba Hubbard,14,6.4071428571428575,10.666666666666666,3.2125,0.08259633688326383,0.055916314666011484,7.454166666666666,0.026680022217252346,58,30
00-0036555,2023,RB,Chuba Hubbard,17,10.735294117647058,13.450000000000001,9.254545454545456,0.0755179925718144,0.08544321362354684,4.195454545454545,-0.00992522105173245,33,23
00-0036555,2024,RB,Chuba Hubbard,15,16.106666666666666,17.383333333333333,15.255555555555553,0.14991863075196418,0.11949811683145015,2.12777777777778,0.030420513920514036,13,9
00-0036555,2025,RB,Chuba Hubbard,15,8.36,7.3999999999999995,8.999999999999998,0.08998833703134777,0.08823270035360094,-1.5999999999999988,0.0017556366777468357,41,45
00-0036556,2021,TE,Brevin Jordan,8,6.975,6.633333333333333,8.0,0.12116339444237989,0.11101143472067379,-1.3666666666666671,0.0101519597217061,25,26
00-0036556,2022,TE,Brevin Jordan,9,2.977777777777778,3.8333333333333335,1.2666666666666666,0.09574517045781415,0.09312607626783873,2.566666666666667,0.0026190941899754266,70,55
00-0036556,2023,TE,Brevin Jordan,10,5.090000000000001,5.8,4.025,0.08471329093166535,0.06654235574050149,1.7749999999999995,0.01817093519116386,37,32
00-0036567,2021,RB,Elijah Mitchell,11,15.0,16.116666666666664,13.66,0.0909884801189149,0.06218419261897523,2.4566666666666634,0.02880428749993967,15,16
00-0036567,2023,RB,Elijah Mitchell,11,4.318181818181818,6.55,1.64,0.018888888888888882,0.024601476954418125,4.91,-0.005712588065529243,68,54
00-0036569,2021,RB,Gary Brightwell,7,0.2857142857142857,0.06666666666666667,1.6,0.0,0.0039682539682539715,-1.5333333333333334,-0.0039682539682539715,121,121
00-0036569,2022,RB,Gary Brightwell,15,1.9333333333333331,2.3666666666666667,1.6444444444444446,0.0287828947368421,0.016110859044162127,0.7222222222222221,0.012672035692679974,100,91
00-0036572,2022,WR,Shi Smith,17,3.6235294117647063,5.466666666666666,2.6181818181818177,0.09551236350896786,0.09341428057721868,2.848484848484848,0.002098082931749179,119,93
00-0036590,2022,TE,Quintin Morris,9,2.266666666666667,2.4333333333333336,1.9333333333333336,0.031807617333933134,0.031220690405416935,0.5,0.0005869269285161995,78,72
00-0036590,2024,TE,Quintin Morris,10,1.46,1.2333333333333334,1.8,0.041323440021798795,0.02757184179085706,-0.5666666666666667,0.013751598230941735,80,82
00-0036590,2025,TE,Quintin Morris,11,1.5909090909090908,2.566666666666667,0.42000000000000004,0.035376344086021506,0.03169288189816045,2.146666666666667,0.0036834621878610585,85,70
00-0036613,2021,WR,Jaylen Waddle,16,15.4875,18.983333333333334,13.39,0.3057769219381073,0.24892000172637863,5.593333333333334,0.05685692021172867,14,8
00-0036613,2022,WR,Jaylen Waddle,17,15.24705882352941,11.866666666666667,17.09090909090909,0.18454066811909953,0.2057800484831329,-5.224242424242423,-0.02123938036403336,13,36
00-0036613,2023,WR,Jaylen Waddle,14,14.185714285714285,14.566666666666665,13.900000000000002,0.25460428460428447,0.2353146970145666,0.6666666666666625,0.019289587589717883,21,22
00-0036613,2024,WR,Jaylen Waddle,15,9.973333333333333,12.550000000000002,8.255555555555555,0.15981046144089625,0.16320616707848806,4.294444444444448,-0.0033957056375918115,53,38
00-0036613,2025,WR,Jaylen Waddle,16,12.1325,8.466666666666667,14.331999999999999,0.24882981003670657,0.23294325286067535,-5.865333333333332,0.015886557176031213,27,46
00-0036620,2021,WR,Dee Eskridge,8,3.5374999999999996,3.983333333333333,2.1999999999999997,0.09578011190914415,0.0843664122526601,1.7833333333333332,0.011413699656484047,131,122
00-0036620,2022,WR,Dee Eskridge,9,1.5333333333333334,1.4333333333333336,1.7333333333333334,0.0505390442890443,0.049458270195818096,-0.2999999999999998,0.0010807740932262042,150,146
00-0036620,2025,WR,Dee Eskridge,11,0.9272727272727272,1.0833333333333333,0.74,0.015615615615615615,0.020253923278116828,0.34333333333333327,-0.004638307662501213,169,160
00-0036626,2021,WR,Dyami Brown,10,2.8099999999999996,3.0666666666666664,2.425,0.052260158142511115,0.07938639791580965,0.6416666666666666,-0.027126239773298533,140,129
00-0036626,2022,WR,Dyami Brown,9,3.644444444444445,1.1166666666666667,8.700000000000001,0.040574117240783934,0.05017253461697906,-7.583333333333334,-0.009598417376195129,118,149
00-0036626,2023,WR,Dyami Brown,16,2.185,0.47666666666666674,3.21,0.028170359052711997,0.03858190438280448,-2.7333333333333334,-0.010411545330092486,151,171
00-0036626,2024,WR,Dyami Brown,15,4.493333333333334,5.6499999999999995,3.7222222222222223,0.11487411272752829,0.08984240093004985,1.9277777777777771,0.025031711797478443,107,92
00-0036626,2025,WR,Dyami Brown,11,4.518181818181818,2.1833333333333336,7.32,0.06973641099002918,0.09864329047351622,-5.136666666666667,-0.02890687948348704,101,144
00-0036628,2021,TE,John Bates,12,4.241666666666666,5.75,2.733333333333333,0.09376114081996416,0.07403305519114332,3.016666666666667,0.019728085628820835,48,35
00-0036628,2022,TE,John Bates,9,3.422222222222222,4.55,1.1666666666666667,0.0944389890042064,0.0758906133243355,3.383333333333333,0.0185483756798709,61,44
00-0036628,2023,TE,John Bates,15,2.2733333333333334,1.5833333333333333,2.7333333333333334,0.05881853032588328,0.05336746352212886,-1.1500000000000001,0.005451066803754422,73,81
00-0036628,2024,TE,John Bates,13,1.1076923076923078,1.3333333333333333,0.9142857142857144,0.04085039481742518,0.03180066591823119,0.4190476190476189,0.00904972889919399,85,79
00-0036628,2025,TE,John Bates,10,2.73,2.7833333333333337,2.65,0.05885278220804538,0.06849206069596189,0.13333333333333375,-0.009639278487916514,70,68
00-0036630,2021,WR,Tylan Wallace,10,0.43,0.7166666666666667,0.0,0.02797268422268423,0.01678361053361054,0.7166666666666667,0.011189073689073691,173,168
00-0036630,2023,WR,Tylan Wallace,6,1.3499999999999999,1.3499999999999999,0.0,0.012820512820512817,0.012820512820512817,1.3499999999999999,0.0,166,159
00-0036630,2024,WR,Tylan Wallace,12,3.025,1.7833333333333332,4.266666666666667,0.045753328213005616,0.03475420475690932,-2.4833333333333334,0.0109991234560963,121,141
00-0036630,2025,WR,Tylan Wallace,11,1.3181818181818181,0.26666666666666666,2.58,0.022575757575757582,0.028114915387642662,-2.3133333333333335,-0.005539157811885079,160,180
00-0036635,2021,WR,Ihmir Smith-Marsette,6,4.766666666666667,4.766666666666667,0.0,0.04401154401154403,0.04401154401154403,4.766666666666667,0.0,113,112
00-0036635,2023,WR,Ihmir Smith-Marsette,17,1.911764705882353,4.016666666666667,0.7636363636363637,0.059556971066438084,0.023471087827370306,3.253030303030303,0.03608588323906778,157,109
00-0036635,2024,WR,Ihmir Smith-Marsette,15,0.4,1.0,0.0,0.0,0.0,1.0,0.0,167,151
00-0036637,2021,TE,Noah Gray,7,2.3714285714285714,2.5166666666666666,1.5,0.04089116315282643,0.038620996988136945,1.0166666666666666,0.0022701661646894883,69,69
00-0036637,2022,TE,Noah Gray,17,4.117647058823529,3.75,4.318181818181818,0.0485285852685994,0.05528294011070267,-0.5681818181818183,-0.006754354842103273,52,58
00-0036637,2023,TE,Noah Gray,16,4.4125,4.183333333333333,4.549999999999999,0.08395039015045325,0.07579805452394024,-0.36666666666666625,0.008152335626513005,41,49
00-0036637,2024,TE,Noah Gray,16,7.081250000000001,5.133333333333334,8.25,0.08555512206308848,0.09210020715810441,-3.1166666666666663,-0.006545085095015932,29,38
00-0036637,2025,TE,Noah Gray,14,2.771428571428572,3.0,2.6000000000000005,0.08048427336719244,0.08156845125253072,0.39999999999999947,-0.0010841778853382805,69,65
00-0036646,2024,WR,Simi Fehoko,6,2.766666666666667,2.766666666666667,2.7,0.09236956036616471,0.09236956036616471,0.06666666666666687,0.0,124,124
00-0036646,2025,WR,Simi Fehoko,7,0.0,0.0,0.0,0.0,0.0,0.0,0.0,184,182
00-0036650,2021,RB,Larry Rountree III,9,1.7333333333333334,1.9666666666666668,1.2666666666666666,0.0,0.0059523809523809555,0.7000000000000002,-0.0059523809523809555,107,105
00-0036652,2021,WR,Racey McMath,6,0.1333333333333333,0.1333333333333333,0.0,0.03349358974358975,0.03349358974358975,0.1333333333333333,0.0,178,177
00-0036654,2021,RB,Demetric Felton,15,3.366666666666667,2.533333333333333,3.9222222222222225,0.04177935542032912,0.05046896034334349,-1.3888888888888893,-0.00868960492301437,92,99
00-0036654,2022,RB,Demetric Felton,6,0.39999999999999997,0.39999999999999997,0.0,0.026075159408492737,0.026075159408492737,0.39999999999999997,0.0,119,118
00-0036669,2021,RB,Kylin Hill,8,0.48750000000000004,0.2833333333333333,1.1,0.0096638655462185,0.0072478991596638745,-0.8166666666666668,0.0024159663865546254,119,120
00-0036671,2021,WR,Dax Milne,9,1.7111111111111112,1.7,1.7333333333333334,0.04377208090443385,0.047086096231242075,-0.03333333333333344,-0.003314015326808223,152,151
00-0036671,2022,WR,Dax Milne,15,1.0466666666666666,0.0,1.7444444444444445,0.0,0.014628430512576852,-1.7444444444444445,-0.014628430512576852,155,163
00-0036727,2022,RB,Adam Prentice,6,0.8000000000000002,0.8000000000000002,1.2,0.020184973302822266,0.020184973302822266,-0.3999999999999998,0.0,112,110
00-0036727,2023,RB,Adam Prentice,6,0.39999999999999997,0.39999999999999997,0.0,0.013673890608875134,0.013673890608875134,0.39999999999999997,0.0,111,109
00-0036727,2024,RB,Adam Prentice,9,0.0,0.0,0.0,0.015240306648975382,0.017567611840057666,0.0,-0.0023273051910822837,111,111
00-0036727,2025,RB,Adam Prentice,13,1.2076923076923078,1.7166666666666668,0.7714285714285714,0.0223944875107666,0.016833780953382286,0.9452380952380954,0.005560706557384314,94,89
00-0036741,2021,TE,Jack Stoll,6,1.0333333333333334,1.0333333333333334,0.0,0.039554195804195745,0.039554195804195745,1.0333333333333334,0.0,81,81
00-0036741,2022,TE,Jack Stoll,9,2.588888888888889,3.1333333333333333,1.5,0.055661464224983824,0.052397799283282934,1.6333333333333333,0.0032636649417008903,73,62
00-0036741,2023,TE,Jack Stoll,6,1.4666666666666666,1.4666666666666666,0.0,0.047254053136406064,0.047254053136406064,1.4666666666666666,0.0,84,83
00-0036741,2025,TE,Jack Stoll,9,1.844444444444444,0.7999999999999999,3.933333333333333,0.033387522412518016,0.034832874020269466,-3.1333333333333333,-0.0014453516077514508,81,92
00-0036754,2021,TE,Brock Wright,8,4.4625,5.75,0.6,0.07452431967937372,0.06630990642619694,5.15,0.008214413253176775,43,35
00-0036754,2022,TE,Brock Wright,14,4.542857142857144,5.833333333333333,3.575,0.05453994888393549,0.056504245529819634,2.258333333333333,-0.001964296645884142,44,33
00-0036754,2023,TE,Brock Wright,9,3.1222222222222222,3.016666666666667,3.3333333333333335,0.040965802987861816,0.04931068588230233,-0.31666666666666643,-0.008344882894440513,59,63
00-0036754,2024,TE,Brock Wright,11,3.1818181818181817,2.5500000000000003,3.94,0.0333536982730531,0.0600877230102419,-1.3899999999999997,-0.026734024737188798,57,59
00-0036754,2025,TE,Brock Wright,8,4.6,4.166666666666667,5.9,0.09938550331141864,0.0879319846264211,-1.7333333333333334,0.01145351868499754,47,49
00-0036755,2021,RB,Jaret Patterson,15,3.7266666666666666,7.1000000000000005,1.4777777777777776,0.049168152109328546,0.025198666375136947,5.622222222222223,0.0239694857341916,87,58
00-0036755,2025,RB,Jaret Patterson,6,4.283333333333333,4.283333333333333,3.0,0.017543859649122834,0.017543859649122834,1.2833333333333332,0.0,65,64
00-0036825,2024,TE,Feleipe Franks,9,0.24444444444444446,0.3666666666666667,0.0,0.008826945412311266,0.008662408052651956,0.3666666666666667,0.00016453735965931034,90,90
00-0036825,2025,TE,Feleipe Franks,10,0.04,0.03333333333333333,0.05,0.0,0.0,-0.01666666666666667,0.0,97,97
00-0036829,2022,RB,Caleb Huntley,12,3.741666666666667,2.0666666666666664,5.416666666666667,0.016203703703703717,0.008101851851851858,-3.3500000000000005,0.008101851851851858,75,94
00-0036841,2023,WR,Austin Trammell,15,0.46,0.0,0.7666666666666667,0.0,0.016262239250745002,-0.7666666666666667,-0.016262239250745002,174,175
00-0036841,2025,WR,Austin Trammell,6,1.2666666666666666,1.2666666666666666,0.0,0.06658761528326752,0.06658761528326752,1.2666666666666666,0.0,161,157
00-0036842,2021,RB,Kene Nwangwu,9,2.5555555555555554,2.683333333333333,2.3000000000000003,0.02171893147502903,0.014479287650019355,0.38333333333333286,0.007239643825009676,100,98
00-0036842,2022,RB,Kene Nwangwu,14,0.8214285714285714,1.9166666666666667,0.0,0.011160714285714282,0.004783163265306122,1.9166666666666667,0.006377551020408161,111,95
00-0036842,2023,RB,Kene Nwangwu,8,0.1625,0.06666666666666667,0.45,0.0,0.0,-0.38333333333333336,0.0,113,112
00-0036842,2025,RB,Kene Nwangwu,10,1.09,0.8166666666666668,1.5,0.007575757575757583,0.00454545454545455,-0.6833333333333332,0.0030303030303030333,95,99
00-0036849,2021,WR,Tutu Atwell,6,0.0,0.0,0.0,0.0,0.0,0.0,0.0,180,178
00-0036849,2022,WR,Tutu Atwell,12,5.266666666666667,6.400000000000001,4.133333333333334,0.18981870525988173,0.11427432445426229,2.2666666666666675,0.07554438080561944,100,84
00-0036849,2023,WR,Tutu Atwell,14,8.028571428571428,4.133333333333334,10.95,0.11964322120012773,0.1437802601775479,-6.8166666666666655,-0.024137038977420158,65,106
00-0036849,2024,WR,Tutu Atwell,15,6.593333333333333,5.316666666666666,7.444444444444443,0.10956300844576523,0.13921204225663447,-2.1277777777777764,-0.029649033810869238,88,98
00-0036849,2025,WR,Tutu Atwell,8,3.9,4.966666666666666,0.7,0.054791664974731334,0.04946428444533421,4.266666666666666,0.005327380529397123,120,90
00-0036857,2021,RB,Chris Evans,9,5.533333333333333,6.550000000000001,3.5,0.06656206594728183,0.06655781327439397,3.0500000000000007,4.252672887852804e-06,72,65
00-0036857,2022,RB,Chris Evans,10,1.28,1.9000000000000001,0.35,0.010278304870335233,0.012149125779344,1.5500000000000003,-0.0018708209090087663,108,96
00-0036862,2021,WR,Ben Skowronek,12,2.025,2.75,1.3,0.06324067293894875,0.04889391256657988,1.45,0.014346760372368872,150,137
00-0036862,2022,WR,Ben Skowronek,14,6.021428571428571,4.916666666666667,6.85,0.1682163536085105,0.13741381862570673,-1.9333333333333327,0.030802534982803775,94,99
00-0036862,2023,WR,Ben Skowronek,13,1.6538461538461537,1.3833333333333335,1.885714285714286,0.03457498006215109,0.028665112951047088,-0.5023809523809524,0.005909867111104,162,156
00-0036862,2024,WR,Ben Skowronek,9,1.3222222222222222,1.75,0.4666666666666666,0.025386650386650386,0.02039665581332248,1.2833333333333334,0.004989994573327907,153,143
00-0036862,2025,WR,Ben Skowronek,16,1.05625,0.9,1.15,0.018002606712284135,0.01370018402180875,-0.2499999999999999,0.004302422690475385,166,165
00-0036875,2021,RB,Rhamondre Stevenson,12,9.575,8.866666666666665,10.283333333333333,0.026517579642579652,0.058184420892431726,-1.4166666666666679,-0.03166684124985207,39,44
00-0036875,2022,RB,Rhamondre Stevenson,17,14.652941176470588,10.866666666666667,16.718181818181815,0.14438994749715814,0.17108167075739664,-5.851515151515148,-0.026691723260238498,11,28
00-0036875,2023,RB,Rhamondre Stevenson,12,12.141666666666667,13.700000000000001,10.583333333333334,0.1432039214015958,0.1292853459240422,3.116666666666667,0.013918575477553596,27,21
00-0036875,2024,RB,Rhamondre Stevenson,15,11.726666666666667,8.416666666666668,13.933333333333332,0.06356279140290359,0.09121287973085862,-5.516666666666664,-0.027650088327955027,27,37
00-0036875,2025,RB,Rhamondre Stevenson,14,12.771428571428572,17.333333333333332,9.35,0.11139971139971133,0.09842844252325432,7.9833333333333325,0.012971268876457012,22,8
00-0036876,2021,TE,Kylen Granson,10,2.16,2.5666666666666664,1.55,0.05632013224234556,0.051853919466070986,1.0166666666666664,0.0044662127762745765,71,66
00-0036876,2022,TE,Kylen Granson,13,4.707692307692307,4.616666666666666,4.785714285714286,0.09708333024134798,0.08770318899058617,-0.16904761904761934,0.009380141250761809,43,43
00-0036876,2023,TE,Kylen Granson,15,4.866666666666666,5.416666666666667,4.5,0.10149153125144272,0.10550523434468276,0.916666666666667,-0.004013703093240034,39,39
00-0036876,2024,TE,Kylen Granson,16,2.0125,2.8666666666666667,1.5,0.09970198220198223,0.06551862804038103,1.3666666666666667,0.034183354161601204,71,54
00-0036876,2025,TE,Kylen Granson,12,0.9166666666666666,1.4000000000000001,0.43333333333333335,0.03685548293391435,0.02656266210187781,0.9666666666666668,0.010292820832036541,92,87
00-0036877,2021,WR,Jaelon Darden,9,1.2666666666666666,0.8666666666666667,2.0666666666666664,0.028449740970737616,0.03200319129903187,-1.1999999999999997,-0.0035534503282942526,158,163
00-0036877,2022,WR,Jaelon Darden,14,0.3428571428571429,0.0,0.6000000000000001,0.0,0.0032738095238095217,-0.6000000000000001,-0.0032738095238095217,162,163
00-0036877,2024,WR,Jaelon Darden,11,0.14545454545454548,0.0,0.32,0.0,0.003952569169960473,-0.32,-0.003952569169960473,171,171
00-0036887,2021,TE,Luke Farrell,8,1.5750000000000002,1.6833333333333333,1.25,0.04219653802987137,0.043129411098161104,0.43333333333333335,-0.0009328730682897357,78,75
00-0036887,2023,TE,Luke Farrell,10,2.8499999999999996,3.3333333333333335,2.125,0.048763345747917956,0.04425237681812014,1.2083333333333335,0.004510968929797819,64,58
00-0036887,2024,TE,Luke Farrell,12,1.5583333333333333,1.7666666666666666,1.3500000000000003,0.05696364567332307,0.04594866858169355,0.4166666666666663,0.011014977091629519,77,70
00-0036887,2025,TE,Luke Farrell,13,2.269230769230769,2.1166666666666667,2.4,0.028248095503530284,0.031941161041192635,-0.2833333333333332,-0.003693065537662351,77,75
00-0036893,2021,RB,Najee Harris,17,17.688235294117646,16.8,18.172727272727272,0.12773048207830826,0.14204236898800862,-1.3727272727272712,-0.014311886909700366,8,11
00-0036893,2022,RB,Najee Harris,17,13.262352941176472,14.6,12.532727272727273,0.08843943790180346,0.0901642247871194,2.0672727272727265,-0.0017247868853159376,20,10
00-0036893,2023,RB,Najee Harris,17,11.5,13.516666666666666,10.4,0.07447089947089945,0.08195713480404632,3.1166666666666654,-0.007486235333146865,30,22
00-0036893,2024,RB,Najee Harris,17,12.035294117647059,11.533333333333333,12.30909090909091,0.08990779335606917,0.09856306285792084,-0.7757575757575772,-0.008655269501851665,25,26
00-0036894,2021,TE,Pat Freiermuth,16,9.48125,9.833333333333334,9.27,0.13463345832911067,0.1297107782722175,0.5633333333333344,0.0049226800568931695,17,13
00-0036894,2022,TE,Pat Freiermuth,15,9.879999999999999,8.333333333333334,10.911111111111111,0.17291062183535288,0.20166704298383945,-2.5777777777777775,-0.02875642114848656,10,21
00-0036894,2023,TE,Pat Freiermuth,11,6.9818181818181815,8.299999999999999,5.4,0.1955429215845882,0.14844777030121853,2.8999999999999986,0.04709515128336966,26,20
00-0036894,2024,TE,Pat Freiermuth,17,10.01764705882353,13.65,8.036363636363639,0.2214041864903933,0.1694938261250894,5.6136363636363615,0.051910360365303915,13,8
00-0036894,2025,TE,Pat Freiermuth,15,7.573333333333334,7.45,7.655555555555556,0.12115052105148316,0.11286397113915016,-0.2055555555555557,0.008286549912333005,28,28
00-0036898,2021,QB,Davis Mills,13,12.073846153846155,14.979999999999999,9.582857142857142,0.0,0.0,5.397142857142857,0.0,32,17
00-0036898,2022,QB,Davis Mills,15,12.101333333333335,12.620000000000003,11.755555555555555,0.0,0.0,0.8644444444444481,0.0,30,26
00-0036898,2025,QB,Davis Mills,6,11.433333333333332,11.433333333333332,1.22,0.0,0.0,10.213333333333331,0.0,33,33
00-0036900,2021,WR,Ja'Marr Chase,17,17.91764705882353,19.416666666666668,17.1,0.2179014060712532,0.2323298461800808,2.3166666666666664,-0.0144284401088276,5,7
00-0036900,2022,WR,Ja'Marr Chase,12,20.2,22.283333333333335,18.116666666666667,0.313385722851676,0.2952731022223663,4.166666666666668,0.018112620629309684,3,1
00-0036900,2023,WR,Ja'Marr Chase,16,16.42,12.17,18.970000000000002,0.2107360817038235,0.26047894468958616,-6.8000000000000025,-0.049742862985762665,12,36
00-0036900,2024,WR,Ja'Marr Chase,17,23.705882352941178,25.21666666666667,22.881818181818183,0.3120530282454305,0.2723130768983214,2.334848484848486,0.039739951347109115,1,1
00-0036900,2025,WR,Ja'Marr Chase,16,19.6,19.983333333333334,19.37,0.312595393665003,0.3206574378159983,0.6133333333333333,-0.008062044150995318,3,2
00-0036906,2021,RB,Khalil Herbert,16,4.93125,3.7000000000000006,5.67,0.02744708994708993,0.03250293352107867,-1.9699999999999993,-0.005055843573988739,76,87
00-0036906,2022,RB,Khalil Herbert,13,9.061538461538461,5.866666666666667,11.8,0.03234567901234568,0.04723421458715576,-5.933333333333334,-0.014888535574810076,39,56
00-0036906,2023,RB,Khalil Herbert,12,9.375,9.15,9.6,0.06717132505175984,0.09680611105882841,-0.4499999999999993,-0.029634786007068578,38,37
00-0036906,2024,RB,Khalil Herbert,11,2.8636363636363638,3.5833333333333335,2.0,0.0328614762386249,0.02327203516759219,1.5833333333333335,0.009589441071032708,84,73
00-0036912,2021,WR,DeVonta Smith,17,10.91764705882353,8.200000000000001,12.399999999999999,0.18661732790536034,0.2273135332837114,-4.1999999999999975,-0.04069620537835106,43,72
00-0036912,2022,WR,DeVonta Smith,17,15.094117647058821,20.283333333333335,12.263636363636364,0.28367712345572366,0.2678930131469086,8.019696969696971,0.015784110308815047,14,5
00-0036912,2023,WR,DeVonta Smith,16,14.225000000000001,15.4,13.52,0.2379514607775478,0.23057667612346286,1.8800000000000008,0.007374784654084948,20,19
00-0036912,2024,WR,DeVonta Smith,13,15.338461538461537,15.516666666666666,15.185714285714285,0.3002958561277747,0.2799274613145861,0.33095238095238066,0.020368394813188584,16,25
00-0036912,2025,WR,DeVonta Smith,17,11.870588235294118,8.9,13.490909090909092,0.2015143247715042,0.2457648984905782,-4.590909090909092,-0.04425057371907401,29,42
00-0036913,2021,WR,Kadarius Toney,9,9.151111111111112,10.51,6.433333333333334,0.19412642964472226,0.17289204657090831,4.076666666666666,0.02123438307381395,57,52
00-0036913,2022,WR,Kadarius Toney,9,6.588888888888889,8.633333333333333,2.5,0.07574563904881242,0.06449798875655594,6.133333333333333,0.01124765029225648,89,57
00-0036913,2023,WR,Kadarius Toney,13,4.0769230769230775,3.1166666666666667,4.8999999999999995,0.05514553014553017,0.07843793599761772,-1.7833333333333328,-0.023292405852087555,111,129
00-0036919,2021,RB,Kenny Gainwell,16,7.7125,7.766666666666666,7.68,0.1075436564787477,0.10163631047624769,0.086666666666666,0.005907346002500008,56,52
00-0036919,2022,RB,Kenny Gainwell,17,5.170588235294117,5.233333333333333,5.136363636363637,0.06733006663409635,0.056652601763897754,0.0969696969696967,0.010677464870198598,65,61
00-0036919,2023,RB,Kenny Gainwell,16,6.08625,6.396666666666667,5.9,0.07728998055085014,0.07272580348436827,0.49666666666666703,0.004564177066481864,56,57
00-0036919,2024,RB,Kenny Gainwell,17,3.6823529411764704,3.8000000000000003,3.6181818181818177,0.0658589804347393,0.04980340065266589,0.18181818181818254,0.016055579782073406,72,70
00-0036919,2025,RB,Kenny Gainwell,17,13.017647058823528,15.716666666666663,11.545454545454547,0.18410136611890981,0.16302496707948066,4.1712121212121165,0.02107639903942915,20,12
00-0036924,2021,RB,Michael Carter,14,11.02857142857143,8.716666666666667,12.7625,0.09733341918696614,0.11071941138995314,-4.0458333333333325,-0.013385992202987002,33,46
00-0036924,2022,RB,Michael Carter,16,7.875,4.616666666666666,9.83,0.09404788430523725,0.09747525225084756,-5.213333333333334,-0.003427367945610313,49,66
00-0036924,2023,RB,Michael Carter,15,3.9200000000000004,5.533333333333334,2.8444444444444446,0.04968451135244647,0.061932131952247144,2.6888888888888896,-0.012247620599800675,71,62
00-0036924,2025,RB,Michael Carter,13,7.615384615384617,8.266666666666666,7.057142857142858,0.10812141660599002,0.09174163194029597,1.209523809523808,0.01637978466569405,46,44
00-0036936,2021,WR,Rondale Moore,14,7.935714285714285,6.216666666666668,9.225,0.14295078553083473,0.1432027577468665,-3.008333333333332,-0.000251972216031765,76,92
00-0036936,2022,WR,Rondale Moore,8,10.987499999999999,11.85,8.4,0.20120811351765636,0.19738316493450714,3.4499999999999993,0.003824948583149218,40,37
00-0036936,2023,WR,Rondale Moore,17,6.176470588235294,4.916666666666667,6.863636363636363,0.10276880676517437,0.11962119382403129,-1.9469696969696964,-0.016852387058856916,78,95
00-0036945,2021,QB,Justin Fields,12,10.566666666666665,13.886666666666665,7.246666666666666,0.0,0.0,6.639999999999999,0.0,37,21
00-0036945,2022,QB,Justin Fields,15,19.731999999999996,21.816666666666666,18.34222222222222,0.0,0.0,3.4744444444444476,0.0,5,4
00-0036945,2023,QB,Justin Fields,13,17.70615384615385,17.213333333333335,18.128571428571426,0.0,0.0,-0.9152380952380916,0.0,11,15
00-0036945,2024,QB,Justin Fields,10,11.913999999999998,7.573333333333334,18.425,0.0,0.0,-10.851666666666667,0.0,33,43
00-0036945,2025,QB,Justin Fields,9,15.851111111111111,13.67,20.213333333333335,0.006410256410256416,0.004273504273504277,-6.543333333333335,0.0021367521367521387,20,24
00-0036950,2021,RB,Avery Williams,15,0.0,0.0,0.0,0.0,0.0,0.0,0.0,123,122
00-0036950,2022,RB,Avery Williams,17,2.1176470588235294,1.7,2.3454545454545457,0.0302398676592225,0.03562889860874762,-0.6454545454545457,-0.005389030949525121,97,100
00-0036950,2024,RB,Avery Williams,17,0.0,0.0,0.0,0.0,0.0,0.0,0.0,111,111
00-0036955,2021,WR,Terrace Marshall Jr.,12,2.733333333333334,1.2,4.266666666666667,0.044731120120387706,0.0751244841426474,-3.0666666666666664,-0.030393364022259693,141,158
00-0036955,2022,WR,Terrace Marshall Jr.,13,6.384615384615383,4.666666666666667,7.857142857142856,0.14945398903503368,0.15044219321408975,-3.190476190476189,-0.000988204179056068,91,100
00-0036955,2023,WR,Terrace Marshall Jr.,8,4.1125,3.35,6.4,0.10189514534865572,0.1181587670477113,-3.0500000000000003,-0.016263621699055583,110,123
00-0036959,2022,WR,Michael Bandy,8,2.3625,1.7666666666666666,4.15,0.06482832997762941,0.05992345878543337,-2.3833333333333337,0.004904871192196042,144,142
00-0036963,2021,WR,Amon-Ra St. Brown,16,14.20625,25.183333333333334,7.619999999999999,0.33517774470587547,0.22843733897162138,17.563333333333333,0.10674040573425408,25,2
00-0036963,2022,WR,Amon-Ra St. Brown,16,16.725,16.483333333333334,16.87,0.26628072033875233,0.2776703755719999,-0.3866666666666667,-0.011389655233247586,10,12
00-0036963,2023,WR,Amon-Ra St. Brown,16,20.68125,20.05,21.059999999999995,0.28134985363045134,0.29542543206323724,-1.0099999999999945,-0.014075578432785896,4,6
00-0036963,2024,WR,Amon-Ra St. Brown,17,18.598823529411764,18.76666666666667,18.507272727272724,0.2468200146627565,0.26728275267549906,0.25939393939394506,-0.020462738012742565,5,12
00-0036963,2025,WR,Amon-Ra St. Brown,17,19.058823529411764,17.616666666666664,19.845454545454547,0.30651054667017835,0.31663969119731056,-2.228787878787884,-0.010129144527132206,4,7
00-0036970,2021,TE,Kyle Pitts,17,10.38823529411765,9.916666666666666,10.645454545454545,0.21076219181057884,0.20341600033250873,-0.7287878787878785,0.007346191478070113,11,12
00-0036970,2022,TE,Kyle Pitts,10,7.56,8.433333333333332,6.25,0.30172810420186735,0.2792393479012373,2.183333333333332,0.022488756300630075,22,20
00-0036970,2023,TE,Kyle Pitts,17,8.076470588235294,8.433333333333334,7.881818181818182,0.17564296062554585,0.180136884140382,0.5515151515151517,-0.004493923514836157,17,19
00-0036970,2024,TE,Kyle Pitts,17,7.717647058823529,4.8,9.30909090909091,0.12760917366180524,0.1390501066399436,-4.509090909090911,-0.011440932978138363,22,40
00-0036970,2025,TE,Kyle Pitts,17,12.4,18.316666666666666,9.172727272727274,0.270432697075683,0.22682102537608181,9.143939393939393,0.0436116716996012,5,2
00-0036971,2021,QB,Trevor Lawrence,17,11.708235294117648,9.530000000000001,12.896363636363638,0.0,0.0,-3.366363636363637,0.0,34,36
00-0036971,2022,QB,Trevor Lawrence,17,17.389411764705883,18.253333333333334,16.918181818181818,0.0,0.0,1.3351515151515159,0.0,11,9
00-0036971,2023,QB,Trevor Lawrence,16,16.40875,17.87666666666667,15.527999999999997,0.0,0.0,2.348666666666672,0.0,15,10
00-0036971,2024,QB,Trevor Lawrence,10,14.520000000000001,16.07333333333333,12.19,0.0,0.0,3.883333333333331,0.0,23,19
00-0036971,2025,QB,Trevor Lawrence,17,19.89294117647059,27.150000000000002,15.934545454545457,0.0,0.0,11.215454545454545,0.0,5,1
00-0036972,2021,QB,Mac Jones,17,13.231764705882354,12.89,13.418181818181818,0.0,0.0,-0.5281818181818174,0.0,27,26
00-0036972,2022,QB,Mac Jones,14,12.14857142857143,12.876666666666667,11.602500000000001,0.0,0.0,1.274166666666666,0.0,29,25
00-0036972,2023,QB,Mac Jones,11,9.672727272727272,9.346666666666668,10.064,0.0,0.0,-0.7173333333333325,0.0,33,35
00-0036972,2024,QB,Mac Jones,10,9.608,14.583333333333336,2.145,0.0,0.0,12.438333333333336,0.0,41,24
00-0036972,2025,QB,Mac Jones,11,11.821818181818179,9.413333333333334,14.712,0.0,0.0,-5.298666666666666,0.0,30,36
00-0036973,2022,RB,Travis Etienne,17,12.064705882352943,11.016666666666667,12.636363636363638,0.07336469950010738,0.07892546822389467,-1.619696969696971,-0.005560768723787288,24,26
00-0036973,2023,RB,Travis Etienne,17,16.611764705882354,15.1,17.436363636363634,0.1047556169696755,0.12160986507324084,-2.336363636363634,-0.01685424810356534,7,13
00-0036973,2024,RB,Travis Etienne,15,8.68,9.25,8.3,0.11054727967706206,0.11049372571271804,0.9499999999999993,5.3553964344019156e-05,38,34
00-0036973,2025,RB,Travis Etienne,17,14.93529411764706,15.066666666666668,14.863636363636363,0.07855191597127084,0.09763392791344382,0.2030303030303049,-0.019082011942172974,14,15
00-0036980,2021,WR,Elijah Moore,11,12.563636363636363,18.900000000000002,4.959999999999999,0.23369584177037603,0.19530783440206206,13.940000000000003,0.038388007368313964,31,9
00-0036980,2022,WR,Elijah Moore,14,6.292857142857143,5.75,6.699999999999999,0.11965673895820939,0.12550394063452308,-0.9499999999999993,-0.005847201676313696,92,88
00-0036980,2023,WR,Elijah Moore,16,8.25625,8.266666666666667,8.25,0.17184811117322316,0.18407098589914878,0.016666666666667496,-0.01222287472592562,62,60
00-0036980,2024,WR,Elijah Moore,17,7.111764705882353,6.550000000000001,7.418181818181818,0.161717781176511,0.1548155039029709,-0.8681818181818173,0.006902277273540092,81,88
00-0036980,2025,WR,Elijah Moore,9,3.1777777777777776,1.6166666666666665,6.3,0.07264469528056487,0.06768905611296916,-4.683333333333334,0.004955639167595713,130,152
00-0036984,2021,RB,Trey Sermon,6,4.716666666666667,4.716666666666667,0.8,0.021491228070175433,0.021491228070175433,3.916666666666667,0.0,79,75
00-0036984,2023,RB,Trey Sermon,8,2.5375,2.75,1.9,0.02393683552220137,0.023905007594031975,0.8500000000000001,3.182792816939367e-05,89,84
00-0036984,2024,RB,Trey Sermon,15,3.5866666666666664,1.75,4.811111111111111,0.032536657536657534,0.036077963712372284,-3.061111111111111,-0.0035413061757147493,75,94
00-0036988,2021,WR,Josh Palmer,15,6.193333333333333,9.083333333333334,4.2666666666666675,0.12878234063895827,0.0861965718393499,4.816666666666666,0.042585768799608376,94,61
00-0036988,2022,WR,Josh Palmer,16,10.58125,7.616666666666667,12.36,0.12827418211543834,0.16641485885433588,-4.743333333333332,-0.03814067673889754,45,71
00-0036988,2023,WR,Josh Palmer,10,10.67,12.616666666666667,7.749999999999999,0.18817336011733285,0.17686700200919198,4.866666666666668,0.011306358108140874,46,32
00-0036988,2024,WR,Josh Palmer,15,7.159999999999998,7.483333333333333,6.944444444444444,0.16966395274584925,0.14552047138028146,0.5388888888888896,0.024143481365567793,78,79
00-0036988,2025,WR,Josh Palmer,12,4.358333333333334,2.4833333333333334,6.233333333333333,0.09864903614903618,0.10240705282371947,-3.75,-0.0037580166746832844,104,138
00-0036991,2021,WR,Amari Rodgers,16,0.6,0.25,0.8099999999999999,0.014285714285714284,0.015584415584415581,-0.5599999999999999,-0.0012987012987012974,169,176
00-0036991,2022,WR,Amari Rodgers,15,2.873333333333334,5.683333333333334,1.0,0.09638820070610749,0.05469425624900516,4.683333333333334,0.041693944457102325,137,90
00-0036997,2021,RB,Javonte Williams,17,12.052941176470588,14.300000000000002,10.827272727272726,0.1110465768799102,0.10359547209498318,3.472727272727276,0.007451104784927012,26,20
00-0036997,2023,RB,Javonte Williams,16,11.2,12.049999999999999,10.69,0.13129960317460312,0.13153783327544105,1.3599999999999994,-0.00023823010083792728,31,27
00-0036997,2024,RB,Javonte Williams,17,9.288235294117648,6.533333333333334,10.790909090909093,0.12422144619377669,0.12767916327033546,-4.257575757575759,-0.0034577170765587723,37,50
00-0036997,2025,RB,Javonte Williams,16,15.175,12.766666666666667,16.62,0.06686788422160762,0.08597138564007104,-3.8533333333333335,-0.01910350141846341,12,24
00-0036999,2021,WR,Anthony Schwartz,13,2.569230769230769,2.5,2.6285714285714286,0.048870496132805134,0.06290576806976605,-0.12857142857142856,-0.01403527193696092,144,140
00-0036999,2022,WR,Anthony Schwartz,7,2.685714285714286,2.316666666666667,4.9,0.03921082321817617,0.043133086567960534,-2.5833333333333335,-0.003922263349784363,139,134
00-0037004,2024,TE,Hunter Long,11,1.7272727272727273,1.8500000000000003,1.5799999999999998,0.02959069915591653,0.026986813594579228,0.27000000000000046,0.0026038855613373033,73,69
00-0037004,2025,TE,Hunter Long,7,4.642857142857143,4.15,7.6,0.07418580299879292,0.06851393951620674,-3.4499999999999993,0.0056718634825861786,46,50
00-0037005,2021,TE,Tommy Tremble,15,3.5399999999999996,3.3833333333333333,3.644444444444444,0.08411024713850418,0.06993656078240508,-0.2611111111111106,0.0141736863560991,58,55
00-0037005,2022,TE,Tommy Tremble,15,3.626666666666667,3.75,3.5444444444444447,0.1097438625602012,0.08565476928130472,0.20555555555555527,0.02408909327889648,59,58
00-0037005,2023,TE,Tommy Tremble,15,4.026666666666667,3.7833333333333337,4.188888888888888,0.10295974884421588,0.07169765303556047,-0.40555555555555456,0.03126209580865541,45,53
00-0037005,2024,TE,Tommy Tremble,10,5.640000000000001,7.033333333333334,3.55,0.1001870720366655,0.09823700134675745,3.4833333333333343,0.0019500706899080594,36,30
00-0037005,2025,TE,Tommy Tremble,15,4.260000000000001,4.483333333333333,4.111111111111111,0.09311083182050918,0.09139546876203355,0.3722222222222227,0.0017153630584756246,52,45
00-0037011,2021,TE,Tre' McKitty,6,1.75,1.75,1.7,0.03653021806043685,0.03653021806043685,0.050000000000000044,0.0,76,74
00-0037011,2022,TE,Tre' McKitty,13,1.3230769230769233,0.8833333333333333,1.7,0.022074915824915817,0.039166016371898656,-0.8166666666666667,-0.01709110054698284,89,89
00-0037012,2021,QB,Trey Lance,6,10.82,10.82,4.4,0.0,0.0,6.42,0.0,36,34
00-0037013,2021,QB,Zach Wilson,13,11.681538461538462,15.139999999999999,8.717142857142859,0.007575757575757583,0.0034965034965035,6.42285714285714,0.004079254079254083,35,14
00-0037013,2022,QB,Zach Wilson,9,10.991111111111111,10.173333333333334,12.626666666666667,0.0,0.003367003367003367,-2.453333333333333,-0.003367003367003367,35,33
00-0037013,2023,QB,Zach Wilson,12,9.995,9.709999999999999,10.28,0.0,0.0,-0.5700000000000003,0.0,31,32
00-0037077,2023,QB,Sam Howell,17,15.149411764705883,9.513333333333335,18.223636363636363,0.0059523809523809494,0.002100840336134453,-8.710303030303027,0.0038515406162464966,22,33
00-0037078,2022,TE,Cole Turner,7,0.6142857142857142,0.7166666666666667,0.0,0.04039031620553359,0.0462032826163261,0.7166666666666667,-0.005812966410792507,93,91
00-0037078,2023,TE,Cole Turner,8,2.875,2.6999999999999997,3.4,0.05903399761158388,0.06024912904033092,-0.7000000000000002,-0.0012151314287470391,63,66
00-0037085,2025,RB,Tyler Badie,16,2.2125000000000004,2.4666666666666663,2.06,0.054580126764783,0.05333441425345025,0.4066666666666663,0.00124571251133275,82,82
00-0037086,2022,TE,Grant Calcaterra,6,2.183333333333333,2.183333333333333,5.0,0.046468977716356115,0.046468977716356115,-2.816666666666667,0.0,79,75
00-0037086,2024,TE,Grant Calcaterra,15,3.986666666666667,3.5333333333333337,4.288888888888889,0.07524274450441158,0.08581676929433915,-0.7555555555555551,-0.010574024789927569,48,48
00-0037086,2025,TE,Grant Calcaterra,9,2.511111111111111,3.0666666666666664,1.4000000000000001,0.052425914638190886,0.05479187960006376,1.6666666666666663,-0.002365964961872871,74,64
00-0037087,2022,RB,Trestan Ebner,11,0.5636363636363636,0.05000000000000001,1.18,0.029054116773415017,0.03516588187640819,-1.13,-0.006111765102993175,117,121
00-0037091,2024,WR,Bo Melton,13,1.7307692307692308,1.6166666666666665,1.8285714285714285,0.05191895134423877,0.04168372484279051,-0.21190476190476204,0.010235226501448258,144,144
00-0037091,2025,WR,Bo Melton,13,1.8615384615384618,2.9,0.9714285714285714,0.06153617635626631,0.040056323819442304,1.9285714285714284,0.02147985253682401,154,127
00-0037093,2022,WR,Dareke Young,6,0.7333333333333334,0.7333333333333334,0.0,0.011904761904761899,0.011904761904761899,0.7333333333333334,0.0,159,156
00-0037093,2024,WR,Dareke Young,7,0.0,0.0,0.0,0.0,0.005714285714285714,0.0,-0.005714285714285714,173,171
00-0037093,2025,WR,Dareke Young,8,0.85,0.7666666666666666,1.1,0.011312217194570151,0.014734162895927612,-0.3333333333333335,-0.003421945701357461,172,168
00-0037098,2023,WR,Samori Toure,8,2.225,2.066666666666667,2.7,0.06221286768167397,0.07054853965014435,-0.6333333333333333,-0.008335671968470376,149,145
00-0037112,2025,TE,Jake Tonges,10,9.33,9.466666666666667,9.125,0.13065787561755307,0.12178439987475742,0.3416666666666668,0.00887347574279565,20,17
00-0037120,2023,RB,Tyler Goodson,6,3.016666666666667,3.016666666666667,3.1,0.048878288372437316,0.048878288372437316,-0.08333333333333304,0.0,81,82
00-0037120,2024,RB,Tyler Goodson,14,3.1714285714285713,0.6666666666666666,5.05,0.00854700854700855,0.029076287256010767,-4.383333333333333,-0.020529278709002216,80,106
00-0037120,2025,RB,Tyler Goodson,10,0.52,0.26666666666666666,0.9,0.0,0.00729166666666667,-0.6333333333333333,-0.00729166666666667,103,104
00-0037132,2022,WR,Britain Covey,17,0.0,0.0,0.0,0.0,0.0,0.0,0.0,166,163
00-0037132,2023,WR,Britain Covey,15,0.5466666666666666,1.3666666666666665,0.0,0.029882154882154965,0.011952861952861986,1.3666666666666665,0.01792929292929298,173,158
00-0037132,2025,WR,Britain Covey,6,0.6666666666666666,0.6666666666666666,0.0,0.019607843137254832,0.019607843137254832,0.6666666666666666,0.0,174,171
00-0037156,2023,WR,Irvin Charles,6,0.0,0.0,0.0,0.009259259259259267,0.009259259259259267,0.0,0.0,177,175
00-0037156,2024,WR,Irvin Charles,8,0.0,0.0,0.0,0.004273504273504266,0.0032051282051282,0.0,0.0010683760683760663,173,171
00-0037157,2022,RB,Bam Knight,7,8.428571428571427,7.616666666666666,13.3,0.0393939393939394,0.04907235621521334,-5.6833333333333345,-0.00967841682127394,43,47
00-0037157,2025,RB,Bam Knight,12,7.741666666666667,9.166666666666666,6.316666666666667,0.08141300532604873,0.06330883271971545,2.8499999999999988,0.018104172606333277,44,36
00-0037168,2022,TE,Armani Rogers,9,1.5555555555555556,1.7833333333333332,1.0999999999999999,0.026736111111111117,0.02053410117434508,0.6833333333333333,0.006202009936766038,86,80
00-0037197,2022,RB,Isiah Pacheco,17,7.9411764705882355,12.083333333333334,5.6818181818181825,0.0509383164915155,0.02387816561041421,6.401515151515151,0.02706015088110129,48,23
00-0037197,2023,RB,Isiah Pacheco,14,15.278571428571428,17.333333333333332,13.7375,0.11641660338306674,0.10205231235321044,3.5958333333333314,0.0143642910298563,14,8
00-0037197,2024,RB,Isiah Pacheco,7,8.12857142857143,6.8500000000000005,15.8,0.0709701524932869,0.07670457515297606,-8.95,-0.0057344226596891534,42,49
00-0037197,2025,RB,Isiah Pacheco,13,6.7153846153846155,5.483333333333333,7.771428571428571,0.06344696969696967,0.06798821574496815,-2.288095238095238,-0.004541246047998479,49,59
00-0037216,2023,WR,Justyn Ross,6,1.8833333333333335,1.8833333333333335,1.6,0.05315657250055916,0.05315657250055916,0.28333333333333344,0.0,158,150
00-0037228,2022,RB,Jaylen Warren,16,5.831250000000001,7.433333333333333,4.869999999999999,0.08799852079421973,0.06374230124724792,2.5633333333333335,0.02425621954697181,59,49
00-0037228,2023,RB,Jaylen Warren,17,11.552941176470588,10.75,11.990909090909089,0.19420227920227917,0.1578565355064285,-1.2409090909090885,0.03634574369585067,29,32
00-0037228,2024,RB,Jaylen Warren,15,8.273333333333333,9.1,7.722222222222222,0.13548359367324866,0.11745066068865452,1.3777777777777773,0.018032932984594144,41,35
00-0037228,2025,RB,Jaylen Warren,16,13.56875,14.300000000000002,13.13,0.09168438773701938,0.09578743681403898,1.1700000000000017,-0.0041030490770195965,19,17
00-0037231,2024,WR,Kevin Austin Jr.,8,3.375,3.1,4.199999999999999,0.09671593174504906,0.09337028214212012,-1.0999999999999992,0.003345649602928935,119,120
00-0037238,2022,WR,Drake London,17,10.505882352941178,12.450000000000001,9.445454545454545,0.33096340935050617,0.28861209279056554,3.0045454545454557,0.04235131655994062,46,28
00-0037238,2023,WR,Drake London,16,10.89875,10.0,11.437999999999999,0.22369198354105468,0.2276354328520039,-1.4379999999999988,-0.003943449310949226,44,48
00-0037238,2024,WR,Drake London,17,16.51764705882353,18.8,15.27272727272727,0.34073837790943046,0.28239171345288905,3.527272727272731,0.05834666445654141,14,11
00-0037238,2025,WR,Drake London,12,16.825,17.833333333333332,15.816666666666668,0.274011719630381,0.2971111259393394,2.016666666666664,-0.023099406308958403,7,6
00-0037239,2022,WR,Chris Olave,15,13.213333333333333,12.4,13.755555555555555,0.2740709261075393,0.2616126699599239,-1.3555555555555543,0.01245825614761542,26,29
00-0037239,2023,WR,Chris Olave,16,14.45625,15.266666666666664,13.969999999999999,0.2279747712861301,0.2475992181860726,1.296666666666665,-0.0196244468999425,19,20
00-0037239,2024,WR,Chris Olave,8,9.587499999999999,10.133333333333333,7.95,0.18234974513578628,0.1971789755185064,2.1833333333333327,-0.014829230382720132,55,52
00-0037239,2025,WR,Chris Olave,16,16.75,19.983333333333334,14.809999999999999,0.2993939090506645,0.2917898254370841,5.173333333333336,0.007604083613580392,8,2
00-0037240,2022,WR,Jameson Williams,6,2.5166666666666666,2.5166666666666666,0.0,0.04451931817364955,0.04451931817364955,2.5166666666666666,0.0,141,130
00-0037240,2023,WR,Jameson Williams,12,6.691666666666666,7.5,5.883333333333334,0.10609970911441502,0.09898453093453352,1.6166666666666663,0.007115178179881498,74,67
00-0037240,2024,WR,Jameson Williams,15,14.146666666666667,15.866666666666667,13.0,0.20492888110495625,0.18682179352183131,2.866666666666667,0.01810708758312493,26,22
00-0037240,2025,WR,Jameson Williams,17,12.935294117647059,16.95,10.745454545454546,0.2370997111522645,0.18619962021254854,6.204545454545453,0.05090009093971595,20,9
00-0037247,2022,WR,George Pickens,17,9.794117647058824,9.516666666666666,9.945454545454545,0.15171104284007503,0.1597391796042887,-0.4287878787878796,-0.008028136764213684,51,52
00-0037247,2023,WR,George Pickens,17,12.282352941176471,13.850000000000001,11.427272727272726,0.21573599240265903,0.2248334873352547,2.4227272727272755,-0.009097494932595679,36,28
00-0037247,2024,WR,George Pickens,14,11.742857142857144,11.933333333333332,11.6,0.24963233127026233,0.26738070388173757,0.33333333333333215,-0.017748372611475244,38,40
00-0037247,2025,WR,George Pickens,17,17.170588235294115,11.916666666666666,20.036363636363635,0.21080715932993918,0.2251513769371896,-8.11969696969697,-0.014344217607250409,6,27
00-0037248,2022,RB,James Cook,16,6.606249999999999,9.933333333333334,4.61,0.09508730741894295,0.057260920061560465,5.323333333333333,0.03782638735738248,55,35
00-0037248,2023,RB,James Cook,17,13.688235294117646,15.966666666666669,12.445454545454545,0.12129437129437132,0.0990046906400862,3.5212121212121232,0.02228968065428512,19,10
00-0037248,2024,RB,James Cook,16,16.668750000000003,16.316666666666666,16.88,0.04199512012012011,0.07807117047961268,-0.5633333333333326,-0.036076050359492566,11,14
00-0037248,2025,RB,James Cook,17,17.776470588235295,16.25,18.60909090909091,0.09203611739843619,0.08185562176291074,-2.3590909090909093,0.01018049563552545,6,11
00-0037252,2022,TE,Greg Dulcich,10,8.61,7.966666666666666,9.575000000000001,0.19192291928697547,0.1766409310593648,-1.6083333333333352,0.015281988227610677,17,24
00-0037252,2025,TE,Greg Dulcich,9,6.977777777777778,7.650000000000001,5.633333333333334,0.14377040583937148,0.154248195627506,2.0166666666666675,-0.010477789788134517,32,25
00-0037256,2022,RB,Rachaad White,17,8.299999999999999,9.916666666666666,7.418181818181818,0.0831637686521149,0.07646182986948145,2.498484848484848,0.006701938782633449,44,36
00-0037256,2023,RB,Rachaad White,17,15.758823529411764,17.433333333333334,14.845454545454546,0.12974485929621257,0.1245526400190403,2.587878787878788,0.005192219277172269,10,7
00-0037256,2024,RB,Rachaad White,15,13.306666666666668,12.483333333333334,13.855555555555556,0.07735125728884278,0.1129993686499808,-1.3722222222222218,-0.03564811136113802,21,22
00-0037256,2025,RB,Rachaad White,17,8.411764705882353,5.633333333333333,9.92727272727273,0.07240447052947045,0.08261293883695534,-4.293939393939397,-0.010208468307484883,40,57
00-0037257,2022,WR,David Bell,15,3.0266666666666664,2.466666666666667,3.4000000000000004,0.07322615655948994,0.07256662173186526,-0.9333333333333336,0.0006595348276246804,135,132
00-0037257,2023,WR,David Bell,9,5.411111111111111,6.900000000000001,2.4333333333333336,0.07996498078607339,0.0755757482495801,4.466666666666668,0.004389232536493287,92,72
00-0037258,2022,RB,Dameon Pierce,13,12.799999999999999,9.783333333333333,15.385714285714286,0.0689678165007112,0.09073510802076162,-5.602380952380953,-0.021767291520050427,21,37
00-0037258,2023,RB,Dameon Pierce,14,5.907142857142857,3.966666666666667,7.362500000000001,0.018493628036638784,0.03478905568962027,-3.395833333333334,-0.016295427652981486,57,73
00-0037258,2024,RB,Dameon Pierce,10,4.35,4.433333333333334,4.225,0.01695526695526695,0.013398966624773068,0.20833333333333393,0.0035563003304938806,62,62
00-0037261,2022,WR,Khalil Shakir,10,3.41,1.8166666666666664,5.8,0.05010611402953392,0.060226273270727694,-3.9833333333333334,-0.010120159241193777,127,141
00-0037261,2023,WR,Khalil Shakir,16,7.06875,7.133333333333333,7.030000000000001,0.1091030198173056,0.08845298274831845,0.10333333333333172,0.020650037068987145,73,70
00-0037261,2024,WR,Khalil Shakir,15,12.166666666666666,11.533333333333333,12.588888888888889,0.26401483720562663,0.22981870614212335,-1.0555555555555554,0.03419613106350328,36,44
00-0037261,2025,WR,Khalil Shakir,16,10.4,9.416666666666666,10.99,0.21328847279934235,0.21141102883630056,-1.5733333333333341,0.0018774439630417916,42,38
00-0037263,2022,RB,Tyler Allgeier,16,9.9625,13.15,8.05,0.03995864350703058,0.04109774656094714,5.1,-0.0011391030539165611,33,16
00-0037263,2023,RB,Tyler Allgeier,17,8.094117647058825,8.45,7.8999999999999995,0.03389447884416925,0.04917601721729825,0.5499999999999998,-0.015281538373129004,41,38
00-0037263,2024,RB,Tyler Allgeier,17,6.247058823529413,5.783333333333332,6.500000000000001,0.019805230331546134,0.021437442388026116,-0.7166666666666686,-0.0016322120564799814,48,54
00-0037263,2025,RB,Tyler Allgeier,17,7.23529411764706,6.249999999999999,7.7727272727272725,0.038670521972229775,0.032136053863616426,-1.5227272727272734,0.006534468108613349,47,54
00-0037267,2022,RB,Jerome Ford,13,0.0923076923076923,0.19999999999999998,0.0,0.0,0.0,0.19999999999999998,0.0,123,120
00-0037267,2023,RB,Jerome Ford,17,12.423529411764704,12.516666666666667,12.372727272727275,0.09938364713894281,0.10551726501030319,0.1439393939393927,-0.006133617871360381,25,25
00-0037267,2024,RB,Jerome Ford,14,9.57142857142857,10.55,8.837499999999999,0.06441322122915212,0.0860114955198,1.7125000000000021,-0.02159827429064788,35,29
00-0037267,2025,RB,Jerome Ford,13,3.3538461538461544,1.4333333333333333,5.0,0.0502063686059682,0.07251407841680714,-3.5666666666666664,-0.02230770981083894,75,92
00-0037272,2022,WR,Montrell Washington,15,0.48000000000000004,0.11666666666666668,0.7222222222222222,0.023561507936507936,0.021412393162393163,-0.6055555555555555,0.002149114774114773,160,162
00-0037273,2023,WR,Kyle Philips,8,4.137500000000001,5.250000000000001,0.8,0.1045011829325553,0.09455235778765178,4.450000000000001,0.009948825144903514,107,93
00-0037276,2023,RB,Ty Chandler,16,6.3125,10.333333333333334,3.9,0.0748528988307683,0.04507561304511083,6.433333333333334,0.02977728578565747,52,34
00-0037276,2024,RB,Ty Chandler,14,2.0285714285714285,0.21666666666666667,3.3875,0.0,0.0170643136481646,-3.1708333333333334,-0.0170643136481646,95,109
00-0037277,2022,TE,Teagan Quitoriano,7,4.328571428571428,3.85,7.2,0.06313044176965839,0.060914528319571136,-3.35,0.002215913450087252,49,54
00-0037282,2022,TE,James Mitchell,8,3.5375,2.8499999999999996,5.6000000000000005,0.03961554347593038,0.04350670265199283,-2.750000000000001,-0.0038911591760624475,60,66
00-0037291,2022,WR,Jalen Nailor,8,4.1125,5.1,1.15,0.0612709435626102,0.049524636243386225,3.9499999999999997,0.011746307319223978,113,98
00-0037291,2024,WR,Jalen Nailor,15,6.999999999999999,6.783333333333334,7.144444444444444,0.07342515470724713,0.095269429579368,-0.36111111111110983,-0.021844274872120872,84,85
00-0037291,2025,WR,Jalen Nailor,17,5.923529411764706,5.566666666666666,6.118181818181816,0.10527266128840342,0.11654959347072939,-0.55151515151515,-0.011276932182325977,83,80
00-0037292,2023,TE,Andrew Ogletree,11,3.2454545454545456,2.2,4.5,0.05300103805131617,0.06237619058543322,-2.3,-0.009375152534117054,58,70
00-0037292,2024,TE,Andrew Ogletree,12,2.1583333333333337,1.55,2.766666666666667,0.05069486069486068,0.043969325179002594,-1.216666666666667,0.006725535515858083,69,75
00-0037292,2025,TE,Andrew Ogletree,11,1.1545454545454545,2.1166666666666667,0.0,0.026678614097968952,0.017798724572918128,2.1166666666666667,0.008879889525050824,89,75
00-0037299,2022,RB,Keaontay Ingram,11,1.6454545454545453,0.8333333333333334,2.6199999999999997,0.0185185185185185,0.016370602577499116,-1.7866666666666662,0.002147915941019384,104,109
00-0037299,2023,RB,Keaontay Ingram,7,1.9999999999999998,2.4,-0.4,0.021338067390698965,0.018289772049170542,2.8,0.003048295341528423,96,88
00-0037300,2022,WR,Mike Woods,7,1.2857142857142858,1.0833333333333333,2.5,0.051636780068152595,0.051062818289709024,-1.4166666666666667,0.0005739617784435713,153,151
00-0037304,2022,RB,Connor Heyward,15,2.386666666666667,3.533333333333333,1.6222222222222225,0.04924759629060704,0.036436331724124256,1.9111111111111108,0.012811264566482787,94,82
00-0037304,2023,RB,Connor Heyward,14,2.8357142857142854,1.5,3.8375,0.04895282186948854,0.08224381375238266,-2.3375,-0.03329099188289412,83,95
00-0037304,2024,RB,Connor Heyward,12,1.3333333333333333,0.5166666666666667,2.15,0.011172161172161183,0.024717953855401275,-1.6333333333333333,-0.013545792683240092,101,107
00-0037304,2025,RB,Connor Heyward,14,1.957142857142857,2.8333333333333335,1.2999999999999998,0.003787878787878783,0.008555080440508693,1.5333333333333337,-0.004767201652629911,85,77
00-0037306,2025,TE,John FitzPatrick,11,2.290909090909091,1.9666666666666668,2.6799999999999997,0.060306017626107565,0.05014330595426411,-0.7133333333333329,0.010162711671843454,76,81
00-0037311,2022,TE,Ko Kieft,13,1.6153846153846154,1.9666666666666666,1.3142857142857143,0.017493789968817716,0.015784615580782233,0.6523809523809523,0.001709174388035483,85,78
00-0037311,2023,TE,Ko Kieft,10,0.72,1.2,0.0,0.01191996594295445,0.01652697956577267,1.2,-0.004607013622818219,89,88
00-0037327,2022,QB,Skylar Thompson,7,2.4942857142857138,2.47,2.64,0.0,0.0,-0.16999999999999993,0.0,41,42
00-0037331,2022,RB,Zander Horvath,8,2.325,0.45,7.95,0.0163617529471188,0.02505903849550534,-7.5,-0.00869728554838654,96,115
00-0037348,2025,TE,Tanner Conner,8,2.2625,1.9666666666666666,3.15,0.04887632730769984,0.06036203531459696,-1.1833333333333333,-0.011485708006897119,78,83
00-0037382,2023,WR,Brandon Johnson,10,7.340000000000001,6.183333333333333,9.075000000000001,0.10971721180054515,0.09849592537092537,-2.8916666666666684,0.011221286429619781,72,81
00-0037387,2022,WR,Jalen Virgil,7,2.2142857142857144,0.31666666666666665,13.6,0.019194596443228466,0.02011551490005663,-13.283333333333333,-0.0009209184568281653,146,158
00-0037429,2022,RB,Raheem Blackshear,13,3.4615384615384617,3.9166666666666665,3.0714285714285716,0.0412540284931176,0.0367408998338789,0.8452380952380949,0.0045131286592387035,79,79
00-0037429,2023,RB,Raheem Blackshear,9,1.9000000000000001,1.2166666666666666,3.266666666666667,0.0153186274509804,0.023558483259621787,-2.0500000000000007,-0.008239855808641387,99,99
00-0037429,2024,RB,Raheem Blackshear,16,0.5,1.3333333333333333,0.0,0.0,0.0,1.3333333333333333,0.0,108,96
00-0037451,2023,TE,Rod Williams,6,0.0,0.0,0.0,0.008333333333333333,0.008333333333333333,0.0,0.0,94,94
00-0037456,2022,RB,Troy Hairston,12,0.5750000000000001,0.45,0.7000000000000001,0.018605849821820782,0.021141549249534732,-0.25000000000000006,-0.00253569942771395,116,115
00-0037475,2023,TE,Stone Smartt,12,2.7083333333333335,2.5833333333333335,2.8333333333333335,0.05015215599155412,0.0496334650531641,-0.25,0.0005186909383900207,66,68
00-0037475,2024,TE,Stone Smartt,9,3.8666666666666663,4.783333333333334,2.033333333333333,0.08738026819923372,0.06784374752950949,2.750000000000001,0.019536520669724236,49,41
00-0037475,2025,TE,Stone Smartt,6,2.033333333333333,2.033333333333333,0.0,0.045343137254902,0.045343137254902,2.033333333333333,0.0,79,80
00-0037487,2023,WR,Deven Thompkins,17,2.052941176470588,0.6833333333333332,2.8,0.021650193693204433,0.04649909802957955,-2.1166666666666667,-0.024848904336375117,153,166
00-0037487,2025,WR,Deven Thompkins,7,0.8857142857142856,1.0333333333333332,0.0,0.016705069124423967,0.014318630678077687,1.0333333333333332,0.0023864384463462805,170,161
00-0037525,2022,RB,Jordan Mason,12,2.65,4.533333333333334,0.7666666666666666,0.0,0.0,3.7666666666666675,0.0,92,69
00-0037525,2023,RB,Jordan Mason,16,2.79375,3.1166666666666667,2.6,0.0128395061728395,0.010291005291005288,0.5166666666666666,0.002548500881834212,84,79
00-0037525,2024,RB,Jordan Mason,12,9.583333333333332,3.766666666666667,15.399999999999999,0.02357320099255583,0.04092292487326319,-11.633333333333331,-0.01734972388070736,34,71
00-0037525,2025,RB,Jordan Mason,16,8.056249999999999,5.933333333333334,9.329999999999998,0.012993503248375818,0.03506847691905224,-3.3966666666666647,-0.022074973670676422,43,56
00-0037539,2023,TE,Lucas Krull,7,3.357142857142857,3.9166666666666665,0.0,0.06825396825396828,0.06342950973492849,3.9166666666666665,0.004824458519039787,55,51
00-0037539,2024,TE,Lucas Krull,10,3.4199999999999995,3.1166666666666667,3.875,0.06169782278653244,0.07462800541281016,-0.7583333333333333,-0.012930182626277716,51,52
00-0037545,2022,WR,Rashid Shaheed,12,8.375,11.166666666666666,5.583333333333333,0.2052326468344775,0.1245984529788447,5.583333333333333,0.08063419385563281,65,43
00-0037545,2023,WR,Rashid Shaheed,15,10.506666666666668,9.033333333333333,11.488888888888889,0.16270459535165419,0.138486888211758,-2.4555555555555557,0.024217707139896183,47,54
00-0037545,2024,WR,Rashid Shaheed,6,13.633333333333333,13.633333333333333,16.3,0.2439012310365285,0.2439012310365285,-2.666666666666668,0.0,30,32
00-0037545,2025,WR,Rashid Shaheed,18,8.7,7.25,9.424999999999999,0.10306730047263017,0.1617266317376537,-2.174999999999999,-0.058659331265023526,51,60
00-0037557,2023,RB,Ronnie Rivers,9,2.233333333333333,3.1166666666666667,0.4666666666666666,0.021385477267830216,0.01639373698197228,2.65,0.004991740285857936,93,79
00-0037557,2024,RB,Ronnie Rivers,6,3.0499999999999994,3.0499999999999994,1.6,0.027006172839506168,0.027006172839506168,1.4499999999999993,0.0,81,78
00-0037557,2025,RB,Ronnie Rivers,6,0.7666666666666666,0.7666666666666666,0.0,0.0,0.0,0.7666666666666666,0.0,101,102
00-0037563,2022,RB,Malik Davis,6,5.733333333333333,5.733333333333333,6.1,0.0376172607879925,0.0376172607879925,-0.36666666666666625,0.0,60,58
00-0037563,2025,RB,Malik Davis,10,4.0600000000000005,6.333333333333333,0.65,0.02354497354497355,0.01412698412698413,5.683333333333333,0.009417989417989419,67,53
00-0037569,2022,TE,Peyton Hendershot,12,3.2916666666666665,2.6666666666666665,3.9166666666666665,0.018964030549396386,0.042153532946215856,-1.25,-0.02318950239681947,64,69
00-0037569,2023,TE,Peyton Hendershot,8,0.975,1.3,0.0,0.028800675675675666,0.02660050675675675,1.3,0.0022001689189189155,87,85
00-0037594,2022,RB,Julius Chestnut,6,1.3833333333333335,1.3833333333333335,1.3,0.0131578947368421,0.0131578947368421,0.08333333333333348,0.0,106,103
00-0037594,2024,RB,Julius Chestnut,12,1.1083333333333332,0.7166666666666668,1.5,0.012222222222222218,0.008304093567251458,-0.7833333333333332,0.00391812865497076,105,105
00-0037594,2025,RB,Julius Chestnut,16,0.25,0.016666666666666666,0.39,0.0,0.004406580493537013,-0.37333333333333335,-0.004406580493537013,107,108
00-0037614,2023,WR,John Metchie III,14,2.3000000000000003,1.3833333333333335,2.9875,0.0936508885789404,0.06786928018053996,-1.6041666666666663,0.025781608398400435,147,156
00-0037614,2024,WR,John Metchie III,10,5.54,4.8999999999999995,6.5,0.13486850067495226,0.12024286580432295,-1.6000000000000005,0.014625634870629317,97,101
00-0037614,2025,WR,John Metchie III,13,5.53076923076923,5.583333333333333,5.485714285714286,0.18115692024610433,0.1320600154857927,0.09761904761904727,0.049096904760311644,88,79
00-0037617,2022,RB,Hassan Haskins,14,1.8571428571428574,3.016666666666667,0.9875,0.05499075323636726,0.03573898980077469,2.029166666666667,0.019251763435592574,101,89
00-0037617,2024,RB,Hassan Haskins,12,2.733333333333333,4.1000000000000005,1.366666666666667,0.015277777777777784,0.007638888888888892,2.7333333333333334,0.007638888888888892,85,68
00-0037617,2025,RB,Hassan Haskins,11,0.9090909090909093,1.2499999999999998,0.5,0.010558804418453534,0.008600256955520108,0.7499999999999998,0.0019585474629334257,98,94
00-0037654,2024,TE,Tucker Fisk,7,1.5571428571428574,1.55,1.6,0.03225175606641125,0.03630237100064687,-0.050000000000000044,-0.00405061493423562,78,75
00-0037664,2022,WR,Alec Pierce,16,7.018750000000001,5.983333333333334,7.640000000000001,0.14967518966965518,0.1461214038558349,-1.6566666666666663,0.003553785813820265,81,86
00-0037664,2023,WR,Alec Pierce,17,5.611764705882353,7.383333333333333,4.6454545454545455,0.13906451008318876,0.11554598062937323,2.7378787878787874,0.023518529453815537,86,68
00-0037664,2024,WR,Alec Pierce,16,10.0875,10.466666666666667,9.86,0.1597489247489247,0.14812051835714815,0.6066666666666674,0.011628406391776536,51,50
00-0037664,2025,WR,Alec Pierce,15,12.219999999999999,14.533333333333333,10.677777777777777,0.15938831283658858,0.17601855319319162,3.855555555555556,-0.016630240356603043,25,17
00-0037666,2023,WR,Jalen Tolbert,14,4.342857142857143,4.566666666666667,4.175000000000001,0.0514863421113421,0.06784441170470584,0.3916666666666666,-0.016358069593363743,103,98
00-0037666,2024,WR,Jalen Tolbert,17,8.941176470588236,8.333333333333334,9.272727272727273,0.11499536388301689,0.12621494696505173,-0.9393939393939394,-0.011219583082034842,59,68
00-0037666,2025,WR,Jalen Tolbert,12,3.858333333333334,3.733333333333333,3.983333333333334,0.07012666781688516,0.0764727973380298,-0.2500000000000009,-0.006346129521144633,122,113
00-0037740,2022,WR,Garrett Wilson,17,12.688235294117648,13.25,12.381818181818181,0.29536975143592786,0.25436700878299834,0.868181818181819,0.041002742652929525,30,24
00-0037740,2023,WR,Garrett Wilson,17,12.541176470588237,10.85,13.463636363636367,0.25900673400673385,0.2976555859687347,-2.613636363636367,-0.03864885196200085,32,45
00-0037740,2024,WR,Garrett Wilson,17,14.817647058823528,13.366666666666665,15.609090909090908,0.21690703184760898,0.25961908482226165,-2.242424242424242,-0.042712052974652664,21,34
00-0037740,2025,WR,Garrett Wilson,7,14.214285714285712,12.83333333333333,22.5,0.3414462081128747,0.35389266817838244,-9.66666666666667,-0.012446460065507758,14,23
00-0037741,2022,WR,Jahan Dotson,12,10.883333333333333,12.233333333333334,9.533333333333333,0.20493414537532173,0.1568854306346508,2.700000000000001,0.048048714740670934,41,32
00-0037741,2023,WR,Jahan Dotson,17,7.341176470588235,4.249999999999999,9.027272727272727,0.11060875399110681,0.13620897738992244,-4.777272727272728,-0.025600223398815625,71,104
00-0037741,2024,WR,Jahan Dotson,14,2.992857142857143,3.7999999999999994,2.3875,0.09954483561613803,0.08410040936088832,1.4124999999999992,0.015444426255249707,122,114
00-0037741,2025,WR,Jahan Dotson,15,3.3466666666666662,2.466666666666667,3.933333333333333,0.09848701419375065,0.08331163658708478,-1.4666666666666663,0.015175377606665874,129,139
00-0037742,2022,WR,Treylon Burks,11,8.009090909090908,9.766666666666667,5.9,0.18042540993005385,0.17192356671138598,3.866666666666667,0.00850184321866787,67,50
00-0037742,2023,WR,Treylon Burks,9,4.433333333333334,3.85,5.6000000000000005,0.0994536844536844,0.1226997626997627,-1.7500000000000004,-0.0232460782460783,102,113
00-0037742,2025,WR,Treylon Burks,8,3.6250000000000004,2.966666666666667,5.6000000000000005,0.13660888331940968,0.12545449798739272,-2.6333333333333337,0.011154385332016958,124,124
00-0037744,2022,TE,Trey McBride,12,5.125000000000001,8.166666666666666,2.0833333333333335,0.1449694697448227,0.09086671131890393,6.083333333333332,0.05410275842591876,39,23
00-0037744,2023,TE,Trey McBride,17,10.676470588235293,14.733333333333333,8.463636363636365,0.2557071176892208,0.19766793230888402,6.269696969696968,0.058039185380336755,9,4
00-0037744,2024,TE,Trey McBride,16,15.2375,18.016666666666666,13.569999999999999,0.30121800921217406,0.28644906018201,4.446666666666667,0.014768949030164069,3,1
00-0037744,2025,TE,Trey McBride,17,18.58235294117647,19.033333333333335,18.336363636363636,0.28714981450916116,0.27887615515685105,0.696969696969699,0.008273659352310114,1,1
00-0037745,2022,WR,Velus Jones Jr.,11,3.4545454545454546,3.75,3.1,0.06414462081128748,0.054671190323364274,0.6499999999999999,0.009473430487923207,123,115
00-0037745,2023,WR,Velus Jones Jr.,13,0.8538461538461538,0.8333333333333335,0.8714285714285713,0.01280193236714975,0.018882816308142116,-0.03809523809523785,-0.006080883940992366,168,165
00-0037746,2022,RB,Brian Robinson,12,9.391666666666666,10.916666666666666,7.866666666666666,0.04808778730347352,0.035662483395326496,3.05,0.012425303908147022,38,27
00-0037746,2023,RB,Brian Robinson,15,13.206666666666667,13.949999999999998,12.711111111111112,0.11438561438561436,0.07905439913553504,1.2388888888888854,0.03533121525007932,22,20
00-0037746,2024,RB,Brian Robinson,14,11.414285714285713,7.766666666666667,14.149999999999999,0.060456763350501465,0.05978539630051375,-6.383333333333332,0.0006713670499877145,28,41
00-0037746,2025,RB,Brian Robinson,17,3.6764705882352935,2.7999999999999994,4.154545454545454,0.020517676767676768,0.020880440365506833,-1.354545454545455,-0.0003627635978300653,71,78
00-0037755,2022,TE,Jelani Woods,12,6.1833333333333345,6.883333333333333,5.483333333333333,0.1453600690574915,0.10171200639608347,1.3999999999999995,0.04364806266140803,30,28
00-0037801,2022,WR,KaVontae Turpin,17,0.2117647058823529,0.0,0.32727272727272727,0.0,0.002926723514958806,-0.32727272727272727,-0.002926723514958806,164,163
00-0037801,2023,WR,KaVontae Turpin,16,3.73125,1.0833333333333333,5.319999999999999,0.021981837606837598,0.033309885690400394,-4.236666666666666,-0.011328048083562796,119,162
00-0037801,2024,WR,KaVontae Turpin,17,6.129411764705883,5.383333333333333,6.536363636363635,0.10389744149477198,0.080952506075184,-1.1530303030303024,0.022944935419587975,93,96
00-0037801,2025,WR,KaVontae Turpin,15,5.633333333333334,6.216666666666668,5.2444444444444445,0.05833435688893598,0.06934312810706501,0.9722222222222232,-0.011008771218129036,87,71
00-0037805,2023,TE,Jeremy Ruckert,10,3.11,3.9166666666666665,1.9,0.08407587782587782,0.06539136517077694,2.0166666666666666,0.018684512655100877,60,51
00-0037805,2024,TE,Jeremy Ruckert,14,2.0357142857142856,1.3666666666666665,2.5375,0.04836289441552596,0.062163323681211025,-1.1708333333333336,-0.013800429265685067,70,77
00-0037805,2025,TE,Jeremy Ruckert,14,3.35,3.5499999999999994,3.2,0.09917651924293287,0.07302591964424436,0.3499999999999992,0.026150599598688512,59,60
00-0037809,2022,TE,Chig Okonkwo,16,6.075,9.983333333333333,3.7299999999999995,0.15060228919878035,0.120604055460237,6.253333333333333,0.02999823373854335,31,10
00-0037809,2023,TE,Chig Okonkwo,17,6.670588235294117,9.316666666666668,5.2272727272727275,0.16987567987567984,0.1617869511295116,4.089393939393941,0.008088728746168228,30,16
00-0037809,2024,TE,Chig Okonkwo,16,7.1,11.233333333333334,4.619999999999999,0.19476726726726715,0.14104935279637257,6.613333333333335,0.05371791447089458,28,12
00-0037809,2025,TE,Chig Okonkwo,17,7.294117647058824,8.549999999999999,6.6090909090909085,0.1821484688151355,0.14978941269431215,1.9409090909090905,0.03235905612082335,30,20
00-0037816,2022,WR,Romeo Doubs,13,7.815384615384615,6.8500000000000005,8.642857142857142,0.13893578442126547,0.156594513153423,-1.7928571428571418,-0.017658728732157514,71,80
00-0037816,2023,WR,Romeo Doubs,17,10.258823529411764,8.016666666666666,11.48181818181818,0.1350715471748752,0.1672106715674176,-3.465151515151515,-0.03213912439254238,49,62
00-0037816,2024,WR,Romeo Doubs,13,10.161538461538461,9.283333333333333,10.914285714285713,0.201373102488721,0.1973426103893448,-1.6309523809523796,0.004030492099376198,50,60
00-0037816,2025,WR,Romeo Doubs,16,10.337499999999999,8.416666666666666,11.489999999999998,0.13684633873539429,0.18878292074131653,-3.0733333333333324,-0.051936582005922244,43,47
00-0037828,2022,WR,Danny Gray,7,0.41428571428571426,0.48333333333333334,0.0,0.0259332454984629,0.03413325804630153,0.48333333333333334,-0.008200012547838632,161,157
00-0037834,2022,QB,Brock Purdy,9,11.806666666666665,17.55333333333333,0.3133333333333333,0.0,0.0,17.24,0.0,33,10
00-0037834,2023,QB,Brock Purdy,16,18.475,17.83666666666667,18.857999999999997,0.0,0.0,-1.0213333333333274,0.0,7,11
00-0037834,2024,QB,Brock Purdy,15,17.790666666666667,16.333333333333332,18.762222222222224,0.0,0.0,-2.428888888888892,0.0,10,18
00-0037834,2025,QB,Brock Purdy,9,19.70888888888889,20.606666666666666,17.91333333333333,0.0,0.0,2.693333333333335,0.0,6,4
00-0037837,2023,WR,Calvin Austin III,16,3.29375,2.0333333333333337,4.05,0.0247145061728395,0.06182213630324376,-2.016666666666666,-0.03710763013040426,130,146
00-0037837,2024,WR,Calvin Austin III,17,7.105882352941176,6.8999999999999995,7.218181818181819,0.1383275090171642,0.1310826757082507,-0.31818181818181923,0.007244833308913512,82,84
00-0037837,2025,WR,Calvin Austin III,14,6.157142857142857,4.666666666666667,7.2749999999999995,0.08920820161623777,0.13091222626551138,-2.6083333333333325,-0.04170402464927361,76,98
00-0037838,2022,TE,Isaiah Likely,14,6.521428571428571,6.966666666666666,6.1875,0.166087962962963,0.1482625595518597,0.7791666666666659,0.01782540341110328,27,27
00-0037838,2023,TE,Isaiah Likely,14,7.221428571428571,13.866666666666665,2.2375,0.16113388955460548,0.10037774307047227,11.629166666666666,0.0607561464841332,25,6
00-0037838,2024,TE,Isaiah Likely,15,8.246666666666666,9.1,7.677777777777777,0.13879942229346173,0.13319418136690164,1.4222222222222225,0.00560524092656009,19,20
00-0037838,2025,TE,Isaiah Likely,12,5.141666666666667,6.316666666666667,3.966666666666667,0.1332442067736185,0.11997037649051716,2.3500000000000005,0.013273830283101348,41,35
00-0037840,2022,RB,Kyren Williams,8,3.8125000000000004,3.0333333333333337,6.15,0.0432563025210084,0.05183662128515071,-3.1166666666666667,-0.008580318764142308,74,88
00-0037840,2023,RB,Kyren Williams,12,21.25,23.98333333333333,18.516666666666666,0.12012414043367563,0.11013359960822013,5.466666666666665,0.009990540825455502,2,2
00-0037840,2024,RB,Kyren Williams,16,17.00625,17.083333333333336,16.96,0.05780707342492236,0.07845699780701339,0.12333333333333485,-0.020649924382091026,10,11
00-0037840,2025,RB,Kyren Williams,17,15.488235294117647,15.216666666666667,15.636363636363637,0.07855623733524127,0.0807717465545122,-0.4196969696969699,-0.002215509219270939,11,13
00-0038040,2022,RB,Zamir White,11,0.6363636363636365,0.8333333333333335,0.4,0.0,0.0,0.43333333333333346,0.0,114,108
00-0038040,2023,RB,Zamir White,13,5.684615384615385,10.25,1.7714285714285716,0.06246458240894457,0.04187937143185622,8.478571428571428,0.020585210977088347,59,35
00-0038040,2024,RB,Zamir White,8,3.6624999999999996,2.983333333333333,5.699999999999999,0.011706349206349215,0.030481150793650786,-2.7166666666666663,-0.01877480158730157,73,79
00-0038041,2022,TE,Jake Ferguson,11,4.3999999999999995,3.433333333333333,5.56,0.05292017657450796,0.06332784532111699,-2.1266666666666665,-0.010407668746609026,47,61
00-0038041,2023,TE,Jake Ferguson,17,10.41764705882353,11.833333333333334,9.645454545454545,0.20288172788172784,0.16826533840807187,2.1878787878787893,0.03461638947365597,10,8
00-0038041,2024,TE,Jake Ferguson,14,7.457142857142856,4.766666666666667,9.475,0.15354620591921292,0.1737511880793368,-4.708333333333333,-0.02020498216012387,25,42
00-0038041,2025,TE,Jake Ferguson,17,11.064705882352941,6.166666666666667,13.736363636363636,0.115482687325888,0.16479808966849077,-7.569696969696969,-0.049315402342602774,11,36
00-0038045,2023,RB,Isaiah Spiller,9,2.111111111111111,2.216666666666667,1.9000000000000001,0.018603307254623048,0.021661464095674623,0.31666666666666665,-0.003058156841051575,95,91
00-0038046,2023,TE,Charlie Kolar,9,2.4111111111111114,3.6166666666666667,0.0,0.05261149762428539,0.04036533704052888,3.6166666666666667,0.012246160583756507,72,55
00-0038046,2024,TE,Charlie Kolar,10,2.83,1.2166666666666666,5.25,0.030605158730158715,0.03801166591735041,-4.033333333333333,-0.007406507187191696,60,83
00-0038046,2025,TE,Charlie Kolar,13,2.7846153846153845,1.3999999999999997,3.9714285714285715,0.027272727272727268,0.045836066107805225,-2.571428571428572,-0.018563338835077957,68,88
00-0038090,2022,WR,Skyy Moore,16,3.0875,3.416666666666666,2.89,0.05739653707133379,0.057029423541722746,0.526666666666666,0.00036711352961104476,132,118
00-0038090,2023,WR,Skyy Moore,13,4.13076923076923,2.733333333333333,5.328571428571428,0.07092728030228028,0.08204758431880449,-2.5952380952380953,-0.01112030401652421,109,133
00-0038090,2025,WR,Skyy Moore,17,0.8705882352941177,0.7166666666666667,0.9545454545454546,0.00505050505050505,0.013334697911595764,-0.2378787878787879,-0.008284192861090714,171,170
00-0038098,2022,RB,Pierre Strong,10,2.7199999999999998,4.45,0.125,0.03752036493971978,0.02251221896383187,4.325,0.015008145975887913,91,71
00-0038098,2023,RB,Pierre Strong,16,2.6750000000000003,2.4499999999999997,2.8099999999999996,0.018118393234672316,0.014196763897380744,-0.3599999999999999,0.0039216293372915725,86,87
00-0038098,2024,RB,Pierre Strong,13,2.7076923076923074,2.35,3.0142857142857147,0.03914154214229237,0.047558620580438506,-0.6642857142857146,-0.008417078438146139,86,86
00-0038102,2022,QB,Kenny Pickett,13,11.527692307692307,10.753333333333336,12.191428571428572,0.0,0.0,-1.4380952380952365,0.0,34,31
00-0038102,2023,QB,Kenny Pickett,12,9.183333333333334,6.786666666666666,11.58,0.0,0.0,-4.793333333333334,0.0,35,39
00-0038102,2025,QB,Kenny Pickett,6,1.2866666666666668,1.2866666666666668,-1.68,0.0,0.0,2.966666666666667,0.0,42,42
00-0038104,2022,WR,Tyquan Thornton,12,5.5249999999999995,5.683333333333333,5.366666666666667,0.12331500396609509,0.12475950219688504,0.31666666666666554,-0.001444498230789959,96,91
00-0038104,2023,WR,Tyquan Thornton,9,3.0222222222222217,3.7833333333333337,1.5,0.09439127181062662,0.08413559433814495,2.2833333333333337,0.01025567747248167,133,114
00-0038104,2025,WR,Tyquan Thornton,12,6.733333333333334,2.9499999999999997,10.516666666666667,0.05128307939053731,0.09029038925324066,-7.566666666666668,-0.03900730986270335,70,125
00-0038108,2023,QB,Bailey Zappe,10,6.917999999999999,11.143333333333333,0.58,0.0,0.0,10.563333333333333,0.0,39,28
00-0038115,2022,TE,Daniel Bellinger,11,6.818181818181818,4.6499999999999995,9.420000000000002,0.10322546515650428,0.12020340057487644,-4.770000000000002,-0.016977935418372156,25,42
00-0038115,2023,TE,Daniel Bellinger,14,3.6071428571428568,5.266666666666667,2.3625,0.10060401653538907,0.07400760112474106,2.904166666666667,0.026596415410648014,49,41
00-0038115,2024,TE,Daniel Bellinger,12,2.2083333333333335,3.4,1.0166666666666666,0.06098197210729176,0.038295640788125175,2.3833333333333333,0.022686331319166586,67,49
00-0038115,2025,TE,Daniel Bellinger,13,4.584615384615384,3.866666666666667,5.2,0.07214427916760573,0.06282152135151825,-1.333333333333333,0.009322757816087476,48,55
00-0038117,2022,WR,Wan'Dale Robinson,6,8.6,8.6,1.5,0.17048372815941346,0.17048372815941346,7.1,0.0,62,58
00-0038117,2023,WR,Wan'Dale Robinson,15,8.879999999999999,11.433333333333332,7.177777777777777,0.22558481369755867,0.18362502453706722,4.255555555555555,0.04195978916049145,56,41
00-0038117,2024,WR,Wan'Dale Robinson,17,10.747058823529413,10.633333333333333,10.809090909090909,0.25937417617404834,0.25093455288908684,-0.17575757575757578,0.008439623284961506,45,49
00-0038117,2025,WR,Wan'Dale Robinson,16,13.618749999999999,15.416666666666666,12.54,0.37958628780129794,0.30265772214460096,2.876666666666667,0.07692856565669698,16,14
00-0038120,2022,RB,Breece Hall,7,16.442857142857143,17.500000000000004,10.1,0.1078543027499936,0.11500293619172379,7.400000000000004,-0.0071486334417301955,8,7
00-0038120,2023,RB,Breece Hall,17,17.08823529411765,23.266666666666666,13.718181818181819,0.20186387686387694,0.160976048484699,9.548484848484847,0.040887828379177926,6,3
00-0038120,2024,RB,Breece Hall,16,15.05625,14.783333333333333,15.220000000000002,0.10951600357958309,0.14129674987340163,-0.4366666666666692,-0.03178074629381854,17,16
00-0038120,2025,RB,Breece Hall,16,12.97875,11.449999999999998,13.896,0.08139992854967554,0.10585165145619363,-2.4460000000000033,-0.024451722906518092,21,26
00-0038122,2023,QB,Desmond Ridder,15,11.809333333333333,11.023333333333333,12.333333333333334,0.0,0.003703703703703707,-1.3100000000000005,-0.003703703703703707,27,29
00-0038124,2022,WR,Christian Watson,14,11.721428571428572,13.933333333333332,10.0625,0.2202037144142407,0.16732832705528441,3.870833333333332,0.05287538735895628,33,21
00-0038124,2023,WR,Christian Watson,9,11.255555555555553,12.25,9.266666666666667,0.1774880895933527,0.17557832296983034,2.9833333333333325,0.001909766623522352,42,34
00-0038124,2024,WR,Christian Watson,14,7.521428571428572,5.566666666666666,8.9875,0.15924134994310435,0.14798740170006633,-3.4208333333333343,0.01125394824303802,76,93
00-0038124,2025,WR,Christian Watson,10,13.24,14.166666666666666,11.850000000000001,0.24682714198456335,0.2030746401690929,2.3166666666666647,0.04375250181547044,17,19
00-0038128,2022,QB,Malik Willis,7,2.7628571428571425,3.25,-0.16,0.0,0.0,3.41,0.0,40,40
00-0038128,2024,QB,Malik Willis,6,8.633333333333333,8.633333333333333,0.0,0.0,0.0,8.633333333333333,0.0,43,41
00-0038129,2022,TE,Cade Otton,16,5.8187500000000005,5.5,6.01,0.10492024854538727,0.08899282378436288,-0.5099999999999998,0.015927424761024392,33,35
00-0038129,2023,TE,Cade Otton,17,6.970588235294118,4.283333333333333,8.436363636363637,0.09227527851925331,0.12091396204273759,-4.153030303030304,-0.028638683523484282,27,47
00-0038129,2024,TE,Cade Otton,14,10.042857142857143,9.1,10.75,0.19913748163764497,0.18437078114234168,-1.6500000000000004,0.014766700495303292,12,20
00-0038129,2025,TE,Cade Otton,15,8.146666666666667,7.849999999999999,8.344444444444443,0.1709311118988538,0.17393131574974038,-0.49444444444444446,-0.0030002038508865903,25,24
00-0038134,2022,RB,Kenneth Walker III,15,13.5,12.25,14.333333333333334,0.050010903990364806,0.06871735358499995,-2.083333333333334,-0.01870644959463514,17,20
00-0038134,2023,RB,Kenneth Walker III,15,13.293333333333331,10.733333333333334,15.0,0.07771371616341903,0.08024264362252474,-4.266666666666666,-0.002528927459105712,20,33
00-0038134,2024,RB,Kenneth Walker III,11,16.472727272727273,11.65,22.259999999999998,0.14102446482651054,0.13670089589309237,-10.609999999999998,0.004323568933418176,12,25
00-0038134,2025,RB,Kenneth Walker III,17,11.28823529411765,11.25,11.30909090909091,0.10529324968315153,0.08258608650570583,-0.059090909090910415,0.0227071631774457,29,27
00-0038359,2024,WR,Xavier Smith,14,0.4428571428571428,0.09999999999999999,0.7,0.0,0.003174603174603171,-0.6,-0.003174603174603171,165,170
00-0038359,2025,WR,Xavier Smith,16,3.01875,5.466666666666666,1.5500000000000003,0.0676260938357713,0.04578999824789674,3.9166666666666656,0.021836095587874554,133,81
00-0038389,2023,RB,Israel Abanikanda,6,3.0500000000000003,3.0500000000000003,2.6,0.0485209235209235,0.0485209235209235,0.4500000000000002,0.0,80,81
00-0038393,2023,WR,Dontayvion Wicks,15,7.984000000000001,12.35,5.073333333333334,0.14897948664396013,0.11538256727289635,7.2766666666666655,0.03359691937106378,67,33
00-0038393,2024,WR,Dontayvion Wicks,17,6.5,7.966666666666668,5.7,0.19838757543234245,0.1647795182214365,2.2666666666666675,0.033608057210905956,89,72
00-0038393,2025,WR,Dontayvion Wicks,13,5.8307692307692305,6.9333333333333345,4.885714285714285,0.11512406495165113,0.12813559267140162,2.0476190476190492,-0.01301152771975049,84,66
00-0038394,2023,TE,Will Mallory,11,3.5181818181818176,4.749999999999999,2.04,0.08531731635557604,0.07005999979286132,2.709999999999999,0.015257316562714729,52,45
00-0038394,2024,TE,Will Mallory,7,0.9857142857142858,0.8666666666666667,1.7,0.039294054213409084,0.036855221071810954,-0.8333333333333333,0.0024388331415981304,87,87
00-0038396,2023,RB,Eric Gray,10,1.3,2.1666666666666665,0.0,0.03464523629964798,0.02078714177978879,2.1666666666666665,0.013858094519859192,102,92
00-0038396,2024,RB,Eric Gray,14,1.3785714285714286,0.9666666666666667,1.6875,0.021567996567996562,0.02491572078644597,-0.7208333333333333,-0.0033477242184494077,99,100
00-0038397,2025,RB,Evan Hull,6,1.0666666666666667,1.0666666666666667,1.5,0.008333333333333333,0.008333333333333333,-0.43333333333333335,0.0,96,96
00-0038440,2025,RB,Zavier Scott,11,3.563636363636364,1.8333333333333333,5.640000000000001,0.02579543561552557,0.0435074670456979,-3.8066666666666675,-0.017712031430172328,73,86
00-0038454,2023,RB,Keaton Mitchell,7,9.985714285714286,11.333333333333334,1.9,0.06088466183574879,0.05728889381839692,9.433333333333334,0.003595768017351869,36,31
00-0038454,2025,RB,Keaton Mitchell,13,4.2615384615384615,5.433333333333334,3.2571428571428567,0.04722222222222222,0.04206243032329989,2.176190476190477,0.005159791898922329,66,60
00-0038465,2023,WR,Malik Heath,12,2.7916666666666665,3.8666666666666667,1.7166666666666666,0.069232139549477,0.06154921875399109,2.1500000000000004,0.007682920795485916,136,112
00-0038465,2025,WR,Malik Heath,7,2.085714285714286,1.6500000000000001,4.7,0.0294243751140303,0.030511898245888402,-3.05,-0.0010875231318581008,148,150
00-0038476,2023,QB,Tommy DeVito,9,10.393333333333334,10.69,9.799999999999999,0.0,0.0,0.8900000000000006,0.0,30,30
00-0038488,2023,RB,Brady Russell,6,0.0,0.0,0.0,0.0,0.0,0.0,0.0,114,113
00-0038488,2024,RB,Brady Russell,8,0.0,0.0,0.0,0.0,0.0,0.0,0.0,111,111
00-0038488,2025,RB,Brady Russell,10,0.0,0.0,0.0,0.00505050505050505,0.00303030303030303,0.0,0.00202020202020202,110,109
00-0038496,2023,WR,Xavier Gipson,17,3.688235294117647,6.349999999999999,2.2363636363636363,0.14306156806156817,0.06842082784989365,4.113636363636362,0.07464074021167452,120,80
00-0038496,2024,WR,Xavier Gipson,17,0.9647058823529411,0.2333333333333333,1.3636363636363635,0.0043859649122807,0.016910946083466178,-1.1303030303030301,-0.012524981171185478,157,168
00-0038496,2025,WR,Xavier Gipson,6,0.43333333333333335,0.43333333333333335,0.0,0.012962962962962968,0.012962962962962968,0.43333333333333335,0.0,176,176
00-0038519,2025,WR,Nikko Remigio,14,0.3,0.0,0.525,0.0,0.0024630541871921217,-0.525,-0.0024630541871921217,179,182
00-0038542,2023,RB,Bijan Robinson,17,14.488235294117645,14.666666666666666,14.390909090909092,0.20169600566272403,0.17315368038141674,0.27575757575757365,0.02854232528130729,17,15
00-0038542,2024,RB,Bijan Robinson,17,20.099999999999998,23.416666666666668,18.290909090909093,0.11531069096858566,0.14079245084383113,5.125757575757575,-0.025481759875245466,3,2
00-0038542,2025,RB,Bijan Robinson,17,21.811764705882354,24.36666666666667,20.41818181818182,0.23150951962216829,0.19760507980769212,3.948484848484849,0.03390443981447616,2,1
00-0038543,2023,WR,Jaxon Smith-Njigba,17,8.811764705882354,9.866666666666665,8.236363636363636,0.18127305553027093,0.17532845441614034,1.630303030303029,0.005944601114130588,58,49
00-0038543,2024,WR,Jaxon Smith-Njigba,17,14.882352941176473,14.216666666666667,15.245454545454544,0.24017805756774982,0.23754172692923944,-1.0287878787878775,0.0026363306385103757,20,31
00-0038543,2025,WR,Jaxon Smith-Njigba,17,21.170588235294115,17.483333333333338,23.181818181818183,0.32809320957988564,0.3677047335575659,-5.698484848484846,-0.03961152397768025,2,8
00-0038544,2023,WR,Quentin Johnston,17,5.529411764705881,7.966666666666665,4.2,0.13638381447931003,0.1105561673403509,3.766666666666665,0.02582764713895913,89,63
00-0038544,2024,WR,Quentin Johnston,15,11.646666666666668,13.449999999999998,10.444444444444445,0.25342432950191585,0.2093698657714719,3.005555555555553,0.044054463730443943,41,33
00-0038544,2025,WR,Quentin Johnston,13,13.169230769230772,9.75,16.1,0.18965969553276718,0.19966168261167366,-6.350000000000001,-0.010001987078906482,18,36
00-0038547,2023,TE,Luke Schoonmaker,12,2.2083333333333335,2.683333333333333,1.7333333333333332,0.03191287878787878,0.0349554363341128,0.95,-0.0030425575462340176,74,67
00-0038547,2024,TE,Luke Schoonmaker,12,4.758333333333334,5.316666666666667,4.2,0.07451531443466933,0.0751568151361169,1.1166666666666671,-0.0006415007014475699,40,36
00-0038547,2025,TE,Luke Schoonmaker,14,1.9428571428571428,2.15,1.7875,0.037626148680727785,0.04581444675955385,0.3624999999999998,-0.008188298078826067,80,74
00-0038551,2023,RB,Kendre Miller,7,6.185714285714285,6.483333333333333,4.4,0.055921134827323186,0.052134081952831646,2.083333333333333,0.0037870528744915408,54,56
00-0038551,2024,RB,Kendre Miller,6,4.8500000000000005,4.8500000000000005,5.7,0.040750706032391566,0.040750706032391566,-0.8499999999999996,0.0,59,58
00-0038551,2025,RB,Kendre Miller,7,4.757142857142858,5.1499999999999995,2.4,0.024818642581404666,0.021273122212632573,2.7499999999999996,0.0035455203687720926,62,62
00-0038555,2023,RB,Tank Bigsby,13,1.907692307692308,1.3,2.4285714285714284,0.0053763440860215,0.009555565402339592,-1.1285714285714283,-0.004179221316318093,98,97
00-0038555,2024,RB,Tank Bigsby,16,8.0625,7.75,8.25,0.03703009085604735,0.025099519365135405,-0.5,0.011930571490911947,43,42
00-0038555,2025,RB,Tank Bigsby,15,3.5866666666666664,6.016666666666667,1.9666666666666666,0.021736977619330588,0.011593341772369915,4.05,0.010143635846960673,72,55
00-0038558,2023,TE,Darnell Washington,8,1.6375,1.8500000000000003,1.0,0.04138836020301539,0.04373541591092343,0.8500000000000003,-0.0023470557079080384,82,77
00-0038558,2024,TE,Darnell Washington,13,3.4615384615384617,2.6666666666666665,4.142857142857143,0.07640008140008134,0.07134593172218587,-1.4761904761904767,0.00505414967789547,50,57
00-0038558,2025,TE,Darnell Washington,13,5.646153846153846,4.416666666666667,6.700000000000001,0.09735045020840159,0.1120161536150061,-2.283333333333334,-0.014665703406604502,40,46
00-0038559,2023,WR,Michael Wilson,13,8.807692307692308,7.866666666666667,9.614285714285714,0.15795257818558558,0.13645475822620304,-1.7476190476190467,0.021497819959382547,59,64
00-0038559,2024,WR,Michael Wilson,16,7.78125,7.966666666666666,7.67,0.12160806339800662,0.1449004207890856,0.29666666666666597,-0.02329235739107899,73,73
00-0038559,2025,WR,Michael Wilson,17,12.976470588235294,19.033333333333335,9.672727272727272,0.25286268072112,0.19221492000630655,9.360606060606063,0.06064776071481345,19,5
00-0038563,2023,WR,Tre Tucker,13,5.523076923076923,6.8999999999999995,4.3428571428571425,0.08831537229178084,0.0806343519427426,2.557142857142857,0.0076810203490382395,90,73
00-0038563,2024,WR,Tre Tucker,17,7.605882352941175,7.0,7.9363636363636365,0.11913846619728974,0.13773577718684546,-0.9363636363636365,-0.01859731098955572,75,81
00-0038563,2025,WR,Tre Tucker,17,9.511764705882355,5.683333333333334,11.600000000000001,0.18454378954378947,0.18959043657272523,-5.916666666666668,-0.005046647028935758,48,76
00-0038564,2025,TE,Cameron Latu,10,0.0,0.0,0.0,0.0,0.0,0.0,0.0,98,98
00-0038573,2023,WR,Derius Davis,17,2.2176470588235295,1.3166666666666667,2.709090909090909,0.01966472520908005,0.03009374326151844,-1.3924242424242423,-0.010429018052438392,150,160
00-0038573,2024,WR,Derius Davis,15,2.6733333333333333,4.416666666666667,1.511111111111111,0.054139299397920164,0.03740460647579673,2.905555555555556,0.016734692922123436,130,107
00-0038573,2025,WR,Derius Davis,11,0.3181818181818182,0.5,0.1,0.0163809144072302,0.008935044222125564,0.4,0.007445870185104637,178,175
00-0038576,2023,WR,Charlie Jones,11,1.8818181818181818,2.183333333333333,1.52,0.034523809523809505,0.022783738001129292,0.6633333333333331,0.011740071522680213,159,141
00-0038576,2024,WR,Charlie Jones,7,1.0714285714285714,1.0,1.5,0.0,0.0049261083743842434,-0.5,-0.0049261083743842434,155,151
00-0038576,2025,WR,Charlie Jones,14,0.42857142857142855,1.0,0.0,0.004901960784313733,0.002100840336134457,1.0,0.002801120448179276,177,163
00-0038579,2023,QB,Aidan O'Connell,11,11.43818181818182,14.18,8.148,0.0,0.0,6.032,0.0,28,23
00-0038579,2024,QB,Aidan O'Connell,9,10.386666666666667,12.226666666666667,6.706666666666667,0.0,0.0,5.52,0.0,36,34
00-0038582,2023,QB,Clayton Tune,6,1.2466666666666666,1.2466666666666666,0.16,0.0,0.0,1.0866666666666667,0.0,44,44
00-0038583,2023,QB,Dorian Thompson-Robinson,7,3.157142857142857,3.4766666666666666,1.24,0.0,0.0,2.2366666666666664,0.0,41,42
00-0038583,2024,QB,Dorian Thompson-Robinson,6,2.6333333333333333,2.6333333333333333,3.68,0.0,0.0,-1.0466666666666669,0.0,45,45
00-0038589,2023,TE,Josh Whyle,9,2.711111111111111,2.0166666666666666,4.1,0.07008705194979693,0.05853968370308232,-2.083333333333333,0.011547368246714616,65,72
00-0038589,2024,TE,Josh Whyle,15,4.053333333333334,5.166666666666667,3.3111111111111113,0.09725542850542845,0.08047919277567224,1.8555555555555556,0.016776235729756214,46,37
00-0038589,2025,TE,Josh Whyle,6,2.4333333333333336,2.4333333333333336,7.2,0.05093001118488375,0.05093001118488375,-4.766666666666667,0.0,75,71
00-0038597,2023,RB,Chase Brown,12,4.458333333333333,8.2,0.7166666666666667,0.06349078341013825,0.03910670323304732,7.4833333333333325,0.024384080177090935,67,42
00-0038597,2024,RB,Chase Brown,16,15.9375,19.316666666666666,13.91,0.11563188361180554,0.10730175554806319,5.406666666666666,0.00833012806374235,14,5
00-0038597,2025,RB,Chase Brown,17,16.623529411764707,22.299999999999997,13.52727272727273,0.14041375841036266,0.1432376740272641,8.772727272727268,-0.002823915616901429,7,2
00-0038606,2023,WR,Parker Washington,8,4.9,6.533333333333334,0.0,0.08611756369671841,0.06458817277253881,6.533333333333334,0.021529390924179603,95,76
00-0038606,2024,WR,Parker Washington,14,6.928571428571428,11.533333333333333,3.4749999999999996,0.15587230140868547,0.1095400309353233,8.058333333333334,0.046332270473362164,86,44
00-0038606,2025,WR,Parker Washington,16,11.54375,15.866666666666667,8.95,0.21779722118431785,0.18005394624396998,6.916666666666668,0.037743274940347876,33,12
00-0038608,2024,WR,Kayshon Boutte,15,8.126666666666667,11.1,6.144444444444444,0.2031161947361105,0.15573675669803005,4.955555555555556,0.04737943803808045,70,47
00-0038608,2025,WR,Kayshon Boutte,14,8.864285714285714,4.666666666666667,12.0125,0.09664502164502171,0.11979506558881783,-7.345833333333332,-0.02315004394379612,50,98
00-0038611,2023,RB,Chris Rodriguez Jr.,9,4.211111111111111,5.3,2.033333333333333,0.0091765873015873,0.0061177248677248665,3.2666666666666666,0.0030588624338624337,69,66
00-0038611,2024,RB,Chris Rodriguez Jr.,7,4.5,4.383333333333334,5.2,0.004761904761904767,0.004081632653061228,-0.8166666666666664,0.0006802721088435383,61,63
00-0038611,2025,RB,Chris Rodriguez Jr.,12,7.666666666666667,10.266666666666667,5.066666666666666,0.02655609329838005,0.013278046649190025,5.200000000000001,0.013278046649190025,45,30
00-0038612,2023,WR,A.T. Perry,8,7.575,7.8500000000000005,6.75,0.07069248702615843,0.0722761220263756,1.1000000000000005,-0.0015836350002171595,70,65
00-0038618,2023,WR,Xavier Hutchinson,12,1.8250000000000002,2.6,1.05,0.08656853284462394,0.04929698755131217,1.55,0.037271545293311774,161,135
00-0038618,2024,WR,Xavier Hutchinson,14,1.6928571428571426,2.0500000000000003,1.4249999999999998,0.0707909868393739,0.060268543681821586,0.6250000000000004,0.010522443157552318,146,135
00-0038618,2025,WR,Xavier Hutchinson,16,6.125,4.7,6.980000000000001,0.1338139778703503,0.11204371841973829,-2.280000000000001,0.021770259450612006,77,94
00-0038619,2023,WR,Andrei Iosivas,11,4.6000000000000005,5.383333333333333,3.6599999999999993,0.10094017094017094,0.06679332031604758,1.7233333333333336,0.03414685062412336,98,89
00-0038619,2024,WR,Andrei Iosivas,17,7.05294117647059,8.083333333333334,6.49090909090909,0.09877763227828222,0.0993452747790447,1.5924242424242436,-0.0005676425007624802,83,71
00-0038619,2025,WR,Andrei Iosivas,15,5.993333333333333,4.633333333333334,6.9,0.07493154522017002,0.10200819182678815,-2.2666666666666666,-0.027076646606618127,79,100
00-0038621,2023,WR,DeMario Douglas,14,7.6571428571428575,9.1,6.575,0.23964690451064183,0.1790711655708847,2.5249999999999995,0.06057573893975712,69,53
00-0038621,2024,WR,DeMario Douglas,16,9.23125,9.383333333333333,9.14,0.16241601248613868,0.18506923404033188,0.2433333333333323,-0.022653221554193192,57,57
00-0038621,2025,WR,DeMario Douglas,16,5.9875,3.5666666666666664,7.4399999999999995,0.06798701298701298,0.09764330564696008,-3.873333333333333,-0.029656292659947098,80,116
00-0038622,2023,RB,Deuce Vaughn,6,2.5,2.5,0.8,0.03284578284578285,0.03284578284578285,1.7,0.0,90,86
00-0038636,2024,RB,Kenny McIntosh,11,2.036363636363636,3.466666666666667,0.32,0.021635346347990015,0.011801098007994554,3.146666666666667,0.009834248339995461,94,74
00-0038640,2024,WR,Jalen Brooks,12,2.975,3.8333333333333326,2.1166666666666667,0.07230375387702988,0.0658502895113351,1.716666666666666,0.006453464365694772,123,113
00-0038643,2025,TE,Brayden Willis,6,0.0,0.0,0.0,0.0043859649122807,0.0043859649122807,0.0,0.0,98,98
00-0038647,2023,WR,Ronnie Bell,13,2.369230769230769,2.6166666666666667,2.157142857142857,0.049704308037641365,0.03705426633028442,0.45952380952380967,0.012650041707356945,143,134
00-0038678,2024,RB,Jordan Mims,8,3.2624999999999997,4.166666666666667,0.55,0.09980881691408013,0.0748566126855601,3.616666666666667,0.024952204228520028,78,67
00-0038679,2025,WR,Tyrell Shavers,11,4.136363636363637,5.900000000000001,2.0200000000000005,0.07856082189415524,0.07737091191636646,3.880000000000001,0.0011899099777887834,111,74
00-0038685,2024,RB,Chris Brooks,11,3.8363636363636364,4.45,3.1,0.0387302820636154,0.04501580875912421,1.35,-0.00628552669550881,69,61
00-0038685,2025,RB,Chris Brooks,17,1.9235294117647062,2.6166666666666667,1.5454545454545454,0.04133322227775002,0.03587388208959775,1.0712121212121213,0.005459340188152272,87,79
00-0038705,2023,RB,Emari Demercado,11,6.663636363636365,8.299999999999999,4.7,0.09520511791309759,0.07855208998212773,3.5999999999999988,0.016653027930969858,50,40
00-0038705,2024,RB,Emari Demercado,13,4.207692307692308,4.6,3.871428571428571,0.047890162333246854,0.049953460139970624,0.7285714285714286,-0.0020632978067237698,65,59
00-0038705,2025,RB,Emari Demercado,12,4.858333333333333,5.533333333333334,4.183333333333334,0.06322320299180553,0.043239563909869244,1.3500000000000005,0.01998363908193629,61,58
00-0038710,2024,TE,Blake Whiteheart,7,2.442857142857143,1.1333333333333335,10.3,0.027736127994950916,0.037166681138529355,-9.166666666666668,-0.009430553143578439,63,85
00-0038710,2025,TE,Blake Whiteheart,9,0.26666666666666666,0.2333333333333333,0.3333333333333333,0.028828108919642104,0.024665362373443325,-0.1,0.004162746546198779,95,96
00-0038720,2023,TE,Julian Hill,10,0.8799999999999999,1.2333333333333332,0.35,0.03493827160493828,0.029079846079846088,0.8833333333333332,0.005858425525092192,88,87
00-0038720,2024,TE,Julian Hill,14,1.5714285714285714,0.9499999999999998,2.0375,0.020164729947338634,0.039901526521916905,-1.0875000000000004,-0.01973679657457827,76,86
00-0038720,2025,TE,Julian Hill,11,2.8181818181818183,2.066666666666667,3.72,0.06269425019425019,0.06668430499981305,-1.6533333333333333,-0.003990054805562859,65,77
00-0038738,2023,RB,Hunter Luepke,10,1.27,0.5333333333333333,2.375,0.013898172905525849,0.01104160644601821,-1.8416666666666668,0.00285656645950764,103,105
00-0038738,2024,RB,Hunter Luepke,14,1.9214285714285713,0.75,2.8,0.021224480623813217,0.03289826849200069,-2.05,-0.011673787868187475,96,104
00-0038738,2025,RB,Hunter Luepke,14,2.642857142857143,2.85,2.4875,0.03657838739360478,0.033386233021049753,0.36250000000000027,0.003192154372555024,79,75
00-0038752,2023,WR,Jake Bobo,14,4.064285714285714,1.6666666666666667,5.862500000000001,0.041116788101437214,0.056251837196386045,-4.195833333333334,-0.015135049094948831,113,154
00-0038752,2024,WR,Jake Bobo,12,2.475,2.1,2.85,0.026371779297142985,0.036922646583368496,-0.75,-0.01055086728622551,133,133
00-0038783,2024,TE,Nate Adkins,15,2.9,3.683333333333333,2.3777777777777778,0.041749409362729716,0.031832571941367585,1.3055555555555554,0.00991683742136213,59,47
00-0038783,2025,TE,Nate Adkins,6,2.8000000000000003,2.8000000000000003,2.5,0.04935501389952735,0.04935501389952735,0.30000000000000027,0.0,66,67
00-0038794,2023,RB,Jaleel McLaughlin,17,6.235294117647058,5.433333333333334,6.672727272727273,0.08110119047619051,0.07599758582263651,-1.2393939393939393,0.005103604653554,53,63
00-0038794,2024,RB,Jaleel McLaughlin,16,6.075,6.416666666666667,5.87,0.052898133491153514,0.05246370118308448,0.5466666666666669,0.00043443230806903405,50,52
00-0038794,2025,RB,Jaleel McLaughlin,8,3.9250000000000003,3.8333333333333335,4.2,0.022998352245066103,0.025528678713714115,-0.3666666666666667,-0.002530326468648012,68,66
00-0038797,2024,RB,Emanuel Wilson,17,5.647058823529412,6.533333333333334,5.163636363636364,0.0128395061728395,0.02942270256374422,1.36969696969697,-0.01658319639090472,55,50
00-0038797,2025,RB,Emanuel Wilson,17,5.5588235294117645,3.3499999999999996,6.763636363636363,0.023333333333333334,0.03732228555757965,-3.413636363636363,-0.013988952224246318,57,70
00-0038809,2023,TE,Ben Sims,6,2.0166666666666666,2.0166666666666666,2.2,0.03080451050151863,0.03080451050151863,-0.18333333333333357,0.0,78,72
00-0038821,2023,WR,Rakim Jarrett,7,1.4285714285714286,1.6666666666666667,0.0,0.03946642099471085,0.0338283608526093,1.6666666666666667,0.005638060142101553,164,154
00-0038821,2024,WR,Rakim Jarrett,8,2.6750000000000003,1.7833333333333332,5.3500000000000005,0.037628363628263446,0.04040570469875719,-3.5666666666666673,-0.0027773410704937454,129,141
00-0038824,2024,WR,Ryan Miller,9,4.0888888888888895,3.3166666666666664,5.633333333333333,0.057792462593986266,0.06444471100711062,-2.3166666666666664,-0.006652248413124354,111,119
00-0038824,2025,WR,Ryan Miller,9,1.2666666666666666,0.39999999999999997,3.0,0.0033333333333333335,0.012843763303533423,-2.6,-0.00951042997020009,161,179
00-0038839,2025,WR,Mitchell Tinsley,8,3.95,3.8833333333333333,4.15,0.10069719970099482,0.08323756882762447,-0.26666666666666705,0.017459630873370352,117,111
00-0038840,2025,WR,Brycen Tremayne,15,1.9999999999999998,0.7833333333333333,2.811111111111111,0.01904761904761905,0.03680545544663386,-2.0277777777777777,-0.017757836399014813,151,167
00-0038896,2025,RB,Jacob Saylors,11,0.1,0.0,0.22000000000000003,0.0,0.0,-0.22000000000000003,0.0,108,109
00-0038933,2023,TE,Dalton Kincaid,16,9.39375,7.616666666666667,10.459999999999999,0.17666194451908734,0.17856266792881642,-2.843333333333332,-0.001900723409729077,14,24
00-0038933,2024,TE,Dalton Kincaid,13,7.753846153846155,7.316666666666666,8.12857142857143,0.19857804232804235,0.2019474847435867,-0.8119047619047635,-0.003369442415544349,21,28
00-0038933,2025,TE,Dalton Kincaid,12,10.508333333333335,9.35,11.666666666666666,0.13644213810880473,0.14925898444014382,-2.3166666666666664,-0.012816846331339088,14,18
00-0038935,2023,TE,Brenton Strange,7,2.071428571428571,1.9666666666666666,2.7,0.042230745070857244,0.04334063863216334,-0.7333333333333336,-0.0011098935613060995,77,75
00-0038935,2024,TE,Brenton Strange,14,6.507142857142858,6.0,6.8875,0.10849319472725309,0.1143282689590419,-0.8875000000000002,-0.005835074231788806,31,33
00-0038935,2025,TE,Brenton Strange,12,9.833333333333334,10.549999999999999,9.116666666666667,0.16489579441192334,0.15612229556519025,1.4333333333333318,0.008773498846733091,18,13
00-0038938,2023,WR,Jalin Hyatt,13,4.638461538461538,4.65,4.628571428571428,0.12170374560080449,0.10841852801408164,0.02142857142857224,0.013285217586722853,97,97
00-0038938,2024,WR,Jalin Hyatt,10,1.42,2.1,0.4,0.059630606279157006,0.055182935803645174,1.7000000000000002,0.004447670475511832,152,133
00-0038938,2025,WR,Jalin Hyatt,6,1.4166666666666667,1.4166666666666667,0.0,0.07754043529905601,0.07754043529905601,1.4166666666666667,0.0,159,155
00-0038941,2023,WR,Tyler Scott,13,2.761538461538462,3.15,2.4285714285714293,0.0935741341991342,0.09193226625255806,0.7214285714285706,0.001641867946576142,137,128
00-0038951,2024,RB,Sean Tucker,17,4.041176470588235,2.2333333333333334,5.027272727272727,0.017113095238095233,0.019944910190310285,-2.793939393939394,-0.002831814952215052,67,89
00-0038951,2025,RB,Sean Tucker,17,5.376470588235294,3.7166666666666672,6.281818181818181,0.003787878787878783,0.018916417867093045,-2.565151515151514,-0.015128539079214262,58,67
00-0038953,2025,WR,Dylan Drummond,6,1.8666666666666665,1.8666666666666665,4.8,0.07089093701996935,0.07089093701996935,-2.9333333333333336,0.0,153,148
00-0038976,2023,WR,Marvin Mims Jr.,16,4.66875,4.0,5.07,0.08903769841269837,0.0718190155151362,-1.0700000000000003,0.017218682897562176,96,111
00-0038976,2024,WR,Marvin Mims Jr.,17,7.617647058823529,15.816666666666668,3.1454545454545455,0.156820137284542,0.09562085257063702,12.671212121212122,0.06119928471390498,74,23
00-0038976,2025,WR,Marvin Mims Jr.,15,6.333333333333334,5.333333333333333,7.0,0.09425828128431774,0.09941748886558463,-1.666666666666667,-0.005159207581266895,72,84
00-0038977,2023,WR,Tank Dell,10,16.5,18.166666666666668,14.0,0.23758247113510267,0.21035666436153924,4.166666666666668,0.027225806773563427,11,9
00-0038977,2024,WR,Tank Dell,14,10.0,9.916666666666666,10.0625,0.17417714085052782,0.1831886991912997,-0.14583333333333393,-0.009011558340771886,52,54
00-0038979,2023,WR,Cedric Tillman,11,4.018181818181818,4.983333333333333,2.8600000000000003,0.1409375939060842,0.11275552357076767,2.123333333333333,0.028182070335316542,115,94
00-0038979,2024,WR,Cedric Tillman,9,8.933333333333334,12.75,1.3,0.17242809263841433,0.13061925417032133,11.45,0.041808838468092996,60,37
00-0038979,2025,WR,Cedric Tillman,12,4.999999999999999,2.516666666666667,7.483333333333334,0.07747428151699703,0.1050655172680084,-4.966666666666667,-0.02759123575101137,97,137
00-0038994,2023,WR,Jordan Addison,17,13.01764705882353,11.066666666666668,14.081818181818182,0.17889416212278164,0.17670867944563418,-3.015151515151514,0.0021854826771474656,30,42
00-0038994,2024,WR,Jordan Addison,15,14.166666666666668,16.066666666666666,12.899999999999999,0.24223379807461967,0.21200174370401445,3.166666666666668,0.03023205437060522,25,21
00-0038994,2025,WR,Jordan Addison,14,9.65,7.716666666666666,11.1,0.1723953499440758,0.18222596383356549,-3.3833333333333337,-0.009830613889489692,47,55
00-0038996,2023,TE,Tucker Kraft,14,5.607142857142856,9.95,2.35,0.15739136916575,0.08596793365009862,7.6,0.07142343551565138,33,13
00-0038996,2024,TE,Tucker Kraft,17,9.605882352941176,9.45,9.69090909090909,0.18694623261168933,0.15100501328798988,-0.2409090909090903,0.03594121932369945,15,18
00-0038996,2025,TE,Tucker Kraft,8,14.65,13.816666666666668,17.15,0.17930199430199426,0.18961117586117582,-3.3333333333333304,-0.010309181559181563,4,6
00-0038997,2023,WR,Josh Downs,17,9.241176470588236,6.75,10.6,0.13326455646598526,0.17332623179211115,-3.8499999999999996,-0.040061675326125895,53,74
00-0038997,2024,WR,Josh Downs,14,13.107142857142856,11.833333333333334,14.0625,0.24764524264524268,0.2605341648429205,-2.229166666666666,-0.012888922197677843,31,41
00-0038997,2025,WR,Josh Downs,16,8.65,8.299999999999999,8.860000000000001,0.18580374925202503,0.1745910740264709,-0.5600000000000023,0.011212675225554136,52,48
00-0038998,2024,QB,Jake Haener,8,1.655,2.256666666666667,-0.15,0.0,0.0,2.4066666666666667,0.0,47,47
00-0039021,2023,RB,Roschon Johnson,15,6.806666666666667,8.05,5.977777777777778,0.09301889233954451,0.08595373443199526,2.072222222222223,0.0070651579075492466,48,45
00-0039021,2024,RB,Roschon Johnson,13,5.953846153846153,4.5,7.2,0.04364466559902382,0.049359668146295006,-2.7,-0.0057150025472711835,52,60
00-0039021,2025,RB,Roschon Johnson,6,0.2833333333333334,0.2833333333333334,0.0,0.0,0.0,0.2833333333333334,0.0,106,103
00-0039032,2023,RB,Tyjae Spears,17,9.047058823529412,12.583333333333334,7.118181818181818,0.1729810929810929,0.14311619238954876,5.465151515151516,0.029864900591544147,39,24
00-0039032,2024,RB,Tyjae Spears,12,9.466666666666665,11.416666666666666,7.516666666666667,0.10161381993278533,0.09925817453018919,3.8999999999999995,0.0023556454025961404,36,27
00-0039032,2025,RB,Tyjae Spears,13,8.592307692307692,8.833333333333334,8.385714285714284,0.14332531665864987,0.12284653992084324,0.4476190476190496,0.020478776737806625,38,40
00-0039040,2023,RB,De'Von Achane,11,17.336363636363632,14.58333333333333,20.639999999999997,0.13456185789519118,0.10866017598822322,-6.056666666666667,0.025901681906967955,5,16
00-0039040,2024,RB,De'Von Achane,17,17.64117647058824,18.233333333333334,17.318181818181817,0.1399724489836692,0.15270101463506555,0.9151515151515177,-0.01272856565139635,6,8
00-0039040,2025,RB,De'Von Achane,16,20.175,18.216666666666665,21.35,0.13636669843566393,0.18751578476608943,-3.1333333333333364,-0.0511490863304255,5,6
00-0039041,2023,TE,Elijah Higgins,11,3.3000000000000003,5.683333333333334,0.44000000000000006,0.07537282540718857,0.05306941495487909,5.243333333333333,0.022303410452309477,57,35
00-0039041,2024,TE,Elijah Higgins,15,3.28,2.483333333333333,3.811111111111112,0.05367933007592671,0.055945940667367675,-1.3277777777777788,-0.002266610591440968,55,60
00-0039041,2025,TE,Elijah Higgins,17,3.4176470588235297,4.65,2.7454545454545456,0.09016487673474964,0.06658403221327502,1.9045454545454548,0.023580844521474617,58,42
00-0039050,2023,TE,Payne Durham,6,1.8,1.8,1.8,0.030912447730371717,0.030912447730371717,0.0,0.0,80,78
00-0039050,2024,TE,Payne Durham,8,4.3125,5.45,0.9,0.059065026673335075,0.048205020005001306,4.55,0.010860006668333769,42,35
00-0039050,2025,TE,Payne Durham,8,0.2625,0.35000000000000003,0.0,0.017861982978262067,0.016868709455918774,0.35000000000000003,0.000993273522343293,96,95
00-0039052,2023,WR,Trey Palmer,17,5.629411764705883,5.8999999999999995,5.481818181818182,0.1350390213200743,0.12210387511555035,0.4181818181818171,0.012935146204523962,85,84
00-0039052,2024,WR,Trey Palmer,15,2.3466666666666667,0.85,3.3444444444444446,0.020405836753305984,0.039411650131687744,-2.4944444444444445,-0.01900581337838176,135,156
00-0039062,2023,WR,Jonathan Mingo,15,5.653333333333334,6.366666666666666,5.177777777777778,0.21021348041859966,0.18517754528196387,1.1888888888888882,0.025035935136635795,82,79
00-0039062,2024,WR,Jonathan Mingo,14,2.3000000000000003,1.6000000000000003,2.825,0.07399959769490728,0.08802612108765771,-1.2249999999999999,-0.014026523392750428,137,145
00-0039064,2023,WR,Zay Flowers,16,12.9,15.783333333333337,11.169999999999998,0.21604213490402757,0.23878036216220408,4.613333333333339,-0.022738227258176508,31,18
00-0039064,2024,WR,Zay Flowers,17,12.323529411764707,9.35,13.945454545454545,0.26660196687370613,0.25424854510493394,-4.595454545454546,0.012353421768772188,34,58
00-0039064,2025,WR,Zay Flowers,17,14.311764705882354,16.833333333333332,12.936363636363637,0.3227124183006535,0.29881725380713836,3.8969696969696948,0.023895164493515142,13,11
00-0039065,2023,TE,Sam LaPorta,17,14.076470588235294,16.06666666666667,12.990909090909092,0.23361668612854566,0.2135786124315474,3.075757575757578,0.020038073696998254,3,3
00-0039065,2024,TE,Sam LaPorta,16,10.912500000000001,15.016666666666667,8.45,0.20560963578436683,0.1751535609843533,6.566666666666668,0.030456074800013527,9,5
00-0039065,2025,TE,Sam LaPorta,9,11.877777777777778,13.35,8.933333333333334,0.18811781113411533,0.18469469653012743,4.416666666666666,0.0034231146039878924,7,8
00-0039066,2023,TE,Michael Mayer,13,5.492307692307692,7.266666666666667,3.9714285714285715,0.12598943691209094,0.1002512155504008,3.295238095238095,0.025738221361690142,35,25
00-0039066,2024,TE,Michael Mayer,11,3.3272727272727276,4.316666666666666,2.14,0.09610114315996658,0.08140536831393602,2.1766666666666663,0.01469577484603056,53,43
00-0039066,2025,TE,Michael Mayer,13,5.676923076923076,5.716666666666666,5.642857142857143,0.1353646353646353,0.1371656930438632,0.07380952380952266,-0.001801057679227891,39,38
00-0039067,2023,WR,Rashee Rice,16,13.28125,18.46666666666667,10.170000000000002,0.2721702924446825,0.18095612110212078,8.296666666666667,0.09121417134256171,28,8
00-0039067,2025,WR,Rashee Rice,8,18.762500000000003,16.900000000000002,24.35,0.2912133565000445,0.2903309732573864,-7.449999999999999,0.0008823832426581024,5,10
00-0039074,2023,TE,Davis Allen,7,3.642857142857143,4.25,0.0,0.060937706033253,0.052232319457074,4.25,0.008705386576178996,48,48
00-0039074,2024,TE,Davis Allen,7,1.4142857142857144,1.6500000000000001,0.0,0.049190080072432946,0.04513911625256157,1.6500000000000001,0.004050963819871377,81,73
00-0039074,2025,TE,Davis Allen,15,4.1866666666666665,3.5666666666666664,4.6000000000000005,0.07594284608020918,0.06347992225232066,-1.033333333333334,0.012462923827888522,53,58
00-0039075,2023,WR,Puka Nacua,17,17.558823529411764,19.0,16.77272727272727,0.25442754442914284,0.2865003875459709,2.22727272727273,-0.032072843116828065,6,7
00-0039075,2024,WR,Puka Nacua,11,18.781818181818185,22.349999999999998,14.5,0.41303703550304727,0.3248195159507095,7.849999999999998,0.08821751955233775,3,4
00-0039075,2025,WR,Puka Nacua,16,23.4375,27.5,21.0,0.31434235593828097,0.3012701078787261,6.5,0.01307224805955487,1,1
00-0039139,2023,RB,Jahmyr Gibbs,15,16.14,14.450000000000001,17.266666666666666,0.09427371713780634,0.135194409737059,-2.8166666666666647,-0.04092069259925267,8,19
00-0039139,2024,RB,Jahmyr Gibbs,17,21.34705882352941,25.96666666666667,18.827272727272728,0.1403956681510445,0.1139790053562385,7.1393939393939405,0.026416662794806006,2,1
00-0039139,2025,RB,Jahmyr Gibbs,17,21.582352941176474,17.983333333333334,23.545454545454547,0.17508371513796636,0.16153475033367976,-5.5621212121212125,0.013548964804286606,3,7
00-0039144,2023,TE,Luke Musgrave,11,6.836363636363635,6.883333333333333,6.779999999999999,0.11475047415836882,0.12849896179790712,0.1033333333333335,-0.013748487639538301,28,28
00-0039144,2024,TE,Luke Musgrave,7,1.6428571428571428,1.9166666666666667,0.0,0.0494383345139546,0.0513042867262468,1.9166666666666667,-0.0018659522122922018,74,68
00-0039144,2025,TE,Luke Musgrave,13,3.784615384615385,4.3500000000000005,3.3,0.11255009400061881,0.08497883410984557,1.0500000000000007,0.027571259890773248,55,47
00-0039146,2023,WR,Jayden Reed,16,13.575000000000001,16.73333333333333,11.68,0.20919967402165549,0.176701758733598,5.053333333333331,0.03249791528805748,26,13
00-0039146,2024,WR,Jayden Reed,17,11.588235294117649,8.1,13.490909090909092,0.14396095110553672,0.16182905641653333,-5.390909090909092,-0.017868105310996613,42,70
00-0039150,2023,QB,Bryce Young,16,9.77375,8.533333333333333,10.518,0.0,0.0,-1.9846666666666675,0.0,32,37
00-0039150,2024,QB,Bryce Young,14,13.930000000000003,21.433333333333334,8.3025,0.0,0.0,13.130833333333333,0.0,25,7
00-0039150,2025,QB,Bryce Young,16,13.6275,14.876666666666665,12.878,0.0,0.0,1.998666666666665,0.0,26,17
00-0039152,2023,QB,Will Levis,9,11.335555555555555,10.126666666666667,13.753333333333332,0.0,0.0,-3.626666666666665,0.0,29,31
00-0039152,2024,QB,Will Levis,12,9.995,10.38,9.61,0.0,0.0,0.7700000000000014,0.0,37,37
00-0039163,2023,QB,C.J. Stroud,15,18.40133333333333,16.563333333333336,19.626666666666665,0.0,0.0015503875968992267,-3.063333333333329,-0.0015503875968992267,8,17
00-0039163,2024,QB,C.J. Stroud,17,12.963529411764705,11.643333333333336,13.683636363636362,0.0,0.002028397565922924,-2.0403030303030256,-0.002028397565922924,29,35
00-0039163,2025,QB,C.J. Stroud,14,14.895714285714286,14.593333333333334,15.1225,0.0,0.0,-0.5291666666666668,0.0,22,19
00-0039164,2024,QB,Anthony Richardson,11,14.850909090909092,18.056666666666665,11.004,0.004629629629629634,0.002525252525252527,7.052666666666665,0.0021043771043771065,21,13
00-0039165,2023,RB,Zach Charbonnet,16,6.63125,7.0,6.410000000000001,0.06668890457621364,0.07508844173039311,0.589999999999999,-0.008399537154179473,51,49
00-0039165,2024,RB,Zach Charbonnet,17,10.994117647058822,14.499999999999998,9.08181818181818,0.10964042137568276,0.09384268590740996,5.418181818181818,0.015797735468272803,30,17
00-0039165,2025,RB,Zach Charbonnet,16,11.3375,14.200000000000001,9.620000000000001,0.08168408652279618,0.052011205004727216,4.58,0.029672881518068968,28,18
00-0039236,2024,WR,Johnny Wilson,10,1.48,2.15,0.475,0.05157874032051013,0.05029590319613751,1.6749999999999998,0.0012828371243726183,148,132
00-0039244,2024,RB,Chris Collier,6,0.3,0.3,0.0,0.009803921568627449,0.009803921568627449,0.3,0.0,109,108
00-0039299,2025,RB,George Holani,10,2.08,1.7666666666666666,2.55,0.0,0.01,-0.7833333333333332,-0.01,84,88
00-0039325,2024,RB,Carson Steele,13,1.8384615384615384,1.6499999999999997,1.9999999999999998,0.0342434464825356,0.03051773232038883,-0.3500000000000001,0.0037257141621467697,97,95
00-0039337,2024,WR,Malik Nabers,15,18.240000000000002,20.283333333333335,16.87777777777778,0.3438558396598678,0.35704066716052396,3.405555555555555,-0.013184827500656138,7,7
00-0039338,2024,TE,Brock Bowers,17,15.452941176470588,15.899999999999999,15.20909090909091,0.2578582784465136,0.2553617809786005,0.6909090909090878,0.0024964974679130836,2,3
00-0039338,2025,TE,Brock Bowers,12,14.683333333333335,14.283333333333333,15.083333333333336,0.23827339327339336,0.23378346350296575,-0.8000000000000025,0.004489929770427614,2,5
00-0039342,2024,WR,Xavier Legette,15,8.34,6.916666666666665,9.288888888888888,0.21373725642018315,0.1853177104395627,-2.3722222222222227,0.028419545980620464,68,83
00-0039342,2025,WR,Xavier Legette,15,5.953333333333333,3.483333333333334,7.599999999999999,0.11881862661432545,0.14297009246791445,-4.116666666666665,-0.024151465853589002,82,119
00-0039355,2024,WR,Luke McCaffrey,13,2.6769230769230767,1.3999999999999997,3.7714285714285714,0.040486638203668567,0.06351350892230358,-2.371428571428572,-0.02302687071863501,128,147
00-0039355,2025,WR,Luke McCaffrey,9,5.7,5.300000000000001,6.5,0.06968988623967587,0.06775622045608025,-1.1999999999999993,0.00193366578359562,86,85
00-0039356,2024,TE,Ja'Tavion Sanders,15,4.88,4.116666666666667,5.388888888888889,0.07109347442680779,0.10303626588075537,-1.2722222222222221,-0.031942791453947586,39,44
00-0039356,2025,TE,Ja'Tavion Sanders,12,4.5,4.566666666666666,4.433333333333334,0.08497559355436866,0.09156800001001932,0.13333333333333286,-0.006592406455650651,51,43
00-0039359,2024,TE,Cade Stover,14,2.45,3.1333333333333333,1.9375000000000002,0.05840228320067026,0.04998556005228548,1.195833333333333,0.008416723148384778,62,51
00-0039359,2025,TE,Cade Stover,6,3.3166666666666664,3.3166666666666664,6.2,0.09285420008459215,0.09285420008459215,-2.8833333333333337,0.0,60,61
00-0039361,2024,RB,Bucky Irving,17,14.376470588235295,16.866666666666664,13.01818181818182,0.09282173686601997,0.09124620886441007,3.848484848484844,0.0015755280016098994,19,13
00-0039361,2025,RB,Bucky Irving,10,13.85,11.083333333333334,18.0,0.08418144355644347,0.10712248240265476,-6.916666666666666,-0.022941038846211292,18,28
00-0039363,2024,RB,Isaac Guerendo,16,6.012499999999999,10.216666666666667,3.4899999999999998,0.06264832925174477,0.03550925250166235,6.726666666666667,0.027139076750082418,51,31
00-0039363,2025,RB,Isaac Guerendo,7,0.0,0.0,0.0,0.0,0.0,0.0,0.0,110,109
00-0039364,2024,RB,Sione Vaki,9,0.9000000000000001,0.8166666666666668,1.0666666666666667,0.010416666666666666,0.009040880503144656,-0.2499999999999999,0.0013757861635220105,106,102
00-0039364,2025,RB,Sione Vaki,8,0.05,0.06666666666666667,0.0,0.0,0.0,0.06666666666666667,0.0,109,106
00-0039365,2024,WR,Jacob Cowing,15,0.8466666666666666,0.9500000000000001,0.7777777777777778,0.014346764346764351,0.012190318641931545,0.17222222222222228,0.0021564457048328066,161,154
00-0039373,2024,RB,Audric Estimé,13,3.746153846153846,5.066666666666666,2.6142857142857143,0.010584677419354835,0.012096774193548385,2.452380952380952,-0.0015120967741935505,71,56
00-0039376,2024,QB,Spencer Rattler,7,9.611428571428572,9.143333333333333,12.42,0.0,0.0,-3.2766666666666673,0.0,40,39
00-0039376,2025,QB,Spencer Rattler,9,11.015555555555556,9.046666666666667,14.953333333333333,0.012043010752688167,0.008028673835125445,-5.906666666666666,0.004014336917562722,35,38
00-0039379,2024,WR,Jamari Thrash,6,0.8666666666666667,0.8666666666666667,2.1,0.029062808382185914,0.029062808382185914,-1.2333333333333334,0.0,160,155
00-0039379,2025,WR,Jamari Thrash,8,2.5875,2.9333333333333336,1.55,0.06904213705684291,0.05780657375662754,1.3833333333333335,0.01123556330021537,137,126
00-0039384,2024,RB,Tyrone Tracy Jr.,17,10.723529411764705,12.183333333333332,9.92727272727273,0.12411477984527841,0.09224869160343861,2.2560606060606023,0.0318660882418398,31,23
00-0039384,2025,RB,Tyrone Tracy Jr.,15,10.72,14.9,7.933333333333334,0.12908108461480663,0.107835411902349,6.966666666666667,0.02124567271245764,31,16
00-0039391,2024,RB,Kimani Vidal,9,3.6333333333333337,2.516666666666667,5.866666666666667,0.02970545977011495,0.029975101631108312,-3.35,-0.00026964186099336096,74,83
00-0039391,2025,RB,Kimani Vidal,13,9.069230769230769,7.366666666666666,10.528571428571428,0.054360748582716605,0.054201607025713736,-3.161904761904762,0.00015914155700286897,35,46
00-0039392,2024,WR,Jha'Quan Jackson,12,0.10833333333333334,0.21666666666666667,0.0,0.016731643924626383,0.008365821962313192,0.21666666666666667,0.008365821962313192,172,169
00-0039407,2024,RB,Dylan Laube,6,-0.3333333333333333,-0.3333333333333333,-2.0,0.0,0.0,1.6666666666666667,0.0,114,114
00-0039407,2025,RB,Dylan Laube,17,0.33529411764705885,0.06666666666666667,0.48181818181818187,0.0,0.008374834962104618,-0.4151515151515152,-0.008374834962104618,105,106
00-0039410,2024,WR,Ryan Flournoy,9,2.022222222222222,2.6166666666666667,0.8333333333333334,0.05138238147136923,0.04146852993870784,1.7833333333333332,0.009913851532661395,139,126
00-0039410,2025,WR,Ryan Flournoy,15,7.6,10.416666666666666,5.722222222222222,0.14932553721291011,0.11057427951792834,4.694444444444444,0.03875125769498178,61,32
00-0039424,2024,WR,Devaughn Vele,13,8.192307692307692,7.733333333333334,8.585714285714285,0.11173695487864016,0.12595088630271672,-0.8523809523809511,-0.014213931424076565,69,76
00-0039424,2025,WR,Devaughn Vele,9,7.366666666666666,8.9,4.3,0.17616963630047786,0.13330291103843173,4.6000000000000005,0.04286672526204613,63,42
00-0039451,2024,WR,Isaiah Williams,8,0.325,0.0,1.3,0.0,0.020833333333333374,-1.3,-0.020833333333333374,169,171
00-0039451,2025,WR,Isaiah Williams,15,4.046666666666666,7.183333333333334,1.9555555555555557,0.15613949025357934,0.08766170130733691,5.227777777777778,0.06847778894624243,113,63
00-0039491,2024,WR,Jalen Coker,11,8.414545454545454,9.326666666666666,7.32,0.19441077441077434,0.1476372681452894,2.006666666666666,0.04677350626548493,66,59
00-0039491,2025,WR,Jalen Coker,11,8.218181818181817,10.933333333333332,4.959999999999999,0.18966831655003688,0.15399025319504187,5.973333333333333,0.035678063354995015,56,30
00-0039521,2025,WR,Xavier Weaver,7,1.9571428571428573,2.2833333333333337,0.0,0.05008260830974473,0.04649937855120977,2.2833333333333337,0.0035832297585349573,152,141
00-0039530,2024,TE,Brevyn Spann-Ford,11,1.6181818181818182,2.3,0.8,0.03180114638447972,0.031129264360971683,1.4999999999999998,0.0006718820235080379,75,65
00-0039530,2025,TE,Brevyn Spann-Ford,16,1.5,1.8,1.3199999999999998,0.03930639374672685,0.025198548991431265,0.4800000000000002,0.014107844755295584,87,86
00-0039589,2025,WR,Kameron Johnson,17,1.0411764705882351,0.0,1.6090909090909091,0.0059523809523809494,0.0148754790085903,-1.6090909090909091,-0.00892309805620935,167,182
00-0039603,2025,RB,British Brooks,8,0.975,1.05,0.75,0.0,0.0,0.30000000000000004,0.0,97,97
00-0039623,2024,WR,Mason Tipton,9,2.6555555555555554,2.933333333333333,2.1,0.10064825525351843,0.08930763984158345,0.833333333333333,0.011340615411934984,132,122
00-0039623,2025,WR,Mason Tipton,8,2.55,3.4,0.0,0.0669282370655241,0.0542284358636592,3.4,0.012699801201864903,139,120
00-0039648,2025,TE,David Martin-Robinson,11,1.1818181818181819,0.9833333333333334,1.42,0.026580086580086582,0.017172025835127443,-0.43666666666666654,0.009408060744959139,88,91
00-0039650,2024,WR,Bryce Oliver,8,1.9375,1.866666666666667,2.15,0.039195238009893135,0.04026599372481115,-0.283333333333333,-0.0010707557149180133,141,140
00-0039686,2025,TE,Colson Yankoff,10,0.38,0.6333333333333333,0.0,0.017784163473818653,0.01067049808429119,0.6333333333333333,0.007113665389527462,94,93
00-0039732,2024,QB,Bo Nix,17,18.658823529411766,20.25,17.79090909090909,0.0,0.0017825311942959,2.4590909090909108,-0.0017825311942959,8,9
00-0039732,2025,QB,Bo Nix,17,17.93176470588235,17.783333333333335,18.012727272727275,0.0,0.0016339869281045765,-0.22939393939394037,-0.0016339869281045765,10,9
00-0039737,2024,TE,Tip Reiman,8,1.2125,1.3666666666666665,0.75,0.03105763282925995,0.027459891288611624,0.6166666666666665,0.0035977415406483262,83,77
00-0039738,2024,RB,Blake Corum,15,2.2333333333333334,2.6333333333333333,1.9666666666666666,0.02339743589743583,0.016785527471801953,0.6666666666666667,0.0066119084256338785,92,82
00-0039738,2025,RB,Blake Corum,17,7.188235294117647,12.683333333333335,4.1909090909090905,0.016825293034970448,0.022618906421810473,8.492424242424246,-0.005793613386840025,48,25
00-0039739,2025,WR,Roman Wilson,9,4.288888888888889,5.166666666666666,2.5333333333333337,0.08862166175500434,0.07681499097655937,2.6333333333333324,0.011806670778444966,107,87
00-0039746,2024,RB,Will Shipley,13,1.2076923076923076,2.4166666666666665,0.17142857142857143,0.016260162601626018,0.0075046904315197,2.2452380952380953,0.008755472170106318,103,85
00-0039746,2025,RB,Will Shipley,14,1.3928571428571428,1.3666666666666665,1.4125,0.03039452925755905,0.029180191348197906,-0.045833333333333615,0.0012143379093611448,93,93
00-0039751,2024,WR,Jordan Whittington,14,3.75,2.4,4.7625,0.02261904761904762,0.05987910239891391,-2.3625000000000003,-0.0372600547798663,118,129
00-0039751,2025,WR,Jordan Whittington,15,2.42,0.7333333333333334,3.5444444444444443,0.019407370726697248,0.05069342085243875,-2.811111111111111,-0.031286050125741496,142,169
00-0039757,2025,RB,Terrell Jennings,6,2.533333333333333,2.533333333333333,1.8,0.0059523809523809494,0.0059523809523809494,0.7333333333333332,0.0,80,81
00-0039792,2025,WR,Devontez Walker,8,4.7,2.766666666666667,10.5,0.039052287581699284,0.0426820728291316,-7.7333333333333325,-0.003629785247432314,99,130
00-0039793,2024,TE,AJ Barner,15,5.233333333333333,6.966666666666668,4.077777777777778,0.09598064084530529,0.07971374098706248,2.8888888888888893,0.01626689985824281,38,31
00-0039793,2025,TE,AJ Barner,17,8.664705882352942,8.466666666666667,8.772727272727272,0.15947673956089084,0.13798068150877119,-0.3060606060606048,0.021496058052119654,23,21
00-0039794,2024,RB,Braelon Allen,17,5.011764705882353,4.366666666666667,5.363636363636363,0.04839341944605099,0.04474312467236301,-0.9969696969696962,0.00365029477368798,58,64
00-0039796,2025,RB,Rasheen Ali,15,1.6133333333333333,3.533333333333333,0.3333333333333333,0.08459595959595965,0.036505050505050526,3.1999999999999997,0.04809090909090913,89,69
00-0039798,2024,RB,Isaiah Davis,13,3.5307692307692307,7.016666666666667,0.5428571428571428,0.05012764541627022,0.0254668386769732,6.473809523809524,0.02466080673929702,76,48
00-0039798,2025,RB,Isaiah Davis,16,4.449999999999999,4.8999999999999995,4.180000000000001,0.035400853889943,0.06298843658011113,0.7199999999999989,-0.027587582690168137,64,63
00-0039810,2024,WR,Jermaine Burton,8,1.8375000000000001,0.65,5.4,0.0299248523886205,0.04021324713460263,-4.75,-0.01028839474598213,142,160
00-0039814,2024,TE,Erick All,8,4.4750000000000005,3.733333333333333,6.7,0.07772107391672611,0.08615458252732783,-2.9666666666666672,-0.008433508610601714,41,46
00-0039816,2024,WR,Anthony Gould,8,0.4125,0.5499999999999999,0.0,0.004629629629629634,0.003472222222222225,0.5499999999999999,0.0011574074074074086,166,163
00-0039816,2025,WR,Anthony Gould,11,0.23636363636363636,0.43333333333333335,0.0,0.009837962962962967,0.005366161616161619,0.43333333333333335,0.004471801346801348,182,176
00-0039847,2024,TE,Theo Johnson,11,6.190909090909091,7.6000000000000005,4.5,0.14710455647955648,0.12270354846080268,3.1000000000000005,0.024401008018753792,34,27
00-0039847,2025,TE,Theo Johnson,15,8.520000000000001,7.983333333333334,8.877777777777778,0.1888800760504615,0.17223132334947758,-0.8944444444444439,0.016648752700983926,24,23
00-0039849,2024,WR,Marvin Harrison Jr.,17,11.558823529411764,11.983333333333334,11.327272727272728,0.22812146025264116,0.22580166954521222,0.6560606060606062,0.002319790707428937,43,39
00-0039849,2025,WR,Marvin Harrison Jr.,12,10.65,10.0,11.300000000000002,0.18587239013202508,0.18054584989169173,-1.3000000000000025,0.005326540240333355,39,34
00-0039851,2024,QB,Drake Maye,13,13.626153846153844,12.950000000000001,14.205714285714285,0.0,0.0,-1.2557142857142836,0.0,26,33
00-0039851,2025,QB,Drake Maye,17,20.70352941176471,21.47,20.285454545454545,0.0,0.0013071895424836587,1.1845454545454537,-0.0013071895424836587,2,2
00-0039853,2024,WR,Javon Baker,6,0.3666666666666667,0.3666666666666667,0.0,0.02307960635450115,0.02307960635450115,0.3666666666666667,0.0,168,165
00-0039855,2024,WR,Jalen McMillan,13,10.415384615384614,17.266666666666666,4.542857142857143,0.1802656016096785,0.134038684832193,12.723809523809523,0.0462269167774855,47,19
00-0039868,2024,WR,Troy Franklin,16,4.19375,3.566666666666666,4.57,0.10508485805691038,0.10762691477495799,-1.0033333333333343,-0.0025420567180476084,109,117
00-0039868,2025,WR,Troy Franklin,17,10.41764705882353,7.550000000000001,11.98181818181818,0.10477676235386037,0.18223518497285615,-4.43181818181818,-0.07745842261899578,41,56
00-0039874,2024,RB,Jaylen Wright,13,2.0538461538461545,0.9833333333333333,2.9714285714285715,0.02003968253968255,0.012912087912087913,-1.9880952380952381,0.007127594627594635,93,99
00-0039874,2025,RB,Jaylen Wright,9,5.355555555555556,7.050000000000001,1.9666666666666668,0.05560292198223235,0.04118384099227012,5.083333333333334,0.014419080989962231,59,49
00-0039875,2024,RB,Ray Davis,17,6.829411764705882,7.55,6.436363636363635,0.04815063719633612,0.04161628402012363,1.113636363636365,0.006534353176212489,46,45
00-0039875,2025,RB,Ray Davis,17,3.770588235294117,6.983333333333333,2.018181818181818,0.04188404188404186,0.028367464684600222,4.965151515151515,0.013516577199441635,69,51
00-0039880,2024,WR,Malik Washington,14,4.057142857142857,5.766666666666667,2.775,0.12258760405674844,0.08047508324757367,2.9916666666666667,0.04211252080917477,112,89
00-0039880,2025,WR,Malik Washington,17,6.864705882352941,6.083333333333333,7.290909090909093,0.13607513176478686,0.14419246062768665,-1.2075757575757597,-0.008117328862899786,68,72
00-0039890,2024,WR,Adonai Mitchell,17,3.1623529411764704,1.3,4.178181818181819,0.0898504448504448,0.11211458679949633,-2.878181818181819,-0.022264141949051533,120,149
00-0039890,2025,WR,Adonai Mitchell,16,5.49375,9.583333333333334,3.04,0.241655166465413,0.1534495506773885,6.543333333333334,0.0882056157880245,89,37
00-0039893,2024,WR,Brian Thomas Jr.,17,16.705882352941178,22.86666666666667,13.345454545454544,0.3610223984567568,0.25452063575429745,9.521212121212127,0.10650176270245937,12,2
00-0039893,2025,WR,Brian Thomas Jr.,14,9.914285714285713,8.866666666666665,10.7,0.16662369743014896,0.1931127894109703,-1.833333333333334,-0.026489091980821333,45,45
00-0039894,2024,WR,Xavier Worthy,16,11.700000000000001,15.35,9.51,0.21391622688156717,0.17852757230334027,5.84,0.0353886545782269,40,27
00-0039894,2025,WR,Xavier Worthy,14,7.8500000000000005,6.916666666666667,8.55,0.15519575263460583,0.1605695939746922,-1.6333333333333337,-0.005373841340086366,59,67
00-0039901,2024,WR,Keon Coleman,13,8.576923076923077,8.483333333333334,8.657142857142857,0.16545325567502978,0.15478651630898083,-0.1738095238095223,0.01066673936604895,63,67
00-0039901,2025,WR,Keon Coleman,12,8.533333333333333,7.449999999999999,9.616666666666665,0.14057404753056935,0.16682980197472952,-2.166666666666666,-0.026255754444160173,54,59
00-0039907,2024,WR,Ja'Lynn Polk,14,2.335714285714286,1.4833333333333334,2.975,0.036303694999347165,0.08045645580270402,-1.4916666666666667,-0.04415276080335686,136,146
00-0039910,2024,QB,Jayden Daniels,17,20.93058823529412,25.349999999999998,18.52,0.0,0.0,6.829999999999998,0.0,6,3
00-0039910,2025,QB,Jayden Daniels,7,16.325714285714284,15.693333333333333,20.12,0.0,0.0,-4.426666666666668,0.0,17,14
00-0039912,2024,TE,Ben Sinnott,7,1.9714285714285715,2.3000000000000003,0.0,0.03303716279947178,0.028317568113832958,2.3000000000000003,0.004719594685638824,72,64
00-0039912,2025,TE,Ben Sinnott,9,3.155555555555556,3.9166666666666674,1.6333333333333335,0.09228231563757876,0.06800302523986732,2.283333333333334,0.024279290397711442,62,52
00-0039915,2024,WR,Ladd McConkey,16,15.05625,18.733333333333334,12.85,0.26066468253968267,0.24561787514740085,5.883333333333335,0.015046807392281814,18,13
00-0039915,2025,WR,Ladd McConkey,16,11.30625,7.133333333333334,13.809999999999999,0.1773264525718943,0.21084003257366576,-6.676666666666665,-0.03351358000177146,36,65
00-0039916,2024,WR,Ricky Pearsall,11,8.5,9.9,6.8199999999999985,0.14019015679357227,0.128211856636904,3.080000000000002,0.011978300156668287,65,55
00-0039916,2025,WR,Ricky Pearsall,9,9.844444444444443,7.483333333333333,14.566666666666668,0.16049902669467883,0.17958277046243112,-7.083333333333335,-0.019083743767752293,46,58
00-0039917,2025,QB,Michael Penix Jr.,9,13.364444444444445,14.530000000000001,11.033333333333333,0.0,0.0,3.496666666666668,0.0,27,21
00-0039918,2024,QB,Caleb Williams,17,14.972941176470588,15.066666666666668,14.92181818181818,0.0,0.0,0.1448484848484881,0.0,20,23
00-0039918,2025,QB,Caleb Williams,17,18.745882352941177,17.326666666666664,19.519999999999996,0.0,0.003460207612456747,-2.1933333333333316,-0.003460207612456747,8,11
00-0039919,2024,WR,Rome Odunze,17,8.523529411764706,7.766666666666666,8.936363636363636,0.17119585466359655,0.1891281555158179,-1.16969696969697,-0.01793230085222136,64,75
00-0039919,2025,WR,Rome Odunze,12,12.175000000000002,9.366666666666667,14.983333333333333,0.22558551198257085,0.23634902524228074,-5.616666666666665,-0.010763513259709895,26,39
00-0039920,2025,WR,Malachi Corley,12,2.6333333333333333,2.733333333333333,2.5333333333333337,0.05318709479532291,0.04975326961988367,0.1999999999999993,0.003433825175439241,136,133
00-0039921,2024,RB,Trey Benson,12,3.9166666666666665,5.3500000000000005,2.4833333333333334,0.027046783625730986,0.020179817824130208,2.866666666666667,0.006866965801600778,68,55
00-0039923,2025,QB,J.J. McCarthy,10,12.538,11.116666666666667,14.67,0.0,0.0,-3.553333333333333,0.0,29,34
00-0040009,2025,WR,Savion Williams,12,2.125,2.75,1.5,0.03105339105339105,0.026259018759018756,1.25,0.0047943722943722955,147,131
00-0040024,2025,WR,Darius Cooper,6,3.033333333333333,3.033333333333333,0.0,0.06424930418738471,0.06424930418738471,3.033333333333333,0.0,131,123
00-0040075,2025,WR,LaJohntay Wester,14,0.0,0.0,0.0,0.0,0.0,0.0,0.0,184,182
00-0040078,2025,RB,Brashard Smith,17,3.7235294117647055,3.25,3.9818181818181824,0.06313131313131308,0.06578336487925729,-0.7318181818181824,-0.002652051747944209,70,72
00-0040122,2025,RB,Ashton Jeanty,17,14.417647058823531,13.266666666666667,15.045454545454549,0.18352314352314356,0.14759603163918594,-1.778787878787881,0.03592711188395761,16,23
00-0040124,2025,WR,Tetairoa McMillan,17,12.552941176470588,10.1,13.890909090909089,0.21205268248278986,0.2574024620530511,-3.7909090909090892,-0.04534977957026126,22,33
00-0040126,2025,TE,Colston Loveland,16,10.318750000000001,13.549999999999999,8.38,0.23805942088988064,0.1660905396557653,5.169999999999998,0.07196888123411532,16,7
00-0040128,2025,TE,Tyler Warren,17,11.088235294117647,7.116666666666666,13.254545454545456,0.20371232216059798,0.21484404875697488,-6.1378787878787895,-0.0111317265963769,10,30
00-0040129,2025,WR,Emeka Egbuka,17,11.511764705882353,5.6499999999999995,14.709090909090907,0.19631181318681315,0.23564553666335708,-9.059090909090909,-0.03933372347654393,34,77
00-0040130,2025,WR,Jayden Higgins,17,7.617647058823529,8.183333333333332,7.309090909090909,0.13342493336365893,0.12379808864550214,0.8742424242424232,0.009626844718156793,60,52
00-0040131,2025,WR,Kyle Williams,14,3.5142857142857147,5.2,2.25,0.055844155844155835,0.05040384492354936,2.95,0.005440310920606477,127,86
00-0040134,2025,WR,Pat Bryant,13,5.753846153846154,8.2,3.6571428571428575,0.15099114955872636,0.10959196872399833,4.542857142857142,0.04139918083472803,85,51
00-0040138,2025,WR,Jaylin Noel,17,4.023529411764706,3.3666666666666667,4.381818181818182,0.049147418939085634,0.06039006805719316,-1.0151515151515151,-0.011242649118107524,114,121
00-0040142,2025,RB,Kaleb Johnson,10,0.8800000000000001,0.8666666666666667,0.9,0.004761904761904767,0.007402597402597409,-0.033333333333333326,-0.002640692640692642,99,98
00-0040154,2025,WR,Tai Felton,12,0.4583333333333333,0.6,0.31666666666666665,0.0144927536231884,0.010718599033816426,0.2833333333333333,0.003774154589371975,175,173
00-0040162,2025,RB,Dylan Sampson,15,5.840000000000001,7.05,5.033333333333334,0.10630888816243517,0.0867500959674832,2.0166666666666657,0.019558792194951963,56,50
00-0040164,2025,WR,Jaylin Lane,15,3.413333333333333,2.233333333333333,4.199999999999999,0.027443254382909565,0.08255575343873933,-1.9666666666666663,-0.05511249905582977,128,143
00-0040170,2025,WR,Elic Ayomanor,16,7.28125,7.183333333333334,7.339999999999999,0.15851210517877182,0.18475261050127895,-0.1566666666666654,-0.02624050532250713,64,63
00-0040184,2025,WR,KeAndre Lambert-Smith,10,1.61,2.6833333333333336,0.0,0.05439311678700471,0.03557704654279107,2.6833333333333336,0.01881607024421364,156,135
00-0040187,2025,TE,Mitchell Evans,14,3.442857142857143,2.2333333333333334,4.3500000000000005,0.07428599874836435,0.06440097630098121,-2.116666666666667,0.009885022447383138,57,73
00-0040189,2025,TE,Oronde Gadsden II,15,8.76,5.616666666666666,10.855555555555554,0.12389218046374605,0.1442236844181002,-5.238888888888888,-0.020331503954354166,22,39
00-0040194,2025,TE,Jackson Hawes,13,4.053846153846154,3.5666666666666664,4.471428571428571,0.05471703886558956,0.05651791321523764,-0.9047619047619042,-0.0018008743496480822,54,58
00-0040198,2025,RB,Ollie Gordon II,17,3.182352941176471,1.7833333333333332,3.9454545454545453,0.00694444444444445,0.01819051736746233,-2.162121212121212,-0.01124607292301788,76,87
00-0040202,2025,RB,Devin Neal,9,6.666666666666667,9.149999999999999,1.7,0.08172255639324613,0.061148370928830756,7.449999999999998,0.020574185464415376,50,37
00-0040208,2025,RB,Tahj Brooks,12,0.5333333333333333,0.7833333333333333,0.2833333333333333,0.009952465834818784,0.004976232917409392,0.5,0.004976232917409392,102,101
00-0040218,2025,WR,Jimmy Horn Jr.,10,2.87,2.2500000000000004,3.8000000000000003,0.05347860391720042,0.0635215219754232,-1.5499999999999998,-0.010042918058222779,134,142
00-0040236,2025,RB,Kyle Monangai,17,8.629411764705884,9.483333333333333,8.163636363636364,0.07528842352836619,0.05722348989068361,1.3196969696969685,0.01806493363768258,37,34
00-0040237,2025,WR,Tez Johnson,15,6.16,3.6333333333333333,7.844444444444444,0.061352404316113975,0.09162643379859876,-4.21111111111111,-0.03027402948248479,75,115
00-0040238,2025,RB,LeQuint Allen Jr.,16,1.5500000000000003,1.15,1.7899999999999998,0.016705069124423967,0.021064951919410938,-0.6399999999999999,-0.004359882794986971,91,95
00-0040242,2025,RB,Jacory Croskey-Merritt,17,8.252941176470587,9.116666666666665,7.781818181818181,0.0,0.029820359089453203,1.334848484848484,-0.029820359089453203,42,38
00-0040259,2025,WR,Gage Larvadain,13,1.1076923076923078,1.6500000000000001,0.6428571428571429,0.04564971334366779,0.0344527083205063,1.0071428571428571,0.01119700502316149,165,150
00-0040277,2025,WR,Jahdae Walker,6,4.45,4.45,0.0,0.051576775714706834,0.051576775714706834,4.45,0.0,103,104
00-0040494,2025,QB,Max Brosmer,7,0.6028571428571429,0.5100000000000001,1.16,0.0,0.0,-0.6499999999999998,0.0,43,43
00-0040506,2025,WR,Myles Price,16,0.0,0.0,0.0,0.0,0.0,0.0,0.0,184,182
00-0040509,2025,TE,Ben Yurosek,6,0.5666666666666667,0.5666666666666667,0.0,0.016666666666666666,0.016666666666666666,0.5666666666666667,0.0,93,94
00-0040534,2025,WR,Ke'Shawn Williams,11,0.22727272727272727,0.4166666666666667,0.0,0.00505050505050505,0.002754820936639118,0.4166666666666667,0.002295684113865932,183,178
00-0040563,2025,WR,Efton Chism III,8,2.0625,2.75,0.0,0.021666666666666667,0.01625,2.75,0.005416666666666667,150,131
00-0040581,2025,WR,Dont'e Thornton Jr.,11,2.1363636363636362,1.5166666666666668,2.88,0.096052901347019,0.09947786261926293,-1.363333333333333,-0.003424961272243926,146,154
00-0040582,2025,WR,Arian Smith,13,1.0384615384615385,0.6333333333333334,1.3857142857142857,0.03567847593582888,0.04475281596960913,-0.7523809523809523,-0.00907434003378025,168,172
00-0040583,2025,RB,Woody Marks,16,9.068750000000001,8.549999999999999,9.379999999999999,0.06676714489214484,0.06840811775244332,-0.8300000000000001,-0.0016409728602984758,36,42
00-0040584,2025,TE,Gunnar Helm,16,5.73125,6.683333333333334,5.159999999999999,0.13010210711965084,0.10650323584869845,1.5233333333333343,0.023598871270952393,38,33
00-0040590,2025,WR,Konata Mumpfield,10,2.52,1.9166666666666667,3.425,0.0651927394287327,0.06160296026220328,-1.508333333333333,0.0035897791665294235,140,147
00-0040644,2025,RB,Trevor Etienne,17,0.8058823529411764,0.2333333333333333,1.1181818181818182,0.008333333333333333,0.006229703621490523,-0.8848484848484849,0.0021036297118428105,100,105
00-0040648,2025,WR,Tory Horton,8,8.1375,8.983333333333334,5.6,0.11879366689204417,0.10576191683569974,3.3833333333333346,0.013031750056344424,57,40
00-0040663,2025,TE,Harold Fannin Jr.,16,11.65,14.6,9.879999999999999,0.26683166151314053,0.21843375399367101,4.720000000000001,0.04839790751946951,8,4
00-0040666,2025,RB,Omarion Hampton,9,15.077777777777776,16.533333333333335,12.166666666666666,0.12899834918778222,0.11804925046312091,4.366666666666669,0.010949098724661308,13,9
00-0040667,2025,WR,Matthew Golden,14,5.0,2.716666666666667,6.7125,0.12270933977455716,0.12389280549218439,-3.9958333333333336,-0.00118346571762723,95,134
00-0040668,2025,QB,Shedeur Sanders,8,10.6125,12.193333333333335,5.87,0.0,0.0,6.323333333333335,0.0,37,30
00-0040669,2025,WR,Isaac TeSlaa,14,5.421428571428572,8.9,2.8125,0.08291470899534453,0.05721267999417335,6.0875,0.025702029001171182,91,42
00-0040676,2025,QB,Cam Ward,17,10.98,12.776666666666666,10.000000000000002,0.0,0.0,2.7766666666666637,0.0,36,27
00-0040691,2025,QB,Jaxson Dart,14,17.25571428571429,17.913333333333338,16.762500000000003,0.0,0.0,1.1508333333333347,0.0,14,8
00-0040704,2025,QB,Dillon Gabriel,10,7.008,6.7299999999999995,7.425,0.0,0.0,-0.6950000000000003,0.0,41,41
00-0040705,2025,WR,Chimere Dike,17,7.535294117647059,8.200000000000001,7.172727272727272,0.1781208914542247,0.13897943400616386,1.0272727272727291,0.03914145744806083,62,50
00-0040715,2025,RB,Cam Skattebo,8,15.9625,18.483333333333334,8.4,0.14930069930069947,0.1291630244755246,10.083333333333334,0.020137674825174867,9,5
00-0040719,2025,RB,Bhayshul Tuten,15,5.906666666666666,6.683333333333334,5.388888888888889,0.018174603174603166,0.02974435687534978,1.2944444444444443,-0.011569753700746612,53,52
00-0040727,2025,WR,Tre Harris,16,4.3375,5.616666666666666,3.5700000000000003,0.13974410574211257,0.09082350865035407,2.046666666666666,0.0489205970917585,105,78
00-0040729,2025,WR,Jack Bech,14,3.0285714285714285,4.683333333333334,1.7875,0.11826284826284807,0.07978081182136706,2.8958333333333335,0.038482036441481,132,96
00-0040730,2025,RB,RJ Harvey,17,12.15294117647059,16.45,9.809090909090909,0.12261846338249276,0.10208370555093871,6.640909090909091,0.02053475783155405,24,10
00-0040734,2025,RB,TreVeyon Henderson,17,12.129411764705884,13.416666666666666,11.427272727272728,0.06911976911976896,0.08392639275562855,1.9893939393939384,-0.014806623635859592,25,21
00-0040735,2025,WR,Luther Burden III,15,8.526666666666667,12.9,5.611111111111111,0.19940198424393837,0.13050235789552905,7.28888888888889,0.06889962634840932,55,22
00-0040736,2025,TE,Mason Taylor,13,6.838461538461536,7.016666666666667,6.685714285714286,0.19442474093011733,0.17204700111027652,0.33095238095238066,0.022377739819840814,33,31
00-0040737,2025,TE,Terrance Ferguson,11,4.736363636363636,4.55,4.96,0.06380332111464969,0.06453540003669889,-0.41000000000000014,-0.000732078922049198,45,44
00-0040739,2025,TE,Elijah Arroyo,13,2.838461538461539,2.316666666666667,3.2857142857142856,0.062429261559696324,0.07860428250938876,-0.9690476190476187,-0.01617502094969244,64,72
00-0040743,2025,QB,Tyler Shough,11,14.359999999999998,19.583333333333336,8.092,0.0,0.0,11.491333333333335,0.0,23,6
00-0040782,2025,WR,Isaiah Bond,15,3.646666666666667,3.6500000000000004,3.644444444444444,0.06788945247644586,0.0927408085221625,0.005555555555556424,-0.024851356045716644,123,114
00-0040784,2025,RB,Quinshon Judkins,14,12.128571428571428,10.450000000000001,13.3875,0.1067727718860811,0.08277338689283852,-2.9374999999999982,0.023999384993242584,26,29
